Index Name,Date,Total Returns Index
NIFTY500 VALUE 50 - TRI,01-Apr-2005,1000.00
NIFTY500 VALUE 50 - TRI,04-Apr-2005,994.18
NIFTY500 VALUE 50 - TRI,05-Apr-2005,980.92
NIFTY500 VALUE 50 - TRI,06-Apr-2005,1001.34
NIFTY500 VALUE 50 - TRI,07-Apr-2005,1001.88
NIFTY500 VALUE 50 - TRI,08-Apr-2005,996.57
NIFTY500 VALUE 50 - TRI,11-Apr-2005,990.16
NIFTY500 VALUE 50 - TRI,12-Apr-2005,996.60
NIFTY500 VALUE 50 - TRI,13-Apr-2005,997.50
NIFTY500 VALUE 50 - TRI,15-Apr-2005,971.11
NIFTY500 VALUE 50 - TRI,18-Apr-2005,965.13
NIFTY500 VALUE 50 - TRI,19-Apr-2005,955.63
NIFTY500 VALUE 50 - TRI,20-Apr-2005,960.54
NIFTY500 VALUE 50 - TRI,21-Apr-2005,973.16
NIFTY500 VALUE 50 - TRI,22-Apr-2005,975.25
NIFTY500 VALUE 50 - TRI,25-Apr-2005,984.12
NIFTY500 VALUE 50 - TRI,26-Apr-2005,988.22
NIFTY500 VALUE 50 - TRI,27-Apr-2005,974.97
NIFTY500 VALUE 50 - TRI,28-Apr-2005,962.25
NIFTY500 VALUE 50 - TRI,29-Apr-2005,944.49
NIFTY500 VALUE 50 - TRI,02-May-2005,947.29
NIFTY500 VALUE 50 - TRI,03-May-2005,948.69
NIFTY500 VALUE 50 - TRI,04-May-2005,961.85
NIFTY500 VALUE 50 - TRI,05-May-2005,982.48
NIFTY500 VALUE 50 - TRI,06-May-2005,987.03
NIFTY500 VALUE 50 - TRI,09-May-2005,998.10
NIFTY500 VALUE 50 - TRI,10-May-2005,992.36
NIFTY500 VALUE 50 - TRI,11-May-2005,991.31
NIFTY500 VALUE 50 - TRI,12-May-2005,1004.97
NIFTY500 VALUE 50 - TRI,13-May-2005,1009.38
NIFTY500 VALUE 50 - TRI,16-May-2005,1026.83
NIFTY500 VALUE 50 - TRI,17-May-2005,1015.46
NIFTY500 VALUE 50 - TRI,18-May-2005,1017.82
NIFTY500 VALUE 50 - TRI,19-May-2005,1028.03
NIFTY500 VALUE 50 - TRI,20-May-2005,1031.82
NIFTY500 VALUE 50 - TRI,23-May-2005,1041.49
NIFTY500 VALUE 50 - TRI,24-May-2005,1045.71
NIFTY500 VALUE 50 - TRI,25-May-2005,1049.45
NIFTY500 VALUE 50 - TRI,26-May-2005,1039.06
NIFTY500 VALUE 50 - TRI,27-May-2005,1041.57
NIFTY500 VALUE 50 - TRI,30-May-2005,1036.78
NIFTY500 VALUE 50 - TRI,31-May-2005,1042.24
NIFTY500 VALUE 50 - TRI,01-Jun-2005,1044.68
NIFTY500 VALUE 50 - TRI,02-Jun-2005,1040.18
NIFTY500 VALUE 50 - TRI,03-Jun-2005,1049.38
NIFTY500 VALUE 50 - TRI,04-Jun-2005,1057.71
NIFTY500 VALUE 50 - TRI,06-Jun-2005,1057.27
NIFTY500 VALUE 50 - TRI,07-Jun-2005,1074.48
NIFTY500 VALUE 50 - TRI,08-Jun-2005,1085.24
NIFTY500 VALUE 50 - TRI,09-Jun-2005,1088.67
NIFTY500 VALUE 50 - TRI,10-Jun-2005,1076.71
NIFTY500 VALUE 50 - TRI,13-Jun-2005,1074.81
NIFTY500 VALUE 50 - TRI,14-Jun-2005,1075.70
NIFTY500 VALUE 50 - TRI,15-Jun-2005,1075.05
NIFTY500 VALUE 50 - TRI,16-Jun-2005,1054.33
NIFTY500 VALUE 50 - TRI,17-Jun-2005,1040.76
NIFTY500 VALUE 50 - TRI,20-Jun-2005,1032.43
NIFTY500 VALUE 50 - TRI,21-Jun-2005,1031.08
NIFTY500 VALUE 50 - TRI,22-Jun-2005,1026.54
NIFTY500 VALUE 50 - TRI,23-Jun-2005,1035.19
NIFTY500 VALUE 50 - TRI,24-Jun-2005,1036.94
NIFTY500 VALUE 50 - TRI,27-Jun-2005,1038.10
NIFTY500 VALUE 50 - TRI,28-Jun-2005,1020.33
NIFTY500 VALUE 50 - TRI,29-Jun-2005,1027.12
NIFTY500 VALUE 50 - TRI,30-Jun-2005,1019.75
NIFTY500 VALUE 50 - TRI,01-Jul-2005,1035.91
NIFTY500 VALUE 50 - TRI,04-Jul-2005,1050.41
NIFTY500 VALUE 50 - TRI,05-Jul-2005,1044.38
NIFTY500 VALUE 50 - TRI,06-Jul-2005,1064.18
NIFTY500 VALUE 50 - TRI,07-Jul-2005,1045.99
NIFTY500 VALUE 50 - TRI,08-Jul-2005,1061.63
NIFTY500 VALUE 50 - TRI,11-Jul-2005,1075.66
NIFTY500 VALUE 50 - TRI,12-Jul-2005,1082.11
NIFTY500 VALUE 50 - TRI,13-Jul-2005,1093.83
NIFTY500 VALUE 50 - TRI,14-Jul-2005,1089.92
NIFTY500 VALUE 50 - TRI,15-Jul-2005,1103.22
NIFTY500 VALUE 50 - TRI,18-Jul-2005,1129.73
NIFTY500 VALUE 50 - TRI,19-Jul-2005,1139.74
NIFTY500 VALUE 50 - TRI,20-Jul-2005,1148.32
NIFTY500 VALUE 50 - TRI,21-Jul-2005,1140.14
NIFTY500 VALUE 50 - TRI,22-Jul-2005,1157.08
NIFTY500 VALUE 50 - TRI,25-Jul-2005,1154.20
NIFTY500 VALUE 50 - TRI,26-Jul-2005,1150.01
NIFTY500 VALUE 50 - TRI,27-Jul-2005,1149.00
NIFTY500 VALUE 50 - TRI,29-Jul-2005,1138.50
NIFTY500 VALUE 50 - TRI,01-Aug-2005,1144.52
NIFTY500 VALUE 50 - TRI,02-Aug-2005,1172.82
NIFTY500 VALUE 50 - TRI,03-Aug-2005,1170.31
NIFTY500 VALUE 50 - TRI,04-Aug-2005,1172.22
NIFTY500 VALUE 50 - TRI,05-Aug-2005,1180.07
NIFTY500 VALUE 50 - TRI,08-Aug-2005,1159.53
NIFTY500 VALUE 50 - TRI,09-Aug-2005,1148.74
NIFTY500 VALUE 50 - TRI,10-Aug-2005,1173.83
NIFTY500 VALUE 50 - TRI,11-Aug-2005,1182.44
NIFTY500 VALUE 50 - TRI,12-Aug-2005,1178.21
NIFTY500 VALUE 50 - TRI,16-Aug-2005,1186.58
NIFTY500 VALUE 50 - TRI,17-Aug-2005,1199.59
NIFTY500 VALUE 50 - TRI,18-Aug-2005,1192.17
NIFTY500 VALUE 50 - TRI,19-Aug-2005,1189.37
NIFTY500 VALUE 50 - TRI,22-Aug-2005,1195.99
NIFTY500 VALUE 50 - TRI,23-Aug-2005,1166.14
NIFTY500 VALUE 50 - TRI,24-Aug-2005,1149.90
NIFTY500 VALUE 50 - TRI,25-Aug-2005,1159.51
NIFTY500 VALUE 50 - TRI,26-Aug-2005,1177.86
NIFTY500 VALUE 50 - TRI,29-Aug-2005,1173.11
NIFTY500 VALUE 50 - TRI,30-Aug-2005,1187.09
NIFTY500 VALUE 50 - TRI,31-Aug-2005,1203.82
NIFTY500 VALUE 50 - TRI,01-Sep-2005,1211.48
NIFTY500 VALUE 50 - TRI,02-Sep-2005,1221.51
NIFTY500 VALUE 50 - TRI,05-Sep-2005,1222.09
NIFTY500 VALUE 50 - TRI,06-Sep-2005,1231.17
NIFTY500 VALUE 50 - TRI,08-Sep-2005,1246.50
NIFTY500 VALUE 50 - TRI,09-Sep-2005,1245.34
NIFTY500 VALUE 50 - TRI,12-Sep-2005,1266.29
NIFTY500 VALUE 50 - TRI,13-Sep-2005,1278.37
NIFTY500 VALUE 50 - TRI,14-Sep-2005,1265.14
NIFTY500 VALUE 50 - TRI,15-Sep-2005,1285.13
NIFTY500 VALUE 50 - TRI,16-Sep-2005,1302.69
NIFTY500 VALUE 50 - TRI,19-Sep-2005,1317.29
NIFTY500 VALUE 50 - TRI,20-Sep-2005,1300.42
NIFTY500 VALUE 50 - TRI,21-Sep-2005,1268.43
NIFTY500 VALUE 50 - TRI,22-Sep-2005,1195.05
NIFTY500 VALUE 50 - TRI,23-Sep-2005,1211.20
NIFTY500 VALUE 50 - TRI,26-Sep-2005,1250.11
NIFTY500 VALUE 50 - TRI,27-Sep-2005,1260.37
NIFTY500 VALUE 50 - TRI,28-Sep-2005,1271.23
NIFTY500 VALUE 50 - TRI,29-Sep-2005,1259.52
NIFTY500 VALUE 50 - TRI,30-Sep-2005,1256.31
NIFTY500 VALUE 50 - TRI,03-Oct-2005,1272.31
NIFTY500 VALUE 50 - TRI,04-Oct-2005,1297.27
NIFTY500 VALUE 50 - TRI,05-Oct-2005,1291.38
NIFTY500 VALUE 50 - TRI,06-Oct-2005,1276.61
NIFTY500 VALUE 50 - TRI,07-Oct-2005,1265.42
NIFTY500 VALUE 50 - TRI,10-Oct-2005,1247.98
NIFTY500 VALUE 50 - TRI,11-Oct-2005,1252.82
NIFTY500 VALUE 50 - TRI,13-Oct-2005,1231.19
NIFTY500 VALUE 50 - TRI,14-Oct-2005,1205.59
NIFTY500 VALUE 50 - TRI,17-Oct-2005,1197.26
NIFTY500 VALUE 50 - TRI,18-Oct-2005,1192.27
NIFTY500 VALUE 50 - TRI,19-Oct-2005,1155.49
NIFTY500 VALUE 50 - TRI,20-Oct-2005,1136.16
NIFTY500 VALUE 50 - TRI,21-Oct-2005,1149.40
NIFTY500 VALUE 50 - TRI,24-Oct-2005,1152.47
NIFTY500 VALUE 50 - TRI,25-Oct-2005,1161.62
NIFTY500 VALUE 50 - TRI,26-Oct-2005,1156.28
NIFTY500 VALUE 50 - TRI,27-Oct-2005,1128.55
NIFTY500 VALUE 50 - TRI,28-Oct-2005,1109.03
NIFTY500 VALUE 50 - TRI,31-Oct-2005,1122.67
NIFTY500 VALUE 50 - TRI,01-Nov-2005,1138.65
NIFTY500 VALUE 50 - TRI,02-Nov-2005,1150.38
NIFTY500 VALUE 50 - TRI,07-Nov-2005,1165.60
NIFTY500 VALUE 50 - TRI,08-Nov-2005,1182.93
NIFTY500 VALUE 50 - TRI,09-Nov-2005,1178.51
NIFTY500 VALUE 50 - TRI,10-Nov-2005,1186.72
NIFTY500 VALUE 50 - TRI,11-Nov-2005,1212.29
NIFTY500 VALUE 50 - TRI,14-Nov-2005,1220.87
NIFTY500 VALUE 50 - TRI,16-Nov-2005,1228.94
NIFTY500 VALUE 50 - TRI,17-Nov-2005,1233.06
NIFTY500 VALUE 50 - TRI,18-Nov-2005,1229.27
NIFTY500 VALUE 50 - TRI,21-Nov-2005,1214.28
NIFTY500 VALUE 50 - TRI,22-Nov-2005,1201.85
NIFTY500 VALUE 50 - TRI,23-Nov-2005,1200.32
NIFTY500 VALUE 50 - TRI,24-Nov-2005,1205.67
NIFTY500 VALUE 50 - TRI,25-Nov-2005,1218.66
NIFTY500 VALUE 50 - TRI,26-Nov-2005,1225.92
NIFTY500 VALUE 50 - TRI,28-Nov-2005,1233.25
NIFTY500 VALUE 50 - TRI,29-Nov-2005,1226.18
NIFTY500 VALUE 50 - TRI,30-Nov-2005,1218.04
NIFTY500 VALUE 50 - TRI,01-Dec-2005,1232.39
NIFTY500 VALUE 50 - TRI,02-Dec-2005,1232.29
NIFTY500 VALUE 50 - TRI,05-Dec-2005,1223.35
NIFTY500 VALUE 50 - TRI,06-Dec-2005,1214.01
NIFTY500 VALUE 50 - TRI,07-Dec-2005,1217.04
NIFTY500 VALUE 50 - TRI,08-Dec-2005,1221.12
NIFTY500 VALUE 50 - TRI,09-Dec-2005,1229.22
NIFTY500 VALUE 50 - TRI,12-Dec-2005,1238.03
NIFTY500 VALUE 50 - TRI,13-Dec-2005,1244.66
NIFTY500 VALUE 50 - TRI,14-Dec-2005,1254.33
NIFTY500 VALUE 50 - TRI,15-Dec-2005,1234.37
NIFTY500 VALUE 50 - TRI,16-Dec-2005,1249.44
NIFTY500 VALUE 50 - TRI,19-Dec-2005,1262.20
NIFTY500 VALUE 50 - TRI,20-Dec-2005,1258.53
NIFTY500 VALUE 50 - TRI,21-Dec-2005,1254.41
NIFTY500 VALUE 50 - TRI,22-Dec-2005,1251.50
NIFTY500 VALUE 50 - TRI,23-Dec-2005,1244.92
NIFTY500 VALUE 50 - TRI,26-Dec-2005,1214.25
NIFTY500 VALUE 50 - TRI,27-Dec-2005,1234.66
NIFTY500 VALUE 50 - TRI,28-Dec-2005,1237.29
NIFTY500 VALUE 50 - TRI,29-Dec-2005,1244.88
NIFTY500 VALUE 50 - TRI,30-Dec-2005,1262.97
NIFTY500 VALUE 50 - TRI,02-Jan-2006,1280.69
NIFTY500 VALUE 50 - TRI,03-Jan-2006,1300.69
NIFTY500 VALUE 50 - TRI,04-Jan-2006,1316.87
NIFTY500 VALUE 50 - TRI,05-Jan-2006,1328.48
NIFTY500 VALUE 50 - TRI,06-Jan-2006,1334.28
NIFTY500 VALUE 50 - TRI,09-Jan-2006,1339.40
NIFTY500 VALUE 50 - TRI,10-Jan-2006,1326.06
NIFTY500 VALUE 50 - TRI,12-Jan-2006,1317.90
NIFTY500 VALUE 50 - TRI,13-Jan-2006,1307.24
NIFTY500 VALUE 50 - TRI,16-Jan-2006,1292.78
NIFTY500 VALUE 50 - TRI,17-Jan-2006,1266.53
NIFTY500 VALUE 50 - TRI,18-Jan-2006,1260.67
NIFTY500 VALUE 50 - TRI,19-Jan-2006,1282.57
NIFTY500 VALUE 50 - TRI,20-Jan-2006,1287.94
NIFTY500 VALUE 50 - TRI,23-Jan-2006,1278.37
NIFTY500 VALUE 50 - TRI,24-Jan-2006,1284.23
NIFTY500 VALUE 50 - TRI,25-Jan-2006,1266.09
NIFTY500 VALUE 50 - TRI,27-Jan-2006,1296.37
NIFTY500 VALUE 50 - TRI,30-Jan-2006,1276.46
NIFTY500 VALUE 50 - TRI,31-Jan-2006,1270.30
NIFTY500 VALUE 50 - TRI,01-Feb-2006,1242.85
NIFTY500 VALUE 50 - TRI,02-Feb-2006,1240.77
NIFTY500 VALUE 50 - TRI,03-Feb-2006,1240.07
NIFTY500 VALUE 50 - TRI,06-Feb-2006,1250.45
NIFTY500 VALUE 50 - TRI,07-Feb-2006,1264.57
NIFTY500 VALUE 50 - TRI,08-Feb-2006,1261.83
NIFTY500 VALUE 50 - TRI,10-Feb-2006,1278.63
NIFTY500 VALUE 50 - TRI,13-Feb-2006,1297.50
NIFTY500 VALUE 50 - TRI,14-Feb-2006,1292.82
NIFTY500 VALUE 50 - TRI,15-Feb-2006,1291.54
NIFTY500 VALUE 50 - TRI,16-Feb-2006,1313.83
NIFTY500 VALUE 50 - TRI,17-Feb-2006,1294.19
NIFTY500 VALUE 50 - TRI,20-Feb-2006,1286.16
NIFTY500 VALUE 50 - TRI,21-Feb-2006,1293.22
NIFTY500 VALUE 50 - TRI,22-Feb-2006,1299.38
NIFTY500 VALUE 50 - TRI,23-Feb-2006,1296.22
NIFTY500 VALUE 50 - TRI,24-Feb-2006,1313.80
NIFTY500 VALUE 50 - TRI,27-Feb-2006,1316.36
NIFTY500 VALUE 50 - TRI,28-Feb-2006,1291.38
NIFTY500 VALUE 50 - TRI,01-Mar-2006,1295.96
NIFTY500 VALUE 50 - TRI,02-Mar-2006,1306.30
NIFTY500 VALUE 50 - TRI,03-Mar-2006,1305.07
NIFTY500 VALUE 50 - TRI,06-Mar-2006,1323.34
NIFTY500 VALUE 50 - TRI,07-Mar-2006,1328.57
NIFTY500 VALUE 50 - TRI,08-Mar-2006,1299.63
NIFTY500 VALUE 50 - TRI,09-Mar-2006,1303.39
NIFTY500 VALUE 50 - TRI,10-Mar-2006,1317.47
NIFTY500 VALUE 50 - TRI,13-Mar-2006,1320.21
NIFTY500 VALUE 50 - TRI,14-Mar-2006,1311.37
NIFTY500 VALUE 50 - TRI,16-Mar-2006,1313.53
NIFTY500 VALUE 50 - TRI,17-Mar-2006,1304.59
NIFTY500 VALUE 50 - TRI,20-Mar-2006,1316.26
NIFTY500 VALUE 50 - TRI,21-Mar-2006,1316.35
NIFTY500 VALUE 50 - TRI,22-Mar-2006,1314.00
NIFTY500 VALUE 50 - TRI,23-Mar-2006,1325.69
NIFTY500 VALUE 50 - TRI,24-Mar-2006,1344.22
NIFTY500 VALUE 50 - TRI,27-Mar-2006,1366.49
NIFTY500 VALUE 50 - TRI,28-Mar-2006,1355.32
NIFTY500 VALUE 50 - TRI,29-Mar-2006,1348.16
NIFTY500 VALUE 50 - TRI,30-Mar-2006,1360.85
NIFTY500 VALUE 50 - TRI,31-Mar-2006,1373.57
NIFTY500 VALUE 50 - TRI,03-Apr-2006,1415.71
NIFTY500 VALUE 50 - TRI,04-Apr-2006,1435.73
NIFTY500 VALUE 50 - TRI,05-Apr-2006,1450.29
NIFTY500 VALUE 50 - TRI,07-Apr-2006,1420.61
NIFTY500 VALUE 50 - TRI,10-Apr-2006,1449.94
NIFTY500 VALUE 50 - TRI,12-Apr-2006,1426.32
NIFTY500 VALUE 50 - TRI,13-Apr-2006,1401.49
NIFTY500 VALUE 50 - TRI,17-Apr-2006,1429.69
NIFTY500 VALUE 50 - TRI,18-Apr-2006,1438.87
NIFTY500 VALUE 50 - TRI,19-Apr-2006,1434.19
NIFTY500 VALUE 50 - TRI,20-Apr-2006,1443.17
NIFTY500 VALUE 50 - TRI,21-Apr-2006,1436.29
NIFTY500 VALUE 50 - TRI,24-Apr-2006,1434.75
NIFTY500 VALUE 50 - TRI,25-Apr-2006,1409.00
NIFTY500 VALUE 50 - TRI,26-Apr-2006,1441.77
NIFTY500 VALUE 50 - TRI,27-Apr-2006,1433.07
NIFTY500 VALUE 50 - TRI,28-Apr-2006,1428.15
NIFTY500 VALUE 50 - TRI,29-Apr-2006,1456.53
NIFTY500 VALUE 50 - TRI,02-May-2006,1490.37
NIFTY500 VALUE 50 - TRI,03-May-2006,1514.98
NIFTY500 VALUE 50 - TRI,04-May-2006,1532.13
NIFTY500 VALUE 50 - TRI,05-May-2006,1549.16
NIFTY500 VALUE 50 - TRI,08-May-2006,1565.50
NIFTY500 VALUE 50 - TRI,09-May-2006,1570.12
NIFTY500 VALUE 50 - TRI,10-May-2006,1593.10
NIFTY500 VALUE 50 - TRI,11-May-2006,1568.57
NIFTY500 VALUE 50 - TRI,12-May-2006,1546.00
NIFTY500 VALUE 50 - TRI,15-May-2006,1478.28
NIFTY500 VALUE 50 - TRI,16-May-2006,1476.42
NIFTY500 VALUE 50 - TRI,17-May-2006,1535.00
NIFTY500 VALUE 50 - TRI,18-May-2006,1421.28
NIFTY500 VALUE 50 - TRI,19-May-2006,1358.12
NIFTY500 VALUE 50 - TRI,22-May-2006,1262.86
NIFTY500 VALUE 50 - TRI,23-May-2006,1331.11
NIFTY500 VALUE 50 - TRI,24-May-2006,1321.60
NIFTY500 VALUE 50 - TRI,25-May-2006,1319.91
NIFTY500 VALUE 50 - TRI,26-May-2006,1374.38
NIFTY500 VALUE 50 - TRI,29-May-2006,1387.76
NIFTY500 VALUE 50 - TRI,30-May-2006,1382.33
NIFTY500 VALUE 50 - TRI,31-May-2006,1337.96
NIFTY500 VALUE 50 - TRI,01-Jun-2006,1306.12
NIFTY500 VALUE 50 - TRI,02-Jun-2006,1313.51
NIFTY500 VALUE 50 - TRI,05-Jun-2006,1284.80
NIFTY500 VALUE 50 - TRI,06-Jun-2006,1247.40
NIFTY500 VALUE 50 - TRI,07-Jun-2006,1168.80
NIFTY500 VALUE 50 - TRI,08-Jun-2006,1078.48
NIFTY500 VALUE 50 - TRI,09-Jun-2006,1145.90
NIFTY500 VALUE 50 - TRI,12-Jun-2006,1109.08
NIFTY500 VALUE 50 - TRI,13-Jun-2006,1046.00
NIFTY500 VALUE 50 - TRI,14-Jun-2006,1033.63
NIFTY500 VALUE 50 - TRI,15-Jun-2006,1096.06
NIFTY500 VALUE 50 - TRI,16-Jun-2006,1122.84
NIFTY500 VALUE 50 - TRI,19-Jun-2006,1144.47
NIFTY500 VALUE 50 - TRI,20-Jun-2006,1143.67
NIFTY500 VALUE 50 - TRI,21-Jun-2006,1168.43
NIFTY500 VALUE 50 - TRI,22-Jun-2006,1194.86
NIFTY500 VALUE 50 - TRI,23-Jun-2006,1206.88
NIFTY500 VALUE 50 - TRI,25-Jun-2006,1217.69
NIFTY500 VALUE 50 - TRI,26-Jun-2006,1165.70
NIFTY500 VALUE 50 - TRI,27-Jun-2006,1164.72
NIFTY500 VALUE 50 - TRI,28-Jun-2006,1156.15
NIFTY500 VALUE 50 - TRI,29-Jun-2006,1153.18
NIFTY500 VALUE 50 - TRI,30-Jun-2006,1188.03
NIFTY500 VALUE 50 - TRI,03-Jul-2006,1186.27
NIFTY500 VALUE 50 - TRI,04-Jul-2006,1187.99
NIFTY500 VALUE 50 - TRI,05-Jul-2006,1205.95
NIFTY500 VALUE 50 - TRI,06-Jul-2006,1200.74
NIFTY500 VALUE 50 - TRI,07-Jul-2006,1165.15
NIFTY500 VALUE 50 - TRI,10-Jul-2006,1168.16
NIFTY500 VALUE 50 - TRI,11-Jul-2006,1168.77
NIFTY500 VALUE 50 - TRI,12-Jul-2006,1168.54
NIFTY500 VALUE 50 - TRI,13-Jul-2006,1162.50
NIFTY500 VALUE 50 - TRI,14-Jul-2006,1145.39
NIFTY500 VALUE 50 - TRI,17-Jul-2006,1115.32
NIFTY500 VALUE 50 - TRI,18-Jul-2006,1093.07
NIFTY500 VALUE 50 - TRI,19-Jul-2006,1069.16
NIFTY500 VALUE 50 - TRI,20-Jul-2006,1095.81
NIFTY500 VALUE 50 - TRI,21-Jul-2006,1073.40
NIFTY500 VALUE 50 - TRI,24-Jul-2006,1082.95
NIFTY500 VALUE 50 - TRI,25-Jul-2006,1107.63
NIFTY500 VALUE 50 - TRI,26-Jul-2006,1124.20
NIFTY500 VALUE 50 - TRI,27-Jul-2006,1127.99
NIFTY500 VALUE 50 - TRI,28-Jul-2006,1141.20
NIFTY500 VALUE 50 - TRI,31-Jul-2006,1152.54
NIFTY500 VALUE 50 - TRI,01-Aug-2006,1148.99
NIFTY500 VALUE 50 - TRI,02-Aug-2006,1166.19
NIFTY500 VALUE 50 - TRI,03-Aug-2006,1176.07
NIFTY500 VALUE 50 - TRI,04-Aug-2006,1166.81
NIFTY500 VALUE 50 - TRI,07-Aug-2006,1167.62
NIFTY500 VALUE 50 - TRI,08-Aug-2006,1186.00
NIFTY500 VALUE 50 - TRI,09-Aug-2006,1205.21
NIFTY500 VALUE 50 - TRI,10-Aug-2006,1223.41
NIFTY500 VALUE 50 - TRI,11-Aug-2006,1238.04
NIFTY500 VALUE 50 - TRI,14-Aug-2006,1261.37
NIFTY500 VALUE 50 - TRI,16-Aug-2006,1302.15
NIFTY500 VALUE 50 - TRI,17-Aug-2006,1284.19
NIFTY500 VALUE 50 - TRI,18-Aug-2006,1293.31
NIFTY500 VALUE 50 - TRI,21-Aug-2006,1312.37
NIFTY500 VALUE 50 - TRI,22-Aug-2006,1303.92
NIFTY500 VALUE 50 - TRI,23-Aug-2006,1291.22
NIFTY500 VALUE 50 - TRI,24-Aug-2006,1297.91
NIFTY500 VALUE 50 - TRI,25-Aug-2006,1308.94
NIFTY500 VALUE 50 - TRI,28-Aug-2006,1324.89
NIFTY500 VALUE 50 - TRI,29-Aug-2006,1324.88
NIFTY500 VALUE 50 - TRI,30-Aug-2006,1329.86
NIFTY500 VALUE 50 - TRI,31-Aug-2006,1313.15
NIFTY500 VALUE 50 - TRI,01-Sep-2006,1327.76
NIFTY500 VALUE 50 - TRI,04-Sep-2006,1355.24
NIFTY500 VALUE 50 - TRI,05-Sep-2006,1362.27
NIFTY500 VALUE 50 - TRI,06-Sep-2006,1375.67
NIFTY500 VALUE 50 - TRI,07-Sep-2006,1366.25
NIFTY500 VALUE 50 - TRI,08-Sep-2006,1382.29
NIFTY500 VALUE 50 - TRI,11-Sep-2006,1337.26
NIFTY500 VALUE 50 - TRI,12-Sep-2006,1352.45
NIFTY500 VALUE 50 - TRI,13-Sep-2006,1385.23
NIFTY500 VALUE 50 - TRI,14-Sep-2006,1397.86
NIFTY500 VALUE 50 - TRI,15-Sep-2006,1395.05
NIFTY500 VALUE 50 - TRI,18-Sep-2006,1403.88
NIFTY500 VALUE 50 - TRI,19-Sep-2006,1383.61
NIFTY500 VALUE 50 - TRI,20-Sep-2006,1391.03
NIFTY500 VALUE 50 - TRI,21-Sep-2006,1403.48
NIFTY500 VALUE 50 - TRI,22-Sep-2006,1394.58
NIFTY500 VALUE 50 - TRI,25-Sep-2006,1397.54
NIFTY500 VALUE 50 - TRI,26-Sep-2006,1406.09
NIFTY500 VALUE 50 - TRI,27-Sep-2006,1419.46
NIFTY500 VALUE 50 - TRI,28-Sep-2006,1433.78
NIFTY500 VALUE 50 - TRI,29-Sep-2006,1438.95
NIFTY500 VALUE 50 - TRI,03-Oct-2006,1443.65
NIFTY500 VALUE 50 - TRI,04-Oct-2006,1437.21
NIFTY500 VALUE 50 - TRI,05-Oct-2006,1468.17
NIFTY500 VALUE 50 - TRI,06-Oct-2006,1492.36
NIFTY500 VALUE 50 - TRI,09-Oct-2006,1487.78
NIFTY500 VALUE 50 - TRI,10-Oct-2006,1485.42
NIFTY500 VALUE 50 - TRI,11-Oct-2006,1461.31
NIFTY500 VALUE 50 - TRI,12-Oct-2006,1491.13
NIFTY500 VALUE 50 - TRI,13-Oct-2006,1487.39
NIFTY500 VALUE 50 - TRI,16-Oct-2006,1483.52
NIFTY500 VALUE 50 - TRI,17-Oct-2006,1473.54
NIFTY500 VALUE 50 - TRI,18-Oct-2006,1476.83
NIFTY500 VALUE 50 - TRI,19-Oct-2006,1469.46
NIFTY500 VALUE 50 - TRI,20-Oct-2006,1469.05
NIFTY500 VALUE 50 - TRI,21-Oct-2006,1478.38
NIFTY500 VALUE 50 - TRI,23-Oct-2006,1474.45
NIFTY500 VALUE 50 - TRI,26-Oct-2006,1478.55
NIFTY500 VALUE 50 - TRI,27-Oct-2006,1499.93
NIFTY500 VALUE 50 - TRI,30-Oct-2006,1495.05
NIFTY500 VALUE 50 - TRI,31-Oct-2006,1482.99
NIFTY500 VALUE 50 - TRI,01-Nov-2006,1492.74
NIFTY500 VALUE 50 - TRI,02-Nov-2006,1491.45
NIFTY500 VALUE 50 - TRI,03-Nov-2006,1484.37
NIFTY500 VALUE 50 - TRI,06-Nov-2006,1483.98
NIFTY500 VALUE 50 - TRI,07-Nov-2006,1472.30
NIFTY500 VALUE 50 - TRI,08-Nov-2006,1454.86
NIFTY500 VALUE 50 - TRI,09-Nov-2006,1457.39
NIFTY500 VALUE 50 - TRI,10-Nov-2006,1462.27
NIFTY500 VALUE 50 - TRI,13-Nov-2006,1461.94
NIFTY500 VALUE 50 - TRI,14-Nov-2006,1460.26
NIFTY500 VALUE 50 - TRI,15-Nov-2006,1471.31
NIFTY500 VALUE 50 - TRI,16-Nov-2006,1461.02
NIFTY500 VALUE 50 - TRI,17-Nov-2006,1453.14
NIFTY500 VALUE 50 - TRI,20-Nov-2006,1430.86
NIFTY500 VALUE 50 - TRI,21-Nov-2006,1455.55
NIFTY500 VALUE 50 - TRI,22-Nov-2006,1452.41
NIFTY500 VALUE 50 - TRI,23-Nov-2006,1467.59
NIFTY500 VALUE 50 - TRI,24-Nov-2006,1471.96
NIFTY500 VALUE 50 - TRI,27-Nov-2006,1467.70
NIFTY500 VALUE 50 - TRI,28-Nov-2006,1445.23
NIFTY500 VALUE 50 - TRI,29-Nov-2006,1449.50
NIFTY500 VALUE 50 - TRI,30-Nov-2006,1427.85
NIFTY500 VALUE 50 - TRI,01-Dec-2006,1444.80
NIFTY500 VALUE 50 - TRI,04-Dec-2006,1453.44
NIFTY500 VALUE 50 - TRI,05-Dec-2006,1458.96
NIFTY500 VALUE 50 - TRI,06-Dec-2006,1443.80
NIFTY500 VALUE 50 - TRI,07-Dec-2006,1444.92
NIFTY500 VALUE 50 - TRI,08-Dec-2006,1435.22
NIFTY500 VALUE 50 - TRI,11-Dec-2006,1382.99
NIFTY500 VALUE 50 - TRI,12-Dec-2006,1321.76
NIFTY500 VALUE 50 - TRI,13-Dec-2006,1347.24
NIFTY500 VALUE 50 - TRI,14-Dec-2006,1379.31
NIFTY500 VALUE 50 - TRI,15-Dec-2006,1399.04
NIFTY500 VALUE 50 - TRI,18-Dec-2006,1400.14
NIFTY500 VALUE 50 - TRI,19-Dec-2006,1378.59
NIFTY500 VALUE 50 - TRI,20-Dec-2006,1378.73
NIFTY500 VALUE 50 - TRI,21-Dec-2006,1381.49
NIFTY500 VALUE 50 - TRI,22-Dec-2006,1403.10
NIFTY500 VALUE 50 - TRI,26-Dec-2006,1411.75
NIFTY500 VALUE 50 - TRI,27-Dec-2006,1433.18
NIFTY500 VALUE 50 - TRI,28-Dec-2006,1432.23
NIFTY500 VALUE 50 - TRI,29-Dec-2006,1440.98
NIFTY500 VALUE 50 - TRI,02-Jan-2007,1454.73
NIFTY500 VALUE 50 - TRI,03-Jan-2007,1481.30
NIFTY500 VALUE 50 - TRI,04-Jan-2007,1485.21
NIFTY500 VALUE 50 - TRI,05-Jan-2007,1491.88
NIFTY500 VALUE 50 - TRI,08-Jan-2007,1491.90
NIFTY500 VALUE 50 - TRI,09-Jan-2007,1479.92
NIFTY500 VALUE 50 - TRI,10-Jan-2007,1459.48
NIFTY500 VALUE 50 - TRI,11-Jan-2007,1491.55
NIFTY500 VALUE 50 - TRI,12-Jan-2007,1528.60
NIFTY500 VALUE 50 - TRI,15-Jan-2007,1536.58
NIFTY500 VALUE 50 - TRI,16-Jan-2007,1535.38
NIFTY500 VALUE 50 - TRI,17-Jan-2007,1554.03
NIFTY500 VALUE 50 - TRI,18-Jan-2007,1561.08
NIFTY500 VALUE 50 - TRI,19-Jan-2007,1555.95
NIFTY500 VALUE 50 - TRI,22-Jan-2007,1549.77
NIFTY500 VALUE 50 - TRI,23-Jan-2007,1530.62
NIFTY500 VALUE 50 - TRI,24-Jan-2007,1546.91
NIFTY500 VALUE 50 - TRI,25-Jan-2007,1568.17
NIFTY500 VALUE 50 - TRI,29-Jan-2007,1570.86
NIFTY500 VALUE 50 - TRI,31-Jan-2007,1559.51
NIFTY500 VALUE 50 - TRI,01-Feb-2007,1576.72
NIFTY500 VALUE 50 - TRI,02-Feb-2007,1573.79
NIFTY500 VALUE 50 - TRI,05-Feb-2007,1576.96
NIFTY500 VALUE 50 - TRI,06-Feb-2007,1571.67
NIFTY500 VALUE 50 - TRI,07-Feb-2007,1569.14
NIFTY500 VALUE 50 - TRI,08-Feb-2007,1574.95
NIFTY500 VALUE 50 - TRI,09-Feb-2007,1542.56
NIFTY500 VALUE 50 - TRI,12-Feb-2007,1477.83
NIFTY500 VALUE 50 - TRI,13-Feb-2007,1476.46
NIFTY500 VALUE 50 - TRI,14-Feb-2007,1474.85
NIFTY500 VALUE 50 - TRI,15-Feb-2007,1508.80
NIFTY500 VALUE 50 - TRI,19-Feb-2007,1512.43
NIFTY500 VALUE 50 - TRI,20-Feb-2007,1495.34
NIFTY500 VALUE 50 - TRI,21-Feb-2007,1492.44
NIFTY500 VALUE 50 - TRI,22-Feb-2007,1472.45
NIFTY500 VALUE 50 - TRI,23-Feb-2007,1447.02
NIFTY500 VALUE 50 - TRI,26-Feb-2007,1459.61
NIFTY500 VALUE 50 - TRI,27-Feb-2007,1465.44
NIFTY500 VALUE 50 - TRI,28-Feb-2007,1420.91
NIFTY500 VALUE 50 - TRI,01-Mar-2007,1427.09
NIFTY500 VALUE 50 - TRI,02-Mar-2007,1407.44
NIFTY500 VALUE 50 - TRI,05-Mar-2007,1325.10
NIFTY500 VALUE 50 - TRI,06-Mar-2007,1337.87
NIFTY500 VALUE 50 - TRI,07-Mar-2007,1307.03
NIFTY500 VALUE 50 - TRI,08-Mar-2007,1364.35
NIFTY500 VALUE 50 - TRI,09-Mar-2007,1363.37
NIFTY500 VALUE 50 - TRI,12-Mar-2007,1370.84
NIFTY500 VALUE 50 - TRI,13-Mar-2007,1387.65
NIFTY500 VALUE 50 - TRI,14-Mar-2007,1351.65
NIFTY500 VALUE 50 - TRI,15-Mar-2007,1357.75
NIFTY500 VALUE 50 - TRI,16-Mar-2007,1350.97
NIFTY500 VALUE 50 - TRI,19-Mar-2007,1365.67
NIFTY500 VALUE 50 - TRI,20-Mar-2007,1383.56
NIFTY500 VALUE 50 - TRI,21-Mar-2007,1397.00
NIFTY500 VALUE 50 - TRI,22-Mar-2007,1423.75
NIFTY500 VALUE 50 - TRI,23-Mar-2007,1414.61
NIFTY500 VALUE 50 - TRI,26-Mar-2007,1410.73
NIFTY500 VALUE 50 - TRI,28-Mar-2007,1392.00
NIFTY500 VALUE 50 - TRI,29-Mar-2007,1397.75
NIFTY500 VALUE 50 - TRI,30-Mar-2007,1415.10
NIFTY500 VALUE 50 - TRI,02-Apr-2007,1365.18
NIFTY500 VALUE 50 - TRI,03-Apr-2007,1377.44
NIFTY500 VALUE 50 - TRI,04-Apr-2007,1385.58
NIFTY500 VALUE 50 - TRI,05-Apr-2007,1407.40
NIFTY500 VALUE 50 - TRI,09-Apr-2007,1440.86
NIFTY500 VALUE 50 - TRI,10-Apr-2007,1456.64
NIFTY500 VALUE 50 - TRI,11-Apr-2007,1457.77
NIFTY500 VALUE 50 - TRI,12-Apr-2007,1448.19
NIFTY500 VALUE 50 - TRI,13-Apr-2007,1466.71
NIFTY500 VALUE 50 - TRI,16-Apr-2007,1498.18
NIFTY500 VALUE 50 - TRI,17-Apr-2007,1508.01
NIFTY500 VALUE 50 - TRI,18-Apr-2007,1511.95
NIFTY500 VALUE 50 - TRI,19-Apr-2007,1508.72
NIFTY500 VALUE 50 - TRI,20-Apr-2007,1518.02
NIFTY500 VALUE 50 - TRI,23-Apr-2007,1511.78
NIFTY500 VALUE 50 - TRI,24-Apr-2007,1536.25
NIFTY500 VALUE 50 - TRI,25-Apr-2007,1567.85
NIFTY500 VALUE 50 - TRI,26-Apr-2007,1573.22
NIFTY500 VALUE 50 - TRI,27-Apr-2007,1565.50
NIFTY500 VALUE 50 - TRI,30-Apr-2007,1569.29
NIFTY500 VALUE 50 - TRI,03-May-2007,1609.35
NIFTY500 VALUE 50 - TRI,04-May-2007,1610.68
NIFTY500 VALUE 50 - TRI,07-May-2007,1604.25
NIFTY500 VALUE 50 - TRI,08-May-2007,1579.49
NIFTY500 VALUE 50 - TRI,09-May-2007,1598.04
NIFTY500 VALUE 50 - TRI,10-May-2007,1599.33
NIFTY500 VALUE 50 - TRI,11-May-2007,1605.01
NIFTY500 VALUE 50 - TRI,14-May-2007,1639.99
NIFTY500 VALUE 50 - TRI,15-May-2007,1660.88
NIFTY500 VALUE 50 - TRI,16-May-2007,1678.03
NIFTY500 VALUE 50 - TRI,17-May-2007,1696.30
NIFTY500 VALUE 50 - TRI,18-May-2007,1684.98
NIFTY500 VALUE 50 - TRI,21-May-2007,1722.29
NIFTY500 VALUE 50 - TRI,22-May-2007,1726.04
NIFTY500 VALUE 50 - TRI,23-May-2007,1707.35
NIFTY500 VALUE 50 - TRI,24-May-2007,1683.96
NIFTY500 VALUE 50 - TRI,25-May-2007,1687.55
NIFTY500 VALUE 50 - TRI,28-May-2007,1705.52
NIFTY500 VALUE 50 - TRI,29-May-2007,1708.01
NIFTY500 VALUE 50 - TRI,30-May-2007,1690.29
NIFTY500 VALUE 50 - TRI,31-May-2007,1691.34
NIFTY500 VALUE 50 - TRI,01-Jun-2007,1713.68
NIFTY500 VALUE 50 - TRI,04-Jun-2007,1706.37
NIFTY500 VALUE 50 - TRI,05-Jun-2007,1710.45
NIFTY500 VALUE 50 - TRI,06-Jun-2007,1665.48
NIFTY500 VALUE 50 - TRI,07-Jun-2007,1660.53
NIFTY500 VALUE 50 - TRI,08-Jun-2007,1638.75
NIFTY500 VALUE 50 - TRI,11-Jun-2007,1637.33
NIFTY500 VALUE 50 - TRI,12-Jun-2007,1624.12
NIFTY500 VALUE 50 - TRI,13-Jun-2007,1615.88
NIFTY500 VALUE 50 - TRI,14-Jun-2007,1641.66
NIFTY500 VALUE 50 - TRI,15-Jun-2007,1647.28
NIFTY500 VALUE 50 - TRI,18-Jun-2007,1629.19
NIFTY500 VALUE 50 - TRI,19-Jun-2007,1654.44
NIFTY500 VALUE 50 - TRI,20-Jun-2007,1679.65
NIFTY500 VALUE 50 - TRI,21-Jun-2007,1696.11
NIFTY500 VALUE 50 - TRI,22-Jun-2007,1685.16
NIFTY500 VALUE 50 - TRI,25-Jun-2007,1690.11
NIFTY500 VALUE 50 - TRI,26-Jun-2007,1681.58
NIFTY500 VALUE 50 - TRI,27-Jun-2007,1676.05
NIFTY500 VALUE 50 - TRI,28-Jun-2007,1677.00
NIFTY500 VALUE 50 - TRI,29-Jun-2007,1716.28
NIFTY500 VALUE 50 - TRI,02-Jul-2007,1719.24
NIFTY500 VALUE 50 - TRI,03-Jul-2007,1728.90
NIFTY500 VALUE 50 - TRI,04-Jul-2007,1731.79
NIFTY500 VALUE 50 - TRI,05-Jul-2007,1719.36
NIFTY500 VALUE 50 - TRI,06-Jul-2007,1721.55
NIFTY500 VALUE 50 - TRI,09-Jul-2007,1749.06
NIFTY500 VALUE 50 - TRI,10-Jul-2007,1751.87
NIFTY500 VALUE 50 - TRI,11-Jul-2007,1764.78
NIFTY500 VALUE 50 - TRI,12-Jul-2007,1791.84
NIFTY500 VALUE 50 - TRI,13-Jul-2007,1801.97
NIFTY500 VALUE 50 - TRI,16-Jul-2007,1843.30
NIFTY500 VALUE 50 - TRI,17-Jul-2007,1828.39
NIFTY500 VALUE 50 - TRI,18-Jul-2007,1820.04
NIFTY500 VALUE 50 - TRI,19-Jul-2007,1835.41
NIFTY500 VALUE 50 - TRI,20-Jul-2007,1824.13
NIFTY500 VALUE 50 - TRI,23-Jul-2007,1827.56
NIFTY500 VALUE 50 - TRI,24-Jul-2007,1827.75
NIFTY500 VALUE 50 - TRI,25-Jul-2007,1813.96
NIFTY500 VALUE 50 - TRI,26-Jul-2007,1829.08
NIFTY500 VALUE 50 - TRI,27-Jul-2007,1769.86
NIFTY500 VALUE 50 - TRI,30-Jul-2007,1767.21
NIFTY500 VALUE 50 - TRI,31-Jul-2007,1794.83
NIFTY500 VALUE 50 - TRI,01-Aug-2007,1707.22
NIFTY500 VALUE 50 - TRI,02-Aug-2007,1715.64
NIFTY500 VALUE 50 - TRI,03-Aug-2007,1733.60
NIFTY500 VALUE 50 - TRI,06-Aug-2007,1717.52
NIFTY500 VALUE 50 - TRI,07-Aug-2007,1739.86
NIFTY500 VALUE 50 - TRI,08-Aug-2007,1777.64
NIFTY500 VALUE 50 - TRI,09-Aug-2007,1743.32
NIFTY500 VALUE 50 - TRI,10-Aug-2007,1716.96
NIFTY500 VALUE 50 - TRI,13-Aug-2007,1737.28
NIFTY500 VALUE 50 - TRI,14-Aug-2007,1741.43
NIFTY500 VALUE 50 - TRI,16-Aug-2007,1665.67
NIFTY500 VALUE 50 - TRI,17-Aug-2007,1635.45
NIFTY500 VALUE 50 - TRI,20-Aug-2007,1684.69
NIFTY500 VALUE 50 - TRI,21-Aug-2007,1616.85
NIFTY500 VALUE 50 - TRI,22-Aug-2007,1627.08
NIFTY500 VALUE 50 - TRI,23-Aug-2007,1597.27
NIFTY500 VALUE 50 - TRI,24-Aug-2007,1627.90
NIFTY500 VALUE 50 - TRI,27-Aug-2007,1678.01
NIFTY500 VALUE 50 - TRI,28-Aug-2007,1687.38
NIFTY500 VALUE 50 - TRI,29-Aug-2007,1700.56
NIFTY500 VALUE 50 - TRI,30-Aug-2007,1713.60
NIFTY500 VALUE 50 - TRI,31-Aug-2007,1762.87
NIFTY500 VALUE 50 - TRI,03-Sep-2007,1789.88
NIFTY500 VALUE 50 - TRI,04-Sep-2007,1810.61
NIFTY500 VALUE 50 - TRI,05-Sep-2007,1815.93
NIFTY500 VALUE 50 - TRI,06-Sep-2007,1843.54
NIFTY500 VALUE 50 - TRI,07-Sep-2007,1845.43
NIFTY500 VALUE 50 - TRI,10-Sep-2007,1855.95
NIFTY500 VALUE 50 - TRI,11-Sep-2007,1859.22
NIFTY500 VALUE 50 - TRI,12-Sep-2007,1867.64
NIFTY500 VALUE 50 - TRI,13-Sep-2007,1885.16
NIFTY500 VALUE 50 - TRI,14-Sep-2007,1857.96
NIFTY500 VALUE 50 - TRI,17-Sep-2007,1855.20
NIFTY500 VALUE 50 - TRI,18-Sep-2007,1884.90
NIFTY500 VALUE 50 - TRI,19-Sep-2007,1926.89
NIFTY500 VALUE 50 - TRI,20-Sep-2007,1933.30
NIFTY500 VALUE 50 - TRI,21-Sep-2007,1958.16
NIFTY500 VALUE 50 - TRI,24-Sep-2007,1987.38
NIFTY500 VALUE 50 - TRI,25-Sep-2007,2004.49
NIFTY500 VALUE 50 - TRI,26-Sep-2007,2061.65
NIFTY500 VALUE 50 - TRI,27-Sep-2007,2036.99
NIFTY500 VALUE 50 - TRI,28-Sep-2007,2079.55
NIFTY500 VALUE 50 - TRI,01-Oct-2007,2115.88
NIFTY500 VALUE 50 - TRI,03-Oct-2007,2118.47
NIFTY500 VALUE 50 - TRI,04-Oct-2007,2132.65
NIFTY500 VALUE 50 - TRI,05-Oct-2007,2089.26
NIFTY500 VALUE 50 - TRI,08-Oct-2007,1982.16
NIFTY500 VALUE 50 - TRI,09-Oct-2007,2038.89
NIFTY500 VALUE 50 - TRI,10-Oct-2007,2050.85
NIFTY500 VALUE 50 - TRI,11-Oct-2007,2061.34
NIFTY500 VALUE 50 - TRI,12-Oct-2007,2040.29
NIFTY500 VALUE 50 - TRI,15-Oct-2007,2107.04
NIFTY500 VALUE 50 - TRI,16-Oct-2007,2123.07
NIFTY500 VALUE 50 - TRI,17-Oct-2007,2047.97
NIFTY500 VALUE 50 - TRI,18-Oct-2007,2005.86
NIFTY500 VALUE 50 - TRI,19-Oct-2007,1942.97
NIFTY500 VALUE 50 - TRI,22-Oct-2007,1954.82
NIFTY500 VALUE 50 - TRI,23-Oct-2007,2060.32
NIFTY500 VALUE 50 - TRI,24-Oct-2007,2110.13
NIFTY500 VALUE 50 - TRI,25-Oct-2007,2124.01
NIFTY500 VALUE 50 - TRI,26-Oct-2007,2164.85
NIFTY500 VALUE 50 - TRI,29-Oct-2007,2181.55
NIFTY500 VALUE 50 - TRI,30-Oct-2007,2200.24
NIFTY500 VALUE 50 - TRI,31-Oct-2007,2221.38
NIFTY500 VALUE 50 - TRI,01-Nov-2007,2186.41
NIFTY500 VALUE 50 - TRI,02-Nov-2007,2233.26
NIFTY500 VALUE 50 - TRI,05-Nov-2007,2250.73
NIFTY500 VALUE 50 - TRI,06-Nov-2007,2240.36
NIFTY500 VALUE 50 - TRI,07-Nov-2007,2244.46
NIFTY500 VALUE 50 - TRI,08-Nov-2007,2234.64
NIFTY500 VALUE 50 - TRI,09-Nov-2007,2246.04
NIFTY500 VALUE 50 - TRI,12-Nov-2007,2241.44
NIFTY500 VALUE 50 - TRI,13-Nov-2007,2309.52
NIFTY500 VALUE 50 - TRI,14-Nov-2007,2393.69
NIFTY500 VALUE 50 - TRI,15-Nov-2007,2491.66
NIFTY500 VALUE 50 - TRI,16-Nov-2007,2566.72
NIFTY500 VALUE 50 - TRI,19-Nov-2007,2609.89
NIFTY500 VALUE 50 - TRI,20-Nov-2007,2547.99
NIFTY500 VALUE 50 - TRI,21-Nov-2007,2382.40
NIFTY500 VALUE 50 - TRI,22-Nov-2007,2333.50
NIFTY500 VALUE 50 - TRI,23-Nov-2007,2366.99
NIFTY500 VALUE 50 - TRI,26-Nov-2007,2418.19
NIFTY500 VALUE 50 - TRI,27-Nov-2007,2456.23
NIFTY500 VALUE 50 - TRI,28-Nov-2007,2432.79
NIFTY500 VALUE 50 - TRI,29-Nov-2007,2406.12
NIFTY500 VALUE 50 - TRI,30-Nov-2007,2494.61
NIFTY500 VALUE 50 - TRI,03-Dec-2007,2564.12
NIFTY500 VALUE 50 - TRI,04-Dec-2007,2634.67
NIFTY500 VALUE 50 - TRI,05-Dec-2007,2690.48
NIFTY500 VALUE 50 - TRI,06-Dec-2007,2683.91
NIFTY500 VALUE 50 - TRI,07-Dec-2007,2680.51
NIFTY500 VALUE 50 - TRI,10-Dec-2007,2728.82
NIFTY500 VALUE 50 - TRI,11-Dec-2007,2745.22
NIFTY500 VALUE 50 - TRI,12-Dec-2007,2791.50
NIFTY500 VALUE 50 - TRI,13-Dec-2007,2802.28
NIFTY500 VALUE 50 - TRI,14-Dec-2007,2814.18
NIFTY500 VALUE 50 - TRI,17-Dec-2007,2665.80
NIFTY500 VALUE 50 - TRI,18-Dec-2007,2678.12
NIFTY500 VALUE 50 - TRI,19-Dec-2007,2669.23
NIFTY500 VALUE 50 - TRI,20-Dec-2007,2670.79
NIFTY500 VALUE 50 - TRI,24-Dec-2007,2748.53
NIFTY500 VALUE 50 - TRI,26-Dec-2007,2841.88
NIFTY500 VALUE 50 - TRI,27-Dec-2007,2888.80
NIFTY500 VALUE 50 - TRI,28-Dec-2007,2932.90
NIFTY500 VALUE 50 - TRI,31-Dec-2007,3011.84
NIFTY500 VALUE 50 - TRI,01-Jan-2008,3061.25
NIFTY500 VALUE 50 - TRI,02-Jan-2008,3114.36
NIFTY500 VALUE 50 - TRI,03-Jan-2008,3126.93
NIFTY500 VALUE 50 - TRI,04-Jan-2008,3114.85
NIFTY500 VALUE 50 - TRI,07-Jan-2008,3092.55
NIFTY500 VALUE 50 - TRI,08-Jan-2008,2982.85
NIFTY500 VALUE 50 - TRI,09-Jan-2008,2938.45
NIFTY500 VALUE 50 - TRI,10-Jan-2008,2819.58
NIFTY500 VALUE 50 - TRI,11-Jan-2008,2813.26
NIFTY500 VALUE 50 - TRI,14-Jan-2008,2894.73
NIFTY500 VALUE 50 - TRI,15-Jan-2008,2844.00
NIFTY500 VALUE 50 - TRI,16-Jan-2008,2779.50
NIFTY500 VALUE 50 - TRI,17-Jan-2008,2808.92
NIFTY500 VALUE 50 - TRI,18-Jan-2008,2645.09
NIFTY500 VALUE 50 - TRI,21-Jan-2008,2283.65
NIFTY500 VALUE 50 - TRI,22-Jan-2008,2049.13
NIFTY500 VALUE 50 - TRI,23-Jan-2008,2226.88
NIFTY500 VALUE 50 - TRI,24-Jan-2008,2140.46
NIFTY500 VALUE 50 - TRI,25-Jan-2008,2318.38
NIFTY500 VALUE 50 - TRI,28-Jan-2008,2311.34
NIFTY500 VALUE 50 - TRI,29-Jan-2008,2290.65
NIFTY500 VALUE 50 - TRI,30-Jan-2008,2234.90
NIFTY500 VALUE 50 - TRI,31-Jan-2008,2204.19
NIFTY500 VALUE 50 - TRI,01-Feb-2008,2250.41
NIFTY500 VALUE 50 - TRI,04-Feb-2008,2364.27
NIFTY500 VALUE 50 - TRI,05-Feb-2008,2400.79
NIFTY500 VALUE 50 - TRI,06-Feb-2008,2386.13
NIFTY500 VALUE 50 - TRI,07-Feb-2008,2313.65
NIFTY500 VALUE 50 - TRI,08-Feb-2008,2272.85
NIFTY500 VALUE 50 - TRI,11-Feb-2008,2167.07
NIFTY500 VALUE 50 - TRI,12-Feb-2008,2122.31
NIFTY500 VALUE 50 - TRI,13-Feb-2008,2123.35
NIFTY500 VALUE 50 - TRI,14-Feb-2008,2260.26
NIFTY500 VALUE 50 - TRI,15-Feb-2008,2309.92
NIFTY500 VALUE 50 - TRI,18-Feb-2008,2335.14
NIFTY500 VALUE 50 - TRI,19-Feb-2008,2329.93
NIFTY500 VALUE 50 - TRI,20-Feb-2008,2284.71
NIFTY500 VALUE 50 - TRI,21-Feb-2008,2282.44
NIFTY500 VALUE 50 - TRI,22-Feb-2008,2261.35
NIFTY500 VALUE 50 - TRI,25-Feb-2008,2271.52
NIFTY500 VALUE 50 - TRI,26-Feb-2008,2303.65
NIFTY500 VALUE 50 - TRI,27-Feb-2008,2305.85
NIFTY500 VALUE 50 - TRI,28-Feb-2008,2310.66
NIFTY500 VALUE 50 - TRI,29-Feb-2008,2294.89
NIFTY500 VALUE 50 - TRI,03-Mar-2008,2197.27
NIFTY500 VALUE 50 - TRI,04-Mar-2008,2136.85
NIFTY500 VALUE 50 - TRI,05-Mar-2008,2105.74
NIFTY500 VALUE 50 - TRI,07-Mar-2008,2009.52
NIFTY500 VALUE 50 - TRI,10-Mar-2008,2006.78
NIFTY500 VALUE 50 - TRI,11-Mar-2008,2077.14
NIFTY500 VALUE 50 - TRI,12-Mar-2008,2047.87
NIFTY500 VALUE 50 - TRI,13-Mar-2008,1920.66
NIFTY500 VALUE 50 - TRI,14-Mar-2008,1939.97
NIFTY500 VALUE 50 - TRI,17-Mar-2008,1811.03
NIFTY500 VALUE 50 - TRI,18-Mar-2008,1803.99
NIFTY500 VALUE 50 - TRI,19-Mar-2008,1785.07
NIFTY500 VALUE 50 - TRI,24-Mar-2008,1753.05
NIFTY500 VALUE 50 - TRI,25-Mar-2008,1871.59
NIFTY500 VALUE 50 - TRI,26-Mar-2008,1881.98
NIFTY500 VALUE 50 - TRI,27-Mar-2008,1863.29
NIFTY500 VALUE 50 - TRI,28-Mar-2008,1939.66
NIFTY500 VALUE 50 - TRI,31-Mar-2008,1906.04
NIFTY500 VALUE 50 - TRI,01-Apr-2008,1903.20
NIFTY500 VALUE 50 - TRI,02-Apr-2008,1916.69
NIFTY500 VALUE 50 - TRI,03-Apr-2008,1914.30
NIFTY500 VALUE 50 - TRI,04-Apr-2008,1881.45
NIFTY500 VALUE 50 - TRI,07-Apr-2008,1907.49
NIFTY500 VALUE 50 - TRI,08-Apr-2008,1917.06
NIFTY500 VALUE 50 - TRI,09-Apr-2008,1944.55
NIFTY500 VALUE 50 - TRI,10-Apr-2008,1940.59
NIFTY500 VALUE 50 - TRI,11-Apr-2008,1961.79
NIFTY500 VALUE 50 - TRI,15-Apr-2008,1984.31
NIFTY500 VALUE 50 - TRI,16-Apr-2008,2001.07
NIFTY500 VALUE 50 - TRI,17-Apr-2008,2067.63
NIFTY500 VALUE 50 - TRI,21-Apr-2008,2128.18
NIFTY500 VALUE 50 - TRI,22-Apr-2008,2125.17
NIFTY500 VALUE 50 - TRI,23-Apr-2008,2129.63
NIFTY500 VALUE 50 - TRI,24-Apr-2008,2093.44
NIFTY500 VALUE 50 - TRI,25-Apr-2008,2123.56
NIFTY500 VALUE 50 - TRI,28-Apr-2008,2127.45
NIFTY500 VALUE 50 - TRI,29-Apr-2008,2168.67
NIFTY500 VALUE 50 - TRI,30-Apr-2008,2160.52
NIFTY500 VALUE 50 - TRI,02-May-2008,2198.92
NIFTY500 VALUE 50 - TRI,05-May-2008,2210.15
NIFTY500 VALUE 50 - TRI,06-May-2008,2195.01
NIFTY500 VALUE 50 - TRI,07-May-2008,2173.15
NIFTY500 VALUE 50 - TRI,08-May-2008,2154.97
NIFTY500 VALUE 50 - TRI,09-May-2008,2100.86
NIFTY500 VALUE 50 - TRI,12-May-2008,2081.50
NIFTY500 VALUE 50 - TRI,13-May-2008,2076.59
NIFTY500 VALUE 50 - TRI,14-May-2008,2092.57
NIFTY500 VALUE 50 - TRI,15-May-2008,2120.83
NIFTY500 VALUE 50 - TRI,16-May-2008,2158.74
NIFTY500 VALUE 50 - TRI,20-May-2008,2158.03
NIFTY500 VALUE 50 - TRI,21-May-2008,2166.53
NIFTY500 VALUE 50 - TRI,22-May-2008,2128.39
NIFTY500 VALUE 50 - TRI,23-May-2008,2105.92
NIFTY500 VALUE 50 - TRI,26-May-2008,2054.51
NIFTY500 VALUE 50 - TRI,27-May-2008,2035.44
NIFTY500 VALUE 50 - TRI,28-May-2008,2084.91
NIFTY500 VALUE 50 - TRI,29-May-2008,2058.82
NIFTY500 VALUE 50 - TRI,30-May-2008,2047.26
NIFTY500 VALUE 50 - TRI,02-Jun-2008,1994.66
NIFTY500 VALUE 50 - TRI,03-Jun-2008,1982.83
NIFTY500 VALUE 50 - TRI,04-Jun-2008,1911.88
NIFTY500 VALUE 50 - TRI,05-Jun-2008,1902.77
NIFTY500 VALUE 50 - TRI,06-Jun-2008,1879.96
NIFTY500 VALUE 50 - TRI,09-Jun-2008,1817.19
NIFTY500 VALUE 50 - TRI,10-Jun-2008,1805.84
NIFTY500 VALUE 50 - TRI,11-Jun-2008,1835.58
NIFTY500 VALUE 50 - TRI,12-Jun-2008,1846.59
NIFTY500 VALUE 50 - TRI,13-Jun-2008,1850.19
NIFTY500 VALUE 50 - TRI,16-Jun-2008,1876.03
NIFTY500 VALUE 50 - TRI,17-Jun-2008,1919.19
NIFTY500 VALUE 50 - TRI,18-Jun-2008,1906.52
NIFTY500 VALUE 50 - TRI,19-Jun-2008,1871.72
NIFTY500 VALUE 50 - TRI,20-Jun-2008,1808.02
NIFTY500 VALUE 50 - TRI,23-Jun-2008,1744.72
NIFTY500 VALUE 50 - TRI,24-Jun-2008,1719.28
NIFTY500 VALUE 50 - TRI,25-Jun-2008,1730.30
NIFTY500 VALUE 50 - TRI,26-Jun-2008,1740.34
NIFTY500 VALUE 50 - TRI,27-Jun-2008,1688.22
NIFTY500 VALUE 50 - TRI,30-Jun-2008,1629.95
NIFTY500 VALUE 50 - TRI,01-Jul-2008,1542.20
NIFTY500 VALUE 50 - TRI,02-Jul-2008,1602.77
NIFTY500 VALUE 50 - TRI,03-Jul-2008,1578.44
NIFTY500 VALUE 50 - TRI,04-Jul-2008,1607.76
NIFTY500 VALUE 50 - TRI,07-Jul-2008,1625.40
NIFTY500 VALUE 50 - TRI,08-Jul-2008,1641.35
NIFTY500 VALUE 50 - TRI,09-Jul-2008,1686.56
NIFTY500 VALUE 50 - TRI,10-Jul-2008,1695.40
NIFTY500 VALUE 50 - TRI,11-Jul-2008,1653.95
NIFTY500 VALUE 50 - TRI,14-Jul-2008,1648.43
NIFTY500 VALUE 50 - TRI,15-Jul-2008,1590.06
NIFTY500 VALUE 50 - TRI,16-Jul-2008,1577.19
NIFTY500 VALUE 50 - TRI,17-Jul-2008,1611.82
NIFTY500 VALUE 50 - TRI,18-Jul-2008,1646.07
NIFTY500 VALUE 50 - TRI,21-Jul-2008,1651.63
NIFTY500 VALUE 50 - TRI,22-Jul-2008,1678.86
NIFTY500 VALUE 50 - TRI,23-Jul-2008,1768.21
NIFTY500 VALUE 50 - TRI,24-Jul-2008,1777.20
NIFTY500 VALUE 50 - TRI,25-Jul-2008,1775.01
NIFTY500 VALUE 50 - TRI,28-Jul-2008,1803.51
NIFTY500 VALUE 50 - TRI,29-Jul-2008,1746.72
NIFTY500 VALUE 50 - TRI,30-Jul-2008,1798.63
NIFTY500 VALUE 50 - TRI,31-Jul-2008,1789.31
NIFTY500 VALUE 50 - TRI,01-Aug-2008,1832.52
NIFTY500 VALUE 50 - TRI,04-Aug-2008,1858.98
NIFTY500 VALUE 50 - TRI,05-Aug-2008,1899.16
NIFTY500 VALUE 50 - TRI,06-Aug-2008,1885.22
NIFTY500 VALUE 50 - TRI,07-Aug-2008,1886.38
NIFTY500 VALUE 50 - TRI,08-Aug-2008,1894.78
NIFTY500 VALUE 50 - TRI,11-Aug-2008,1923.10
NIFTY500 VALUE 50 - TRI,12-Aug-2008,1904.26
NIFTY500 VALUE 50 - TRI,13-Aug-2008,1893.70
NIFTY500 VALUE 50 - TRI,14-Aug-2008,1849.11
NIFTY500 VALUE 50 - TRI,18-Aug-2008,1824.68
NIFTY500 VALUE 50 - TRI,19-Aug-2008,1825.41
NIFTY500 VALUE 50 - TRI,20-Aug-2008,1843.59
NIFTY500 VALUE 50 - TRI,21-Aug-2008,1788.97
NIFTY500 VALUE 50 - TRI,22-Aug-2008,1781.49
NIFTY500 VALUE 50 - TRI,25-Aug-2008,1792.71
NIFTY500 VALUE 50 - TRI,26-Aug-2008,1794.11
NIFTY500 VALUE 50 - TRI,27-Aug-2008,1775.51
NIFTY500 VALUE 50 - TRI,28-Aug-2008,1736.18
NIFTY500 VALUE 50 - TRI,29-Aug-2008,1797.75
NIFTY500 VALUE 50 - TRI,01-Sep-2008,1799.03
NIFTY500 VALUE 50 - TRI,02-Sep-2008,1852.06
NIFTY500 VALUE 50 - TRI,04-Sep-2008,1846.98
NIFTY500 VALUE 50 - TRI,05-Sep-2008,1837.29
NIFTY500 VALUE 50 - TRI,08-Sep-2008,1837.14
NIFTY500 VALUE 50 - TRI,09-Sep-2008,1833.07
NIFTY500 VALUE 50 - TRI,10-Sep-2008,1817.77
NIFTY500 VALUE 50 - TRI,11-Sep-2008,1798.61
NIFTY500 VALUE 50 - TRI,12-Sep-2008,1775.68
NIFTY500 VALUE 50 - TRI,15-Sep-2008,1707.62
NIFTY500 VALUE 50 - TRI,16-Sep-2008,1718.61
NIFTY500 VALUE 50 - TRI,17-Sep-2008,1682.95
NIFTY500 VALUE 50 - TRI,18-Sep-2008,1681.84
NIFTY500 VALUE 50 - TRI,19-Sep-2008,1713.30
NIFTY500 VALUE 50 - TRI,22-Sep-2008,1699.55
NIFTY500 VALUE 50 - TRI,23-Sep-2008,1681.29
NIFTY500 VALUE 50 - TRI,24-Sep-2008,1689.41
NIFTY500 VALUE 50 - TRI,25-Sep-2008,1665.59
NIFTY500 VALUE 50 - TRI,26-Sep-2008,1626.55
NIFTY500 VALUE 50 - TRI,29-Sep-2008,1569.58
NIFTY500 VALUE 50 - TRI,30-Sep-2008,1591.78
NIFTY500 VALUE 50 - TRI,01-Oct-2008,1613.34
NIFTY500 VALUE 50 - TRI,03-Oct-2008,1581.89
NIFTY500 VALUE 50 - TRI,06-Oct-2008,1509.28
NIFTY500 VALUE 50 - TRI,07-Oct-2008,1491.78
NIFTY500 VALUE 50 - TRI,08-Oct-2008,1405.59
NIFTY500 VALUE 50 - TRI,10-Oct-2008,1314.72
NIFTY500 VALUE 50 - TRI,13-Oct-2008,1375.24
NIFTY500 VALUE 50 - TRI,14-Oct-2008,1388.61
NIFTY500 VALUE 50 - TRI,15-Oct-2008,1349.34
NIFTY500 VALUE 50 - TRI,16-Oct-2008,1355.40
NIFTY500 VALUE 50 - TRI,17-Oct-2008,1330.45
NIFTY500 VALUE 50 - TRI,20-Oct-2008,1332.87
NIFTY500 VALUE 50 - TRI,21-Oct-2008,1347.14
NIFTY500 VALUE 50 - TRI,22-Oct-2008,1292.46
NIFTY500 VALUE 50 - TRI,23-Oct-2008,1244.09
NIFTY500 VALUE 50 - TRI,24-Oct-2008,1140.24
NIFTY500 VALUE 50 - TRI,27-Oct-2008,1084.42
NIFTY500 VALUE 50 - TRI,28-Oct-2008,1152.37
NIFTY500 VALUE 50 - TRI,29-Oct-2008,1149.83
NIFTY500 VALUE 50 - TRI,31-Oct-2008,1176.95
NIFTY500 VALUE 50 - TRI,03-Nov-2008,1234.49
NIFTY500 VALUE 50 - TRI,04-Nov-2008,1289.60
NIFTY500 VALUE 50 - TRI,05-Nov-2008,1269.16
NIFTY500 VALUE 50 - TRI,06-Nov-2008,1230.42
NIFTY500 VALUE 50 - TRI,07-Nov-2008,1261.46
NIFTY500 VALUE 50 - TRI,10-Nov-2008,1294.63
NIFTY500 VALUE 50 - TRI,11-Nov-2008,1245.72
NIFTY500 VALUE 50 - TRI,12-Nov-2008,1231.85
NIFTY500 VALUE 50 - TRI,14-Nov-2008,1218.84
NIFTY500 VALUE 50 - TRI,17-Nov-2008,1197.43
NIFTY500 VALUE 50 - TRI,18-Nov-2008,1166.91
NIFTY500 VALUE 50 - TRI,19-Nov-2008,1152.94
NIFTY500 VALUE 50 - TRI,20-Nov-2008,1122.37
NIFTY500 VALUE 50 - TRI,21-Nov-2008,1141.75
NIFTY500 VALUE 50 - TRI,24-Nov-2008,1146.90
NIFTY500 VALUE 50 - TRI,25-Nov-2008,1143.00
NIFTY500 VALUE 50 - TRI,26-Nov-2008,1158.00
NIFTY500 VALUE 50 - TRI,28-Nov-2008,1162.06
NIFTY500 VALUE 50 - TRI,01-Dec-2008,1151.88
NIFTY500 VALUE 50 - TRI,02-Dec-2008,1141.77
NIFTY500 VALUE 50 - TRI,03-Dec-2008,1157.10
NIFTY500 VALUE 50 - TRI,04-Dec-2008,1183.58
NIFTY500 VALUE 50 - TRI,05-Dec-2008,1155.96
NIFTY500 VALUE 50 - TRI,08-Dec-2008,1145.64
NIFTY500 VALUE 50 - TRI,10-Dec-2008,1172.27
NIFTY500 VALUE 50 - TRI,11-Dec-2008,1190.61
NIFTY500 VALUE 50 - TRI,12-Dec-2008,1210.48
NIFTY500 VALUE 50 - TRI,15-Dec-2008,1250.81
NIFTY500 VALUE 50 - TRI,16-Dec-2008,1263.89
NIFTY500 VALUE 50 - TRI,17-Dec-2008,1242.88
NIFTY500 VALUE 50 - TRI,18-Dec-2008,1286.33
NIFTY500 VALUE 50 - TRI,19-Dec-2008,1317.96
NIFTY500 VALUE 50 - TRI,22-Dec-2008,1307.18
NIFTY500 VALUE 50 - TRI,23-Dec-2008,1279.58
NIFTY500 VALUE 50 - TRI,24-Dec-2008,1279.01
NIFTY500 VALUE 50 - TRI,26-Dec-2008,1264.57
NIFTY500 VALUE 50 - TRI,29-Dec-2008,1277.20
NIFTY500 VALUE 50 - TRI,30-Dec-2008,1303.51
NIFTY500 VALUE 50 - TRI,31-Dec-2008,1304.75
NIFTY500 VALUE 50 - TRI,01-Jan-2009,1322.38
NIFTY500 VALUE 50 - TRI,02-Jan-2009,1351.88
NIFTY500 VALUE 50 - TRI,05-Jan-2009,1382.85
NIFTY500 VALUE 50 - TRI,06-Jan-2009,1378.34
NIFTY500 VALUE 50 - TRI,07-Jan-2009,1310.03
NIFTY500 VALUE 50 - TRI,09-Jan-2009,1293.56
NIFTY500 VALUE 50 - TRI,12-Jan-2009,1259.46
NIFTY500 VALUE 50 - TRI,13-Jan-2009,1263.88
NIFTY500 VALUE 50 - TRI,14-Jan-2009,1281.16
NIFTY500 VALUE 50 - TRI,15-Jan-2009,1255.39
NIFTY500 VALUE 50 - TRI,16-Jan-2009,1271.72
NIFTY500 VALUE 50 - TRI,19-Jan-2009,1281.12
NIFTY500 VALUE 50 - TRI,20-Jan-2009,1272.84
NIFTY500 VALUE 50 - TRI,21-Jan-2009,1251.91
NIFTY500 VALUE 50 - TRI,22-Jan-2009,1236.38
NIFTY500 VALUE 50 - TRI,23-Jan-2009,1200.23
NIFTY500 VALUE 50 - TRI,27-Jan-2009,1210.67
NIFTY500 VALUE 50 - TRI,28-Jan-2009,1226.22
NIFTY500 VALUE 50 - TRI,29-Jan-2009,1244.33
NIFTY500 VALUE 50 - TRI,30-Jan-2009,1259.38
NIFTY500 VALUE 50 - TRI,02-Feb-2009,1237.27
NIFTY500 VALUE 50 - TRI,03-Feb-2009,1231.64
NIFTY500 VALUE 50 - TRI,04-Feb-2009,1233.83
NIFTY500 VALUE 50 - TRI,05-Feb-2009,1228.64
NIFTY500 VALUE 50 - TRI,06-Feb-2009,1245.74
NIFTY500 VALUE 50 - TRI,09-Feb-2009,1261.49
NIFTY500 VALUE 50 - TRI,10-Feb-2009,1269.60
NIFTY500 VALUE 50 - TRI,11-Feb-2009,1269.32
NIFTY500 VALUE 50 - TRI,12-Feb-2009,1266.23
NIFTY500 VALUE 50 - TRI,13-Feb-2009,1269.77
NIFTY500 VALUE 50 - TRI,16-Feb-2009,1241.88
NIFTY500 VALUE 50 - TRI,17-Feb-2009,1214.98
NIFTY500 VALUE 50 - TRI,18-Feb-2009,1214.92
NIFTY500 VALUE 50 - TRI,19-Feb-2009,1207.94
NIFTY500 VALUE 50 - TRI,20-Feb-2009,1195.94
NIFTY500 VALUE 50 - TRI,24-Feb-2009,1169.95
NIFTY500 VALUE 50 - TRI,25-Feb-2009,1174.82
NIFTY500 VALUE 50 - TRI,26-Feb-2009,1156.91
NIFTY500 VALUE 50 - TRI,27-Feb-2009,1164.25
NIFTY500 VALUE 50 - TRI,02-Mar-2009,1139.23
NIFTY500 VALUE 50 - TRI,03-Mar-2009,1126.97
NIFTY500 VALUE 50 - TRI,04-Mar-2009,1124.49
NIFTY500 VALUE 50 - TRI,05-Mar-2009,1103.02
NIFTY500 VALUE 50 - TRI,06-Mar-2009,1095.35
NIFTY500 VALUE 50 - TRI,09-Mar-2009,1061.19
NIFTY500 VALUE 50 - TRI,12-Mar-2009,1069.06
NIFTY500 VALUE 50 - TRI,13-Mar-2009,1088.29
NIFTY500 VALUE 50 - TRI,16-Mar-2009,1115.45
NIFTY500 VALUE 50 - TRI,17-Mar-2009,1106.61
NIFTY500 VALUE 50 - TRI,18-Mar-2009,1107.89
NIFTY500 VALUE 50 - TRI,19-Mar-2009,1110.14
NIFTY500 VALUE 50 - TRI,20-Mar-2009,1102.29
NIFTY500 VALUE 50 - TRI,23-Mar-2009,1137.47
NIFTY500 VALUE 50 - TRI,24-Mar-2009,1141.97
NIFTY500 VALUE 50 - TRI,25-Mar-2009,1149.68
NIFTY500 VALUE 50 - TRI,26-Mar-2009,1169.77
NIFTY500 VALUE 50 - TRI,27-Mar-2009,1210.76
NIFTY500 VALUE 50 - TRI,30-Mar-2009,1165.35
NIFTY500 VALUE 50 - TRI,31-Mar-2009,1190.74
NIFTY500 VALUE 50 - TRI,01-Apr-2009,1213.72
NIFTY500 VALUE 50 - TRI,02-Apr-2009,1271.67
NIFTY500 VALUE 50 - TRI,06-Apr-2009,1316.42
NIFTY500 VALUE 50 - TRI,08-Apr-2009,1350.38
NIFTY500 VALUE 50 - TRI,09-Apr-2009,1396.04
NIFTY500 VALUE 50 - TRI,13-Apr-2009,1449.17
NIFTY500 VALUE 50 - TRI,15-Apr-2009,1516.76
NIFTY500 VALUE 50 - TRI,16-Apr-2009,1439.89
NIFTY500 VALUE 50 - TRI,17-Apr-2009,1450.28
NIFTY500 VALUE 50 - TRI,20-Apr-2009,1462.00
NIFTY500 VALUE 50 - TRI,21-Apr-2009,1452.13
NIFTY500 VALUE 50 - TRI,22-Apr-2009,1416.21
NIFTY500 VALUE 50 - TRI,23-Apr-2009,1450.02
NIFTY500 VALUE 50 - TRI,24-Apr-2009,1477.44
NIFTY500 VALUE 50 - TRI,27-Apr-2009,1456.41
NIFTY500 VALUE 50 - TRI,28-Apr-2009,1396.62
NIFTY500 VALUE 50 - TRI,29-Apr-2009,1417.23
NIFTY500 VALUE 50 - TRI,04-May-2009,1488.01
NIFTY500 VALUE 50 - TRI,05-May-2009,1519.40
NIFTY500 VALUE 50 - TRI,06-May-2009,1493.89
NIFTY500 VALUE 50 - TRI,07-May-2009,1550.05
NIFTY500 VALUE 50 - TRI,08-May-2009,1543.30
NIFTY500 VALUE 50 - TRI,11-May-2009,1515.65
NIFTY500 VALUE 50 - TRI,12-May-2009,1544.43
NIFTY500 VALUE 50 - TRI,13-May-2009,1544.21
NIFTY500 VALUE 50 - TRI,14-May-2009,1558.00
NIFTY500 VALUE 50 - TRI,15-May-2009,1577.10
NIFTY500 VALUE 50 - TRI,18-May-2009,1810.15
NIFTY500 VALUE 50 - TRI,19-May-2009,1841.20
NIFTY500 VALUE 50 - TRI,20-May-2009,1981.95
NIFTY500 VALUE 50 - TRI,21-May-2009,2000.47
NIFTY500 VALUE 50 - TRI,22-May-2009,2031.17
NIFTY500 VALUE 50 - TRI,25-May-2009,2098.61
NIFTY500 VALUE 50 - TRI,26-May-2009,2034.25
NIFTY500 VALUE 50 - TRI,27-May-2009,2114.51
NIFTY500 VALUE 50 - TRI,28-May-2009,2142.69
NIFTY500 VALUE 50 - TRI,29-May-2009,2220.85
NIFTY500 VALUE 50 - TRI,01-Jun-2009,2291.29
NIFTY500 VALUE 50 - TRI,02-Jun-2009,2305.34
NIFTY500 VALUE 50 - TRI,03-Jun-2009,2348.01
NIFTY500 VALUE 50 - TRI,04-Jun-2009,2366.37
NIFTY500 VALUE 50 - TRI,05-Jun-2009,2360.67
NIFTY500 VALUE 50 - TRI,08-Jun-2009,2192.22
NIFTY500 VALUE 50 - TRI,09-Jun-2009,2244.54
NIFTY500 VALUE 50 - TRI,10-Jun-2009,2260.21
NIFTY500 VALUE 50 - TRI,11-Jun-2009,2273.48
NIFTY500 VALUE 50 - TRI,12-Jun-2009,2238.39
NIFTY500 VALUE 50 - TRI,15-Jun-2009,2194.64
NIFTY500 VALUE 50 - TRI,16-Jun-2009,2252.57
NIFTY500 VALUE 50 - TRI,17-Jun-2009,2141.52
NIFTY500 VALUE 50 - TRI,18-Jun-2009,2051.98
NIFTY500 VALUE 50 - TRI,19-Jun-2009,2100.00
NIFTY500 VALUE 50 - TRI,22-Jun-2009,2079.78
NIFTY500 VALUE 50 - TRI,23-Jun-2009,2074.29
NIFTY500 VALUE 50 - TRI,24-Jun-2009,2119.01
NIFTY500 VALUE 50 - TRI,25-Jun-2009,2094.57
NIFTY500 VALUE 50 - TRI,26-Jun-2009,2140.63
NIFTY500 VALUE 50 - TRI,29-Jun-2009,2171.26
NIFTY500 VALUE 50 - TRI,30-Jun-2009,2106.23
NIFTY500 VALUE 50 - TRI,01-Jul-2009,2125.54
NIFTY500 VALUE 50 - TRI,02-Jul-2009,2152.98
NIFTY500 VALUE 50 - TRI,03-Jul-2009,2171.03
NIFTY500 VALUE 50 - TRI,06-Jul-2009,2047.58
NIFTY500 VALUE 50 - TRI,07-Jul-2009,2046.92
NIFTY500 VALUE 50 - TRI,08-Jul-2009,1967.40
NIFTY500 VALUE 50 - TRI,09-Jul-2009,1969.61
NIFTY500 VALUE 50 - TRI,10-Jul-2009,1931.99
NIFTY500 VALUE 50 - TRI,13-Jul-2009,1865.30
NIFTY500 VALUE 50 - TRI,14-Jul-2009,1947.14
NIFTY500 VALUE 50 - TRI,15-Jul-2009,2056.87
NIFTY500 VALUE 50 - TRI,16-Jul-2009,2060.01
NIFTY500 VALUE 50 - TRI,17-Jul-2009,2110.07
NIFTY500 VALUE 50 - TRI,20-Jul-2009,2162.72
NIFTY500 VALUE 50 - TRI,21-Jul-2009,2172.09
NIFTY500 VALUE 50 - TRI,22-Jul-2009,2148.94
NIFTY500 VALUE 50 - TRI,23-Jul-2009,2206.20
NIFTY500 VALUE 50 - TRI,24-Jul-2009,2263.22
NIFTY500 VALUE 50 - TRI,27-Jul-2009,2297.62
NIFTY500 VALUE 50 - TRI,28-Jul-2009,2323.47
NIFTY500 VALUE 50 - TRI,29-Jul-2009,2294.33
NIFTY500 VALUE 50 - TRI,30-Jul-2009,2316.48
NIFTY500 VALUE 50 - TRI,31-Jul-2009,2341.70
NIFTY500 VALUE 50 - TRI,03-Aug-2009,2397.99
NIFTY500 VALUE 50 - TRI,04-Aug-2009,2409.11
NIFTY500 VALUE 50 - TRI,05-Aug-2009,2408.99
NIFTY500 VALUE 50 - TRI,06-Aug-2009,2353.30
NIFTY500 VALUE 50 - TRI,07-Aug-2009,2305.16
NIFTY500 VALUE 50 - TRI,10-Aug-2009,2263.75
NIFTY500 VALUE 50 - TRI,11-Aug-2009,2287.44
NIFTY500 VALUE 50 - TRI,12-Aug-2009,2282.39
NIFTY500 VALUE 50 - TRI,13-Aug-2009,2389.27
NIFTY500 VALUE 50 - TRI,14-Aug-2009,2404.36
NIFTY500 VALUE 50 - TRI,17-Aug-2009,2290.14
NIFTY500 VALUE 50 - TRI,18-Aug-2009,2351.23
NIFTY500 VALUE 50 - TRI,19-Aug-2009,2310.48
NIFTY500 VALUE 50 - TRI,20-Aug-2009,2336.94
NIFTY500 VALUE 50 - TRI,21-Aug-2009,2369.69
NIFTY500 VALUE 50 - TRI,24-Aug-2009,2442.00
NIFTY500 VALUE 50 - TRI,25-Aug-2009,2450.26
NIFTY500 VALUE 50 - TRI,26-Aug-2009,2470.24
NIFTY500 VALUE 50 - TRI,27-Aug-2009,2479.53
NIFTY500 VALUE 50 - TRI,28-Aug-2009,2492.18
NIFTY500 VALUE 50 - TRI,31-Aug-2009,2492.09
NIFTY500 VALUE 50 - TRI,01-Sep-2009,2453.93
NIFTY500 VALUE 50 - TRI,02-Sep-2009,2449.47
NIFTY500 VALUE 50 - TRI,03-Sep-2009,2470.87
NIFTY500 VALUE 50 - TRI,04-Sep-2009,2502.86
NIFTY500 VALUE 50 - TRI,07-Sep-2009,2562.40
NIFTY500 VALUE 50 - TRI,08-Sep-2009,2579.14
NIFTY500 VALUE 50 - TRI,09-Sep-2009,2586.01
NIFTY500 VALUE 50 - TRI,10-Sep-2009,2584.26
NIFTY500 VALUE 50 - TRI,11-Sep-2009,2622.60
NIFTY500 VALUE 50 - TRI,14-Sep-2009,2641.26
NIFTY500 VALUE 50 - TRI,15-Sep-2009,2709.19
NIFTY500 VALUE 50 - TRI,16-Sep-2009,2761.18
NIFTY500 VALUE 50 - TRI,17-Sep-2009,2761.29
NIFTY500 VALUE 50 - TRI,18-Sep-2009,2765.99
NIFTY500 VALUE 50 - TRI,22-Sep-2009,2791.32
NIFTY500 VALUE 50 - TRI,23-Sep-2009,2779.06
NIFTY500 VALUE 50 - TRI,24-Sep-2009,2793.19
NIFTY500 VALUE 50 - TRI,25-Sep-2009,2795.05
NIFTY500 VALUE 50 - TRI,29-Sep-2009,2817.38
NIFTY500 VALUE 50 - TRI,30-Sep-2009,2876.91
NIFTY500 VALUE 50 - TRI,01-Oct-2009,2845.89
NIFTY500 VALUE 50 - TRI,05-Oct-2009,2778.69
NIFTY500 VALUE 50 - TRI,06-Oct-2009,2778.62
NIFTY500 VALUE 50 - TRI,07-Oct-2009,2806.17
NIFTY500 VALUE 50 - TRI,08-Oct-2009,2842.76
NIFTY500 VALUE 50 - TRI,09-Oct-2009,2808.58
NIFTY500 VALUE 50 - TRI,12-Oct-2009,2842.51
NIFTY500 VALUE 50 - TRI,14-Oct-2009,2889.76
NIFTY500 VALUE 50 - TRI,15-Oct-2009,2911.74
NIFTY500 VALUE 50 - TRI,16-Oct-2009,2938.29
NIFTY500 VALUE 50 - TRI,17-Oct-2009,2945.01
NIFTY500 VALUE 50 - TRI,20-Oct-2009,2984.18
NIFTY500 VALUE 50 - TRI,21-Oct-2009,2944.45
NIFTY500 VALUE 50 - TRI,22-Oct-2009,2891.08
NIFTY500 VALUE 50 - TRI,23-Oct-2009,2910.49
NIFTY500 VALUE 50 - TRI,26-Oct-2009,2860.82
NIFTY500 VALUE 50 - TRI,27-Oct-2009,2735.98
NIFTY500 VALUE 50 - TRI,28-Oct-2009,2710.87
NIFTY500 VALUE 50 - TRI,29-Oct-2009,2653.60
NIFTY500 VALUE 50 - TRI,30-Oct-2009,2643.22
NIFTY500 VALUE 50 - TRI,03-Nov-2009,2525.12
NIFTY500 VALUE 50 - TRI,04-Nov-2009,2590.90
NIFTY500 VALUE 50 - TRI,05-Nov-2009,2649.32
NIFTY500 VALUE 50 - TRI,06-Nov-2009,2703.28
NIFTY500 VALUE 50 - TRI,09-Nov-2009,2765.38
NIFTY500 VALUE 50 - TRI,10-Nov-2009,2751.48
NIFTY500 VALUE 50 - TRI,11-Nov-2009,2818.71
NIFTY500 VALUE 50 - TRI,12-Nov-2009,2777.40
NIFTY500 VALUE 50 - TRI,13-Nov-2009,2787.12
NIFTY500 VALUE 50 - TRI,16-Nov-2009,2816.42
NIFTY500 VALUE 50 - TRI,17-Nov-2009,2822.14
NIFTY500 VALUE 50 - TRI,18-Nov-2009,2842.69
NIFTY500 VALUE 50 - TRI,19-Nov-2009,2789.65
NIFTY500 VALUE 50 - TRI,20-Nov-2009,2852.96
NIFTY500 VALUE 50 - TRI,23-Nov-2009,2859.02
NIFTY500 VALUE 50 - TRI,24-Nov-2009,2878.08
NIFTY500 VALUE 50 - TRI,25-Nov-2009,2897.58
NIFTY500 VALUE 50 - TRI,26-Nov-2009,2854.02
NIFTY500 VALUE 50 - TRI,27-Nov-2009,2816.04
NIFTY500 VALUE 50 - TRI,30-Nov-2009,2864.17
NIFTY500 VALUE 50 - TRI,01-Dec-2009,2928.61
NIFTY500 VALUE 50 - TRI,02-Dec-2009,2945.22
NIFTY500 VALUE 50 - TRI,03-Dec-2009,2957.01
NIFTY500 VALUE 50 - TRI,04-Dec-2009,2963.29
NIFTY500 VALUE 50 - TRI,07-Dec-2009,2934.22
NIFTY500 VALUE 50 - TRI,08-Dec-2009,2987.01
NIFTY500 VALUE 50 - TRI,09-Dec-2009,2962.19
NIFTY500 VALUE 50 - TRI,10-Dec-2009,2998.19
NIFTY500 VALUE 50 - TRI,11-Dec-2009,2959.35
NIFTY500 VALUE 50 - TRI,14-Dec-2009,2926.92
NIFTY500 VALUE 50 - TRI,15-Dec-2009,2886.30
NIFTY500 VALUE 50 - TRI,16-Dec-2009,2900.08
NIFTY500 VALUE 50 - TRI,17-Dec-2009,2921.26
NIFTY500 VALUE 50 - TRI,18-Dec-2009,2901.37
NIFTY500 VALUE 50 - TRI,21-Dec-2009,2885.07
NIFTY500 VALUE 50 - TRI,22-Dec-2009,2924.59
NIFTY500 VALUE 50 - TRI,23-Dec-2009,2983.67
NIFTY500 VALUE 50 - TRI,24-Dec-2009,3003.28
NIFTY500 VALUE 50 - TRI,29-Dec-2009,3015.30
NIFTY500 VALUE 50 - TRI,30-Dec-2009,3028.28
NIFTY500 VALUE 50 - TRI,31-Dec-2009,3040.68
NIFTY500 VALUE 50 - TRI,04-Jan-2010,3106.64
NIFTY500 VALUE 50 - TRI,05-Jan-2010,3173.77
NIFTY500 VALUE 50 - TRI,06-Jan-2010,3188.72
NIFTY500 VALUE 50 - TRI,07-Jan-2010,3189.17
NIFTY500 VALUE 50 - TRI,08-Jan-2010,3173.26
NIFTY500 VALUE 50 - TRI,11-Jan-2010,3213.16
NIFTY500 VALUE 50 - TRI,12-Jan-2010,3150.57
NIFTY500 VALUE 50 - TRI,13-Jan-2010,3169.20
NIFTY500 VALUE 50 - TRI,14-Jan-2010,3188.02
NIFTY500 VALUE 50 - TRI,15-Jan-2010,3198.02
NIFTY500 VALUE 50 - TRI,18-Jan-2010,3228.18
NIFTY500 VALUE 50 - TRI,19-Jan-2010,3215.21
NIFTY500 VALUE 50 - TRI,20-Jan-2010,3201.58
NIFTY500 VALUE 50 - TRI,21-Jan-2010,3124.11
NIFTY500 VALUE 50 - TRI,22-Jan-2010,3095.10
NIFTY500 VALUE 50 - TRI,25-Jan-2010,3061.40
NIFTY500 VALUE 50 - TRI,27-Jan-2010,2928.29
NIFTY500 VALUE 50 - TRI,28-Jan-2010,2928.71
NIFTY500 VALUE 50 - TRI,29-Jan-2010,2961.42
NIFTY500 VALUE 50 - TRI,01-Feb-2010,3013.59
NIFTY500 VALUE 50 - TRI,02-Feb-2010,2979.08
NIFTY500 VALUE 50 - TRI,03-Feb-2010,3025.52
NIFTY500 VALUE 50 - TRI,04-Feb-2010,2955.81
NIFTY500 VALUE 50 - TRI,05-Feb-2010,2874.47
NIFTY500 VALUE 50 - TRI,06-Feb-2010,2909.66
NIFTY500 VALUE 50 - TRI,08-Feb-2010,2907.56
NIFTY500 VALUE 50 - TRI,09-Feb-2010,2921.25
NIFTY500 VALUE 50 - TRI,10-Feb-2010,2914.89
NIFTY500 VALUE 50 - TRI,11-Feb-2010,2938.33
NIFTY500 VALUE 50 - TRI,15-Feb-2010,2914.99
NIFTY500 VALUE 50 - TRI,16-Feb-2010,2946.50
NIFTY500 VALUE 50 - TRI,17-Feb-2010,2995.10
NIFTY500 VALUE 50 - TRI,18-Feb-2010,3000.00
NIFTY500 VALUE 50 - TRI,19-Feb-2010,2961.66
NIFTY500 VALUE 50 - TRI,22-Feb-2010,2961.58
NIFTY500 VALUE 50 - TRI,23-Feb-2010,2930.23
NIFTY500 VALUE 50 - TRI,24-Feb-2010,2914.48
NIFTY500 VALUE 50 - TRI,25-Feb-2010,2890.72
NIFTY500 VALUE 50 - TRI,26-Feb-2010,2935.94
NIFTY500 VALUE 50 - TRI,02-Mar-2010,2978.38
NIFTY500 VALUE 50 - TRI,03-Mar-2010,3025.19
NIFTY500 VALUE 50 - TRI,04-Mar-2010,3055.64
NIFTY500 VALUE 50 - TRI,05-Mar-2010,3083.49
NIFTY500 VALUE 50 - TRI,08-Mar-2010,3103.26
NIFTY500 VALUE 50 - TRI,09-Mar-2010,3065.61
NIFTY500 VALUE 50 - TRI,10-Mar-2010,3059.28
NIFTY500 VALUE 50 - TRI,11-Mar-2010,3032.14
NIFTY500 VALUE 50 - TRI,12-Mar-2010,3039.95
NIFTY500 VALUE 50 - TRI,15-Mar-2010,3023.43
NIFTY500 VALUE 50 - TRI,16-Mar-2010,3062.02
NIFTY500 VALUE 50 - TRI,17-Mar-2010,3063.56
NIFTY500 VALUE 50 - TRI,18-Mar-2010,3065.72
NIFTY500 VALUE 50 - TRI,19-Mar-2010,3064.96
NIFTY500 VALUE 50 - TRI,22-Mar-2010,3025.56
NIFTY500 VALUE 50 - TRI,23-Mar-2010,3027.85
NIFTY500 VALUE 50 - TRI,25-Mar-2010,3020.05
NIFTY500 VALUE 50 - TRI,26-Mar-2010,3052.43
NIFTY500 VALUE 50 - TRI,29-Mar-2010,3098.93
NIFTY500 VALUE 50 - TRI,30-Mar-2010,3118.23
NIFTY500 VALUE 50 - TRI,31-Mar-2010,3119.05
NIFTY500 VALUE 50 - TRI,01-Apr-2010,3137.35
NIFTY500 VALUE 50 - TRI,05-Apr-2010,3180.58
NIFTY500 VALUE 50 - TRI,06-Apr-2010,3212.48
NIFTY500 VALUE 50 - TRI,07-Apr-2010,3231.80
NIFTY500 VALUE 50 - TRI,08-Apr-2010,3209.98
NIFTY500 VALUE 50 - TRI,09-Apr-2010,3236.44
NIFTY500 VALUE 50 - TRI,12-Apr-2010,3228.23
NIFTY500 VALUE 50 - TRI,13-Apr-2010,3214.85
NIFTY500 VALUE 50 - TRI,15-Apr-2010,3203.88
NIFTY500 VALUE 50 - TRI,16-Apr-2010,3203.35
NIFTY500 VALUE 50 - TRI,19-Apr-2010,3163.85
NIFTY500 VALUE 50 - TRI,20-Apr-2010,3212.13
NIFTY500 VALUE 50 - TRI,21-Apr-2010,3231.85
NIFTY500 VALUE 50 - TRI,22-Apr-2010,3239.54
NIFTY500 VALUE 50 - TRI,23-Apr-2010,3258.59
NIFTY500 VALUE 50 - TRI,26-Apr-2010,3298.15
NIFTY500 VALUE 50 - TRI,27-Apr-2010,3288.46
NIFTY500 VALUE 50 - TRI,28-Apr-2010,3237.59
NIFTY500 VALUE 50 - TRI,29-Apr-2010,3264.42
NIFTY500 VALUE 50 - TRI,30-Apr-2010,3308.57
NIFTY500 VALUE 50 - TRI,03-May-2010,3289.22
NIFTY500 VALUE 50 - TRI,04-May-2010,3224.45
NIFTY500 VALUE 50 - TRI,05-May-2010,3243.22
NIFTY500 VALUE 50 - TRI,06-May-2010,3239.05
NIFTY500 VALUE 50 - TRI,07-May-2010,3161.67
NIFTY500 VALUE 50 - TRI,10-May-2010,3229.53
NIFTY500 VALUE 50 - TRI,11-May-2010,3201.41
NIFTY500 VALUE 50 - TRI,12-May-2010,3209.81
NIFTY500 VALUE 50 - TRI,13-May-2010,3223.20
NIFTY500 VALUE 50 - TRI,14-May-2010,3200.75
NIFTY500 VALUE 50 - TRI,17-May-2010,3195.33
NIFTY500 VALUE 50 - TRI,18-May-2010,3200.87
NIFTY500 VALUE 50 - TRI,19-May-2010,3120.96
NIFTY500 VALUE 50 - TRI,20-May-2010,3122.74
NIFTY500 VALUE 50 - TRI,21-May-2010,3090.55
NIFTY500 VALUE 50 - TRI,24-May-2010,3095.22
NIFTY500 VALUE 50 - TRI,25-May-2010,3010.20
NIFTY500 VALUE 50 - TRI,26-May-2010,3035.12
NIFTY500 VALUE 50 - TRI,27-May-2010,3071.62
NIFTY500 VALUE 50 - TRI,28-May-2010,3111.39
NIFTY500 VALUE 50 - TRI,31-May-2010,3151.77
NIFTY500 VALUE 50 - TRI,01-Jun-2010,3104.95
NIFTY500 VALUE 50 - TRI,02-Jun-2010,3133.40
NIFTY500 VALUE 50 - TRI,03-Jun-2010,3173.28
NIFTY500 VALUE 50 - TRI,04-Jun-2010,3179.27
NIFTY500 VALUE 50 - TRI,07-Jun-2010,3127.98
NIFTY500 VALUE 50 - TRI,08-Jun-2010,3089.52
NIFTY500 VALUE 50 - TRI,09-Jun-2010,3100.91
NIFTY500 VALUE 50 - TRI,10-Jun-2010,3129.56
NIFTY500 VALUE 50 - TRI,11-Jun-2010,3134.44
NIFTY500 VALUE 50 - TRI,14-Jun-2010,3174.48
NIFTY500 VALUE 50 - TRI,15-Jun-2010,3170.46
NIFTY500 VALUE 50 - TRI,16-Jun-2010,3169.76
NIFTY500 VALUE 50 - TRI,17-Jun-2010,3177.78
NIFTY500 VALUE 50 - TRI,18-Jun-2010,3161.74
NIFTY500 VALUE 50 - TRI,21-Jun-2010,3205.58
NIFTY500 VALUE 50 - TRI,22-Jun-2010,3225.30
NIFTY500 VALUE 50 - TRI,23-Jun-2010,3251.40
NIFTY500 VALUE 50 - TRI,24-Jun-2010,3226.11
NIFTY500 VALUE 50 - TRI,25-Jun-2010,3263.26
NIFTY500 VALUE 50 - TRI,28-Jun-2010,3327.78
NIFTY500 VALUE 50 - TRI,29-Jun-2010,3298.48
NIFTY500 VALUE 50 - TRI,30-Jun-2010,3338.38
NIFTY500 VALUE 50 - TRI,01-Jul-2010,3325.39
NIFTY500 VALUE 50 - TRI,02-Jul-2010,3332.88
NIFTY500 VALUE 50 - TRI,05-Jul-2010,3333.12
NIFTY500 VALUE 50 - TRI,06-Jul-2010,3365.38
NIFTY500 VALUE 50 - TRI,07-Jul-2010,3369.61
NIFTY500 VALUE 50 - TRI,08-Jul-2010,3410.72
NIFTY500 VALUE 50 - TRI,09-Jul-2010,3448.05
NIFTY500 VALUE 50 - TRI,12-Jul-2010,3455.61
NIFTY500 VALUE 50 - TRI,13-Jul-2010,3477.06
NIFTY500 VALUE 50 - TRI,14-Jul-2010,3457.55
NIFTY500 VALUE 50 - TRI,15-Jul-2010,3427.75
NIFTY500 VALUE 50 - TRI,16-Jul-2010,3446.95
NIFTY500 VALUE 50 - TRI,19-Jul-2010,3468.29
NIFTY500 VALUE 50 - TRI,20-Jul-2010,3452.82
NIFTY500 VALUE 50 - TRI,21-Jul-2010,3466.70
NIFTY500 VALUE 50 - TRI,22-Jul-2010,3468.37
NIFTY500 VALUE 50 - TRI,23-Jul-2010,3474.69
NIFTY500 VALUE 50 - TRI,26-Jul-2010,3430.54
NIFTY500 VALUE 50 - TRI,27-Jul-2010,3443.47
NIFTY500 VALUE 50 - TRI,28-Jul-2010,3433.00
NIFTY500 VALUE 50 - TRI,29-Jul-2010,3432.20
NIFTY500 VALUE 50 - TRI,30-Jul-2010,3467.45
NIFTY500 VALUE 50 - TRI,02-Aug-2010,3529.41
NIFTY500 VALUE 50 - TRI,03-Aug-2010,3559.35
NIFTY500 VALUE 50 - TRI,04-Aug-2010,3562.77
NIFTY500 VALUE 50 - TRI,05-Aug-2010,3578.17
NIFTY500 VALUE 50 - TRI,06-Aug-2010,3568.86
NIFTY500 VALUE 50 - TRI,09-Aug-2010,3627.35
NIFTY500 VALUE 50 - TRI,10-Aug-2010,3607.60
NIFTY500 VALUE 50 - TRI,11-Aug-2010,3600.27
NIFTY500 VALUE 50 - TRI,12-Aug-2010,3636.99
NIFTY500 VALUE 50 - TRI,13-Aug-2010,3673.61
NIFTY500 VALUE 50 - TRI,16-Aug-2010,3685.45
NIFTY500 VALUE 50 - TRI,17-Aug-2010,3731.11
NIFTY500 VALUE 50 - TRI,18-Aug-2010,3775.37
NIFTY500 VALUE 50 - TRI,19-Aug-2010,3799.14
NIFTY500 VALUE 50 - TRI,20-Aug-2010,3793.78
NIFTY500 VALUE 50 - TRI,23-Aug-2010,3858.98
NIFTY500 VALUE 50 - TRI,24-Aug-2010,3815.32
NIFTY500 VALUE 50 - TRI,25-Aug-2010,3774.97
NIFTY500 VALUE 50 - TRI,26-Aug-2010,3783.01
NIFTY500 VALUE 50 - TRI,27-Aug-2010,3753.40
NIFTY500 VALUE 50 - TRI,30-Aug-2010,3746.06
NIFTY500 VALUE 50 - TRI,31-Aug-2010,3713.73
NIFTY500 VALUE 50 - TRI,01-Sep-2010,3779.91
NIFTY500 VALUE 50 - TRI,02-Sep-2010,3827.36
NIFTY500 VALUE 50 - TRI,03-Sep-2010,3843.18
NIFTY500 VALUE 50 - TRI,06-Sep-2010,3883.34
NIFTY500 VALUE 50 - TRI,07-Sep-2010,3878.67
NIFTY500 VALUE 50 - TRI,08-Sep-2010,3917.61
NIFTY500 VALUE 50 - TRI,09-Sep-2010,3962.64
NIFTY500 VALUE 50 - TRI,13-Sep-2010,3988.47
NIFTY500 VALUE 50 - TRI,14-Sep-2010,3961.97
NIFTY500 VALUE 50 - TRI,15-Sep-2010,3965.63
NIFTY500 VALUE 50 - TRI,16-Sep-2010,3936.32
NIFTY500 VALUE 50 - TRI,17-Sep-2010,3973.03
NIFTY500 VALUE 50 - TRI,20-Sep-2010,4012.66
NIFTY500 VALUE 50 - TRI,21-Sep-2010,3948.76
NIFTY500 VALUE 50 - TRI,22-Sep-2010,3934.88
NIFTY500 VALUE 50 - TRI,23-Sep-2010,3926.41
NIFTY500 VALUE 50 - TRI,24-Sep-2010,3957.96
NIFTY500 VALUE 50 - TRI,27-Sep-2010,3970.05
NIFTY500 VALUE 50 - TRI,28-Sep-2010,3981.81
NIFTY500 VALUE 50 - TRI,29-Sep-2010,3938.18
NIFTY500 VALUE 50 - TRI,30-Sep-2010,3927.50
NIFTY500 VALUE 50 - TRI,01-Oct-2010,4009.72
NIFTY500 VALUE 50 - TRI,04-Oct-2010,4055.51
NIFTY500 VALUE 50 - TRI,05-Oct-2010,4097.08
NIFTY500 VALUE 50 - TRI,06-Oct-2010,4157.44
NIFTY500 VALUE 50 - TRI,07-Oct-2010,4105.82
NIFTY500 VALUE 50 - TRI,08-Oct-2010,4087.01
NIFTY500 VALUE 50 - TRI,11-Oct-2010,4117.45
NIFTY500 VALUE 50 - TRI,12-Oct-2010,4116.10
NIFTY500 VALUE 50 - TRI,13-Oct-2010,4196.88
NIFTY500 VALUE 50 - TRI,14-Oct-2010,4169.43
NIFTY500 VALUE 50 - TRI,15-Oct-2010,4132.92
NIFTY500 VALUE 50 - TRI,18-Oct-2010,4112.16
NIFTY500 VALUE 50 - TRI,19-Oct-2010,4120.02
NIFTY500 VALUE 50 - TRI,20-Oct-2010,4138.20
NIFTY500 VALUE 50 - TRI,21-Oct-2010,4214.35
NIFTY500 VALUE 50 - TRI,22-Oct-2010,4263.60
NIFTY500 VALUE 50 - TRI,25-Oct-2010,4346.51
NIFTY500 VALUE 50 - TRI,26-Oct-2010,4333.07
NIFTY500 VALUE 50 - TRI,27-Oct-2010,4332.43
NIFTY500 VALUE 50 - TRI,28-Oct-2010,4300.03
NIFTY500 VALUE 50 - TRI,29-Oct-2010,4269.98
NIFTY500 VALUE 50 - TRI,01-Nov-2010,4361.15
NIFTY500 VALUE 50 - TRI,02-Nov-2010,4443.03
NIFTY500 VALUE 50 - TRI,03-Nov-2010,4460.74
NIFTY500 VALUE 50 - TRI,04-Nov-2010,4499.93
NIFTY500 VALUE 50 - TRI,05-Nov-2010,4538.13
NIFTY500 VALUE 50 - TRI,08-Nov-2010,4507.45
NIFTY500 VALUE 50 - TRI,09-Nov-2010,4534.56
NIFTY500 VALUE 50 - TRI,10-Nov-2010,4584.56
NIFTY500 VALUE 50 - TRI,11-Nov-2010,4533.13
NIFTY500 VALUE 50 - TRI,12-Nov-2010,4405.78
NIFTY500 VALUE 50 - TRI,15-Nov-2010,4426.88
NIFTY500 VALUE 50 - TRI,16-Nov-2010,4287.94
NIFTY500 VALUE 50 - TRI,18-Nov-2010,4304.73
NIFTY500 VALUE 50 - TRI,19-Nov-2010,4156.03
NIFTY500 VALUE 50 - TRI,22-Nov-2010,4218.21
NIFTY500 VALUE 50 - TRI,23-Nov-2010,4157.97
NIFTY500 VALUE 50 - TRI,24-Nov-2010,4108.80
NIFTY500 VALUE 50 - TRI,25-Nov-2010,4021.02
NIFTY500 VALUE 50 - TRI,26-Nov-2010,3884.78
NIFTY500 VALUE 50 - TRI,29-Nov-2010,3918.60
NIFTY500 VALUE 50 - TRI,30-Nov-2010,3976.37
NIFTY500 VALUE 50 - TRI,01-Dec-2010,4109.40
NIFTY500 VALUE 50 - TRI,02-Dec-2010,4157.59
NIFTY500 VALUE 50 - TRI,03-Dec-2010,4033.65
NIFTY500 VALUE 50 - TRI,06-Dec-2010,3985.59
NIFTY500 VALUE 50 - TRI,07-Dec-2010,3913.23
NIFTY500 VALUE 50 - TRI,08-Dec-2010,3800.87
NIFTY500 VALUE 50 - TRI,09-Dec-2010,3580.87
NIFTY500 VALUE 50 - TRI,10-Dec-2010,3699.82
NIFTY500 VALUE 50 - TRI,13-Dec-2010,3782.12
NIFTY500 VALUE 50 - TRI,14-Dec-2010,3859.13
NIFTY500 VALUE 50 - TRI,15-Dec-2010,3808.61
NIFTY500 VALUE 50 - TRI,16-Dec-2010,3863.51
NIFTY500 VALUE 50 - TRI,20-Dec-2010,3846.64
NIFTY500 VALUE 50 - TRI,21-Dec-2010,3877.89
NIFTY500 VALUE 50 - TRI,22-Dec-2010,3900.80
NIFTY500 VALUE 50 - TRI,23-Dec-2010,3892.15
NIFTY500 VALUE 50 - TRI,24-Dec-2010,3897.63
NIFTY500 VALUE 50 - TRI,27-Dec-2010,3884.47
NIFTY500 VALUE 50 - TRI,28-Dec-2010,3866.36
NIFTY500 VALUE 50 - TRI,29-Dec-2010,3893.79
NIFTY500 VALUE 50 - TRI,30-Dec-2010,3927.53
NIFTY500 VALUE 50 - TRI,31-Dec-2010,3981.13
NIFTY500 VALUE 50 - TRI,03-Jan-2011,4020.02
NIFTY500 VALUE 50 - TRI,04-Jan-2011,3992.65
NIFTY500 VALUE 50 - TRI,05-Jan-2011,3935.00
NIFTY500 VALUE 50 - TRI,06-Jan-2011,3886.58
NIFTY500 VALUE 50 - TRI,07-Jan-2011,3779.30
NIFTY500 VALUE 50 - TRI,10-Jan-2011,3684.69
NIFTY500 VALUE 50 - TRI,11-Jan-2011,3665.67
NIFTY500 VALUE 50 - TRI,12-Jan-2011,3737.63
NIFTY500 VALUE 50 - TRI,13-Jan-2011,3684.18
NIFTY500 VALUE 50 - TRI,14-Jan-2011,3629.31
NIFTY500 VALUE 50 - TRI,17-Jan-2011,3598.72
NIFTY500 VALUE 50 - TRI,18-Jan-2011,3620.18
NIFTY500 VALUE 50 - TRI,19-Jan-2011,3638.11
NIFTY500 VALUE 50 - TRI,20-Jan-2011,3652.58
NIFTY500 VALUE 50 - TRI,21-Jan-2011,3691.67
NIFTY500 VALUE 50 - TRI,24-Jan-2011,3728.73
NIFTY500 VALUE 50 - TRI,25-Jan-2011,3707.55
NIFTY500 VALUE 50 - TRI,27-Jan-2011,3643.66
NIFTY500 VALUE 50 - TRI,28-Jan-2011,3564.53
NIFTY500 VALUE 50 - TRI,31-Jan-2011,3559.78
NIFTY500 VALUE 50 - TRI,01-Feb-2011,3481.19
NIFTY500 VALUE 50 - TRI,02-Feb-2011,3482.12
NIFTY500 VALUE 50 - TRI,03-Feb-2011,3537.03
NIFTY500 VALUE 50 - TRI,04-Feb-2011,3479.78
NIFTY500 VALUE 50 - TRI,07-Feb-2011,3459.51
NIFTY500 VALUE 50 - TRI,08-Feb-2011,3383.44
NIFTY500 VALUE 50 - TRI,09-Feb-2011,3269.62
NIFTY500 VALUE 50 - TRI,10-Feb-2011,3272.73
NIFTY500 VALUE 50 - TRI,11-Feb-2011,3375.31
NIFTY500 VALUE 50 - TRI,14-Feb-2011,3509.12
NIFTY500 VALUE 50 - TRI,15-Feb-2011,3501.12
NIFTY500 VALUE 50 - TRI,16-Feb-2011,3508.46
NIFTY500 VALUE 50 - TRI,17-Feb-2011,3541.52
NIFTY500 VALUE 50 - TRI,18-Feb-2011,3450.76
NIFTY500 VALUE 50 - TRI,21-Feb-2011,3448.26
NIFTY500 VALUE 50 - TRI,22-Feb-2011,3400.98
NIFTY500 VALUE 50 - TRI,23-Feb-2011,3377.14
NIFTY500 VALUE 50 - TRI,24-Feb-2011,3252.56
NIFTY500 VALUE 50 - TRI,25-Feb-2011,3249.11
NIFTY500 VALUE 50 - TRI,28-Feb-2011,3276.65
NIFTY500 VALUE 50 - TRI,01-Mar-2011,3382.11
NIFTY500 VALUE 50 - TRI,03-Mar-2011,3375.98
NIFTY500 VALUE 50 - TRI,04-Mar-2011,3380.60
NIFTY500 VALUE 50 - TRI,07-Mar-2011,3322.72
NIFTY500 VALUE 50 - TRI,08-Mar-2011,3359.87
NIFTY500 VALUE 50 - TRI,09-Mar-2011,3380.70
NIFTY500 VALUE 50 - TRI,10-Mar-2011,3365.03
NIFTY500 VALUE 50 - TRI,11-Mar-2011,3335.15
NIFTY500 VALUE 50 - TRI,14-Mar-2011,3364.04
NIFTY500 VALUE 50 - TRI,15-Mar-2011,3309.38
NIFTY500 VALUE 50 - TRI,16-Mar-2011,3356.33
NIFTY500 VALUE 50 - TRI,17-Mar-2011,3342.47
NIFTY500 VALUE 50 - TRI,18-Mar-2011,3304.61
NIFTY500 VALUE 50 - TRI,21-Mar-2011,3293.83
NIFTY500 VALUE 50 - TRI,22-Mar-2011,3309.33
NIFTY500 VALUE 50 - TRI,23-Mar-2011,3324.64
NIFTY500 VALUE 50 - TRI,24-Mar-2011,3346.41
NIFTY500 VALUE 50 - TRI,25-Mar-2011,3397.24
NIFTY500 VALUE 50 - TRI,28-Mar-2011,3429.94
NIFTY500 VALUE 50 - TRI,29-Mar-2011,3466.83
NIFTY500 VALUE 50 - TRI,30-Mar-2011,3529.97
NIFTY500 VALUE 50 - TRI,31-Mar-2011,3511.15
NIFTY500 VALUE 50 - TRI,01-Apr-2011,3554.89
NIFTY500 VALUE 50 - TRI,04-Apr-2011,3618.03
NIFTY500 VALUE 50 - TRI,05-Apr-2011,3671.29
NIFTY500 VALUE 50 - TRI,06-Apr-2011,3680.35
NIFTY500 VALUE 50 - TRI,07-Apr-2011,3727.57
NIFTY500 VALUE 50 - TRI,08-Apr-2011,3651.99
NIFTY500 VALUE 50 - TRI,11-Apr-2011,3596.43
NIFTY500 VALUE 50 - TRI,13-Apr-2011,3675.92
NIFTY500 VALUE 50 - TRI,15-Apr-2011,3680.43
NIFTY500 VALUE 50 - TRI,18-Apr-2011,3626.65
NIFTY500 VALUE 50 - TRI,19-Apr-2011,3642.19
NIFTY500 VALUE 50 - TRI,20-Apr-2011,3682.34
NIFTY500 VALUE 50 - TRI,21-Apr-2011,3697.44
NIFTY500 VALUE 50 - TRI,25-Apr-2011,3699.67
NIFTY500 VALUE 50 - TRI,26-Apr-2011,3700.54
NIFTY500 VALUE 50 - TRI,27-Apr-2011,3686.39
NIFTY500 VALUE 50 - TRI,28-Apr-2011,3651.81
NIFTY500 VALUE 50 - TRI,29-Apr-2011,3597.89
NIFTY500 VALUE 50 - TRI,02-May-2011,3572.67
NIFTY500 VALUE 50 - TRI,03-May-2011,3499.74
NIFTY500 VALUE 50 - TRI,04-May-2011,3491.55
NIFTY500 VALUE 50 - TRI,05-May-2011,3468.42
NIFTY500 VALUE 50 - TRI,06-May-2011,3538.23
NIFTY500 VALUE 50 - TRI,09-May-2011,3498.75
NIFTY500 VALUE 50 - TRI,10-May-2011,3494.89
NIFTY500 VALUE 50 - TRI,11-May-2011,3527.96
NIFTY500 VALUE 50 - TRI,12-May-2011,3495.54
NIFTY500 VALUE 50 - TRI,13-May-2011,3518.83
NIFTY500 VALUE 50 - TRI,16-May-2011,3494.64
NIFTY500 VALUE 50 - TRI,17-May-2011,3443.67
NIFTY500 VALUE 50 - TRI,18-May-2011,3398.68
NIFTY500 VALUE 50 - TRI,19-May-2011,3366.11
NIFTY500 VALUE 50 - TRI,20-May-2011,3395.57
NIFTY500 VALUE 50 - TRI,23-May-2011,3351.57
NIFTY500 VALUE 50 - TRI,24-May-2011,3360.88
NIFTY500 VALUE 50 - TRI,25-May-2011,3326.92
NIFTY500 VALUE 50 - TRI,26-May-2011,3336.76
NIFTY500 VALUE 50 - TRI,27-May-2011,3416.25
NIFTY500 VALUE 50 - TRI,30-May-2011,3442.10
NIFTY500 VALUE 50 - TRI,31-May-2011,3505.96
NIFTY500 VALUE 50 - TRI,01-Jun-2011,3535.52
NIFTY500 VALUE 50 - TRI,02-Jun-2011,3509.59
NIFTY500 VALUE 50 - TRI,03-Jun-2011,3497.94
NIFTY500 VALUE 50 - TRI,06-Jun-2011,3489.81
NIFTY500 VALUE 50 - TRI,07-Jun-2011,3512.61
NIFTY500 VALUE 50 - TRI,08-Jun-2011,3515.98
NIFTY500 VALUE 50 - TRI,09-Jun-2011,3492.28
NIFTY500 VALUE 50 - TRI,10-Jun-2011,3467.24
NIFTY500 VALUE 50 - TRI,13-Jun-2011,3505.55
NIFTY500 VALUE 50 - TRI,14-Jun-2011,3516.90
NIFTY500 VALUE 50 - TRI,15-Jun-2011,3495.43
NIFTY500 VALUE 50 - TRI,16-Jun-2011,3483.10
NIFTY500 VALUE 50 - TRI,17-Jun-2011,3477.18
NIFTY500 VALUE 50 - TRI,20-Jun-2011,3363.72
NIFTY500 VALUE 50 - TRI,21-Jun-2011,3338.71
NIFTY500 VALUE 50 - TRI,22-Jun-2011,3315.23
NIFTY500 VALUE 50 - TRI,23-Jun-2011,3337.56
NIFTY500 VALUE 50 - TRI,24-Jun-2011,3436.64
NIFTY500 VALUE 50 - TRI,27-Jun-2011,3492.73
NIFTY500 VALUE 50 - TRI,28-Jun-2011,3491.84
NIFTY500 VALUE 50 - TRI,29-Jun-2011,3502.68
NIFTY500 VALUE 50 - TRI,30-Jun-2011,3531.71
NIFTY500 VALUE 50 - TRI,01-Jul-2011,3550.70
NIFTY500 VALUE 50 - TRI,04-Jul-2011,3581.34
NIFTY500 VALUE 50 - TRI,05-Jul-2011,3575.22
NIFTY500 VALUE 50 - TRI,06-Jul-2011,3556.25
NIFTY500 VALUE 50 - TRI,07-Jul-2011,3589.57
NIFTY500 VALUE 50 - TRI,08-Jul-2011,3569.42
NIFTY500 VALUE 50 - TRI,11-Jul-2011,3547.25
NIFTY500 VALUE 50 - TRI,12-Jul-2011,3506.30
NIFTY500 VALUE 50 - TRI,13-Jul-2011,3550.34
NIFTY500 VALUE 50 - TRI,14-Jul-2011,3556.63
NIFTY500 VALUE 50 - TRI,15-Jul-2011,3560.20
NIFTY500 VALUE 50 - TRI,18-Jul-2011,3566.68
NIFTY500 VALUE 50 - TRI,19-Jul-2011,3577.72
NIFTY500 VALUE 50 - TRI,20-Jul-2011,3547.90
NIFTY500 VALUE 50 - TRI,21-Jul-2011,3518.27
NIFTY500 VALUE 50 - TRI,22-Jul-2011,3567.12
NIFTY500 VALUE 50 - TRI,25-Jul-2011,3617.34
NIFTY500 VALUE 50 - TRI,26-Jul-2011,3564.96
NIFTY500 VALUE 50 - TRI,27-Jul-2011,3554.00
NIFTY500 VALUE 50 - TRI,28-Jul-2011,3509.60
NIFTY500 VALUE 50 - TRI,29-Jul-2011,3480.47
NIFTY500 VALUE 50 - TRI,01-Aug-2011,3470.64
NIFTY500 VALUE 50 - TRI,02-Aug-2011,3422.69
NIFTY500 VALUE 50 - TRI,03-Aug-2011,3408.03
NIFTY500 VALUE 50 - TRI,04-Aug-2011,3417.21
NIFTY500 VALUE 50 - TRI,05-Aug-2011,3337.82
NIFTY500 VALUE 50 - TRI,08-Aug-2011,3299.32
NIFTY500 VALUE 50 - TRI,09-Aug-2011,3261.53
NIFTY500 VALUE 50 - TRI,10-Aug-2011,3308.12
NIFTY500 VALUE 50 - TRI,11-Aug-2011,3298.79
NIFTY500 VALUE 50 - TRI,12-Aug-2011,3281.62
NIFTY500 VALUE 50 - TRI,16-Aug-2011,3200.00
NIFTY500 VALUE 50 - TRI,17-Aug-2011,3180.67
NIFTY500 VALUE 50 - TRI,18-Aug-2011,3104.88
NIFTY500 VALUE 50 - TRI,19-Aug-2011,3070.01
NIFTY500 VALUE 50 - TRI,22-Aug-2011,3135.35
NIFTY500 VALUE 50 - TRI,23-Aug-2011,3160.18
NIFTY500 VALUE 50 - TRI,24-Aug-2011,3144.64
NIFTY500 VALUE 50 - TRI,25-Aug-2011,3096.39
NIFTY500 VALUE 50 - TRI,26-Aug-2011,3028.57
NIFTY500 VALUE 50 - TRI,29-Aug-2011,3120.09
NIFTY500 VALUE 50 - TRI,30-Aug-2011,3171.06
NIFTY500 VALUE 50 - TRI,02-Sep-2011,3210.00
NIFTY500 VALUE 50 - TRI,05-Sep-2011,3233.35
NIFTY500 VALUE 50 - TRI,06-Sep-2011,3247.09
NIFTY500 VALUE 50 - TRI,07-Sep-2011,3292.43
NIFTY500 VALUE 50 - TRI,08-Sep-2011,3311.21
NIFTY500 VALUE 50 - TRI,09-Sep-2011,3256.69
NIFTY500 VALUE 50 - TRI,12-Sep-2011,3200.10
NIFTY500 VALUE 50 - TRI,13-Sep-2011,3202.90
NIFTY500 VALUE 50 - TRI,14-Sep-2011,3222.42
NIFTY500 VALUE 50 - TRI,15-Sep-2011,3254.70
NIFTY500 VALUE 50 - TRI,16-Sep-2011,3230.41
NIFTY500 VALUE 50 - TRI,19-Sep-2011,3223.33
NIFTY500 VALUE 50 - TRI,20-Sep-2011,3252.13
NIFTY500 VALUE 50 - TRI,21-Sep-2011,3273.58
NIFTY500 VALUE 50 - TRI,22-Sep-2011,3173.15
NIFTY500 VALUE 50 - TRI,23-Sep-2011,3138.08
NIFTY500 VALUE 50 - TRI,26-Sep-2011,3097.66
NIFTY500 VALUE 50 - TRI,27-Sep-2011,3148.56
NIFTY500 VALUE 50 - TRI,28-Sep-2011,3104.11
NIFTY500 VALUE 50 - TRI,29-Sep-2011,3117.73
NIFTY500 VALUE 50 - TRI,30-Sep-2011,3088.41
NIFTY500 VALUE 50 - TRI,03-Oct-2011,3052.03
NIFTY500 VALUE 50 - TRI,04-Oct-2011,3019.19
NIFTY500 VALUE 50 - TRI,05-Oct-2011,2998.93
NIFTY500 VALUE 50 - TRI,07-Oct-2011,3038.89
NIFTY500 VALUE 50 - TRI,10-Oct-2011,3078.49
NIFTY500 VALUE 50 - TRI,11-Oct-2011,3088.38
NIFTY500 VALUE 50 - TRI,12-Oct-2011,3135.98
NIFTY500 VALUE 50 - TRI,13-Oct-2011,3118.88
NIFTY500 VALUE 50 - TRI,14-Oct-2011,3133.65
NIFTY500 VALUE 50 - TRI,17-Oct-2011,3112.06
NIFTY500 VALUE 50 - TRI,18-Oct-2011,3083.54
NIFTY500 VALUE 50 - TRI,19-Oct-2011,3126.10
NIFTY500 VALUE 50 - TRI,20-Oct-2011,3090.83
NIFTY500 VALUE 50 - TRI,21-Oct-2011,3083.13
NIFTY500 VALUE 50 - TRI,24-Oct-2011,3056.89
NIFTY500 VALUE 50 - TRI,25-Oct-2011,3070.74
NIFTY500 VALUE 50 - TRI,26-Oct-2011,3104.72
NIFTY500 VALUE 50 - TRI,28-Oct-2011,3169.18
NIFTY500 VALUE 50 - TRI,31-Oct-2011,3184.34
NIFTY500 VALUE 50 - TRI,01-Nov-2011,3146.05
NIFTY500 VALUE 50 - TRI,02-Nov-2011,3162.54
NIFTY500 VALUE 50 - TRI,03-Nov-2011,3163.81
NIFTY500 VALUE 50 - TRI,04-Nov-2011,3184.63
NIFTY500 VALUE 50 - TRI,08-Nov-2011,3181.48
NIFTY500 VALUE 50 - TRI,09-Nov-2011,3108.48
NIFTY500 VALUE 50 - TRI,11-Nov-2011,3068.72
NIFTY500 VALUE 50 - TRI,14-Nov-2011,3003.64
NIFTY500 VALUE 50 - TRI,15-Nov-2011,2910.20
NIFTY500 VALUE 50 - TRI,16-Nov-2011,2884.38
NIFTY500 VALUE 50 - TRI,17-Nov-2011,2841.49
NIFTY500 VALUE 50 - TRI,18-Nov-2011,2834.04
NIFTY500 VALUE 50 - TRI,21-Nov-2011,2778.92
NIFTY500 VALUE 50 - TRI,22-Nov-2011,2805.88
NIFTY500 VALUE 50 - TRI,23-Nov-2011,2744.12
NIFTY500 VALUE 50 - TRI,24-Nov-2011,2772.21
NIFTY500 VALUE 50 - TRI,25-Nov-2011,2770.38
NIFTY500 VALUE 50 - TRI,28-Nov-2011,2840.99
NIFTY500 VALUE 50 - TRI,29-Nov-2011,2813.46
NIFTY500 VALUE 50 - TRI,30-Nov-2011,2809.35
NIFTY500 VALUE 50 - TRI,01-Dec-2011,2835.48
NIFTY500 VALUE 50 - TRI,02-Dec-2011,2894.68
NIFTY500 VALUE 50 - TRI,05-Dec-2011,2894.54
NIFTY500 VALUE 50 - TRI,07-Dec-2011,2905.80
NIFTY500 VALUE 50 - TRI,08-Dec-2011,2839.63
NIFTY500 VALUE 50 - TRI,09-Dec-2011,2831.86
NIFTY500 VALUE 50 - TRI,12-Dec-2011,2773.86
NIFTY500 VALUE 50 - TRI,13-Dec-2011,2781.20
NIFTY500 VALUE 50 - TRI,14-Dec-2011,2745.57
NIFTY500 VALUE 50 - TRI,15-Dec-2011,2723.70
NIFTY500 VALUE 50 - TRI,16-Dec-2011,2646.42
NIFTY500 VALUE 50 - TRI,19-Dec-2011,2588.18
NIFTY500 VALUE 50 - TRI,20-Dec-2011,2517.53
NIFTY500 VALUE 50 - TRI,21-Dec-2011,2565.24
NIFTY500 VALUE 50 - TRI,22-Dec-2011,2596.15
NIFTY500 VALUE 50 - TRI,23-Dec-2011,2568.09
NIFTY500 VALUE 50 - TRI,26-Dec-2011,2582.04
NIFTY500 VALUE 50 - TRI,27-Dec-2011,2561.86
NIFTY500 VALUE 50 - TRI,28-Dec-2011,2521.09
NIFTY500 VALUE 50 - TRI,29-Dec-2011,2482.33
NIFTY500 VALUE 50 - TRI,30-Dec-2011,2479.27
NIFTY500 VALUE 50 - TRI,02-Jan-2012,2498.96
NIFTY500 VALUE 50 - TRI,03-Jan-2012,2583.21
NIFTY500 VALUE 50 - TRI,04-Jan-2012,2582.79
NIFTY500 VALUE 50 - TRI,05-Jan-2012,2584.32
NIFTY500 VALUE 50 - TRI,06-Jan-2012,2607.82
NIFTY500 VALUE 50 - TRI,07-Jan-2012,2625.51
NIFTY500 VALUE 50 - TRI,09-Jan-2012,2653.56
NIFTY500 VALUE 50 - TRI,10-Jan-2012,2734.43
NIFTY500 VALUE 50 - TRI,11-Jan-2012,2772.06
NIFTY500 VALUE 50 - TRI,12-Jan-2012,2797.13
NIFTY500 VALUE 50 - TRI,13-Jan-2012,2841.14
NIFTY500 VALUE 50 - TRI,16-Jan-2012,2829.65
NIFTY500 VALUE 50 - TRI,17-Jan-2012,2872.06
NIFTY500 VALUE 50 - TRI,18-Jan-2012,2840.56
NIFTY500 VALUE 50 - TRI,19-Jan-2012,2880.08
NIFTY500 VALUE 50 - TRI,20-Jan-2012,2920.06
NIFTY500 VALUE 50 - TRI,23-Jan-2012,2929.17
NIFTY500 VALUE 50 - TRI,24-Jan-2012,3001.77
NIFTY500 VALUE 50 - TRI,25-Jan-2012,3067.95
NIFTY500 VALUE 50 - TRI,27-Jan-2012,3075.92
NIFTY500 VALUE 50 - TRI,30-Jan-2012,2996.29
NIFTY500 VALUE 50 - TRI,31-Jan-2012,3077.93
NIFTY500 VALUE 50 - TRI,01-Feb-2012,3110.56
NIFTY500 VALUE 50 - TRI,02-Feb-2012,3133.61
NIFTY500 VALUE 50 - TRI,03-Feb-2012,3178.68
NIFTY500 VALUE 50 - TRI,06-Feb-2012,3207.76
NIFTY500 VALUE 50 - TRI,07-Feb-2012,3193.63
NIFTY500 VALUE 50 - TRI,08-Feb-2012,3229.02
NIFTY500 VALUE 50 - TRI,09-Feb-2012,3283.96
NIFTY500 VALUE 50 - TRI,10-Feb-2012,3285.21
NIFTY500 VALUE 50 - TRI,13-Feb-2012,3296.52
NIFTY500 VALUE 50 - TRI,14-Feb-2012,3360.61
NIFTY500 VALUE 50 - TRI,15-Feb-2012,3429.83
NIFTY500 VALUE 50 - TRI,16-Feb-2012,3449.18
NIFTY500 VALUE 50 - TRI,17-Feb-2012,3467.71
NIFTY500 VALUE 50 - TRI,21-Feb-2012,3503.62
NIFTY500 VALUE 50 - TRI,22-Feb-2012,3362.46
NIFTY500 VALUE 50 - TRI,23-Feb-2012,3346.61
NIFTY500 VALUE 50 - TRI,24-Feb-2012,3299.82
NIFTY500 VALUE 50 - TRI,27-Feb-2012,3174.28
NIFTY500 VALUE 50 - TRI,28-Feb-2012,3294.34
NIFTY500 VALUE 50 - TRI,29-Feb-2012,3353.27
NIFTY500 VALUE 50 - TRI,01-Mar-2012,3324.39
NIFTY500 VALUE 50 - TRI,02-Mar-2012,3337.33
NIFTY500 VALUE 50 - TRI,03-Mar-2012,3347.40
NIFTY500 VALUE 50 - TRI,05-Mar-2012,3307.97
NIFTY500 VALUE 50 - TRI,06-Mar-2012,3250.42
NIFTY500 VALUE 50 - TRI,07-Mar-2012,3250.36
NIFTY500 VALUE 50 - TRI,09-Mar-2012,3349.86
NIFTY500 VALUE 50 - TRI,12-Mar-2012,3387.48
NIFTY500 VALUE 50 - TRI,13-Mar-2012,3421.50
NIFTY500 VALUE 50 - TRI,14-Mar-2012,3438.56
NIFTY500 VALUE 50 - TRI,15-Mar-2012,3333.97
NIFTY500 VALUE 50 - TRI,16-Mar-2012,3285.57
NIFTY500 VALUE 50 - TRI,19-Mar-2012,3231.34
NIFTY500 VALUE 50 - TRI,20-Mar-2012,3262.55
NIFTY500 VALUE 50 - TRI,21-Mar-2012,3333.41
NIFTY500 VALUE 50 - TRI,22-Mar-2012,3238.78
NIFTY500 VALUE 50 - TRI,23-Mar-2012,3264.53
NIFTY500 VALUE 50 - TRI,26-Mar-2012,3193.85
NIFTY500 VALUE 50 - TRI,27-Mar-2012,3201.91
NIFTY500 VALUE 50 - TRI,28-Mar-2012,3156.60
NIFTY500 VALUE 50 - TRI,29-Mar-2012,3153.71
NIFTY500 VALUE 50 - TRI,30-Mar-2012,3256.21
NIFTY500 VALUE 50 - TRI,02-Apr-2012,3276.44
NIFTY500 VALUE 50 - TRI,03-Apr-2012,3308.15
NIFTY500 VALUE 50 - TRI,04-Apr-2012,3301.80
NIFTY500 VALUE 50 - TRI,09-Apr-2012,3238.65
NIFTY500 VALUE 50 - TRI,10-Apr-2012,3249.70
NIFTY500 VALUE 50 - TRI,11-Apr-2012,3230.30
NIFTY500 VALUE 50 - TRI,12-Apr-2012,3288.26
NIFTY500 VALUE 50 - TRI,13-Apr-2012,3241.33
NIFTY500 VALUE 50 - TRI,16-Apr-2012,3252.18
NIFTY500 VALUE 50 - TRI,17-Apr-2012,3283.27
NIFTY500 VALUE 50 - TRI,18-Apr-2012,3285.79
NIFTY500 VALUE 50 - TRI,19-Apr-2012,3277.99
NIFTY500 VALUE 50 - TRI,20-Apr-2012,3249.73
NIFTY500 VALUE 50 - TRI,23-Apr-2012,3171.04
NIFTY500 VALUE 50 - TRI,24-Apr-2012,3173.88
NIFTY500 VALUE 50 - TRI,25-Apr-2012,3140.98
NIFTY500 VALUE 50 - TRI,26-Apr-2012,3098.00
NIFTY500 VALUE 50 - TRI,27-Apr-2012,3086.74
NIFTY500 VALUE 50 - TRI,28-Apr-2012,3112.87
NIFTY500 VALUE 50 - TRI,30-Apr-2012,3138.63
NIFTY500 VALUE 50 - TRI,02-May-2012,3127.95
NIFTY500 VALUE 50 - TRI,03-May-2012,3085.04
NIFTY500 VALUE 50 - TRI,04-May-2012,3024.81
NIFTY500 VALUE 50 - TRI,07-May-2012,3060.45
NIFTY500 VALUE 50 - TRI,08-May-2012,2996.15
NIFTY500 VALUE 50 - TRI,09-May-2012,2948.07
NIFTY500 VALUE 50 - TRI,10-May-2012,2935.73
NIFTY500 VALUE 50 - TRI,11-May-2012,2907.61
NIFTY500 VALUE 50 - TRI,14-May-2012,2871.90
NIFTY500 VALUE 50 - TRI,15-May-2012,2895.18
NIFTY500 VALUE 50 - TRI,16-May-2012,2862.48
NIFTY500 VALUE 50 - TRI,17-May-2012,2861.11
NIFTY500 VALUE 50 - TRI,18-May-2012,2861.24
NIFTY500 VALUE 50 - TRI,21-May-2012,2890.03
NIFTY500 VALUE 50 - TRI,22-May-2012,2852.04
NIFTY500 VALUE 50 - TRI,23-May-2012,2833.24
NIFTY500 VALUE 50 - TRI,24-May-2012,2859.78
NIFTY500 VALUE 50 - TRI,25-May-2012,2864.17
NIFTY500 VALUE 50 - TRI,28-May-2012,2908.83
NIFTY500 VALUE 50 - TRI,29-May-2012,2891.90
NIFTY500 VALUE 50 - TRI,30-May-2012,2837.39
NIFTY500 VALUE 50 - TRI,31-May-2012,2857.18
NIFTY500 VALUE 50 - TRI,01-Jun-2012,2816.65
NIFTY500 VALUE 50 - TRI,04-Jun-2012,2835.24
NIFTY500 VALUE 50 - TRI,05-Jun-2012,2833.11
NIFTY500 VALUE 50 - TRI,06-Jun-2012,2897.27
NIFTY500 VALUE 50 - TRI,07-Jun-2012,2910.19
NIFTY500 VALUE 50 - TRI,08-Jun-2012,2934.40
NIFTY500 VALUE 50 - TRI,11-Jun-2012,2933.72
NIFTY500 VALUE 50 - TRI,12-Jun-2012,2974.30
NIFTY500 VALUE 50 - TRI,13-Jun-2012,2971.37
NIFTY500 VALUE 50 - TRI,14-Jun-2012,2944.02
NIFTY500 VALUE 50 - TRI,15-Jun-2012,2974.39
NIFTY500 VALUE 50 - TRI,18-Jun-2012,2925.57
NIFTY500 VALUE 50 - TRI,19-Jun-2012,2953.34
NIFTY500 VALUE 50 - TRI,20-Jun-2012,2992.39
NIFTY500 VALUE 50 - TRI,21-Jun-2012,3044.77
NIFTY500 VALUE 50 - TRI,22-Jun-2012,3037.86
NIFTY500 VALUE 50 - TRI,25-Jun-2012,3032.11
NIFTY500 VALUE 50 - TRI,26-Jun-2012,3035.19
NIFTY500 VALUE 50 - TRI,27-Jun-2012,3041.49
NIFTY500 VALUE 50 - TRI,28-Jun-2012,3034.72
NIFTY500 VALUE 50 - TRI,29-Jun-2012,3096.36
NIFTY500 VALUE 50 - TRI,02-Jul-2012,3121.86
NIFTY500 VALUE 50 - TRI,03-Jul-2012,3150.57
NIFTY500 VALUE 50 - TRI,04-Jul-2012,3167.50
NIFTY500 VALUE 50 - TRI,05-Jul-2012,3204.51
NIFTY500 VALUE 50 - TRI,06-Jul-2012,3191.49
NIFTY500 VALUE 50 - TRI,09-Jul-2012,3138.23
NIFTY500 VALUE 50 - TRI,10-Jul-2012,3187.37
NIFTY500 VALUE 50 - TRI,11-Jul-2012,3183.01
NIFTY500 VALUE 50 - TRI,12-Jul-2012,3166.78
NIFTY500 VALUE 50 - TRI,13-Jul-2012,3156.83
NIFTY500 VALUE 50 - TRI,16-Jul-2012,3130.12
NIFTY500 VALUE 50 - TRI,17-Jul-2012,3090.67
NIFTY500 VALUE 50 - TRI,18-Jul-2012,3092.82
NIFTY500 VALUE 50 - TRI,19-Jul-2012,3106.76
NIFTY500 VALUE 50 - TRI,20-Jul-2012,3082.48
NIFTY500 VALUE 50 - TRI,23-Jul-2012,3026.16
NIFTY500 VALUE 50 - TRI,24-Jul-2012,3030.72
NIFTY500 VALUE 50 - TRI,25-Jul-2012,2991.15
NIFTY500 VALUE 50 - TRI,26-Jul-2012,2910.09
NIFTY500 VALUE 50 - TRI,27-Jul-2012,2877.63
NIFTY500 VALUE 50 - TRI,30-Jul-2012,2951.41
NIFTY500 VALUE 50 - TRI,31-Jul-2012,2955.88
NIFTY500 VALUE 50 - TRI,01-Aug-2012,2963.93
NIFTY500 VALUE 50 - TRI,02-Aug-2012,2961.47
NIFTY500 VALUE 50 - TRI,03-Aug-2012,2954.52
NIFTY500 VALUE 50 - TRI,06-Aug-2012,2963.47
NIFTY500 VALUE 50 - TRI,07-Aug-2012,2966.19
NIFTY500 VALUE 50 - TRI,08-Aug-2012,2951.87
NIFTY500 VALUE 50 - TRI,09-Aug-2012,2915.80
NIFTY500 VALUE 50 - TRI,10-Aug-2012,2920.41
NIFTY500 VALUE 50 - TRI,13-Aug-2012,2929.83
NIFTY500 VALUE 50 - TRI,14-Aug-2012,2937.33
NIFTY500 VALUE 50 - TRI,16-Aug-2012,2922.52
NIFTY500 VALUE 50 - TRI,17-Aug-2012,2908.61
NIFTY500 VALUE 50 - TRI,21-Aug-2012,2908.78
NIFTY500 VALUE 50 - TRI,22-Aug-2012,2904.32
NIFTY500 VALUE 50 - TRI,23-Aug-2012,2892.18
NIFTY500 VALUE 50 - TRI,24-Aug-2012,2869.86
NIFTY500 VALUE 50 - TRI,27-Aug-2012,2818.47
NIFTY500 VALUE 50 - TRI,28-Aug-2012,2789.52
NIFTY500 VALUE 50 - TRI,29-Aug-2012,2757.54
NIFTY500 VALUE 50 - TRI,30-Aug-2012,2759.71
NIFTY500 VALUE 50 - TRI,31-Aug-2012,2733.34
NIFTY500 VALUE 50 - TRI,03-Sep-2012,2727.46
NIFTY500 VALUE 50 - TRI,04-Sep-2012,2761.81
NIFTY500 VALUE 50 - TRI,05-Sep-2012,2744.48
NIFTY500 VALUE 50 - TRI,06-Sep-2012,2739.61
NIFTY500 VALUE 50 - TRI,07-Sep-2012,2778.62
NIFTY500 VALUE 50 - TRI,08-Sep-2012,2792.43
NIFTY500 VALUE 50 - TRI,10-Sep-2012,2793.17
NIFTY500 VALUE 50 - TRI,11-Sep-2012,2802.77
NIFTY500 VALUE 50 - TRI,12-Sep-2012,2805.98
NIFTY500 VALUE 50 - TRI,13-Sep-2012,2787.33
NIFTY500 VALUE 50 - TRI,14-Sep-2012,2825.82
NIFTY500 VALUE 50 - TRI,17-Sep-2012,2886.92
NIFTY500 VALUE 50 - TRI,18-Sep-2012,2955.42
NIFTY500 VALUE 50 - TRI,20-Sep-2012,2954.40
NIFTY500 VALUE 50 - TRI,21-Sep-2012,3014.65
NIFTY500 VALUE 50 - TRI,24-Sep-2012,3026.82
NIFTY500 VALUE 50 - TRI,25-Sep-2012,3032.52
NIFTY500 VALUE 50 - TRI,26-Sep-2012,3028.77
NIFTY500 VALUE 50 - TRI,27-Sep-2012,3023.14
NIFTY500 VALUE 50 - TRI,28-Sep-2012,3051.21
NIFTY500 VALUE 50 - TRI,01-Oct-2012,3091.01
NIFTY500 VALUE 50 - TRI,03-Oct-2012,3105.17
NIFTY500 VALUE 50 - TRI,04-Oct-2012,3151.76
NIFTY500 VALUE 50 - TRI,05-Oct-2012,3119.66
NIFTY500 VALUE 50 - TRI,08-Oct-2012,3099.37
NIFTY500 VALUE 50 - TRI,09-Oct-2012,3113.84
NIFTY500 VALUE 50 - TRI,10-Oct-2012,3034.07
NIFTY500 VALUE 50 - TRI,11-Oct-2012,3085.13
NIFTY500 VALUE 50 - TRI,12-Oct-2012,3077.96
NIFTY500 VALUE 50 - TRI,15-Oct-2012,3082.07
NIFTY500 VALUE 50 - TRI,16-Oct-2012,3024.09
NIFTY500 VALUE 50 - TRI,17-Oct-2012,3029.26
NIFTY500 VALUE 50 - TRI,18-Oct-2012,3086.66
NIFTY500 VALUE 50 - TRI,19-Oct-2012,3064.40
NIFTY500 VALUE 50 - TRI,22-Oct-2012,3046.66
NIFTY500 VALUE 50 - TRI,23-Oct-2012,3031.13
NIFTY500 VALUE 50 - TRI,25-Oct-2012,3020.38
NIFTY500 VALUE 50 - TRI,26-Oct-2012,2975.80
NIFTY500 VALUE 50 - TRI,29-Oct-2012,2961.03
NIFTY500 VALUE 50 - TRI,30-Oct-2012,2887.55
NIFTY500 VALUE 50 - TRI,31-Oct-2012,2915.83
NIFTY500 VALUE 50 - TRI,01-Nov-2012,2959.54
NIFTY500 VALUE 50 - TRI,02-Nov-2012,2988.45
NIFTY500 VALUE 50 - TRI,05-Nov-2012,2972.71
NIFTY500 VALUE 50 - TRI,06-Nov-2012,3000.10
NIFTY500 VALUE 50 - TRI,07-Nov-2012,3030.02
NIFTY500 VALUE 50 - TRI,08-Nov-2012,3056.43
NIFTY500 VALUE 50 - TRI,09-Nov-2012,3001.65
NIFTY500 VALUE 50 - TRI,12-Nov-2012,3025.57
NIFTY500 VALUE 50 - TRI,13-Nov-2012,3034.28
NIFTY500 VALUE 50 - TRI,15-Nov-2012,3044.56
NIFTY500 VALUE 50 - TRI,16-Nov-2012,2986.59
NIFTY500 VALUE 50 - TRI,19-Nov-2012,2961.04
NIFTY500 VALUE 50 - TRI,20-Nov-2012,2909.14
NIFTY500 VALUE 50 - TRI,21-Nov-2012,2943.53
NIFTY500 VALUE 50 - TRI,22-Nov-2012,2953.15
NIFTY500 VALUE 50 - TRI,23-Nov-2012,2948.92
NIFTY500 VALUE 50 - TRI,26-Nov-2012,2960.33
NIFTY500 VALUE 50 - TRI,27-Nov-2012,3004.47
NIFTY500 VALUE 50 - TRI,29-Nov-2012,3054.01
NIFTY500 VALUE 50 - TRI,30-Nov-2012,3111.31
NIFTY500 VALUE 50 - TRI,03-Dec-2012,3142.78
NIFTY500 VALUE 50 - TRI,04-Dec-2012,3166.66
NIFTY500 VALUE 50 - TRI,05-Dec-2012,3210.39
NIFTY500 VALUE 50 - TRI,06-Dec-2012,3241.20
NIFTY500 VALUE 50 - TRI,07-Dec-2012,3240.58
NIFTY500 VALUE 50 - TRI,10-Dec-2012,3283.72
NIFTY500 VALUE 50 - TRI,11-Dec-2012,3231.85
NIFTY500 VALUE 50 - TRI,12-Dec-2012,3233.76
NIFTY500 VALUE 50 - TRI,13-Dec-2012,3168.78
NIFTY500 VALUE 50 - TRI,14-Dec-2012,3202.50
NIFTY500 VALUE 50 - TRI,17-Dec-2012,3209.90
NIFTY500 VALUE 50 - TRI,18-Dec-2012,3246.56
NIFTY500 VALUE 50 - TRI,19-Dec-2012,3266.05
NIFTY500 VALUE 50 - TRI,20-Dec-2012,3268.36
NIFTY500 VALUE 50 - TRI,21-Dec-2012,3200.79
NIFTY500 VALUE 50 - TRI,24-Dec-2012,3210.10
NIFTY500 VALUE 50 - TRI,26-Dec-2012,3245.41
NIFTY500 VALUE 50 - TRI,27-Dec-2012,3220.68
NIFTY500 VALUE 50 - TRI,28-Dec-2012,3250.97
NIFTY500 VALUE 50 - TRI,31-Dec-2012,3275.46
NIFTY500 VALUE 50 - TRI,01-Jan-2013,3337.44
NIFTY500 VALUE 50 - TRI,02-Jan-2013,3352.48
NIFTY500 VALUE 50 - TRI,03-Jan-2013,3381.68
NIFTY500 VALUE 50 - TRI,04-Jan-2013,3431.97
NIFTY500 VALUE 50 - TRI,07-Jan-2013,3452.72
NIFTY500 VALUE 50 - TRI,08-Jan-2013,3453.33
NIFTY500 VALUE 50 - TRI,09-Jan-2013,3438.91
NIFTY500 VALUE 50 - TRI,10-Jan-2013,3400.55
NIFTY500 VALUE 50 - TRI,11-Jan-2013,3326.51
NIFTY500 VALUE 50 - TRI,14-Jan-2013,3415.02
NIFTY500 VALUE 50 - TRI,15-Jan-2013,3439.75
NIFTY500 VALUE 50 - TRI,16-Jan-2013,3364.19
NIFTY500 VALUE 50 - TRI,17-Jan-2013,3404.16
NIFTY500 VALUE 50 - TRI,18-Jan-2013,3451.19
NIFTY500 VALUE 50 - TRI,21-Jan-2013,3471.23
NIFTY500 VALUE 50 - TRI,22-Jan-2013,3396.02
NIFTY500 VALUE 50 - TRI,23-Jan-2013,3322.69
NIFTY500 VALUE 50 - TRI,24-Jan-2013,3178.77
NIFTY500 VALUE 50 - TRI,25-Jan-2013,3264.14
NIFTY500 VALUE 50 - TRI,28-Jan-2013,3254.47
NIFTY500 VALUE 50 - TRI,29-Jan-2013,3197.16
NIFTY500 VALUE 50 - TRI,30-Jan-2013,3185.86
NIFTY500 VALUE 50 - TRI,31-Jan-2013,3220.08
NIFTY500 VALUE 50 - TRI,01-Feb-2013,3214.65
NIFTY500 VALUE 50 - TRI,04-Feb-2013,3150.88
NIFTY500 VALUE 50 - TRI,05-Feb-2013,3133.47
NIFTY500 VALUE 50 - TRI,06-Feb-2013,3139.89
NIFTY500 VALUE 50 - TRI,07-Feb-2013,3079.57
NIFTY500 VALUE 50 - TRI,08-Feb-2013,3035.38
NIFTY500 VALUE 50 - TRI,11-Feb-2013,3038.13
NIFTY500 VALUE 50 - TRI,12-Feb-2013,3033.66
NIFTY500 VALUE 50 - TRI,13-Feb-2013,2985.85
NIFTY500 VALUE 50 - TRI,14-Feb-2013,2937.67
NIFTY500 VALUE 50 - TRI,15-Feb-2013,2948.26
NIFTY500 VALUE 50 - TRI,18-Feb-2013,2982.49
NIFTY500 VALUE 50 - TRI,19-Feb-2013,3019.24
NIFTY500 VALUE 50 - TRI,20-Feb-2013,3014.41
NIFTY500 VALUE 50 - TRI,21-Feb-2013,2942.53
NIFTY500 VALUE 50 - TRI,22-Feb-2013,2949.55
NIFTY500 VALUE 50 - TRI,25-Feb-2013,2890.97
NIFTY500 VALUE 50 - TRI,26-Feb-2013,2808.56
NIFTY500 VALUE 50 - TRI,27-Feb-2013,2852.30
NIFTY500 VALUE 50 - TRI,28-Feb-2013,2715.94
NIFTY500 VALUE 50 - TRI,01-Mar-2013,2738.03
NIFTY500 VALUE 50 - TRI,04-Mar-2013,2688.22
NIFTY500 VALUE 50 - TRI,05-Mar-2013,2760.21
NIFTY500 VALUE 50 - TRI,06-Mar-2013,2822.98
NIFTY500 VALUE 50 - TRI,07-Mar-2013,2837.15
NIFTY500 VALUE 50 - TRI,08-Mar-2013,2884.71
NIFTY500 VALUE 50 - TRI,11-Mar-2013,2895.55
NIFTY500 VALUE 50 - TRI,12-Mar-2013,2877.33
NIFTY500 VALUE 50 - TRI,13-Mar-2013,2831.18
NIFTY500 VALUE 50 - TRI,14-Mar-2013,2870.42
NIFTY500 VALUE 50 - TRI,15-Mar-2013,2845.01
NIFTY500 VALUE 50 - TRI,18-Mar-2013,2818.43
NIFTY500 VALUE 50 - TRI,19-Mar-2013,2736.69
NIFTY500 VALUE 50 - TRI,20-Mar-2013,2643.14
NIFTY500 VALUE 50 - TRI,21-Mar-2013,2602.09
NIFTY500 VALUE 50 - TRI,22-Mar-2013,2588.94
NIFTY500 VALUE 50 - TRI,25-Mar-2013,2563.70
NIFTY500 VALUE 50 - TRI,26-Mar-2013,2540.39
NIFTY500 VALUE 50 - TRI,28-Mar-2013,2618.94
NIFTY500 VALUE 50 - TRI,01-Apr-2013,2675.91
NIFTY500 VALUE 50 - TRI,02-Apr-2013,2743.82
NIFTY500 VALUE 50 - TRI,03-Apr-2013,2706.91
NIFTY500 VALUE 50 - TRI,04-Apr-2013,2662.74
NIFTY500 VALUE 50 - TRI,05-Apr-2013,2672.69
NIFTY500 VALUE 50 - TRI,08-Apr-2013,2665.56
NIFTY500 VALUE 50 - TRI,09-Apr-2013,2629.43
NIFTY500 VALUE 50 - TRI,10-Apr-2013,2667.32
NIFTY500 VALUE 50 - TRI,11-Apr-2013,2662.89
NIFTY500 VALUE 50 - TRI,12-Apr-2013,2688.47
NIFTY500 VALUE 50 - TRI,15-Apr-2013,2732.91
NIFTY500 VALUE 50 - TRI,16-Apr-2013,2782.70
NIFTY500 VALUE 50 - TRI,17-Apr-2013,2771.22
NIFTY500 VALUE 50 - TRI,18-Apr-2013,2813.79
NIFTY500 VALUE 50 - TRI,22-Apr-2013,2894.42
NIFTY500 VALUE 50 - TRI,23-Apr-2013,2881.16
NIFTY500 VALUE 50 - TRI,25-Apr-2013,2896.64
NIFTY500 VALUE 50 - TRI,26-Apr-2013,2853.71
NIFTY500 VALUE 50 - TRI,29-Apr-2013,2883.87
NIFTY500 VALUE 50 - TRI,30-Apr-2013,2863.63
NIFTY500 VALUE 50 - TRI,02-May-2013,2900.16
NIFTY500 VALUE 50 - TRI,03-May-2013,2876.62
NIFTY500 VALUE 50 - TRI,06-May-2013,2916.80
NIFTY500 VALUE 50 - TRI,07-May-2013,2925.73
NIFTY500 VALUE 50 - TRI,08-May-2013,2937.68
NIFTY500 VALUE 50 - TRI,09-May-2013,2919.57
NIFTY500 VALUE 50 - TRI,10-May-2013,2936.24
NIFTY500 VALUE 50 - TRI,11-May-2013,2945.97
NIFTY500 VALUE 50 - TRI,13-May-2013,2875.73
NIFTY500 VALUE 50 - TRI,14-May-2013,2888.98
NIFTY500 VALUE 50 - TRI,15-May-2013,2974.80
NIFTY500 VALUE 50 - TRI,16-May-2013,2987.53
NIFTY500 VALUE 50 - TRI,17-May-2013,2989.32
NIFTY500 VALUE 50 - TRI,20-May-2013,2974.44
NIFTY500 VALUE 50 - TRI,21-May-2013,2940.64
NIFTY500 VALUE 50 - TRI,22-May-2013,2884.32
NIFTY500 VALUE 50 - TRI,23-May-2013,2797.76
NIFTY500 VALUE 50 - TRI,24-May-2013,2818.31
NIFTY500 VALUE 50 - TRI,27-May-2013,2854.21
NIFTY500 VALUE 50 - TRI,28-May-2013,2875.18
NIFTY500 VALUE 50 - TRI,29-May-2013,2831.74
NIFTY500 VALUE 50 - TRI,30-May-2013,2816.17
NIFTY500 VALUE 50 - TRI,31-May-2013,2709.80
NIFTY500 VALUE 50 - TRI,03-Jun-2013,2723.47
NIFTY500 VALUE 50 - TRI,04-Jun-2013,2724.23
NIFTY500 VALUE 50 - TRI,05-Jun-2013,2749.60
NIFTY500 VALUE 50 - TRI,06-Jun-2013,2759.92
NIFTY500 VALUE 50 - TRI,07-Jun-2013,2723.91
NIFTY500 VALUE 50 - TRI,10-Jun-2013,2657.83
NIFTY500 VALUE 50 - TRI,11-Jun-2013,2584.12
NIFTY500 VALUE 50 - TRI,12-Jun-2013,2585.41
NIFTY500 VALUE 50 - TRI,13-Jun-2013,2540.93
NIFTY500 VALUE 50 - TRI,14-Jun-2013,2595.76
NIFTY500 VALUE 50 - TRI,17-Jun-2013,2608.63
NIFTY500 VALUE 50 - TRI,18-Jun-2013,2633.30
NIFTY500 VALUE 50 - TRI,19-Jun-2013,2652.76
NIFTY500 VALUE 50 - TRI,20-Jun-2013,2564.82
NIFTY500 VALUE 50 - TRI,21-Jun-2013,2499.48
NIFTY500 VALUE 50 - TRI,24-Jun-2013,2406.18
NIFTY500 VALUE 50 - TRI,25-Jun-2013,2414.31
NIFTY500 VALUE 50 - TRI,26-Jun-2013,2389.72
NIFTY500 VALUE 50 - TRI,27-Jun-2013,2401.46
NIFTY500 VALUE 50 - TRI,28-Jun-2013,2481.84
NIFTY500 VALUE 50 - TRI,01-Jul-2013,2589.20
NIFTY500 VALUE 50 - TRI,02-Jul-2013,2565.94
NIFTY500 VALUE 50 - TRI,03-Jul-2013,2482.52
NIFTY500 VALUE 50 - TRI,04-Jul-2013,2506.57
NIFTY500 VALUE 50 - TRI,05-Jul-2013,2512.76
NIFTY500 VALUE 50 - TRI,08-Jul-2013,2507.39
NIFTY500 VALUE 50 - TRI,09-Jul-2013,2531.21
NIFTY500 VALUE 50 - TRI,10-Jul-2013,2499.49
NIFTY500 VALUE 50 - TRI,11-Jul-2013,2541.09
NIFTY500 VALUE 50 - TRI,12-Jul-2013,2530.17
NIFTY500 VALUE 50 - TRI,15-Jul-2013,2581.37
NIFTY500 VALUE 50 - TRI,16-Jul-2013,2517.67
NIFTY500 VALUE 50 - TRI,17-Jul-2013,2469.83
NIFTY500 VALUE 50 - TRI,18-Jul-2013,2526.72
NIFTY500 VALUE 50 - TRI,19-Jul-2013,2499.36
NIFTY500 VALUE 50 - TRI,22-Jul-2013,2485.19
NIFTY500 VALUE 50 - TRI,23-Jul-2013,2484.64
NIFTY500 VALUE 50 - TRI,24-Jul-2013,2428.12
NIFTY500 VALUE 50 - TRI,25-Jul-2013,2397.47
NIFTY500 VALUE 50 - TRI,26-Jul-2013,2348.44
NIFTY500 VALUE 50 - TRI,29-Jul-2013,2286.46
NIFTY500 VALUE 50 - TRI,30-Jul-2013,2195.73
NIFTY500 VALUE 50 - TRI,31-Jul-2013,2245.83
NIFTY500 VALUE 50 - TRI,01-Aug-2013,2151.07
NIFTY500 VALUE 50 - TRI,02-Aug-2013,2080.76
NIFTY500 VALUE 50 - TRI,05-Aug-2013,2080.38
NIFTY500 VALUE 50 - TRI,06-Aug-2013,2010.99
NIFTY500 VALUE 50 - TRI,07-Aug-2013,2072.25
NIFTY500 VALUE 50 - TRI,08-Aug-2013,2097.85
NIFTY500 VALUE 50 - TRI,12-Aug-2013,2145.62
NIFTY500 VALUE 50 - TRI,13-Aug-2013,2178.48
NIFTY500 VALUE 50 - TRI,14-Aug-2013,2219.80
NIFTY500 VALUE 50 - TRI,16-Aug-2013,2081.06
NIFTY500 VALUE 50 - TRI,19-Aug-2013,2071.85
NIFTY500 VALUE 50 - TRI,20-Aug-2013,2096.20
NIFTY500 VALUE 50 - TRI,21-Aug-2013,2033.62
NIFTY500 VALUE 50 - TRI,22-Aug-2013,2106.59
NIFTY500 VALUE 50 - TRI,23-Aug-2013,2123.82
NIFTY500 VALUE 50 - TRI,26-Aug-2013,2141.76
NIFTY500 VALUE 50 - TRI,27-Aug-2013,2063.23
NIFTY500 VALUE 50 - TRI,28-Aug-2013,2029.80
NIFTY500 VALUE 50 - TRI,29-Aug-2013,2079.42
NIFTY500 VALUE 50 - TRI,30-Aug-2013,2087.93
NIFTY500 VALUE 50 - TRI,02-Sep-2013,2154.67
NIFTY500 VALUE 50 - TRI,03-Sep-2013,2086.52
NIFTY500 VALUE 50 - TRI,04-Sep-2013,2132.89
NIFTY500 VALUE 50 - TRI,05-Sep-2013,2204.83
NIFTY500 VALUE 50 - TRI,06-Sep-2013,2232.25
NIFTY500 VALUE 50 - TRI,10-Sep-2013,2262.44
NIFTY500 VALUE 50 - TRI,11-Sep-2013,2329.41
NIFTY500 VALUE 50 - TRI,12-Sep-2013,2300.05
NIFTY500 VALUE 50 - TRI,13-Sep-2013,2340.70
NIFTY500 VALUE 50 - TRI,16-Sep-2013,2330.85
NIFTY500 VALUE 50 - TRI,17-Sep-2013,2313.71
NIFTY500 VALUE 50 - TRI,18-Sep-2013,2326.60
NIFTY500 VALUE 50 - TRI,19-Sep-2013,2452.62
NIFTY500 VALUE 50 - TRI,20-Sep-2013,2359.24
NIFTY500 VALUE 50 - TRI,23-Sep-2013,2314.77
NIFTY500 VALUE 50 - TRI,24-Sep-2013,2298.54
NIFTY500 VALUE 50 - TRI,25-Sep-2013,2319.64
NIFTY500 VALUE 50 - TRI,26-Sep-2013,2312.36
NIFTY500 VALUE 50 - TRI,27-Sep-2013,2315.77
NIFTY500 VALUE 50 - TRI,30-Sep-2013,2290.06
NIFTY500 VALUE 50 - TRI,01-Oct-2013,2304.87
NIFTY500 VALUE 50 - TRI,03-Oct-2013,2358.47
NIFTY500 VALUE 50 - TRI,04-Oct-2013,2360.90
NIFTY500 VALUE 50 - TRI,07-Oct-2013,2372.96
NIFTY500 VALUE 50 - TRI,08-Oct-2013,2390.21
NIFTY500 VALUE 50 - TRI,09-Oct-2013,2416.54
NIFTY500 VALUE 50 - TRI,10-Oct-2013,2417.36
NIFTY500 VALUE 50 - TRI,11-Oct-2013,2437.13
NIFTY500 VALUE 50 - TRI,14-Oct-2013,2457.12
NIFTY500 VALUE 50 - TRI,15-Oct-2013,2405.55
NIFTY500 VALUE 50 - TRI,17-Oct-2013,2404.27
NIFTY500 VALUE 50 - TRI,18-Oct-2013,2451.17
NIFTY500 VALUE 50 - TRI,21-Oct-2013,2485.09
NIFTY500 VALUE 50 - TRI,22-Oct-2013,2529.80
NIFTY500 VALUE 50 - TRI,23-Oct-2013,2540.61
NIFTY500 VALUE 50 - TRI,24-Oct-2013,2527.56
NIFTY500 VALUE 50 - TRI,25-Oct-2013,2490.29
NIFTY500 VALUE 50 - TRI,28-Oct-2013,2455.17
NIFTY500 VALUE 50 - TRI,29-Oct-2013,2496.68
NIFTY500 VALUE 50 - TRI,30-Oct-2013,2499.33
NIFTY500 VALUE 50 - TRI,31-Oct-2013,2573.83
NIFTY500 VALUE 50 - TRI,01-Nov-2013,2648.01
NIFTY500 VALUE 50 - TRI,03-Nov-2013,2698.15
NIFTY500 VALUE 50 - TRI,05-Nov-2013,2754.46
NIFTY500 VALUE 50 - TRI,06-Nov-2013,2723.41
NIFTY500 VALUE 50 - TRI,07-Nov-2013,2651.32
NIFTY500 VALUE 50 - TRI,08-Nov-2013,2641.31
NIFTY500 VALUE 50 - TRI,11-Nov-2013,2587.57
NIFTY500 VALUE 50 - TRI,12-Nov-2013,2547.39
NIFTY500 VALUE 50 - TRI,13-Nov-2013,2513.47
NIFTY500 VALUE 50 - TRI,14-Nov-2013,2565.45
NIFTY500 VALUE 50 - TRI,18-Nov-2013,2623.54
NIFTY500 VALUE 50 - TRI,19-Nov-2013,2650.58
NIFTY500 VALUE 50 - TRI,20-Nov-2013,2639.00
NIFTY500 VALUE 50 - TRI,21-Nov-2013,2567.61
NIFTY500 VALUE 50 - TRI,22-Nov-2013,2559.75
NIFTY500 VALUE 50 - TRI,25-Nov-2013,2616.94
NIFTY500 VALUE 50 - TRI,26-Nov-2013,2548.05
NIFTY500 VALUE 50 - TRI,27-Nov-2013,2567.40
NIFTY500 VALUE 50 - TRI,28-Nov-2013,2596.78
NIFTY500 VALUE 50 - TRI,29-Nov-2013,2634.32
NIFTY500 VALUE 50 - TRI,02-Dec-2013,2676.43
NIFTY500 VALUE 50 - TRI,03-Dec-2013,2668.57
NIFTY500 VALUE 50 - TRI,04-Dec-2013,2655.93
NIFTY500 VALUE 50 - TRI,05-Dec-2013,2712.18
NIFTY500 VALUE 50 - TRI,06-Dec-2013,2736.41
NIFTY500 VALUE 50 - TRI,09-Dec-2013,2773.95
NIFTY500 VALUE 50 - TRI,10-Dec-2013,2731.16
NIFTY500 VALUE 50 - TRI,11-Dec-2013,2712.66
NIFTY500 VALUE 50 - TRI,12-Dec-2013,2684.96
NIFTY500 VALUE 50 - TRI,13-Dec-2013,2628.61
NIFTY500 VALUE 50 - TRI,16-Dec-2013,2604.97
NIFTY500 VALUE 50 - TRI,17-Dec-2013,2591.25
NIFTY500 VALUE 50 - TRI,18-Dec-2013,2649.77
NIFTY500 VALUE 50 - TRI,19-Dec-2013,2615.17
NIFTY500 VALUE 50 - TRI,20-Dec-2013,2678.67
NIFTY500 VALUE 50 - TRI,23-Dec-2013,2733.28
NIFTY500 VALUE 50 - TRI,24-Dec-2013,2767.32
NIFTY500 VALUE 50 - TRI,26-Dec-2013,2807.10
NIFTY500 VALUE 50 - TRI,27-Dec-2013,2820.17
NIFTY500 VALUE 50 - TRI,30-Dec-2013,2793.23
NIFTY500 VALUE 50 - TRI,31-Dec-2013,2817.38
NIFTY500 VALUE 50 - TRI,01-Jan-2014,2868.44
NIFTY500 VALUE 50 - TRI,02-Jan-2014,2769.96
NIFTY500 VALUE 50 - TRI,03-Jan-2014,2793.96
NIFTY500 VALUE 50 - TRI,06-Jan-2014,2808.35
NIFTY500 VALUE 50 - TRI,07-Jan-2014,2802.98
NIFTY500 VALUE 50 - TRI,08-Jan-2014,2826.89
NIFTY500 VALUE 50 - TRI,09-Jan-2014,2798.43
NIFTY500 VALUE 50 - TRI,10-Jan-2014,2759.18
NIFTY500 VALUE 50 - TRI,13-Jan-2014,2774.18
NIFTY500 VALUE 50 - TRI,14-Jan-2014,2763.25
NIFTY500 VALUE 50 - TRI,15-Jan-2014,2800.02
NIFTY500 VALUE 50 - TRI,16-Jan-2014,2790.80
NIFTY500 VALUE 50 - TRI,17-Jan-2014,2752.19
NIFTY500 VALUE 50 - TRI,20-Jan-2014,2777.77
NIFTY500 VALUE 50 - TRI,21-Jan-2014,2793.78
NIFTY500 VALUE 50 - TRI,22-Jan-2014,2805.85
NIFTY500 VALUE 50 - TRI,23-Jan-2014,2793.35
NIFTY500 VALUE 50 - TRI,24-Jan-2014,2723.33
NIFTY500 VALUE 50 - TRI,27-Jan-2014,2600.77
NIFTY500 VALUE 50 - TRI,28-Jan-2014,2605.10
NIFTY500 VALUE 50 - TRI,29-Jan-2014,2608.08
NIFTY500 VALUE 50 - TRI,30-Jan-2014,2549.15
NIFTY500 VALUE 50 - TRI,31-Jan-2014,2615.37
NIFTY500 VALUE 50 - TRI,03-Feb-2014,2577.34
NIFTY500 VALUE 50 - TRI,04-Feb-2014,2587.36
NIFTY500 VALUE 50 - TRI,05-Feb-2014,2595.54
NIFTY500 VALUE 50 - TRI,06-Feb-2014,2588.53
NIFTY500 VALUE 50 - TRI,07-Feb-2014,2613.52
NIFTY500 VALUE 50 - TRI,10-Feb-2014,2607.14
NIFTY500 VALUE 50 - TRI,11-Feb-2014,2617.17
NIFTY500 VALUE 50 - TRI,12-Feb-2014,2606.59
NIFTY500 VALUE 50 - TRI,13-Feb-2014,2553.69
NIFTY500 VALUE 50 - TRI,14-Feb-2014,2565.03
NIFTY500 VALUE 50 - TRI,17-Feb-2014,2565.18
NIFTY500 VALUE 50 - TRI,18-Feb-2014,2601.63
NIFTY500 VALUE 50 - TRI,19-Feb-2014,2621.27
NIFTY500 VALUE 50 - TRI,20-Feb-2014,2612.76
NIFTY500 VALUE 50 - TRI,21-Feb-2014,2634.84
NIFTY500 VALUE 50 - TRI,24-Feb-2014,2630.00
NIFTY500 VALUE 50 - TRI,25-Feb-2014,2640.26
NIFTY500 VALUE 50 - TRI,26-Feb-2014,2656.78
NIFTY500 VALUE 50 - TRI,28-Feb-2014,2668.71
NIFTY500 VALUE 50 - TRI,03-Mar-2014,2660.54
NIFTY500 VALUE 50 - TRI,04-Mar-2014,2704.39
NIFTY500 VALUE 50 - TRI,05-Mar-2014,2746.27
NIFTY500 VALUE 50 - TRI,06-Mar-2014,2803.92
NIFTY500 VALUE 50 - TRI,07-Mar-2014,2868.24
NIFTY500 VALUE 50 - TRI,10-Mar-2014,2894.82
NIFTY500 VALUE 50 - TRI,11-Mar-2014,2888.32
NIFTY500 VALUE 50 - TRI,12-Mar-2014,2869.51
NIFTY500 VALUE 50 - TRI,13-Mar-2014,2877.70
NIFTY500 VALUE 50 - TRI,14-Mar-2014,2872.31
NIFTY500 VALUE 50 - TRI,18-Mar-2014,2930.82
NIFTY500 VALUE 50 - TRI,19-Mar-2014,2936.71
NIFTY500 VALUE 50 - TRI,20-Mar-2014,2896.35
NIFTY500 VALUE 50 - TRI,21-Mar-2014,2907.29
NIFTY500 VALUE 50 - TRI,22-Mar-2014,2923.32
NIFTY500 VALUE 50 - TRI,24-Mar-2014,2959.88
NIFTY500 VALUE 50 - TRI,25-Mar-2014,2980.40
NIFTY500 VALUE 50 - TRI,26-Mar-2014,2978.92
NIFTY500 VALUE 50 - TRI,27-Mar-2014,3043.32
NIFTY500 VALUE 50 - TRI,28-Mar-2014,3137.36
NIFTY500 VALUE 50 - TRI,31-Mar-2014,3190.91
NIFTY500 VALUE 50 - TRI,01-Apr-2014,3197.17
NIFTY500 VALUE 50 - TRI,02-Apr-2014,3285.55
NIFTY500 VALUE 50 - TRI,03-Apr-2014,3258.96
NIFTY500 VALUE 50 - TRI,04-Apr-2014,3337.09
NIFTY500 VALUE 50 - TRI,07-Apr-2014,3345.44
NIFTY500 VALUE 50 - TRI,09-Apr-2014,3436.79
NIFTY500 VALUE 50 - TRI,10-Apr-2014,3489.70
NIFTY500 VALUE 50 - TRI,11-Apr-2014,3514.41
NIFTY500 VALUE 50 - TRI,15-Apr-2014,3493.40
NIFTY500 VALUE 50 - TRI,16-Apr-2014,3408.51
NIFTY500 VALUE 50 - TRI,17-Apr-2014,3485.18
NIFTY500 VALUE 50 - TRI,21-Apr-2014,3537.75
NIFTY500 VALUE 50 - TRI,22-Apr-2014,3554.24
NIFTY500 VALUE 50 - TRI,23-Apr-2014,3573.18
NIFTY500 VALUE 50 - TRI,25-Apr-2014,3565.87
NIFTY500 VALUE 50 - TRI,28-Apr-2014,3603.86
NIFTY500 VALUE 50 - TRI,29-Apr-2014,3575.89
NIFTY500 VALUE 50 - TRI,30-Apr-2014,3504.62
NIFTY500 VALUE 50 - TRI,02-May-2014,3536.96
NIFTY500 VALUE 50 - TRI,05-May-2014,3539.63
NIFTY500 VALUE 50 - TRI,06-May-2014,3553.26
NIFTY500 VALUE 50 - TRI,07-May-2014,3550.11
NIFTY500 VALUE 50 - TRI,08-May-2014,3535.24
NIFTY500 VALUE 50 - TRI,09-May-2014,3635.18
NIFTY500 VALUE 50 - TRI,12-May-2014,3691.41
NIFTY500 VALUE 50 - TRI,13-May-2014,3794.87
NIFTY500 VALUE 50 - TRI,14-May-2014,3907.99
NIFTY500 VALUE 50 - TRI,15-May-2014,3882.32
NIFTY500 VALUE 50 - TRI,16-May-2014,4056.76
NIFTY500 VALUE 50 - TRI,19-May-2014,4399.02
NIFTY500 VALUE 50 - TRI,20-May-2014,4477.11
NIFTY500 VALUE 50 - TRI,21-May-2014,4505.36
NIFTY500 VALUE 50 - TRI,22-May-2014,4646.64
NIFTY500 VALUE 50 - TRI,23-May-2014,4792.85
NIFTY500 VALUE 50 - TRI,26-May-2014,4648.61
NIFTY500 VALUE 50 - TRI,27-May-2014,4574.73
NIFTY500 VALUE 50 - TRI,28-May-2014,4589.55
NIFTY500 VALUE 50 - TRI,29-May-2014,4566.03
NIFTY500 VALUE 50 - TRI,30-May-2014,4529.09
NIFTY500 VALUE 50 - TRI,02-Jun-2014,4680.90
NIFTY500 VALUE 50 - TRI,03-Jun-2014,4742.35
NIFTY500 VALUE 50 - TRI,04-Jun-2014,4890.69
NIFTY500 VALUE 50 - TRI,05-Jun-2014,4988.75
NIFTY500 VALUE 50 - TRI,06-Jun-2014,5119.11
NIFTY500 VALUE 50 - TRI,09-Jun-2014,5214.42
NIFTY500 VALUE 50 - TRI,10-Jun-2014,5129.44
NIFTY500 VALUE 50 - TRI,11-Jun-2014,5002.07
NIFTY500 VALUE 50 - TRI,12-Jun-2014,4958.13
NIFTY500 VALUE 50 - TRI,13-Jun-2014,4730.02
NIFTY500 VALUE 50 - TRI,16-Jun-2014,4754.99
NIFTY500 VALUE 50 - TRI,17-Jun-2014,4901.71
NIFTY500 VALUE 50 - TRI,18-Jun-2014,4831.99
NIFTY500 VALUE 50 - TRI,19-Jun-2014,4780.93
NIFTY500 VALUE 50 - TRI,20-Jun-2014,4719.89
NIFTY500 VALUE 50 - TRI,23-Jun-2014,4809.78
NIFTY500 VALUE 50 - TRI,24-Jun-2014,4941.70
NIFTY500 VALUE 50 - TRI,25-Jun-2014,4953.25
NIFTY500 VALUE 50 - TRI,26-Jun-2014,4898.96
NIFTY500 VALUE 50 - TRI,27-Jun-2014,4913.75
NIFTY500 VALUE 50 - TRI,30-Jun-2014,5062.36
NIFTY500 VALUE 50 - TRI,01-Jul-2014,5070.97
NIFTY500 VALUE 50 - TRI,02-Jul-2014,5091.31
NIFTY500 VALUE 50 - TRI,03-Jul-2014,5035.28
NIFTY500 VALUE 50 - TRI,04-Jul-2014,5026.63
NIFTY500 VALUE 50 - TRI,07-Jul-2014,4986.42
NIFTY500 VALUE 50 - TRI,08-Jul-2014,4693.64
NIFTY500 VALUE 50 - TRI,09-Jul-2014,4593.39
NIFTY500 VALUE 50 - TRI,10-Jul-2014,4681.18
NIFTY500 VALUE 50 - TRI,11-Jul-2014,4488.13
NIFTY500 VALUE 50 - TRI,14-Jul-2014,4487.28
NIFTY500 VALUE 50 - TRI,15-Jul-2014,4633.85
NIFTY500 VALUE 50 - TRI,16-Jul-2014,4723.23
NIFTY500 VALUE 50 - TRI,17-Jul-2014,4760.40
NIFTY500 VALUE 50 - TRI,18-Jul-2014,4712.49
NIFTY500 VALUE 50 - TRI,21-Jul-2014,4709.26
NIFTY500 VALUE 50 - TRI,22-Jul-2014,4676.23
NIFTY500 VALUE 50 - TRI,23-Jul-2014,4681.86
NIFTY500 VALUE 50 - TRI,24-Jul-2014,4687.45
NIFTY500 VALUE 50 - TRI,25-Jul-2014,4567.15
NIFTY500 VALUE 50 - TRI,28-Jul-2014,4546.49
NIFTY500 VALUE 50 - TRI,30-Jul-2014,4585.42
NIFTY500 VALUE 50 - TRI,31-Jul-2014,4598.44
NIFTY500 VALUE 50 - TRI,01-Aug-2014,4538.14
NIFTY500 VALUE 50 - TRI,04-Aug-2014,4622.61
NIFTY500 VALUE 50 - TRI,05-Aug-2014,4681.48
NIFTY500 VALUE 50 - TRI,06-Aug-2014,4594.06
NIFTY500 VALUE 50 - TRI,07-Aug-2014,4591.05
NIFTY500 VALUE 50 - TRI,08-Aug-2014,4440.22
NIFTY500 VALUE 50 - TRI,11-Aug-2014,4472.05
NIFTY500 VALUE 50 - TRI,12-Aug-2014,4531.59
NIFTY500 VALUE 50 - TRI,13-Aug-2014,4357.68
NIFTY500 VALUE 50 - TRI,14-Aug-2014,4442.31
NIFTY500 VALUE 50 - TRI,18-Aug-2014,4574.49
NIFTY500 VALUE 50 - TRI,19-Aug-2014,4658.54
NIFTY500 VALUE 50 - TRI,20-Aug-2014,4632.64
NIFTY500 VALUE 50 - TRI,21-Aug-2014,4650.71
NIFTY500 VALUE 50 - TRI,22-Aug-2014,4642.38
NIFTY500 VALUE 50 - TRI,25-Aug-2014,4576.22
NIFTY500 VALUE 50 - TRI,26-Aug-2014,4540.10
NIFTY500 VALUE 50 - TRI,27-Aug-2014,4561.64
NIFTY500 VALUE 50 - TRI,28-Aug-2014,4538.13
NIFTY500 VALUE 50 - TRI,01-Sep-2014,4648.10
NIFTY500 VALUE 50 - TRI,02-Sep-2014,4689.10
NIFTY500 VALUE 50 - TRI,03-Sep-2014,4727.56
NIFTY500 VALUE 50 - TRI,04-Sep-2014,4653.74
NIFTY500 VALUE 50 - TRI,05-Sep-2014,4659.74
NIFTY500 VALUE 50 - TRI,08-Sep-2014,4741.35
NIFTY500 VALUE 50 - TRI,09-Sep-2014,4749.52
NIFTY500 VALUE 50 - TRI,10-Sep-2014,4730.42
NIFTY500 VALUE 50 - TRI,11-Sep-2014,4841.56
NIFTY500 VALUE 50 - TRI,12-Sep-2014,4862.42
NIFTY500 VALUE 50 - TRI,15-Sep-2014,4919.54
NIFTY500 VALUE 50 - TRI,16-Sep-2014,4689.29
NIFTY500 VALUE 50 - TRI,17-Sep-2014,4671.77
NIFTY500 VALUE 50 - TRI,18-Sep-2014,4822.00
NIFTY500 VALUE 50 - TRI,19-Sep-2014,4803.67
NIFTY500 VALUE 50 - TRI,22-Sep-2014,4807.69
NIFTY500 VALUE 50 - TRI,23-Sep-2014,4660.98
NIFTY500 VALUE 50 - TRI,24-Sep-2014,4559.83
NIFTY500 VALUE 50 - TRI,25-Sep-2014,4324.73
NIFTY500 VALUE 50 - TRI,26-Sep-2014,4400.28
NIFTY500 VALUE 50 - TRI,29-Sep-2014,4474.24
NIFTY500 VALUE 50 - TRI,30-Sep-2014,4471.02
NIFTY500 VALUE 50 - TRI,01-Oct-2014,4447.95
NIFTY500 VALUE 50 - TRI,07-Oct-2014,4419.90
NIFTY500 VALUE 50 - TRI,08-Oct-2014,4472.84
NIFTY500 VALUE 50 - TRI,09-Oct-2014,4564.13
NIFTY500 VALUE 50 - TRI,10-Oct-2014,4503.86
NIFTY500 VALUE 50 - TRI,13-Oct-2014,4564.19
NIFTY500 VALUE 50 - TRI,14-Oct-2014,4534.59
NIFTY500 VALUE 50 - TRI,16-Oct-2014,4406.68
NIFTY500 VALUE 50 - TRI,17-Oct-2014,4448.89
NIFTY500 VALUE 50 - TRI,20-Oct-2014,4528.52
NIFTY500 VALUE 50 - TRI,21-Oct-2014,4519.71
NIFTY500 VALUE 50 - TRI,22-Oct-2014,4534.25
NIFTY500 VALUE 50 - TRI,23-Oct-2014,4585.05
NIFTY500 VALUE 50 - TRI,27-Oct-2014,4574.81
NIFTY500 VALUE 50 - TRI,28-Oct-2014,4606.55
NIFTY500 VALUE 50 - TRI,29-Oct-2014,4638.56
NIFTY500 VALUE 50 - TRI,30-Oct-2014,4669.28
NIFTY500 VALUE 50 - TRI,31-Oct-2014,4800.57
NIFTY500 VALUE 50 - TRI,03-Nov-2014,4863.52
NIFTY500 VALUE 50 - TRI,05-Nov-2014,4882.03
NIFTY500 VALUE 50 - TRI,07-Nov-2014,4875.84
NIFTY500 VALUE 50 - TRI,10-Nov-2014,4905.21
NIFTY500 VALUE 50 - TRI,11-Nov-2014,4975.19
NIFTY500 VALUE 50 - TRI,12-Nov-2014,4951.80
NIFTY500 VALUE 50 - TRI,13-Nov-2014,4881.68
NIFTY500 VALUE 50 - TRI,14-Nov-2014,4945.94
NIFTY500 VALUE 50 - TRI,17-Nov-2014,5004.89
NIFTY500 VALUE 50 - TRI,18-Nov-2014,5028.24
NIFTY500 VALUE 50 - TRI,19-Nov-2014,4947.27
NIFTY500 VALUE 50 - TRI,20-Nov-2014,4911.83
NIFTY500 VALUE 50 - TRI,21-Nov-2014,4920.28
NIFTY500 VALUE 50 - TRI,24-Nov-2014,4931.22
NIFTY500 VALUE 50 - TRI,25-Nov-2014,4791.83
NIFTY500 VALUE 50 - TRI,26-Nov-2014,4851.25
NIFTY500 VALUE 50 - TRI,27-Nov-2014,4902.37
NIFTY500 VALUE 50 - TRI,28-Nov-2014,5053.61
NIFTY500 VALUE 50 - TRI,01-Dec-2014,5034.33
NIFTY500 VALUE 50 - TRI,02-Dec-2014,5072.47
NIFTY500 VALUE 50 - TRI,03-Dec-2014,5128.96
NIFTY500 VALUE 50 - TRI,04-Dec-2014,5183.47
NIFTY500 VALUE 50 - TRI,05-Dec-2014,5208.09
NIFTY500 VALUE 50 - TRI,08-Dec-2014,5143.15
NIFTY500 VALUE 50 - TRI,09-Dec-2014,5038.68
NIFTY500 VALUE 50 - TRI,10-Dec-2014,5125.64
NIFTY500 VALUE 50 - TRI,11-Dec-2014,5090.54
NIFTY500 VALUE 50 - TRI,12-Dec-2014,4989.08
NIFTY500 VALUE 50 - TRI,15-Dec-2014,4913.96
NIFTY500 VALUE 50 - TRI,16-Dec-2014,4743.01
NIFTY500 VALUE 50 - TRI,17-Dec-2014,4706.03
NIFTY500 VALUE 50 - TRI,18-Dec-2014,4899.95
NIFTY500 VALUE 50 - TRI,19-Dec-2014,4921.29
NIFTY500 VALUE 50 - TRI,22-Dec-2014,4968.24
NIFTY500 VALUE 50 - TRI,23-Dec-2014,4920.62
NIFTY500 VALUE 50 - TRI,24-Dec-2014,4916.29
NIFTY500 VALUE 50 - TRI,26-Dec-2014,4948.52
NIFTY500 VALUE 50 - TRI,29-Dec-2014,4961.55
NIFTY500 VALUE 50 - TRI,30-Dec-2014,4988.61
NIFTY500 VALUE 50 - TRI,31-Dec-2014,5039.94
NIFTY500 VALUE 50 - TRI,01-Jan-2015,5089.88
NIFTY500 VALUE 50 - TRI,02-Jan-2015,5105.05
NIFTY500 VALUE 50 - TRI,05-Jan-2015,5102.40
NIFTY500 VALUE 50 - TRI,06-Jan-2015,4918.41
NIFTY500 VALUE 50 - TRI,07-Jan-2015,4920.28
NIFTY500 VALUE 50 - TRI,08-Jan-2015,5043.46
NIFTY500 VALUE 50 - TRI,09-Jan-2015,5011.38
NIFTY500 VALUE 50 - TRI,12-Jan-2015,5048.78
NIFTY500 VALUE 50 - TRI,13-Jan-2015,5003.15
NIFTY500 VALUE 50 - TRI,14-Jan-2015,4940.50
NIFTY500 VALUE 50 - TRI,15-Jan-2015,5061.14
NIFTY500 VALUE 50 - TRI,16-Jan-2015,5048.69
NIFTY500 VALUE 50 - TRI,19-Jan-2015,5096.61
NIFTY500 VALUE 50 - TRI,20-Jan-2015,5108.38
NIFTY500 VALUE 50 - TRI,21-Jan-2015,5093.89
NIFTY500 VALUE 50 - TRI,22-Jan-2015,5097.29
NIFTY500 VALUE 50 - TRI,23-Jan-2015,5109.44
NIFTY500 VALUE 50 - TRI,27-Jan-2015,5121.71
NIFTY500 VALUE 50 - TRI,28-Jan-2015,5117.42
NIFTY500 VALUE 50 - TRI,29-Jan-2015,5134.77
NIFTY500 VALUE 50 - TRI,30-Jan-2015,5147.19
NIFTY500 VALUE 50 - TRI,02-Feb-2015,5152.19
NIFTY500 VALUE 50 - TRI,03-Feb-2015,5053.28
NIFTY500 VALUE 50 - TRI,04-Feb-2015,5065.68
NIFTY500 VALUE 50 - TRI,05-Feb-2015,4960.94
NIFTY500 VALUE 50 - TRI,06-Feb-2015,4906.98
NIFTY500 VALUE 50 - TRI,09-Feb-2015,4791.38
NIFTY500 VALUE 50 - TRI,10-Feb-2015,4755.68
NIFTY500 VALUE 50 - TRI,11-Feb-2015,4882.31
NIFTY500 VALUE 50 - TRI,12-Feb-2015,4926.88
NIFTY500 VALUE 50 - TRI,13-Feb-2015,4962.61
NIFTY500 VALUE 50 - TRI,16-Feb-2015,4957.32
NIFTY500 VALUE 50 - TRI,18-Feb-2015,5026.78
NIFTY500 VALUE 50 - TRI,19-Feb-2015,5040.32
NIFTY500 VALUE 50 - TRI,20-Feb-2015,5044.12
NIFTY500 VALUE 50 - TRI,23-Feb-2015,4988.45
NIFTY500 VALUE 50 - TRI,24-Feb-2015,4989.77
NIFTY500 VALUE 50 - TRI,25-Feb-2015,4963.90
NIFTY500 VALUE 50 - TRI,26-Feb-2015,4904.38
NIFTY500 VALUE 50 - TRI,27-Feb-2015,5047.60
NIFTY500 VALUE 50 - TRI,28-Feb-2015,5032.43
NIFTY500 VALUE 50 - TRI,02-Mar-2015,5135.86
NIFTY500 VALUE 50 - TRI,03-Mar-2015,5195.25
NIFTY500 VALUE 50 - TRI,04-Mar-2015,5057.62
NIFTY500 VALUE 50 - TRI,05-Mar-2015,5125.43
NIFTY500 VALUE 50 - TRI,09-Mar-2015,5043.75
NIFTY500 VALUE 50 - TRI,10-Mar-2015,5040.94
NIFTY500 VALUE 50 - TRI,11-Mar-2015,5025.32
NIFTY500 VALUE 50 - TRI,12-Mar-2015,5118.03
NIFTY500 VALUE 50 - TRI,13-Mar-2015,5050.63
NIFTY500 VALUE 50 - TRI,16-Mar-2015,5063.51
NIFTY500 VALUE 50 - TRI,17-Mar-2015,5102.85
NIFTY500 VALUE 50 - TRI,18-Mar-2015,5141.32
NIFTY500 VALUE 50 - TRI,19-Mar-2015,5067.88
NIFTY500 VALUE 50 - TRI,20-Mar-2015,4935.84
NIFTY500 VALUE 50 - TRI,23-Mar-2015,4859.32
NIFTY500 VALUE 50 - TRI,24-Mar-2015,4866.68
NIFTY500 VALUE 50 - TRI,25-Mar-2015,4825.85
NIFTY500 VALUE 50 - TRI,26-Mar-2015,4780.03
NIFTY500 VALUE 50 - TRI,27-Mar-2015,4767.30
NIFTY500 VALUE 50 - TRI,30-Mar-2015,4858.25
NIFTY500 VALUE 50 - TRI,31-Mar-2015,4887.63
NIFTY500 VALUE 50 - TRI,01-Apr-2015,4973.28
NIFTY500 VALUE 50 - TRI,06-Apr-2015,5021.05
NIFTY500 VALUE 50 - TRI,07-Apr-2015,5065.93
NIFTY500 VALUE 50 - TRI,08-Apr-2015,5110.40
NIFTY500 VALUE 50 - TRI,09-Apr-2015,5143.28
NIFTY500 VALUE 50 - TRI,10-Apr-2015,5190.65
NIFTY500 VALUE 50 - TRI,13-Apr-2015,5229.62
NIFTY500 VALUE 50 - TRI,15-Apr-2015,5210.01
NIFTY500 VALUE 50 - TRI,16-Apr-2015,5159.69
NIFTY500 VALUE 50 - TRI,17-Apr-2015,5153.15
NIFTY500 VALUE 50 - TRI,20-Apr-2015,5044.08
NIFTY500 VALUE 50 - TRI,21-Apr-2015,5044.63
NIFTY500 VALUE 50 - TRI,22-Apr-2015,5078.73
NIFTY500 VALUE 50 - TRI,23-Apr-2015,5082.72
NIFTY500 VALUE 50 - TRI,24-Apr-2015,4949.71
NIFTY500 VALUE 50 - TRI,27-Apr-2015,4813.94
NIFTY500 VALUE 50 - TRI,28-Apr-2015,4883.90
NIFTY500 VALUE 50 - TRI,29-Apr-2015,4889.27
NIFTY500 VALUE 50 - TRI,30-Apr-2015,4905.03
NIFTY500 VALUE 50 - TRI,04-May-2015,5023.47
NIFTY500 VALUE 50 - TRI,05-May-2015,5045.39
NIFTY500 VALUE 50 - TRI,06-May-2015,4822.38
NIFTY500 VALUE 50 - TRI,07-May-2015,4720.69
NIFTY500 VALUE 50 - TRI,08-May-2015,4773.90
NIFTY500 VALUE 50 - TRI,11-May-2015,4866.93
NIFTY500 VALUE 50 - TRI,12-May-2015,4698.05
NIFTY500 VALUE 50 - TRI,13-May-2015,4754.25
NIFTY500 VALUE 50 - TRI,14-May-2015,4827.33
NIFTY500 VALUE 50 - TRI,15-May-2015,4816.65
NIFTY500 VALUE 50 - TRI,18-May-2015,4844.69
NIFTY500 VALUE 50 - TRI,19-May-2015,4847.70
NIFTY500 VALUE 50 - TRI,20-May-2015,4837.49
NIFTY500 VALUE 50 - TRI,21-May-2015,4832.74
NIFTY500 VALUE 50 - TRI,22-May-2015,4821.62
NIFTY500 VALUE 50 - TRI,25-May-2015,4798.54
NIFTY500 VALUE 50 - TRI,26-May-2015,4784.56
NIFTY500 VALUE 50 - TRI,27-May-2015,4826.54
NIFTY500 VALUE 50 - TRI,28-May-2015,4836.00
NIFTY500 VALUE 50 - TRI,29-May-2015,4885.49
NIFTY500 VALUE 50 - TRI,01-Jun-2015,4887.89
NIFTY500 VALUE 50 - TRI,02-Jun-2015,4761.56
NIFTY500 VALUE 50 - TRI,03-Jun-2015,4626.08
NIFTY500 VALUE 50 - TRI,04-Jun-2015,4591.01
NIFTY500 VALUE 50 - TRI,05-Jun-2015,4602.39
NIFTY500 VALUE 50 - TRI,08-Jun-2015,4510.27
NIFTY500 VALUE 50 - TRI,09-Jun-2015,4510.39
NIFTY500 VALUE 50 - TRI,10-Jun-2015,4539.62
NIFTY500 VALUE 50 - TRI,11-Jun-2015,4443.61
NIFTY500 VALUE 50 - TRI,12-Jun-2015,4433.28
NIFTY500 VALUE 50 - TRI,15-Jun-2015,4434.69
NIFTY500 VALUE 50 - TRI,16-Jun-2015,4455.54
NIFTY500 VALUE 50 - TRI,17-Jun-2015,4466.82
NIFTY500 VALUE 50 - TRI,18-Jun-2015,4516.46
NIFTY500 VALUE 50 - TRI,19-Jun-2015,4545.19
NIFTY500 VALUE 50 - TRI,22-Jun-2015,4668.20
NIFTY500 VALUE 50 - TRI,23-Jun-2015,4708.10
NIFTY500 VALUE 50 - TRI,24-Jun-2015,4634.77
NIFTY500 VALUE 50 - TRI,25-Jun-2015,4666.47
NIFTY500 VALUE 50 - TRI,26-Jun-2015,4639.19
NIFTY500 VALUE 50 - TRI,29-Jun-2015,4568.17
NIFTY500 VALUE 50 - TRI,30-Jun-2015,4619.20
NIFTY500 VALUE 50 - TRI,01-Jul-2015,4731.13
NIFTY500 VALUE 50 - TRI,02-Jul-2015,4777.10
NIFTY500 VALUE 50 - TRI,03-Jul-2015,4772.44
NIFTY500 VALUE 50 - TRI,06-Jul-2015,4837.01
NIFTY500 VALUE 50 - TRI,07-Jul-2015,4862.69
NIFTY500 VALUE 50 - TRI,08-Jul-2015,4761.78
NIFTY500 VALUE 50 - TRI,09-Jul-2015,4745.91
NIFTY500 VALUE 50 - TRI,10-Jul-2015,4775.11
NIFTY500 VALUE 50 - TRI,13-Jul-2015,4832.18
NIFTY500 VALUE 50 - TRI,14-Jul-2015,4854.79
NIFTY500 VALUE 50 - TRI,15-Jul-2015,4838.41
NIFTY500 VALUE 50 - TRI,16-Jul-2015,4931.48
NIFTY500 VALUE 50 - TRI,17-Jul-2015,4970.83
NIFTY500 VALUE 50 - TRI,20-Jul-2015,4958.37
NIFTY500 VALUE 50 - TRI,21-Jul-2015,4855.44
NIFTY500 VALUE 50 - TRI,22-Jul-2015,4954.92
NIFTY500 VALUE 50 - TRI,23-Jul-2015,5008.15
NIFTY500 VALUE 50 - TRI,24-Jul-2015,4973.95
NIFTY500 VALUE 50 - TRI,27-Jul-2015,4891.11
NIFTY500 VALUE 50 - TRI,28-Jul-2015,4862.44
NIFTY500 VALUE 50 - TRI,29-Jul-2015,4817.54
NIFTY500 VALUE 50 - TRI,30-Jul-2015,4881.70
NIFTY500 VALUE 50 - TRI,31-Jul-2015,4948.11
NIFTY500 VALUE 50 - TRI,03-Aug-2015,5038.70
NIFTY500 VALUE 50 - TRI,04-Aug-2015,5094.43
NIFTY500 VALUE 50 - TRI,05-Aug-2015,5135.91
NIFTY500 VALUE 50 - TRI,06-Aug-2015,5189.71
NIFTY500 VALUE 50 - TRI,07-Aug-2015,5209.78
NIFTY500 VALUE 50 - TRI,10-Aug-2015,5173.11
NIFTY500 VALUE 50 - TRI,11-Aug-2015,5075.59
NIFTY500 VALUE 50 - TRI,12-Aug-2015,4924.28
NIFTY500 VALUE 50 - TRI,13-Aug-2015,4854.29
NIFTY500 VALUE 50 - TRI,14-Aug-2015,4969.68
NIFTY500 VALUE 50 - TRI,17-Aug-2015,5012.41
NIFTY500 VALUE 50 - TRI,18-Aug-2015,5056.73
NIFTY500 VALUE 50 - TRI,19-Aug-2015,4997.72
NIFTY500 VALUE 50 - TRI,20-Aug-2015,4844.34
NIFTY500 VALUE 50 - TRI,21-Aug-2015,4804.02
NIFTY500 VALUE 50 - TRI,24-Aug-2015,4275.55
NIFTY500 VALUE 50 - TRI,25-Aug-2015,4390.07
NIFTY500 VALUE 50 - TRI,26-Aug-2015,4351.47
NIFTY500 VALUE 50 - TRI,27-Aug-2015,4507.37
NIFTY500 VALUE 50 - TRI,28-Aug-2015,4512.43
NIFTY500 VALUE 50 - TRI,31-Aug-2015,4540.29
NIFTY500 VALUE 50 - TRI,01-Sep-2015,4370.46
NIFTY500 VALUE 50 - TRI,02-Sep-2015,4330.12
NIFTY500 VALUE 50 - TRI,03-Sep-2015,4401.62
NIFTY500 VALUE 50 - TRI,04-Sep-2015,4297.46
NIFTY500 VALUE 50 - TRI,07-Sep-2015,4209.44
NIFTY500 VALUE 50 - TRI,08-Sep-2015,4258.84
NIFTY500 VALUE 50 - TRI,09-Sep-2015,4368.23
NIFTY500 VALUE 50 - TRI,10-Sep-2015,4338.23
NIFTY500 VALUE 50 - TRI,11-Sep-2015,4343.16
NIFTY500 VALUE 50 - TRI,14-Sep-2015,4428.41
NIFTY500 VALUE 50 - TRI,15-Sep-2015,4357.42
NIFTY500 VALUE 50 - TRI,16-Sep-2015,4310.29
NIFTY500 VALUE 50 - TRI,18-Sep-2015,4387.91
NIFTY500 VALUE 50 - TRI,21-Sep-2015,4473.73
NIFTY500 VALUE 50 - TRI,22-Sep-2015,4409.39
NIFTY500 VALUE 50 - TRI,23-Sep-2015,4492.19
NIFTY500 VALUE 50 - TRI,24-Sep-2015,4510.94
NIFTY500 VALUE 50 - TRI,28-Sep-2015,4486.22
NIFTY500 VALUE 50 - TRI,29-Sep-2015,4444.85
NIFTY500 VALUE 50 - TRI,30-Sep-2015,4500.17
NIFTY500 VALUE 50 - TRI,01-Oct-2015,4489.24
NIFTY500 VALUE 50 - TRI,05-Oct-2015,4604.83
NIFTY500 VALUE 50 - TRI,06-Oct-2015,4645.37
NIFTY500 VALUE 50 - TRI,07-Oct-2015,4720.20
NIFTY500 VALUE 50 - TRI,08-Oct-2015,4718.92
NIFTY500 VALUE 50 - TRI,09-Oct-2015,4756.61
NIFTY500 VALUE 50 - TRI,12-Oct-2015,4796.46
NIFTY500 VALUE 50 - TRI,13-Oct-2015,4802.38
NIFTY500 VALUE 50 - TRI,14-Oct-2015,4793.74
NIFTY500 VALUE 50 - TRI,15-Oct-2015,4851.59
NIFTY500 VALUE 50 - TRI,16-Oct-2015,4872.12
NIFTY500 VALUE 50 - TRI,19-Oct-2015,4888.98
NIFTY500 VALUE 50 - TRI,20-Oct-2015,4845.59
NIFTY500 VALUE 50 - TRI,21-Oct-2015,4835.16
NIFTY500 VALUE 50 - TRI,23-Oct-2015,4834.62
NIFTY500 VALUE 50 - TRI,26-Oct-2015,4799.90
NIFTY500 VALUE 50 - TRI,27-Oct-2015,4798.05
NIFTY500 VALUE 50 - TRI,28-Oct-2015,4782.81
NIFTY500 VALUE 50 - TRI,29-Oct-2015,4744.22
NIFTY500 VALUE 50 - TRI,30-Oct-2015,4730.39
NIFTY500 VALUE 50 - TRI,02-Nov-2015,4690.12
NIFTY500 VALUE 50 - TRI,03-Nov-2015,4720.17
NIFTY500 VALUE 50 - TRI,04-Nov-2015,4727.08
NIFTY500 VALUE 50 - TRI,05-Nov-2015,4650.42
NIFTY500 VALUE 50 - TRI,06-Nov-2015,4596.28
NIFTY500 VALUE 50 - TRI,09-Nov-2015,4600.40
NIFTY500 VALUE 50 - TRI,10-Nov-2015,4499.35
NIFTY500 VALUE 50 - TRI,11-Nov-2015,4556.29
NIFTY500 VALUE 50 - TRI,13-Nov-2015,4529.23
NIFTY500 VALUE 50 - TRI,16-Nov-2015,4595.05
NIFTY500 VALUE 50 - TRI,17-Nov-2015,4631.66
NIFTY500 VALUE 50 - TRI,18-Nov-2015,4543.14
NIFTY500 VALUE 50 - TRI,19-Nov-2015,4608.84
NIFTY500 VALUE 50 - TRI,20-Nov-2015,4620.63
NIFTY500 VALUE 50 - TRI,23-Nov-2015,4591.31
NIFTY500 VALUE 50 - TRI,24-Nov-2015,4599.85
NIFTY500 VALUE 50 - TRI,26-Nov-2015,4622.68
NIFTY500 VALUE 50 - TRI,27-Nov-2015,4668.02
NIFTY500 VALUE 50 - TRI,30-Nov-2015,4696.04
NIFTY500 VALUE 50 - TRI,01-Dec-2015,4758.87
NIFTY500 VALUE 50 - TRI,02-Dec-2015,4747.08
NIFTY500 VALUE 50 - TRI,03-Dec-2015,4709.55
NIFTY500 VALUE 50 - TRI,04-Dec-2015,4668.26
NIFTY500 VALUE 50 - TRI,07-Dec-2015,4659.53
NIFTY500 VALUE 50 - TRI,08-Dec-2015,4544.17
NIFTY500 VALUE 50 - TRI,09-Dec-2015,4449.34
NIFTY500 VALUE 50 - TRI,10-Dec-2015,4489.31
NIFTY500 VALUE 50 - TRI,11-Dec-2015,4449.82
NIFTY500 VALUE 50 - TRI,14-Dec-2015,4460.50
NIFTY500 VALUE 50 - TRI,15-Dec-2015,4471.96
NIFTY500 VALUE 50 - TRI,16-Dec-2015,4499.29
NIFTY500 VALUE 50 - TRI,17-Dec-2015,4601.31
NIFTY500 VALUE 50 - TRI,18-Dec-2015,4582.96
NIFTY500 VALUE 50 - TRI,21-Dec-2015,4642.39
NIFTY500 VALUE 50 - TRI,22-Dec-2015,4603.50
NIFTY500 VALUE 50 - TRI,23-Dec-2015,4653.28
NIFTY500 VALUE 50 - TRI,24-Dec-2015,4679.94
NIFTY500 VALUE 50 - TRI,28-Dec-2015,4674.43
NIFTY500 VALUE 50 - TRI,29-Dec-2015,4664.82
NIFTY500 VALUE 50 - TRI,30-Dec-2015,4656.84
NIFTY500 VALUE 50 - TRI,31-Dec-2015,4678.38
NIFTY500 VALUE 50 - TRI,01-Jan-2016,4745.66
NIFTY500 VALUE 50 - TRI,04-Jan-2016,4672.07
NIFTY500 VALUE 50 - TRI,05-Jan-2016,4755.31
NIFTY500 VALUE 50 - TRI,06-Jan-2016,4720.62
NIFTY500 VALUE 50 - TRI,07-Jan-2016,4505.83
NIFTY500 VALUE 50 - TRI,08-Jan-2016,4567.82
NIFTY500 VALUE 50 - TRI,11-Jan-2016,4546.90
NIFTY500 VALUE 50 - TRI,12-Jan-2016,4478.19
NIFTY500 VALUE 50 - TRI,13-Jan-2016,4419.89
NIFTY500 VALUE 50 - TRI,14-Jan-2016,4360.42
NIFTY500 VALUE 50 - TRI,15-Jan-2016,4188.19
NIFTY500 VALUE 50 - TRI,18-Jan-2016,4054.52
NIFTY500 VALUE 50 - TRI,19-Jan-2016,4098.55
NIFTY500 VALUE 50 - TRI,20-Jan-2016,3976.27
NIFTY500 VALUE 50 - TRI,21-Jan-2016,3965.65
NIFTY500 VALUE 50 - TRI,22-Jan-2016,4098.04
NIFTY500 VALUE 50 - TRI,25-Jan-2016,4109.78
NIFTY500 VALUE 50 - TRI,27-Jan-2016,4133.44
NIFTY500 VALUE 50 - TRI,28-Jan-2016,4120.01
NIFTY500 VALUE 50 - TRI,29-Jan-2016,4172.57
NIFTY500 VALUE 50 - TRI,01-Feb-2016,4148.08
NIFTY500 VALUE 50 - TRI,02-Feb-2016,4035.63
NIFTY500 VALUE 50 - TRI,03-Feb-2016,3933.20
NIFTY500 VALUE 50 - TRI,04-Feb-2016,3938.49
NIFTY500 VALUE 50 - TRI,05-Feb-2016,4069.81
NIFTY500 VALUE 50 - TRI,08-Feb-2016,4049.60
NIFTY500 VALUE 50 - TRI,09-Feb-2016,3979.69
NIFTY500 VALUE 50 - TRI,10-Feb-2016,3887.91
NIFTY500 VALUE 50 - TRI,11-Feb-2016,3710.25
NIFTY500 VALUE 50 - TRI,12-Feb-2016,3648.65
NIFTY500 VALUE 50 - TRI,15-Feb-2016,3874.09
NIFTY500 VALUE 50 - TRI,16-Feb-2016,3754.64
NIFTY500 VALUE 50 - TRI,17-Feb-2016,3809.98
NIFTY500 VALUE 50 - TRI,18-Feb-2016,3835.98
NIFTY500 VALUE 50 - TRI,19-Feb-2016,3835.41
NIFTY500 VALUE 50 - TRI,22-Feb-2016,3851.80
NIFTY500 VALUE 50 - TRI,23-Feb-2016,3783.28
NIFTY500 VALUE 50 - TRI,24-Feb-2016,3754.26
NIFTY500 VALUE 50 - TRI,25-Feb-2016,3726.06
NIFTY500 VALUE 50 - TRI,26-Feb-2016,3750.33
NIFTY500 VALUE 50 - TRI,29-Feb-2016,3757.14
NIFTY500 VALUE 50 - TRI,01-Mar-2016,3882.27
NIFTY500 VALUE 50 - TRI,02-Mar-2016,4015.58
NIFTY500 VALUE 50 - TRI,03-Mar-2016,4121.42
NIFTY500 VALUE 50 - TRI,04-Mar-2016,4187.30
NIFTY500 VALUE 50 - TRI,08-Mar-2016,4269.77
NIFTY500 VALUE 50 - TRI,09-Mar-2016,4269.92
NIFTY500 VALUE 50 - TRI,10-Mar-2016,4250.55
NIFTY500 VALUE 50 - TRI,11-Mar-2016,4249.50
NIFTY500 VALUE 50 - TRI,14-Mar-2016,4274.66
NIFTY500 VALUE 50 - TRI,15-Mar-2016,4288.72
NIFTY500 VALUE 50 - TRI,16-Mar-2016,4261.64
NIFTY500 VALUE 50 - TRI,17-Mar-2016,4297.53
NIFTY500 VALUE 50 - TRI,18-Mar-2016,4351.97
NIFTY500 VALUE 50 - TRI,21-Mar-2016,4401.81
NIFTY500 VALUE 50 - TRI,22-Mar-2016,4433.38
NIFTY500 VALUE 50 - TRI,23-Mar-2016,4459.77
NIFTY500 VALUE 50 - TRI,28-Mar-2016,4314.43
NIFTY500 VALUE 50 - TRI,29-Mar-2016,4315.83
NIFTY500 VALUE 50 - TRI,30-Mar-2016,4451.22
NIFTY500 VALUE 50 - TRI,31-Mar-2016,4450.96
NIFTY500 VALUE 50 - TRI,01-Apr-2016,4490.09
NIFTY500 VALUE 50 - TRI,04-Apr-2016,4504.62
NIFTY500 VALUE 50 - TRI,05-Apr-2016,4386.78
NIFTY500 VALUE 50 - TRI,06-Apr-2016,4447.56
NIFTY500 VALUE 50 - TRI,07-Apr-2016,4422.40
NIFTY500 VALUE 50 - TRI,08-Apr-2016,4451.96
NIFTY500 VALUE 50 - TRI,11-Apr-2016,4529.83
NIFTY500 VALUE 50 - TRI,12-Apr-2016,4530.99
NIFTY500 VALUE 50 - TRI,13-Apr-2016,4604.38
NIFTY500 VALUE 50 - TRI,18-Apr-2016,4647.15
NIFTY500 VALUE 50 - TRI,20-Apr-2016,4708.78
NIFTY500 VALUE 50 - TRI,21-Apr-2016,4733.04
NIFTY500 VALUE 50 - TRI,22-Apr-2016,4742.14
NIFTY500 VALUE 50 - TRI,25-Apr-2016,4688.95
NIFTY500 VALUE 50 - TRI,26-Apr-2016,4762.29
NIFTY500 VALUE 50 - TRI,27-Apr-2016,4755.14
NIFTY500 VALUE 50 - TRI,28-Apr-2016,4662.40
NIFTY500 VALUE 50 - TRI,29-Apr-2016,4685.89
NIFTY500 VALUE 50 - TRI,02-May-2016,4704.94
NIFTY500 VALUE 50 - TRI,03-May-2016,4658.58
NIFTY500 VALUE 50 - TRI,04-May-2016,4511.23
NIFTY500 VALUE 50 - TRI,05-May-2016,4486.12
NIFTY500 VALUE 50 - TRI,06-May-2016,4520.93
NIFTY500 VALUE 50 - TRI,09-May-2016,4571.02
NIFTY500 VALUE 50 - TRI,10-May-2016,4537.25
NIFTY500 VALUE 50 - TRI,11-May-2016,4502.30
NIFTY500 VALUE 50 - TRI,12-May-2016,4535.82
NIFTY500 VALUE 50 - TRI,13-May-2016,4495.32
NIFTY500 VALUE 50 - TRI,16-May-2016,4492.93
NIFTY500 VALUE 50 - TRI,17-May-2016,4501.57
NIFTY500 VALUE 50 - TRI,18-May-2016,4532.66
NIFTY500 VALUE 50 - TRI,19-May-2016,4459.08
NIFTY500 VALUE 50 - TRI,20-May-2016,4418.33
NIFTY500 VALUE 50 - TRI,23-May-2016,4387.11
NIFTY500 VALUE 50 - TRI,24-May-2016,4368.88
NIFTY500 VALUE 50 - TRI,25-May-2016,4447.39
NIFTY500 VALUE 50 - TRI,26-May-2016,4504.82
NIFTY500 VALUE 50 - TRI,27-May-2016,4595.62
NIFTY500 VALUE 50 - TRI,30-May-2016,4626.08
NIFTY500 VALUE 50 - TRI,31-May-2016,4640.97
NIFTY500 VALUE 50 - TRI,01-Jun-2016,4607.92
NIFTY500 VALUE 50 - TRI,02-Jun-2016,4634.85
NIFTY500 VALUE 50 - TRI,03-Jun-2016,4616.41
NIFTY500 VALUE 50 - TRI,06-Jun-2016,4622.94
NIFTY500 VALUE 50 - TRI,07-Jun-2016,4661.20
NIFTY500 VALUE 50 - TRI,08-Jun-2016,4686.35
NIFTY500 VALUE 50 - TRI,09-Jun-2016,4717.86
NIFTY500 VALUE 50 - TRI,10-Jun-2016,4725.74
NIFTY500 VALUE 50 - TRI,13-Jun-2016,4686.09
NIFTY500 VALUE 50 - TRI,14-Jun-2016,4749.94
NIFTY500 VALUE 50 - TRI,15-Jun-2016,4799.15
NIFTY500 VALUE 50 - TRI,16-Jun-2016,4816.60
NIFTY500 VALUE 50 - TRI,17-Jun-2016,4832.17
NIFTY500 VALUE 50 - TRI,20-Jun-2016,4883.68
NIFTY500 VALUE 50 - TRI,21-Jun-2016,4894.71
NIFTY500 VALUE 50 - TRI,22-Jun-2016,4865.74
NIFTY500 VALUE 50 - TRI,23-Jun-2016,4887.78
NIFTY500 VALUE 50 - TRI,24-Jun-2016,4748.84
NIFTY500 VALUE 50 - TRI,27-Jun-2016,4836.40
NIFTY500 VALUE 50 - TRI,28-Jun-2016,4880.31
NIFTY500 VALUE 50 - TRI,29-Jun-2016,4953.37
NIFTY500 VALUE 50 - TRI,30-Jun-2016,5041.61
NIFTY500 VALUE 50 - TRI,01-Jul-2016,5126.62
NIFTY500 VALUE 50 - TRI,04-Jul-2016,5223.03
NIFTY500 VALUE 50 - TRI,05-Jul-2016,5246.79
NIFTY500 VALUE 50 - TRI,07-Jul-2016,5280.71
NIFTY500 VALUE 50 - TRI,08-Jul-2016,5258.74
NIFTY500 VALUE 50 - TRI,11-Jul-2016,5378.39
NIFTY500 VALUE 50 - TRI,12-Jul-2016,5469.44
NIFTY500 VALUE 50 - TRI,13-Jul-2016,5452.66
NIFTY500 VALUE 50 - TRI,14-Jul-2016,5530.78
NIFTY500 VALUE 50 - TRI,15-Jul-2016,5515.21
NIFTY500 VALUE 50 - TRI,18-Jul-2016,5452.29
NIFTY500 VALUE 50 - TRI,19-Jul-2016,5509.73
NIFTY500 VALUE 50 - TRI,20-Jul-2016,5548.02
NIFTY500 VALUE 50 - TRI,21-Jul-2016,5505.16
NIFTY500 VALUE 50 - TRI,22-Jul-2016,5585.27
NIFTY500 VALUE 50 - TRI,25-Jul-2016,5691.17
NIFTY500 VALUE 50 - TRI,26-Jul-2016,5645.67
NIFTY500 VALUE 50 - TRI,27-Jul-2016,5670.87
NIFTY500 VALUE 50 - TRI,28-Jul-2016,5683.10
NIFTY500 VALUE 50 - TRI,29-Jul-2016,5666.41
NIFTY500 VALUE 50 - TRI,01-Aug-2016,5669.26
NIFTY500 VALUE 50 - TRI,02-Aug-2016,5617.96
NIFTY500 VALUE 50 - TRI,03-Aug-2016,5568.93
NIFTY500 VALUE 50 - TRI,04-Aug-2016,5629.02
NIFTY500 VALUE 50 - TRI,05-Aug-2016,5772.08
NIFTY500 VALUE 50 - TRI,08-Aug-2016,5811.45
NIFTY500 VALUE 50 - TRI,09-Aug-2016,5750.73
NIFTY500 VALUE 50 - TRI,10-Aug-2016,5642.58
NIFTY500 VALUE 50 - TRI,11-Aug-2016,5618.61
NIFTY500 VALUE 50 - TRI,12-Aug-2016,5666.59
NIFTY500 VALUE 50 - TRI,16-Aug-2016,5707.43
NIFTY500 VALUE 50 - TRI,17-Aug-2016,5743.14
NIFTY500 VALUE 50 - TRI,18-Aug-2016,5789.11
NIFTY500 VALUE 50 - TRI,19-Aug-2016,5863.23
NIFTY500 VALUE 50 - TRI,22-Aug-2016,5818.56
NIFTY500 VALUE 50 - TRI,23-Aug-2016,5777.60
NIFTY500 VALUE 50 - TRI,24-Aug-2016,5817.21
NIFTY500 VALUE 50 - TRI,25-Aug-2016,5766.00
NIFTY500 VALUE 50 - TRI,26-Aug-2016,5724.78
NIFTY500 VALUE 50 - TRI,29-Aug-2016,5756.38
NIFTY500 VALUE 50 - TRI,30-Aug-2016,5842.51
NIFTY500 VALUE 50 - TRI,31-Aug-2016,5851.46
NIFTY500 VALUE 50 - TRI,01-Sep-2016,5782.80
NIFTY500 VALUE 50 - TRI,02-Sep-2016,5831.19
NIFTY500 VALUE 50 - TRI,06-Sep-2016,5914.96
NIFTY500 VALUE 50 - TRI,07-Sep-2016,5981.74
NIFTY500 VALUE 50 - TRI,08-Sep-2016,6048.15
NIFTY500 VALUE 50 - TRI,09-Sep-2016,5987.63
NIFTY500 VALUE 50 - TRI,12-Sep-2016,5717.09
NIFTY500 VALUE 50 - TRI,14-Sep-2016,5822.32
NIFTY500 VALUE 50 - TRI,15-Sep-2016,5796.76
NIFTY500 VALUE 50 - TRI,16-Sep-2016,5754.13
NIFTY500 VALUE 50 - TRI,19-Sep-2016,5812.92
NIFTY500 VALUE 50 - TRI,20-Sep-2016,5808.52
NIFTY500 VALUE 50 - TRI,21-Sep-2016,5814.78
NIFTY500 VALUE 50 - TRI,22-Sep-2016,5921.86
NIFTY500 VALUE 50 - TRI,23-Sep-2016,5925.82
NIFTY500 VALUE 50 - TRI,26-Sep-2016,5903.89
NIFTY500 VALUE 50 - TRI,27-Sep-2016,5860.52
NIFTY500 VALUE 50 - TRI,28-Sep-2016,6000.03
NIFTY500 VALUE 50 - TRI,29-Sep-2016,5716.39
NIFTY500 VALUE 50 - TRI,30-Sep-2016,5859.55
NIFTY500 VALUE 50 - TRI,03-Oct-2016,6040.21
NIFTY500 VALUE 50 - TRI,04-Oct-2016,6133.71
NIFTY500 VALUE 50 - TRI,05-Oct-2016,6171.46
NIFTY500 VALUE 50 - TRI,06-Oct-2016,6178.28
NIFTY500 VALUE 50 - TRI,07-Oct-2016,6193.54
NIFTY500 VALUE 50 - TRI,10-Oct-2016,6190.32
NIFTY500 VALUE 50 - TRI,13-Oct-2016,6080.38
NIFTY500 VALUE 50 - TRI,14-Oct-2016,6114.27
NIFTY500 VALUE 50 - TRI,17-Oct-2016,6065.54
NIFTY500 VALUE 50 - TRI,18-Oct-2016,6148.60
NIFTY500 VALUE 50 - TRI,19-Oct-2016,6189.67
NIFTY500 VALUE 50 - TRI,20-Oct-2016,6249.68
NIFTY500 VALUE 50 - TRI,21-Oct-2016,6271.49
NIFTY500 VALUE 50 - TRI,24-Oct-2016,6307.79
NIFTY500 VALUE 50 - TRI,25-Oct-2016,6264.32
NIFTY500 VALUE 50 - TRI,26-Oct-2016,6195.68
NIFTY500 VALUE 50 - TRI,27-Oct-2016,6157.24
NIFTY500 VALUE 50 - TRI,28-Oct-2016,6240.26
NIFTY500 VALUE 50 - TRI,30-Oct-2016,6258.29
NIFTY500 VALUE 50 - TRI,01-Nov-2016,6332.28
NIFTY500 VALUE 50 - TRI,02-Nov-2016,6184.53
NIFTY500 VALUE 50 - TRI,03-Nov-2016,6090.84
NIFTY500 VALUE 50 - TRI,04-Nov-2016,5977.23
NIFTY500 VALUE 50 - TRI,07-Nov-2016,6074.67
NIFTY500 VALUE 50 - TRI,08-Nov-2016,6085.97
NIFTY500 VALUE 50 - TRI,09-Nov-2016,5946.61
NIFTY500 VALUE 50 - TRI,10-Nov-2016,6177.97
NIFTY500 VALUE 50 - TRI,11-Nov-2016,6023.79
NIFTY500 VALUE 50 - TRI,15-Nov-2016,5804.50
NIFTY500 VALUE 50 - TRI,16-Nov-2016,5762.61
NIFTY500 VALUE 50 - TRI,17-Nov-2016,5793.05
NIFTY500 VALUE 50 - TRI,18-Nov-2016,5824.81
NIFTY500 VALUE 50 - TRI,21-Nov-2016,5631.39
NIFTY500 VALUE 50 - TRI,22-Nov-2016,5725.54
NIFTY500 VALUE 50 - TRI,23-Nov-2016,5809.07
NIFTY500 VALUE 50 - TRI,24-Nov-2016,5824.14
NIFTY500 VALUE 50 - TRI,25-Nov-2016,5939.62
NIFTY500 VALUE 50 - TRI,28-Nov-2016,5983.04
NIFTY500 VALUE 50 - TRI,29-Nov-2016,5987.87
NIFTY500 VALUE 50 - TRI,30-Nov-2016,6083.40
NIFTY500 VALUE 50 - TRI,01-Dec-2016,5978.28
NIFTY500 VALUE 50 - TRI,02-Dec-2016,5900.44
NIFTY500 VALUE 50 - TRI,05-Dec-2016,5946.59
NIFTY500 VALUE 50 - TRI,06-Dec-2016,5991.57
NIFTY500 VALUE 50 - TRI,07-Dec-2016,5985.61
NIFTY500 VALUE 50 - TRI,08-Dec-2016,6102.95
NIFTY500 VALUE 50 - TRI,09-Dec-2016,6122.65
NIFTY500 VALUE 50 - TRI,12-Dec-2016,6064.63
NIFTY500 VALUE 50 - TRI,13-Dec-2016,6054.27
NIFTY500 VALUE 50 - TRI,14-Dec-2016,5984.75
NIFTY500 VALUE 50 - TRI,15-Dec-2016,5999.16
NIFTY500 VALUE 50 - TRI,16-Dec-2016,5943.22
NIFTY500 VALUE 50 - TRI,19-Dec-2016,5949.04
NIFTY500 VALUE 50 - TRI,20-Dec-2016,5882.27
NIFTY500 VALUE 50 - TRI,21-Dec-2016,5914.32
NIFTY500 VALUE 50 - TRI,22-Dec-2016,5797.57
NIFTY500 VALUE 50 - TRI,23-Dec-2016,5762.24
NIFTY500 VALUE 50 - TRI,26-Dec-2016,5602.41
NIFTY500 VALUE 50 - TRI,27-Dec-2016,5704.44
NIFTY500 VALUE 50 - TRI,28-Dec-2016,5711.44
NIFTY500 VALUE 50 - TRI,29-Dec-2016,5799.04
NIFTY500 VALUE 50 - TRI,30-Dec-2016,5851.21
NIFTY500 VALUE 50 - TRI,02-Jan-2017,5946.52
NIFTY500 VALUE 50 - TRI,03-Jan-2017,6013.55
NIFTY500 VALUE 50 - TRI,04-Jan-2017,6031.68
NIFTY500 VALUE 50 - TRI,05-Jan-2017,6167.93
NIFTY500 VALUE 50 - TRI,06-Jan-2017,6155.83
NIFTY500 VALUE 50 - TRI,09-Jan-2017,6155.36
NIFTY500 VALUE 50 - TRI,10-Jan-2017,6219.04
NIFTY500 VALUE 50 - TRI,11-Jan-2017,6342.58
NIFTY500 VALUE 50 - TRI,12-Jan-2017,6366.43
NIFTY500 VALUE 50 - TRI,13-Jan-2017,6363.39
NIFTY500 VALUE 50 - TRI,16-Jan-2017,6424.40
NIFTY500 VALUE 50 - TRI,17-Jan-2017,6394.49
NIFTY500 VALUE 50 - TRI,18-Jan-2017,6433.48
NIFTY500 VALUE 50 - TRI,19-Jan-2017,6485.96
NIFTY500 VALUE 50 - TRI,20-Jan-2017,6347.21
NIFTY500 VALUE 50 - TRI,23-Jan-2017,6444.16
NIFTY500 VALUE 50 - TRI,24-Jan-2017,6509.45
NIFTY500 VALUE 50 - TRI,25-Jan-2017,6611.81
NIFTY500 VALUE 50 - TRI,27-Jan-2017,6647.87
NIFTY500 VALUE 50 - TRI,30-Jan-2017,6625.41
NIFTY500 VALUE 50 - TRI,31-Jan-2017,6504.75
NIFTY500 VALUE 50 - TRI,01-Feb-2017,6658.09
NIFTY500 VALUE 50 - TRI,02-Feb-2017,6713.17
NIFTY500 VALUE 50 - TRI,03-Feb-2017,6774.62
NIFTY500 VALUE 50 - TRI,06-Feb-2017,6794.05
NIFTY500 VALUE 50 - TRI,07-Feb-2017,6745.89
NIFTY500 VALUE 50 - TRI,08-Feb-2017,6805.78
NIFTY500 VALUE 50 - TRI,09-Feb-2017,6802.79
NIFTY500 VALUE 50 - TRI,10-Feb-2017,6775.27
NIFTY500 VALUE 50 - TRI,13-Feb-2017,6744.52
NIFTY500 VALUE 50 - TRI,14-Feb-2017,6683.46
NIFTY500 VALUE 50 - TRI,15-Feb-2017,6556.22
NIFTY500 VALUE 50 - TRI,16-Feb-2017,6646.46
NIFTY500 VALUE 50 - TRI,17-Feb-2017,6690.79
NIFTY500 VALUE 50 - TRI,20-Feb-2017,6800.75
NIFTY500 VALUE 50 - TRI,21-Feb-2017,6863.16
NIFTY500 VALUE 50 - TRI,22-Feb-2017,6849.46
NIFTY500 VALUE 50 - TRI,23-Feb-2017,6866.77
NIFTY500 VALUE 50 - TRI,27-Feb-2017,6842.23
NIFTY500 VALUE 50 - TRI,28-Feb-2017,6882.17
NIFTY500 VALUE 50 - TRI,01-Mar-2017,6931.07
NIFTY500 VALUE 50 - TRI,02-Mar-2017,6815.70
NIFTY500 VALUE 50 - TRI,03-Mar-2017,6860.53
NIFTY500 VALUE 50 - TRI,06-Mar-2017,6898.67
NIFTY500 VALUE 50 - TRI,07-Mar-2017,6863.06
NIFTY500 VALUE 50 - TRI,08-Mar-2017,6752.19
NIFTY500 VALUE 50 - TRI,09-Mar-2017,6724.97
NIFTY500 VALUE 50 - TRI,10-Mar-2017,6706.09
NIFTY500 VALUE 50 - TRI,14-Mar-2017,6815.08
NIFTY500 VALUE 50 - TRI,15-Mar-2017,6855.46
NIFTY500 VALUE 50 - TRI,16-Mar-2017,7004.17
NIFTY500 VALUE 50 - TRI,17-Mar-2017,7003.37
NIFTY500 VALUE 50 - TRI,20-Mar-2017,7018.60
NIFTY500 VALUE 50 - TRI,21-Mar-2017,6995.04
NIFTY500 VALUE 50 - TRI,22-Mar-2017,6906.70
NIFTY500 VALUE 50 - TRI,23-Mar-2017,6992.42
NIFTY500 VALUE 50 - TRI,24-Mar-2017,7065.05
NIFTY500 VALUE 50 - TRI,27-Mar-2017,7022.88
NIFTY500 VALUE 50 - TRI,28-Mar-2017,7035.75
NIFTY500 VALUE 50 - TRI,29-Mar-2017,7072.61
NIFTY500 VALUE 50 - TRI,30-Mar-2017,7102.15
NIFTY500 VALUE 50 - TRI,31-Mar-2017,7190.09
NIFTY500 VALUE 50 - TRI,03-Apr-2017,7201.28
NIFTY500 VALUE 50 - TRI,05-Apr-2017,7285.11
NIFTY500 VALUE 50 - TRI,06-Apr-2017,7277.55
NIFTY500 VALUE 50 - TRI,07-Apr-2017,7238.94
NIFTY500 VALUE 50 - TRI,10-Apr-2017,7295.85
NIFTY500 VALUE 50 - TRI,11-Apr-2017,7417.40
NIFTY500 VALUE 50 - TRI,12-Apr-2017,7379.53
NIFTY500 VALUE 50 - TRI,13-Apr-2017,7377.41
NIFTY500 VALUE 50 - TRI,17-Apr-2017,7389.21
NIFTY500 VALUE 50 - TRI,18-Apr-2017,7325.12
NIFTY500 VALUE 50 - TRI,19-Apr-2017,7354.24
NIFTY500 VALUE 50 - TRI,20-Apr-2017,7437.47
NIFTY500 VALUE 50 - TRI,21-Apr-2017,7457.42
NIFTY500 VALUE 50 - TRI,24-Apr-2017,7518.71
NIFTY500 VALUE 50 - TRI,25-Apr-2017,7591.47
NIFTY500 VALUE 50 - TRI,26-Apr-2017,7491.88
NIFTY500 VALUE 50 - TRI,27-Apr-2017,7494.80
NIFTY500 VALUE 50 - TRI,28-Apr-2017,7554.14
NIFTY500 VALUE 50 - TRI,02-May-2017,7654.74
NIFTY500 VALUE 50 - TRI,03-May-2017,7644.35
NIFTY500 VALUE 50 - TRI,04-May-2017,7683.83
NIFTY500 VALUE 50 - TRI,05-May-2017,7589.04
NIFTY500 VALUE 50 - TRI,08-May-2017,7671.91
NIFTY500 VALUE 50 - TRI,09-May-2017,7721.73
NIFTY500 VALUE 50 - TRI,10-May-2017,7759.55
NIFTY500 VALUE 50 - TRI,11-May-2017,7692.54
NIFTY500 VALUE 50 - TRI,12-May-2017,7680.19
NIFTY500 VALUE 50 - TRI,15-May-2017,7754.46
NIFTY500 VALUE 50 - TRI,16-May-2017,7786.91
NIFTY500 VALUE 50 - TRI,17-May-2017,7807.26
NIFTY500 VALUE 50 - TRI,18-May-2017,7647.59
NIFTY500 VALUE 50 - TRI,19-May-2017,7579.09
NIFTY500 VALUE 50 - TRI,22-May-2017,7464.11
NIFTY500 VALUE 50 - TRI,23-May-2017,7361.64
NIFTY500 VALUE 50 - TRI,24-May-2017,7248.98
NIFTY500 VALUE 50 - TRI,25-May-2017,7337.41
NIFTY500 VALUE 50 - TRI,26-May-2017,7488.60
NIFTY500 VALUE 50 - TRI,29-May-2017,7334.44
NIFTY500 VALUE 50 - TRI,30-May-2017,7393.85
NIFTY500 VALUE 50 - TRI,31-May-2017,7421.74
NIFTY500 VALUE 50 - TRI,01-Jun-2017,7405.58
NIFTY500 VALUE 50 - TRI,02-Jun-2017,7411.91
NIFTY500 VALUE 50 - TRI,05-Jun-2017,7449.02
NIFTY500 VALUE 50 - TRI,06-Jun-2017,7398.19
NIFTY500 VALUE 50 - TRI,07-Jun-2017,7429.52
NIFTY500 VALUE 50 - TRI,08-Jun-2017,7429.35
NIFTY500 VALUE 50 - TRI,09-Jun-2017,7462.78
NIFTY500 VALUE 50 - TRI,12-Jun-2017,7444.58
NIFTY500 VALUE 50 - TRI,13-Jun-2017,7434.14
NIFTY500 VALUE 50 - TRI,14-Jun-2017,7464.97
NIFTY500 VALUE 50 - TRI,15-Jun-2017,7438.02
NIFTY500 VALUE 50 - TRI,16-Jun-2017,7456.23
NIFTY500 VALUE 50 - TRI,19-Jun-2017,7481.86
NIFTY500 VALUE 50 - TRI,20-Jun-2017,7498.87
NIFTY500 VALUE 50 - TRI,21-Jun-2017,7463.28
NIFTY500 VALUE 50 - TRI,22-Jun-2017,7344.45
NIFTY500 VALUE 50 - TRI,23-Jun-2017,7227.87
NIFTY500 VALUE 50 - TRI,27-Jun-2017,7154.22
NIFTY500 VALUE 50 - TRI,28-Jun-2017,7230.51
NIFTY500 VALUE 50 - TRI,29-Jun-2017,7273.34
NIFTY500 VALUE 50 - TRI,30-Jun-2017,7247.51
NIFTY500 VALUE 50 - TRI,03-Jul-2017,7350.58
NIFTY500 VALUE 50 - TRI,04-Jul-2017,7307.07
NIFTY500 VALUE 50 - TRI,05-Jul-2017,7392.79
NIFTY500 VALUE 50 - TRI,06-Jul-2017,7439.42
NIFTY500 VALUE 50 - TRI,07-Jul-2017,7450.30
NIFTY500 VALUE 50 - TRI,10-Jul-2017,7544.18
NIFTY500 VALUE 50 - TRI,11-Jul-2017,7496.49
NIFTY500 VALUE 50 - TRI,12-Jul-2017,7596.48
NIFTY500 VALUE 50 - TRI,13-Jul-2017,7630.59
NIFTY500 VALUE 50 - TRI,14-Jul-2017,7611.06
NIFTY500 VALUE 50 - TRI,17-Jul-2017,7659.84
NIFTY500 VALUE 50 - TRI,18-Jul-2017,7612.21
NIFTY500 VALUE 50 - TRI,19-Jul-2017,7702.62
NIFTY500 VALUE 50 - TRI,20-Jul-2017,7708.19
NIFTY500 VALUE 50 - TRI,21-Jul-2017,7712.33
NIFTY500 VALUE 50 - TRI,24-Jul-2017,7711.56
NIFTY500 VALUE 50 - TRI,25-Jul-2017,7747.78
NIFTY500 VALUE 50 - TRI,26-Jul-2017,7779.42
NIFTY500 VALUE 50 - TRI,27-Jul-2017,7714.55
NIFTY500 VALUE 50 - TRI,28-Jul-2017,7750.59
NIFTY500 VALUE 50 - TRI,31-Jul-2017,7805.62
NIFTY500 VALUE 50 - TRI,01-Aug-2017,7839.05
NIFTY500 VALUE 50 - TRI,02-Aug-2017,7816.74
NIFTY500 VALUE 50 - TRI,03-Aug-2017,7759.57
NIFTY500 VALUE 50 - TRI,04-Aug-2017,7918.35
NIFTY500 VALUE 50 - TRI,07-Aug-2017,8045.18
NIFTY500 VALUE 50 - TRI,08-Aug-2017,7915.58
NIFTY500 VALUE 50 - TRI,09-Aug-2017,7816.20
NIFTY500 VALUE 50 - TRI,10-Aug-2017,7552.55
NIFTY500 VALUE 50 - TRI,11-Aug-2017,7463.98
NIFTY500 VALUE 50 - TRI,14-Aug-2017,7656.46
NIFTY500 VALUE 50 - TRI,16-Aug-2017,7739.01
NIFTY500 VALUE 50 - TRI,17-Aug-2017,7821.07
NIFTY500 VALUE 50 - TRI,18-Aug-2017,7786.34
NIFTY500 VALUE 50 - TRI,21-Aug-2017,7642.82
NIFTY500 VALUE 50 - TRI,22-Aug-2017,7622.86
NIFTY500 VALUE 50 - TRI,23-Aug-2017,7752.08
NIFTY500 VALUE 50 - TRI,24-Aug-2017,7780.96
NIFTY500 VALUE 50 - TRI,28-Aug-2017,7845.17
NIFTY500 VALUE 50 - TRI,29-Aug-2017,7745.67
NIFTY500 VALUE 50 - TRI,30-Aug-2017,7921.34
NIFTY500 VALUE 50 - TRI,31-Aug-2017,7970.72
NIFTY500 VALUE 50 - TRI,01-Sep-2017,8085.04
NIFTY500 VALUE 50 - TRI,04-Sep-2017,8007.92
NIFTY500 VALUE 50 - TRI,05-Sep-2017,8080.40
NIFTY500 VALUE 50 - TRI,06-Sep-2017,8086.52
NIFTY500 VALUE 50 - TRI,07-Sep-2017,8120.20
NIFTY500 VALUE 50 - TRI,08-Sep-2017,8061.65
NIFTY500 VALUE 50 - TRI,11-Sep-2017,8105.79
NIFTY500 VALUE 50 - TRI,12-Sep-2017,8205.04
NIFTY500 VALUE 50 - TRI,13-Sep-2017,8097.21
NIFTY500 VALUE 50 - TRI,14-Sep-2017,8114.00
NIFTY500 VALUE 50 - TRI,15-Sep-2017,8115.69
NIFTY500 VALUE 50 - TRI,18-Sep-2017,8139.08
NIFTY500 VALUE 50 - TRI,19-Sep-2017,8176.96
NIFTY500 VALUE 50 - TRI,20-Sep-2017,8157.47
NIFTY500 VALUE 50 - TRI,21-Sep-2017,8089.60
NIFTY500 VALUE 50 - TRI,22-Sep-2017,7816.01
NIFTY500 VALUE 50 - TRI,25-Sep-2017,7686.08
NIFTY500 VALUE 50 - TRI,26-Sep-2017,7740.73
NIFTY500 VALUE 50 - TRI,27-Sep-2017,7601.52
NIFTY500 VALUE 50 - TRI,28-Sep-2017,7639.32
NIFTY500 VALUE 50 - TRI,29-Sep-2017,7726.80
NIFTY500 VALUE 50 - TRI,03-Oct-2017,7773.65
NIFTY500 VALUE 50 - TRI,04-Oct-2017,7826.75
NIFTY500 VALUE 50 - TRI,05-Oct-2017,7835.26
NIFTY500 VALUE 50 - TRI,06-Oct-2017,7959.45
NIFTY500 VALUE 50 - TRI,09-Oct-2017,7933.58
NIFTY500 VALUE 50 - TRI,10-Oct-2017,7955.27
NIFTY500 VALUE 50 - TRI,11-Oct-2017,7911.19
NIFTY500 VALUE 50 - TRI,12-Oct-2017,7983.50
NIFTY500 VALUE 50 - TRI,13-Oct-2017,8029.31
NIFTY500 VALUE 50 - TRI,16-Oct-2017,8042.57
NIFTY500 VALUE 50 - TRI,17-Oct-2017,8122.68
NIFTY500 VALUE 50 - TRI,18-Oct-2017,8135.59
NIFTY500 VALUE 50 - TRI,19-Oct-2017,8097.47
NIFTY500 VALUE 50 - TRI,23-Oct-2017,8102.36
NIFTY500 VALUE 50 - TRI,24-Oct-2017,8153.21
NIFTY500 VALUE 50 - TRI,25-Oct-2017,8259.06
NIFTY500 VALUE 50 - TRI,26-Oct-2017,8388.20
NIFTY500 VALUE 50 - TRI,27-Oct-2017,8364.36
NIFTY500 VALUE 50 - TRI,30-Oct-2017,8446.32
NIFTY500 VALUE 50 - TRI,31-Oct-2017,8424.56
NIFTY500 VALUE 50 - TRI,01-Nov-2017,8497.51
NIFTY500 VALUE 50 - TRI,02-Nov-2017,8495.57
NIFTY500 VALUE 50 - TRI,03-Nov-2017,8511.06
NIFTY500 VALUE 50 - TRI,06-Nov-2017,8501.13
NIFTY500 VALUE 50 - TRI,07-Nov-2017,8358.97
NIFTY500 VALUE 50 - TRI,08-Nov-2017,8292.65
NIFTY500 VALUE 50 - TRI,09-Nov-2017,8324.51
NIFTY500 VALUE 50 - TRI,10-Nov-2017,8297.89
NIFTY500 VALUE 50 - TRI,13-Nov-2017,8200.46
NIFTY500 VALUE 50 - TRI,14-Nov-2017,8140.73
NIFTY500 VALUE 50 - TRI,15-Nov-2017,7995.17
NIFTY500 VALUE 50 - TRI,16-Nov-2017,8069.73
NIFTY500 VALUE 50 - TRI,17-Nov-2017,8163.00
NIFTY500 VALUE 50 - TRI,20-Nov-2017,8246.24
NIFTY500 VALUE 50 - TRI,21-Nov-2017,8245.13
NIFTY500 VALUE 50 - TRI,22-Nov-2017,8226.07
NIFTY500 VALUE 50 - TRI,23-Nov-2017,8233.56
NIFTY500 VALUE 50 - TRI,24-Nov-2017,8233.44
NIFTY500 VALUE 50 - TRI,27-Nov-2017,8217.06
NIFTY500 VALUE 50 - TRI,28-Nov-2017,8198.88
NIFTY500 VALUE 50 - TRI,29-Nov-2017,8189.09
NIFTY500 VALUE 50 - TRI,30-Nov-2017,8117.03
NIFTY500 VALUE 50 - TRI,01-Dec-2017,8002.92
NIFTY500 VALUE 50 - TRI,04-Dec-2017,8023.07
NIFTY500 VALUE 50 - TRI,05-Dec-2017,7988.53
NIFTY500 VALUE 50 - TRI,06-Dec-2017,7880.21
NIFTY500 VALUE 50 - TRI,07-Dec-2017,7982.17
NIFTY500 VALUE 50 - TRI,08-Dec-2017,8119.19
NIFTY500 VALUE 50 - TRI,11-Dec-2017,8144.07
NIFTY500 VALUE 50 - TRI,12-Dec-2017,8033.90
NIFTY500 VALUE 50 - TRI,13-Dec-2017,7965.82
NIFTY500 VALUE 50 - TRI,14-Dec-2017,8004.08
NIFTY500 VALUE 50 - TRI,15-Dec-2017,8099.21
NIFTY500 VALUE 50 - TRI,18-Dec-2017,8145.79
NIFTY500 VALUE 50 - TRI,19-Dec-2017,8246.99
NIFTY500 VALUE 50 - TRI,20-Dec-2017,8313.84
NIFTY500 VALUE 50 - TRI,21-Dec-2017,8383.44
NIFTY500 VALUE 50 - TRI,22-Dec-2017,8420.83
NIFTY500 VALUE 50 - TRI,26-Dec-2017,8517.63
NIFTY500 VALUE 50 - TRI,27-Dec-2017,8501.96
NIFTY500 VALUE 50 - TRI,28-Dec-2017,8553.45
NIFTY500 VALUE 50 - TRI,29-Dec-2017,8602.20
NIFTY500 VALUE 50 - TRI,01-Jan-2018,8631.00
NIFTY500 VALUE 50 - TRI,02-Jan-2018,8573.70
NIFTY500 VALUE 50 - TRI,03-Jan-2018,8614.90
NIFTY500 VALUE 50 - TRI,04-Jan-2018,8730.91
NIFTY500 VALUE 50 - TRI,05-Jan-2018,8762.60
NIFTY500 VALUE 50 - TRI,08-Jan-2018,8832.76
NIFTY500 VALUE 50 - TRI,09-Jan-2018,8815.50
NIFTY500 VALUE 50 - TRI,10-Jan-2018,8787.81
NIFTY500 VALUE 50 - TRI,11-Jan-2018,8810.21
NIFTY500 VALUE 50 - TRI,12-Jan-2018,8815.86
NIFTY500 VALUE 50 - TRI,15-Jan-2018,8790.56
NIFTY500 VALUE 50 - TRI,16-Jan-2018,8552.21
NIFTY500 VALUE 50 - TRI,17-Jan-2018,8665.51
NIFTY500 VALUE 50 - TRI,18-Jan-2018,8433.67
NIFTY500 VALUE 50 - TRI,19-Jan-2018,8523.06
NIFTY500 VALUE 50 - TRI,22-Jan-2018,8506.37
NIFTY500 VALUE 50 - TRI,23-Jan-2018,8662.44
NIFTY500 VALUE 50 - TRI,24-Jan-2018,8641.96
NIFTY500 VALUE 50 - TRI,25-Jan-2018,8565.63
NIFTY500 VALUE 50 - TRI,29-Jan-2018,8485.25
NIFTY500 VALUE 50 - TRI,30-Jan-2018,8517.34
NIFTY500 VALUE 50 - TRI,31-Jan-2018,8467.19
NIFTY500 VALUE 50 - TRI,01-Feb-2018,8369.88
NIFTY500 VALUE 50 - TRI,02-Feb-2018,8021.66
NIFTY500 VALUE 50 - TRI,05-Feb-2018,8031.06
NIFTY500 VALUE 50 - TRI,06-Feb-2018,7876.57
NIFTY500 VALUE 50 - TRI,07-Feb-2018,7973.91
NIFTY500 VALUE 50 - TRI,08-Feb-2018,8054.96
NIFTY500 VALUE 50 - TRI,09-Feb-2018,8057.07
NIFTY500 VALUE 50 - TRI,12-Feb-2018,8163.30
NIFTY500 VALUE 50 - TRI,14-Feb-2018,8097.81
NIFTY500 VALUE 50 - TRI,15-Feb-2018,8083.05
NIFTY500 VALUE 50 - TRI,16-Feb-2018,7986.35
NIFTY500 VALUE 50 - TRI,19-Feb-2018,7877.73
NIFTY500 VALUE 50 - TRI,20-Feb-2018,7908.50
NIFTY500 VALUE 50 - TRI,21-Feb-2018,7882.39
NIFTY500 VALUE 50 - TRI,22-Feb-2018,7820.62
NIFTY500 VALUE 50 - TRI,23-Feb-2018,7959.25
NIFTY500 VALUE 50 - TRI,26-Feb-2018,8043.10
NIFTY500 VALUE 50 - TRI,27-Feb-2018,7932.51
NIFTY500 VALUE 50 - TRI,28-Feb-2018,7943.63
NIFTY500 VALUE 50 - TRI,01-Mar-2018,7887.33
NIFTY500 VALUE 50 - TRI,05-Mar-2018,7729.23
NIFTY500 VALUE 50 - TRI,06-Mar-2018,7650.04
NIFTY500 VALUE 50 - TRI,07-Mar-2018,7506.88
NIFTY500 VALUE 50 - TRI,08-Mar-2018,7470.30
NIFTY500 VALUE 50 - TRI,09-Mar-2018,7402.25
NIFTY500 VALUE 50 - TRI,12-Mar-2018,7480.92
NIFTY500 VALUE 50 - TRI,13-Mar-2018,7616.83
NIFTY500 VALUE 50 - TRI,14-Mar-2018,7593.27
NIFTY500 VALUE 50 - TRI,15-Mar-2018,7607.20
NIFTY500 VALUE 50 - TRI,16-Mar-2018,7495.63
NIFTY500 VALUE 50 - TRI,19-Mar-2018,7317.13
NIFTY500 VALUE 50 - TRI,20-Mar-2018,7324.27
NIFTY500 VALUE 50 - TRI,21-Mar-2018,7355.31
NIFTY500 VALUE 50 - TRI,22-Mar-2018,7283.53
NIFTY500 VALUE 50 - TRI,23-Mar-2018,7123.04
NIFTY500 VALUE 50 - TRI,26-Mar-2018,7207.29
NIFTY500 VALUE 50 - TRI,27-Mar-2018,7327.33
NIFTY500 VALUE 50 - TRI,28-Mar-2018,7239.00
NIFTY500 VALUE 50 - TRI,02-Apr-2018,7315.78
NIFTY500 VALUE 50 - TRI,03-Apr-2018,7391.40
NIFTY500 VALUE 50 - TRI,04-Apr-2018,7274.88
NIFTY500 VALUE 50 - TRI,05-Apr-2018,7453.75
NIFTY500 VALUE 50 - TRI,06-Apr-2018,7493.73
NIFTY500 VALUE 50 - TRI,09-Apr-2018,7551.34
NIFTY500 VALUE 50 - TRI,10-Apr-2018,7580.08
NIFTY500 VALUE 50 - TRI,11-Apr-2018,7518.01
NIFTY500 VALUE 50 - TRI,12-Apr-2018,7477.38
NIFTY500 VALUE 50 - TRI,13-Apr-2018,7496.23
NIFTY500 VALUE 50 - TRI,16-Apr-2018,7490.35
NIFTY500 VALUE 50 - TRI,17-Apr-2018,7495.70
NIFTY500 VALUE 50 - TRI,18-Apr-2018,7468.81
NIFTY500 VALUE 50 - TRI,19-Apr-2018,7528.40
NIFTY500 VALUE 50 - TRI,20-Apr-2018,7513.86
NIFTY500 VALUE 50 - TRI,23-Apr-2018,7509.28
NIFTY500 VALUE 50 - TRI,24-Apr-2018,7420.74
NIFTY500 VALUE 50 - TRI,25-Apr-2018,7357.78
NIFTY500 VALUE 50 - TRI,26-Apr-2018,7361.60
NIFTY500 VALUE 50 - TRI,27-Apr-2018,7447.59
NIFTY500 VALUE 50 - TRI,30-Apr-2018,7485.86
NIFTY500 VALUE 50 - TRI,02-May-2018,7312.06
NIFTY500 VALUE 50 - TRI,03-May-2018,7288.57
NIFTY500 VALUE 50 - TRI,04-May-2018,7216.22
NIFTY500 VALUE 50 - TRI,07-May-2018,7301.50
NIFTY500 VALUE 50 - TRI,08-May-2018,7321.64
NIFTY500 VALUE 50 - TRI,09-May-2018,7292.18
NIFTY500 VALUE 50 - TRI,10-May-2018,7207.75
NIFTY500 VALUE 50 - TRI,11-May-2018,7238.15
NIFTY500 VALUE 50 - TRI,14-May-2018,7182.06
NIFTY500 VALUE 50 - TRI,15-May-2018,7115.21
NIFTY500 VALUE 50 - TRI,16-May-2018,7052.94
NIFTY500 VALUE 50 - TRI,17-May-2018,7069.05
NIFTY500 VALUE 50 - TRI,18-May-2018,6935.66
NIFTY500 VALUE 50 - TRI,21-May-2018,6872.16
NIFTY500 VALUE 50 - TRI,22-May-2018,6931.90
NIFTY500 VALUE 50 - TRI,23-May-2018,6755.22
NIFTY500 VALUE 50 - TRI,24-May-2018,6781.81
NIFTY500 VALUE 50 - TRI,25-May-2018,6913.41
NIFTY500 VALUE 50 - TRI,28-May-2018,7100.53
NIFTY500 VALUE 50 - TRI,29-May-2018,7094.32
NIFTY500 VALUE 50 - TRI,30-May-2018,7058.25
NIFTY500 VALUE 50 - TRI,31-May-2018,7097.64
NIFTY500 VALUE 50 - TRI,01-Jun-2018,7017.94
NIFTY500 VALUE 50 - TRI,04-Jun-2018,6941.19
NIFTY500 VALUE 50 - TRI,05-Jun-2018,6822.74
NIFTY500 VALUE 50 - TRI,06-Jun-2018,6936.71
NIFTY500 VALUE 50 - TRI,07-Jun-2018,7064.37
NIFTY500 VALUE 50 - TRI,08-Jun-2018,7073.56
NIFTY500 VALUE 50 - TRI,11-Jun-2018,7096.14
NIFTY500 VALUE 50 - TRI,12-Jun-2018,7107.84
NIFTY500 VALUE 50 - TRI,13-Jun-2018,7101.44
NIFTY500 VALUE 50 - TRI,14-Jun-2018,7058.41
NIFTY500 VALUE 50 - TRI,15-Jun-2018,6968.59
NIFTY500 VALUE 50 - TRI,18-Jun-2018,6948.26
NIFTY500 VALUE 50 - TRI,19-Jun-2018,6846.55
NIFTY500 VALUE 50 - TRI,20-Jun-2018,6856.96
NIFTY500 VALUE 50 - TRI,21-Jun-2018,6809.46
NIFTY500 VALUE 50 - TRI,22-Jun-2018,6806.54
NIFTY500 VALUE 50 - TRI,25-Jun-2018,6701.30
NIFTY500 VALUE 50 - TRI,26-Jun-2018,6701.98
NIFTY500 VALUE 50 - TRI,27-Jun-2018,6511.34
NIFTY500 VALUE 50 - TRI,28-Jun-2018,6425.71
NIFTY500 VALUE 50 - TRI,29-Jun-2018,6580.36
NIFTY500 VALUE 50 - TRI,02-Jul-2018,6485.37
NIFTY500 VALUE 50 - TRI,03-Jul-2018,6480.18
NIFTY500 VALUE 50 - TRI,04-Jul-2018,6428.89
NIFTY500 VALUE 50 - TRI,05-Jul-2018,6389.48
NIFTY500 VALUE 50 - TRI,06-Jul-2018,6456.62
NIFTY500 VALUE 50 - TRI,09-Jul-2018,6545.44
NIFTY500 VALUE 50 - TRI,10-Jul-2018,6617.44
NIFTY500 VALUE 50 - TRI,11-Jul-2018,6481.62
NIFTY500 VALUE 50 - TRI,12-Jul-2018,6475.18
NIFTY500 VALUE 50 - TRI,13-Jul-2018,6397.42
NIFTY500 VALUE 50 - TRI,16-Jul-2018,6208.69
NIFTY500 VALUE 50 - TRI,17-Jul-2018,6382.02
NIFTY500 VALUE 50 - TRI,18-Jul-2018,6291.18
NIFTY500 VALUE 50 - TRI,19-Jul-2018,6261.10
NIFTY500 VALUE 50 - TRI,20-Jul-2018,6222.44
NIFTY500 VALUE 50 - TRI,23-Jul-2018,6299.88
NIFTY500 VALUE 50 - TRI,24-Jul-2018,6479.84
NIFTY500 VALUE 50 - TRI,25-Jul-2018,6515.80
NIFTY500 VALUE 50 - TRI,26-Jul-2018,6561.48
NIFTY500 VALUE 50 - TRI,27-Jul-2018,6687.19
NIFTY500 VALUE 50 - TRI,30-Jul-2018,6766.19
NIFTY500 VALUE 50 - TRI,31-Jul-2018,6758.02
NIFTY500 VALUE 50 - TRI,01-Aug-2018,6769.82
NIFTY500 VALUE 50 - TRI,02-Aug-2018,6773.93
NIFTY500 VALUE 50 - TRI,03-Aug-2018,6850.20
NIFTY500 VALUE 50 - TRI,06-Aug-2018,6930.27
NIFTY500 VALUE 50 - TRI,07-Aug-2018,6921.95
NIFTY500 VALUE 50 - TRI,08-Aug-2018,6891.12
NIFTY500 VALUE 50 - TRI,09-Aug-2018,6990.79
NIFTY500 VALUE 50 - TRI,10-Aug-2018,6922.07
NIFTY500 VALUE 50 - TRI,13-Aug-2018,6747.14
NIFTY500 VALUE 50 - TRI,14-Aug-2018,6741.16
NIFTY500 VALUE 50 - TRI,16-Aug-2018,6687.68
NIFTY500 VALUE 50 - TRI,17-Aug-2018,6778.47
NIFTY500 VALUE 50 - TRI,20-Aug-2018,6893.65
NIFTY500 VALUE 50 - TRI,21-Aug-2018,6878.59
NIFTY500 VALUE 50 - TRI,23-Aug-2018,6783.61
NIFTY500 VALUE 50 - TRI,24-Aug-2018,6801.42
NIFTY500 VALUE 50 - TRI,27-Aug-2018,6910.71
NIFTY500 VALUE 50 - TRI,28-Aug-2018,6873.43
NIFTY500 VALUE 50 - TRI,29-Aug-2018,6931.58
NIFTY500 VALUE 50 - TRI,30-Aug-2018,6983.04
NIFTY500 VALUE 50 - TRI,31-Aug-2018,6989.79
NIFTY500 VALUE 50 - TRI,03-Sep-2018,6992.91
NIFTY500 VALUE 50 - TRI,04-Sep-2018,6791.98
NIFTY500 VALUE 50 - TRI,05-Sep-2018,6814.96
NIFTY500 VALUE 50 - TRI,06-Sep-2018,6870.77
NIFTY500 VALUE 50 - TRI,07-Sep-2018,6924.93
NIFTY500 VALUE 50 - TRI,10-Sep-2018,6829.68
NIFTY500 VALUE 50 - TRI,11-Sep-2018,6701.74
NIFTY500 VALUE 50 - TRI,12-Sep-2018,6700.29
NIFTY500 VALUE 50 - TRI,14-Sep-2018,6875.49
NIFTY500 VALUE 50 - TRI,17-Sep-2018,6913.53
NIFTY500 VALUE 50 - TRI,18-Sep-2018,6722.30
NIFTY500 VALUE 50 - TRI,19-Sep-2018,6734.86
NIFTY500 VALUE 50 - TRI,21-Sep-2018,6607.02
NIFTY500 VALUE 50 - TRI,24-Sep-2018,6435.19
NIFTY500 VALUE 50 - TRI,25-Sep-2018,6412.68
NIFTY500 VALUE 50 - TRI,26-Sep-2018,6456.76
NIFTY500 VALUE 50 - TRI,27-Sep-2018,6339.41
NIFTY500 VALUE 50 - TRI,28-Sep-2018,6183.40
NIFTY500 VALUE 50 - TRI,01-Oct-2018,6271.10
NIFTY500 VALUE 50 - TRI,03-Oct-2018,6379.38
NIFTY500 VALUE 50 - TRI,04-Oct-2018,6193.20
NIFTY500 VALUE 50 - TRI,05-Oct-2018,5818.26
NIFTY500 VALUE 50 - TRI,08-Oct-2018,5719.72
NIFTY500 VALUE 50 - TRI,09-Oct-2018,5680.37
NIFTY500 VALUE 50 - TRI,10-Oct-2018,5883.24
NIFTY500 VALUE 50 - TRI,11-Oct-2018,5810.23
NIFTY500 VALUE 50 - TRI,12-Oct-2018,5999.56
NIFTY500 VALUE 50 - TRI,15-Oct-2018,6048.75
NIFTY500 VALUE 50 - TRI,16-Oct-2018,6119.34
NIFTY500 VALUE 50 - TRI,17-Oct-2018,5933.62
NIFTY500 VALUE 50 - TRI,19-Oct-2018,5934.93
NIFTY500 VALUE 50 - TRI,22-Oct-2018,5856.72
NIFTY500 VALUE 50 - TRI,23-Oct-2018,5813.58
NIFTY500 VALUE 50 - TRI,24-Oct-2018,5931.88
NIFTY500 VALUE 50 - TRI,25-Oct-2018,5858.97
NIFTY500 VALUE 50 - TRI,26-Oct-2018,5839.43
NIFTY500 VALUE 50 - TRI,29-Oct-2018,6049.81
NIFTY500 VALUE 50 - TRI,30-Oct-2018,6034.27
NIFTY500 VALUE 50 - TRI,31-Oct-2018,6083.34
NIFTY500 VALUE 50 - TRI,01-Nov-2018,6144.01
NIFTY500 VALUE 50 - TRI,02-Nov-2018,6254.56
NIFTY500 VALUE 50 - TRI,05-Nov-2018,6217.34
NIFTY500 VALUE 50 - TRI,06-Nov-2018,6218.76
NIFTY500 VALUE 50 - TRI,07-Nov-2018,6267.45
NIFTY500 VALUE 50 - TRI,09-Nov-2018,6346.71
NIFTY500 VALUE 50 - TRI,12-Nov-2018,6212.45
NIFTY500 VALUE 50 - TRI,13-Nov-2018,6252.96
NIFTY500 VALUE 50 - TRI,14-Nov-2018,6299.31
NIFTY500 VALUE 50 - TRI,15-Nov-2018,6352.96
NIFTY500 VALUE 50 - TRI,16-Nov-2018,6290.24
NIFTY500 VALUE 50 - TRI,19-Nov-2018,6327.88
NIFTY500 VALUE 50 - TRI,20-Nov-2018,6213.20
NIFTY500 VALUE 50 - TRI,21-Nov-2018,6233.98
NIFTY500 VALUE 50 - TRI,22-Nov-2018,6143.37
NIFTY500 VALUE 50 - TRI,26-Nov-2018,6121.70
NIFTY500 VALUE 50 - TRI,27-Nov-2018,6144.92
NIFTY500 VALUE 50 - TRI,28-Nov-2018,6005.82
NIFTY500 VALUE 50 - TRI,29-Nov-2018,6023.49
NIFTY500 VALUE 50 - TRI,30-Nov-2018,5968.15
NIFTY500 VALUE 50 - TRI,03-Dec-2018,6093.68
NIFTY500 VALUE 50 - TRI,04-Dec-2018,6137.61
NIFTY500 VALUE 50 - TRI,05-Dec-2018,5984.06
NIFTY500 VALUE 50 - TRI,06-Dec-2018,5889.87
NIFTY500 VALUE 50 - TRI,07-Dec-2018,5880.34
NIFTY500 VALUE 50 - TRI,10-Dec-2018,5780.02
NIFTY500 VALUE 50 - TRI,11-Dec-2018,5829.08
NIFTY500 VALUE 50 - TRI,12-Dec-2018,5954.10
NIFTY500 VALUE 50 - TRI,13-Dec-2018,5977.45
NIFTY500 VALUE 50 - TRI,14-Dec-2018,6047.02
NIFTY500 VALUE 50 - TRI,17-Dec-2018,6098.06
NIFTY500 VALUE 50 - TRI,18-Dec-2018,6175.67
NIFTY500 VALUE 50 - TRI,19-Dec-2018,6235.23
NIFTY500 VALUE 50 - TRI,20-Dec-2018,6267.45
NIFTY500 VALUE 50 - TRI,21-Dec-2018,6240.64
NIFTY500 VALUE 50 - TRI,24-Dec-2018,6190.22
NIFTY500 VALUE 50 - TRI,26-Dec-2018,6202.37
NIFTY500 VALUE 50 - TRI,27-Dec-2018,6218.44
NIFTY500 VALUE 50 - TRI,28-Dec-2018,6320.16
NIFTY500 VALUE 50 - TRI,31-Dec-2018,6350.87
NIFTY500 VALUE 50 - TRI,01-Jan-2019,6363.58
NIFTY500 VALUE 50 - TRI,02-Jan-2019,6241.06
NIFTY500 VALUE 50 - TRI,03-Jan-2019,6153.96
NIFTY500 VALUE 50 - TRI,04-Jan-2019,6233.40
NIFTY500 VALUE 50 - TRI,07-Jan-2019,6236.27
NIFTY500 VALUE 50 - TRI,08-Jan-2019,6272.90
NIFTY500 VALUE 50 - TRI,09-Jan-2019,6203.25
NIFTY500 VALUE 50 - TRI,10-Jan-2019,6195.14
NIFTY500 VALUE 50 - TRI,11-Jan-2019,6188.52
NIFTY500 VALUE 50 - TRI,14-Jan-2019,6174.02
NIFTY500 VALUE 50 - TRI,15-Jan-2019,6259.92
NIFTY500 VALUE 50 - TRI,16-Jan-2019,6275.31
NIFTY500 VALUE 50 - TRI,17-Jan-2019,6279.04
NIFTY500 VALUE 50 - TRI,18-Jan-2019,6230.65
NIFTY500 VALUE 50 - TRI,21-Jan-2019,6145.16
NIFTY500 VALUE 50 - TRI,22-Jan-2019,6085.39
NIFTY500 VALUE 50 - TRI,23-Jan-2019,6087.62
NIFTY500 VALUE 50 - TRI,24-Jan-2019,6070.32
NIFTY500 VALUE 50 - TRI,25-Jan-2019,6009.70
NIFTY500 VALUE 50 - TRI,28-Jan-2019,5917.53
NIFTY500 VALUE 50 - TRI,29-Jan-2019,5928.40
NIFTY500 VALUE 50 - TRI,30-Jan-2019,5968.19
NIFTY500 VALUE 50 - TRI,31-Jan-2019,6017.08
NIFTY500 VALUE 50 - TRI,01-Feb-2019,5938.45
NIFTY500 VALUE 50 - TRI,04-Feb-2019,5815.06
NIFTY500 VALUE 50 - TRI,05-Feb-2019,5714.68
NIFTY500 VALUE 50 - TRI,06-Feb-2019,5790.12
NIFTY500 VALUE 50 - TRI,07-Feb-2019,5832.31
NIFTY500 VALUE 50 - TRI,08-Feb-2019,5645.20
NIFTY500 VALUE 50 - TRI,11-Feb-2019,5591.90
NIFTY500 VALUE 50 - TRI,12-Feb-2019,5609.36
NIFTY500 VALUE 50 - TRI,13-Feb-2019,5544.45
NIFTY500 VALUE 50 - TRI,14-Feb-2019,5549.49
NIFTY500 VALUE 50 - TRI,15-Feb-2019,5538.50
NIFTY500 VALUE 50 - TRI,18-Feb-2019,5506.20
NIFTY500 VALUE 50 - TRI,19-Feb-2019,5570.24
NIFTY500 VALUE 50 - TRI,20-Feb-2019,5683.90
NIFTY500 VALUE 50 - TRI,21-Feb-2019,5753.69
NIFTY500 VALUE 50 - TRI,22-Feb-2019,5854.41
NIFTY500 VALUE 50 - TRI,25-Feb-2019,5848.49
NIFTY500 VALUE 50 - TRI,26-Feb-2019,5858.61
NIFTY500 VALUE 50 - TRI,27-Feb-2019,5844.66
NIFTY500 VALUE 50 - TRI,28-Feb-2019,5916.69
NIFTY500 VALUE 50 - TRI,01-Mar-2019,6052.52
NIFTY500 VALUE 50 - TRI,05-Mar-2019,6302.75
NIFTY500 VALUE 50 - TRI,06-Mar-2019,6335.72
NIFTY500 VALUE 50 - TRI,07-Mar-2019,6304.28
NIFTY500 VALUE 50 - TRI,08-Mar-2019,6242.76
NIFTY500 VALUE 50 - TRI,11-Mar-2019,6409.48
NIFTY500 VALUE 50 - TRI,12-Mar-2019,6432.93
NIFTY500 VALUE 50 - TRI,13-Mar-2019,6398.03
NIFTY500 VALUE 50 - TRI,14-Mar-2019,6430.02
NIFTY500 VALUE 50 - TRI,15-Mar-2019,6509.30
NIFTY500 VALUE 50 - TRI,18-Mar-2019,6563.78
NIFTY500 VALUE 50 - TRI,19-Mar-2019,6647.67
NIFTY500 VALUE 50 - TRI,20-Mar-2019,6549.55
NIFTY500 VALUE 50 - TRI,22-Mar-2019,6475.42
NIFTY500 VALUE 50 - TRI,25-Mar-2019,6514.98
NIFTY500 VALUE 50 - TRI,26-Mar-2019,6573.65
NIFTY500 VALUE 50 - TRI,27-Mar-2019,6555.47
NIFTY500 VALUE 50 - TRI,28-Mar-2019,6590.45
NIFTY500 VALUE 50 - TRI,29-Mar-2019,6709.48
NIFTY500 VALUE 50 - TRI,01-Apr-2019,6753.10
NIFTY500 VALUE 50 - TRI,02-Apr-2019,6767.50
NIFTY500 VALUE 50 - TRI,03-Apr-2019,6667.25
NIFTY500 VALUE 50 - TRI,04-Apr-2019,6637.83
NIFTY500 VALUE 50 - TRI,05-Apr-2019,6727.86
NIFTY500 VALUE 50 - TRI,08-Apr-2019,6645.17
NIFTY500 VALUE 50 - TRI,09-Apr-2019,6729.83
NIFTY500 VALUE 50 - TRI,10-Apr-2019,6728.46
NIFTY500 VALUE 50 - TRI,11-Apr-2019,6745.23
NIFTY500 VALUE 50 - TRI,12-Apr-2019,6762.65
NIFTY500 VALUE 50 - TRI,15-Apr-2019,6816.77
NIFTY500 VALUE 50 - TRI,16-Apr-2019,6832.39
NIFTY500 VALUE 50 - TRI,18-Apr-2019,6770.08
NIFTY500 VALUE 50 - TRI,22-Apr-2019,6600.54
NIFTY500 VALUE 50 - TRI,23-Apr-2019,6609.35
NIFTY500 VALUE 50 - TRI,24-Apr-2019,6692.35
NIFTY500 VALUE 50 - TRI,25-Apr-2019,6671.69
NIFTY500 VALUE 50 - TRI,26-Apr-2019,6663.09
NIFTY500 VALUE 50 - TRI,30-Apr-2019,6653.04
NIFTY500 VALUE 50 - TRI,02-May-2019,6615.48
NIFTY500 VALUE 50 - TRI,03-May-2019,6618.18
NIFTY500 VALUE 50 - TRI,06-May-2019,6565.10
NIFTY500 VALUE 50 - TRI,07-May-2019,6458.13
NIFTY500 VALUE 50 - TRI,08-May-2019,6361.54
NIFTY500 VALUE 50 - TRI,09-May-2019,6324.92
NIFTY500 VALUE 50 - TRI,10-May-2019,6289.35
NIFTY500 VALUE 50 - TRI,13-May-2019,6110.04
NIFTY500 VALUE 50 - TRI,14-May-2019,6170.12
NIFTY500 VALUE 50 - TRI,15-May-2019,6070.65
NIFTY500 VALUE 50 - TRI,16-May-2019,6172.43
NIFTY500 VALUE 50 - TRI,17-May-2019,6176.42
NIFTY500 VALUE 50 - TRI,20-May-2019,6482.41
NIFTY500 VALUE 50 - TRI,21-May-2019,6322.02
NIFTY500 VALUE 50 - TRI,22-May-2019,6378.41
NIFTY500 VALUE 50 - TRI,23-May-2019,6330.29
NIFTY500 VALUE 50 - TRI,24-May-2019,6521.03
NIFTY500 VALUE 50 - TRI,27-May-2019,6639.21
NIFTY500 VALUE 50 - TRI,28-May-2019,6623.88
NIFTY500 VALUE 50 - TRI,29-May-2019,6550.11
NIFTY500 VALUE 50 - TRI,30-May-2019,6558.31
NIFTY500 VALUE 50 - TRI,31-May-2019,6536.17
NIFTY500 VALUE 50 - TRI,03-Jun-2019,6601.08
NIFTY500 VALUE 50 - TRI,04-Jun-2019,6568.60
NIFTY500 VALUE 50 - TRI,06-Jun-2019,6476.43
NIFTY500 VALUE 50 - TRI,07-Jun-2019,6474.05
NIFTY500 VALUE 50 - TRI,10-Jun-2019,6394.48
NIFTY500 VALUE 50 - TRI,11-Jun-2019,6461.25
NIFTY500 VALUE 50 - TRI,12-Jun-2019,6437.14
NIFTY500 VALUE 50 - TRI,13-Jun-2019,6418.80
NIFTY500 VALUE 50 - TRI,14-Jun-2019,6389.34
NIFTY500 VALUE 50 - TRI,17-Jun-2019,6226.40
NIFTY500 VALUE 50 - TRI,18-Jun-2019,6245.34
NIFTY500 VALUE 50 - TRI,19-Jun-2019,6198.69
NIFTY500 VALUE 50 - TRI,20-Jun-2019,6319.49
NIFTY500 VALUE 50 - TRI,21-Jun-2019,6320.51
NIFTY500 VALUE 50 - TRI,24-Jun-2019,6295.17
NIFTY500 VALUE 50 - TRI,25-Jun-2019,6368.06
NIFTY500 VALUE 50 - TRI,26-Jun-2019,6438.26
NIFTY500 VALUE 50 - TRI,27-Jun-2019,6445.59
NIFTY500 VALUE 50 - TRI,28-Jun-2019,6394.48
NIFTY500 VALUE 50 - TRI,01-Jul-2019,6366.67
NIFTY500 VALUE 50 - TRI,02-Jul-2019,6403.58
NIFTY500 VALUE 50 - TRI,03-Jul-2019,6458.59
NIFTY500 VALUE 50 - TRI,04-Jul-2019,6463.35
NIFTY500 VALUE 50 - TRI,05-Jul-2019,6317.88
NIFTY500 VALUE 50 - TRI,08-Jul-2019,6105.70
NIFTY500 VALUE 50 - TRI,09-Jul-2019,6090.03
NIFTY500 VALUE 50 - TRI,10-Jul-2019,6027.79
NIFTY500 VALUE 50 - TRI,11-Jul-2019,6082.12
NIFTY500 VALUE 50 - TRI,12-Jul-2019,6086.83
NIFTY500 VALUE 50 - TRI,15-Jul-2019,6047.96
NIFTY500 VALUE 50 - TRI,16-Jul-2019,6110.20
NIFTY500 VALUE 50 - TRI,17-Jul-2019,6115.99
NIFTY500 VALUE 50 - TRI,18-Jul-2019,5989.83
NIFTY500 VALUE 50 - TRI,19-Jul-2019,5924.14
NIFTY500 VALUE 50 - TRI,22-Jul-2019,5973.10
NIFTY500 VALUE 50 - TRI,23-Jul-2019,5960.10
NIFTY500 VALUE 50 - TRI,24-Jul-2019,5850.90
NIFTY500 VALUE 50 - TRI,25-Jul-2019,5825.48
NIFTY500 VALUE 50 - TRI,26-Jul-2019,5834.78
NIFTY500 VALUE 50 - TRI,29-Jul-2019,5662.88
NIFTY500 VALUE 50 - TRI,30-Jul-2019,5488.33
NIFTY500 VALUE 50 - TRI,31-Jul-2019,5578.82
NIFTY500 VALUE 50 - TRI,01-Aug-2019,5469.57
NIFTY500 VALUE 50 - TRI,02-Aug-2019,5388.65
NIFTY500 VALUE 50 - TRI,05-Aug-2019,5269.94
NIFTY500 VALUE 50 - TRI,06-Aug-2019,5374.01
NIFTY500 VALUE 50 - TRI,07-Aug-2019,5235.60
NIFTY500 VALUE 50 - TRI,08-Aug-2019,5307.46
NIFTY500 VALUE 50 - TRI,09-Aug-2019,5325.57
NIFTY500 VALUE 50 - TRI,13-Aug-2019,5247.27
NIFTY500 VALUE 50 - TRI,14-Aug-2019,5291.96
NIFTY500 VALUE 50 - TRI,16-Aug-2019,5298.81
NIFTY500 VALUE 50 - TRI,19-Aug-2019,5292.37
NIFTY500 VALUE 50 - TRI,20-Aug-2019,5238.01
NIFTY500 VALUE 50 - TRI,21-Aug-2019,5079.58
NIFTY500 VALUE 50 - TRI,22-Aug-2019,4913.32
NIFTY500 VALUE 50 - TRI,23-Aug-2019,5045.56
NIFTY500 VALUE 50 - TRI,26-Aug-2019,5125.95
NIFTY500 VALUE 50 - TRI,27-Aug-2019,5195.55
NIFTY500 VALUE 50 - TRI,28-Aug-2019,5096.17
NIFTY500 VALUE 50 - TRI,29-Aug-2019,5089.58
NIFTY500 VALUE 50 - TRI,30-Aug-2019,5141.60
NIFTY500 VALUE 50 - TRI,03-Sep-2019,5009.25
NIFTY500 VALUE 50 - TRI,04-Sep-2019,5054.11
NIFTY500 VALUE 50 - TRI,05-Sep-2019,5155.44
NIFTY500 VALUE 50 - TRI,06-Sep-2019,5236.42
NIFTY500 VALUE 50 - TRI,09-Sep-2019,5262.10
NIFTY500 VALUE 50 - TRI,11-Sep-2019,5330.62
NIFTY500 VALUE 50 - TRI,12-Sep-2019,5327.70
NIFTY500 VALUE 50 - TRI,13-Sep-2019,5395.65
NIFTY500 VALUE 50 - TRI,16-Sep-2019,5362.64
NIFTY500 VALUE 50 - TRI,17-Sep-2019,5218.27
NIFTY500 VALUE 50 - TRI,18-Sep-2019,5233.91
NIFTY500 VALUE 50 - TRI,19-Sep-2019,5143.00
NIFTY500 VALUE 50 - TRI,20-Sep-2019,5367.57
NIFTY500 VALUE 50 - TRI,23-Sep-2019,5459.54
NIFTY500 VALUE 50 - TRI,24-Sep-2019,5420.03
NIFTY500 VALUE 50 - TRI,25-Sep-2019,5312.57
NIFTY500 VALUE 50 - TRI,26-Sep-2019,5414.29
NIFTY500 VALUE 50 - TRI,27-Sep-2019,5296.93
NIFTY500 VALUE 50 - TRI,30-Sep-2019,5164.07
NIFTY500 VALUE 50 - TRI,01-Oct-2019,5101.62
NIFTY500 VALUE 50 - TRI,03-Oct-2019,5091.41
NIFTY500 VALUE 50 - TRI,04-Oct-2019,5038.57
NIFTY500 VALUE 50 - TRI,07-Oct-2019,4950.47
NIFTY500 VALUE 50 - TRI,09-Oct-2019,5012.83
NIFTY500 VALUE 50 - TRI,10-Oct-2019,4937.37
NIFTY500 VALUE 50 - TRI,11-Oct-2019,4963.31
NIFTY500 VALUE 50 - TRI,14-Oct-2019,5010.93
NIFTY500 VALUE 50 - TRI,15-Oct-2019,5042.38
NIFTY500 VALUE 50 - TRI,16-Oct-2019,5040.78
NIFTY500 VALUE 50 - TRI,17-Oct-2019,5115.24
NIFTY500 VALUE 50 - TRI,18-Oct-2019,5246.54
NIFTY500 VALUE 50 - TRI,22-Oct-2019,5270.82
NIFTY500 VALUE 50 - TRI,23-Oct-2019,5272.13
NIFTY500 VALUE 50 - TRI,24-Oct-2019,5202.25
NIFTY500 VALUE 50 - TRI,25-Oct-2019,5181.56
NIFTY500 VALUE 50 - TRI,27-Oct-2019,5240.64
NIFTY500 VALUE 50 - TRI,29-Oct-2019,5399.61
NIFTY500 VALUE 50 - TRI,30-Oct-2019,5435.87
NIFTY500 VALUE 50 - TRI,31-Oct-2019,5484.10
NIFTY500 VALUE 50 - TRI,01-Nov-2019,5529.81
NIFTY500 VALUE 50 - TRI,04-Nov-2019,5569.19
NIFTY500 VALUE 50 - TRI,05-Nov-2019,5524.06
NIFTY500 VALUE 50 - TRI,06-Nov-2019,5531.06
NIFTY500 VALUE 50 - TRI,07-Nov-2019,5555.62
NIFTY500 VALUE 50 - TRI,08-Nov-2019,5478.50
NIFTY500 VALUE 50 - TRI,11-Nov-2019,5502.63
NIFTY500 VALUE 50 - TRI,13-Nov-2019,5410.36
NIFTY500 VALUE 50 - TRI,14-Nov-2019,5356.23
NIFTY500 VALUE 50 - TRI,15-Nov-2019,5341.01
NIFTY500 VALUE 50 - TRI,18-Nov-2019,5408.51
NIFTY500 VALUE 50 - TRI,19-Nov-2019,5404.14
NIFTY500 VALUE 50 - TRI,20-Nov-2019,5410.67
NIFTY500 VALUE 50 - TRI,21-Nov-2019,5331.41
NIFTY500 VALUE 50 - TRI,22-Nov-2019,5389.95
NIFTY500 VALUE 50 - TRI,25-Nov-2019,5475.44
NIFTY500 VALUE 50 - TRI,26-Nov-2019,5390.89
NIFTY500 VALUE 50 - TRI,27-Nov-2019,5412.63
NIFTY500 VALUE 50 - TRI,28-Nov-2019,5506.98
NIFTY500 VALUE 50 - TRI,29-Nov-2019,5446.25
NIFTY500 VALUE 50 - TRI,02-Dec-2019,5406.28
NIFTY500 VALUE 50 - TRI,03-Dec-2019,5309.73
NIFTY500 VALUE 50 - TRI,04-Dec-2019,5371.46
NIFTY500 VALUE 50 - TRI,05-Dec-2019,5317.40
NIFTY500 VALUE 50 - TRI,06-Dec-2019,5232.78
NIFTY500 VALUE 50 - TRI,09-Dec-2019,5231.66
NIFTY500 VALUE 50 - TRI,10-Dec-2019,5177.11
NIFTY500 VALUE 50 - TRI,11-Dec-2019,5205.48
NIFTY500 VALUE 50 - TRI,12-Dec-2019,5311.99
NIFTY500 VALUE 50 - TRI,13-Dec-2019,5396.87
NIFTY500 VALUE 50 - TRI,16-Dec-2019,5353.68
NIFTY500 VALUE 50 - TRI,17-Dec-2019,5416.15
NIFTY500 VALUE 50 - TRI,18-Dec-2019,5392.52
NIFTY500 VALUE 50 - TRI,19-Dec-2019,5393.69
NIFTY500 VALUE 50 - TRI,20-Dec-2019,5394.89
NIFTY500 VALUE 50 - TRI,23-Dec-2019,5375.90
NIFTY500 VALUE 50 - TRI,24-Dec-2019,5382.67
NIFTY500 VALUE 50 - TRI,26-Dec-2019,5381.67
NIFTY500 VALUE 50 - TRI,27-Dec-2019,5434.67
NIFTY500 VALUE 50 - TRI,30-Dec-2019,5450.48
NIFTY500 VALUE 50 - TRI,31-Dec-2019,5480.84
NIFTY500 VALUE 50 - TRI,01-Jan-2020,5497.42
NIFTY500 VALUE 50 - TRI,02-Jan-2020,5597.62
NIFTY500 VALUE 50 - TRI,03-Jan-2020,5564.12
NIFTY500 VALUE 50 - TRI,06-Jan-2020,5385.41
NIFTY500 VALUE 50 - TRI,07-Jan-2020,5416.30
NIFTY500 VALUE 50 - TRI,08-Jan-2020,5382.35
NIFTY500 VALUE 50 - TRI,09-Jan-2020,5491.92
NIFTY500 VALUE 50 - TRI,10-Jan-2020,5521.65
NIFTY500 VALUE 50 - TRI,13-Jan-2020,5576.11
NIFTY500 VALUE 50 - TRI,14-Jan-2020,5572.63
NIFTY500 VALUE 50 - TRI,15-Jan-2020,5608.14
NIFTY500 VALUE 50 - TRI,16-Jan-2020,5571.58
NIFTY500 VALUE 50 - TRI,17-Jan-2020,5525.91
NIFTY500 VALUE 50 - TRI,20-Jan-2020,5443.46
NIFTY500 VALUE 50 - TRI,21-Jan-2020,5411.98
NIFTY500 VALUE 50 - TRI,22-Jan-2020,5370.31
NIFTY500 VALUE 50 - TRI,23-Jan-2020,5460.30
NIFTY500 VALUE 50 - TRI,24-Jan-2020,5520.28
NIFTY500 VALUE 50 - TRI,27-Jan-2020,5447.62
NIFTY500 VALUE 50 - TRI,28-Jan-2020,5393.80
NIFTY500 VALUE 50 - TRI,29-Jan-2020,5423.56
NIFTY500 VALUE 50 - TRI,30-Jan-2020,5357.38
NIFTY500 VALUE 50 - TRI,31-Jan-2020,5257.74
NIFTY500 VALUE 50 - TRI,01-Feb-2020,5068.16
NIFTY500 VALUE 50 - TRI,03-Feb-2020,5028.75
NIFTY500 VALUE 50 - TRI,04-Feb-2020,5169.31
NIFTY500 VALUE 50 - TRI,05-Feb-2020,5280.56
NIFTY500 VALUE 50 - TRI,06-Feb-2020,5358.92
NIFTY500 VALUE 50 - TRI,07-Feb-2020,5397.88
NIFTY500 VALUE 50 - TRI,10-Feb-2020,5292.69
NIFTY500 VALUE 50 - TRI,11-Feb-2020,5333.23
NIFTY500 VALUE 50 - TRI,12-Feb-2020,5275.29
NIFTY500 VALUE 50 - TRI,13-Feb-2020,5252.13
NIFTY500 VALUE 50 - TRI,14-Feb-2020,5195.12
NIFTY500 VALUE 50 - TRI,17-Feb-2020,5099.31
NIFTY500 VALUE 50 - TRI,18-Feb-2020,5031.61
NIFTY500 VALUE 50 - TRI,19-Feb-2020,5125.80
NIFTY500 VALUE 50 - TRI,20-Feb-2020,5155.14
NIFTY500 VALUE 50 - TRI,24-Feb-2020,4994.26
NIFTY500 VALUE 50 - TRI,25-Feb-2020,4966.93
NIFTY500 VALUE 50 - TRI,26-Feb-2020,4904.30
NIFTY500 VALUE 50 - TRI,27-Feb-2020,4867.13
NIFTY500 VALUE 50 - TRI,28-Feb-2020,4621.66
NIFTY500 VALUE 50 - TRI,02-Mar-2020,4545.67
NIFTY500 VALUE 50 - TRI,03-Mar-2020,4695.18
NIFTY500 VALUE 50 - TRI,04-Mar-2020,4648.29
NIFTY500 VALUE 50 - TRI,05-Mar-2020,4660.12
NIFTY500 VALUE 50 - TRI,06-Mar-2020,4398.90
NIFTY500 VALUE 50 - TRI,09-Mar-2020,4178.67
NIFTY500 VALUE 50 - TRI,11-Mar-2020,4160.18
NIFTY500 VALUE 50 - TRI,12-Mar-2020,3748.14
NIFTY500 VALUE 50 - TRI,13-Mar-2020,3917.57
NIFTY500 VALUE 50 - TRI,16-Mar-2020,3734.75
NIFTY500 VALUE 50 - TRI,17-Mar-2020,3771.15
NIFTY500 VALUE 50 - TRI,18-Mar-2020,3643.44
NIFTY500 VALUE 50 - TRI,19-Mar-2020,3382.08
NIFTY500 VALUE 50 - TRI,20-Mar-2020,3591.69
NIFTY500 VALUE 50 - TRI,23-Mar-2020,3214.37
NIFTY500 VALUE 50 - TRI,24-Mar-2020,3183.73
NIFTY500 VALUE 50 - TRI,25-Mar-2020,3280.54
NIFTY500 VALUE 50 - TRI,26-Mar-2020,3359.17
NIFTY500 VALUE 50 - TRI,27-Mar-2020,3331.49
NIFTY500 VALUE 50 - TRI,30-Mar-2020,3279.46
NIFTY500 VALUE 50 - TRI,31-Mar-2020,3462.04
NIFTY500 VALUE 50 - TRI,01-Apr-2020,3404.89
NIFTY500 VALUE 50 - TRI,03-Apr-2020,3402.87
NIFTY500 VALUE 50 - TRI,07-Apr-2020,3578.71
NIFTY500 VALUE 50 - TRI,08-Apr-2020,3613.38
NIFTY500 VALUE 50 - TRI,09-Apr-2020,3743.92
NIFTY500 VALUE 50 - TRI,13-Apr-2020,3753.38
NIFTY500 VALUE 50 - TRI,15-Apr-2020,3762.22
NIFTY500 VALUE 50 - TRI,16-Apr-2020,3846.41
NIFTY500 VALUE 50 - TRI,17-Apr-2020,3933.57
NIFTY500 VALUE 50 - TRI,20-Apr-2020,3908.59
NIFTY500 VALUE 50 - TRI,21-Apr-2020,3756.05
NIFTY500 VALUE 50 - TRI,22-Apr-2020,3745.55
NIFTY500 VALUE 50 - TRI,23-Apr-2020,3780.68
NIFTY500 VALUE 50 - TRI,24-Apr-2020,3688.25
NIFTY500 VALUE 50 - TRI,27-Apr-2020,3710.73
NIFTY500 VALUE 50 - TRI,28-Apr-2020,3729.44
NIFTY500 VALUE 50 - TRI,29-Apr-2020,3823.55
NIFTY500 VALUE 50 - TRI,30-Apr-2020,3993.61
NIFTY500 VALUE 50 - TRI,04-May-2020,3765.89
NIFTY500 VALUE 50 - TRI,05-May-2020,3755.19
NIFTY500 VALUE 50 - TRI,06-May-2020,3747.00
NIFTY500 VALUE 50 - TRI,07-May-2020,3718.83
NIFTY500 VALUE 50 - TRI,08-May-2020,3666.01
NIFTY500 VALUE 50 - TRI,11-May-2020,3691.67
NIFTY500 VALUE 50 - TRI,12-May-2020,3704.30
NIFTY500 VALUE 50 - TRI,13-May-2020,3856.86
NIFTY500 VALUE 50 - TRI,14-May-2020,3793.93
NIFTY500 VALUE 50 - TRI,15-May-2020,3816.05
NIFTY500 VALUE 50 - TRI,18-May-2020,3660.00
NIFTY500 VALUE 50 - TRI,19-May-2020,3693.75
NIFTY500 VALUE 50 - TRI,20-May-2020,3733.23
NIFTY500 VALUE 50 - TRI,21-May-2020,3749.37
NIFTY500 VALUE 50 - TRI,22-May-2020,3700.32
NIFTY500 VALUE 50 - TRI,26-May-2020,3725.03
NIFTY500 VALUE 50 - TRI,27-May-2020,3806.92
NIFTY500 VALUE 50 - TRI,28-May-2020,3875.14
NIFTY500 VALUE 50 - TRI,29-May-2020,3943.77
NIFTY500 VALUE 50 - TRI,01-Jun-2020,4059.90
NIFTY500 VALUE 50 - TRI,02-Jun-2020,4082.22
NIFTY500 VALUE 50 - TRI,03-Jun-2020,4098.94
NIFTY500 VALUE 50 - TRI,04-Jun-2020,4110.50
NIFTY500 VALUE 50 - TRI,05-Jun-2020,4277.27
NIFTY500 VALUE 50 - TRI,08-Jun-2020,4339.33
NIFTY500 VALUE 50 - TRI,09-Jun-2020,4285.32
NIFTY500 VALUE 50 - TRI,10-Jun-2020,4323.38
NIFTY500 VALUE 50 - TRI,11-Jun-2020,4217.70
NIFTY500 VALUE 50 - TRI,12-Jun-2020,4249.34
NIFTY500 VALUE 50 - TRI,15-Jun-2020,4187.31
NIFTY500 VALUE 50 - TRI,16-Jun-2020,4181.89
NIFTY500 VALUE 50 - TRI,17-Jun-2020,4164.99
NIFTY500 VALUE 50 - TRI,18-Jun-2020,4264.88
NIFTY500 VALUE 50 - TRI,19-Jun-2020,4350.75
NIFTY500 VALUE 50 - TRI,22-Jun-2020,4519.37
NIFTY500 VALUE 50 - TRI,23-Jun-2020,4606.29
NIFTY500 VALUE 50 - TRI,24-Jun-2020,4499.83
NIFTY500 VALUE 50 - TRI,25-Jun-2020,4505.68
NIFTY500 VALUE 50 - TRI,26-Jun-2020,4564.15
NIFTY500 VALUE 50 - TRI,29-Jun-2020,4450.98
NIFTY500 VALUE 50 - TRI,30-Jun-2020,4390.50
NIFTY500 VALUE 50 - TRI,01-Jul-2020,4429.35
NIFTY500 VALUE 50 - TRI,02-Jul-2020,4481.61
NIFTY500 VALUE 50 - TRI,03-Jul-2020,4499.68
NIFTY500 VALUE 50 - TRI,06-Jul-2020,4587.65
NIFTY500 VALUE 50 - TRI,07-Jul-2020,4542.62
NIFTY500 VALUE 50 - TRI,08-Jul-2020,4554.04
NIFTY500 VALUE 50 - TRI,09-Jul-2020,4581.63
NIFTY500 VALUE 50 - TRI,10-Jul-2020,4543.73
NIFTY500 VALUE 50 - TRI,13-Jul-2020,4566.05
NIFTY500 VALUE 50 - TRI,14-Jul-2020,4453.10
NIFTY500 VALUE 50 - TRI,15-Jul-2020,4405.75
NIFTY500 VALUE 50 - TRI,16-Jul-2020,4433.99
NIFTY500 VALUE 50 - TRI,17-Jul-2020,4557.47
NIFTY500 VALUE 50 - TRI,20-Jul-2020,4572.08
NIFTY500 VALUE 50 - TRI,21-Jul-2020,4638.06
NIFTY500 VALUE 50 - TRI,22-Jul-2020,4621.71
NIFTY500 VALUE 50 - TRI,23-Jul-2020,4652.95
NIFTY500 VALUE 50 - TRI,24-Jul-2020,4581.40
NIFTY500 VALUE 50 - TRI,27-Jul-2020,4543.26
NIFTY500 VALUE 50 - TRI,28-Jul-2020,4584.85
NIFTY500 VALUE 50 - TRI,29-Jul-2020,4608.55
NIFTY500 VALUE 50 - TRI,30-Jul-2020,4503.52
NIFTY500 VALUE 50 - TRI,31-Jul-2020,4487.56
NIFTY500 VALUE 50 - TRI,03-Aug-2020,4470.14
NIFTY500 VALUE 50 - TRI,04-Aug-2020,4496.03
NIFTY500 VALUE 50 - TRI,05-Aug-2020,4560.64
NIFTY500 VALUE 50 - TRI,06-Aug-2020,4615.44
NIFTY500 VALUE 50 - TRI,07-Aug-2020,4632.64
NIFTY500 VALUE 50 - TRI,10-Aug-2020,4694.98
NIFTY500 VALUE 50 - TRI,11-Aug-2020,4731.62
NIFTY500 VALUE 50 - TRI,12-Aug-2020,4740.05
NIFTY500 VALUE 50 - TRI,13-Aug-2020,4811.01
NIFTY500 VALUE 50 - TRI,14-Aug-2020,4769.19
NIFTY500 VALUE 50 - TRI,17-Aug-2020,4861.21
NIFTY500 VALUE 50 - TRI,18-Aug-2020,4930.20
NIFTY500 VALUE 50 - TRI,19-Aug-2020,4970.09
NIFTY500 VALUE 50 - TRI,20-Aug-2020,5066.66
NIFTY500 VALUE 50 - TRI,21-Aug-2020,5077.29
NIFTY500 VALUE 50 - TRI,24-Aug-2020,5058.07
NIFTY500 VALUE 50 - TRI,25-Aug-2020,5073.70
NIFTY500 VALUE 50 - TRI,26-Aug-2020,5101.29
NIFTY500 VALUE 50 - TRI,27-Aug-2020,5102.20
NIFTY500 VALUE 50 - TRI,28-Aug-2020,5127.11
NIFTY500 VALUE 50 - TRI,31-Aug-2020,4908.94
NIFTY500 VALUE 50 - TRI,01-Sep-2020,4962.75
NIFTY500 VALUE 50 - TRI,02-Sep-2020,5009.52
NIFTY500 VALUE 50 - TRI,03-Sep-2020,5013.66
NIFTY500 VALUE 50 - TRI,04-Sep-2020,4900.62
NIFTY500 VALUE 50 - TRI,07-Sep-2020,4881.78
NIFTY500 VALUE 50 - TRI,08-Sep-2020,4795.68
NIFTY500 VALUE 50 - TRI,09-Sep-2020,4763.74
NIFTY500 VALUE 50 - TRI,10-Sep-2020,4806.07
NIFTY500 VALUE 50 - TRI,11-Sep-2020,4821.28
NIFTY500 VALUE 50 - TRI,14-Sep-2020,4836.43
NIFTY500 VALUE 50 - TRI,15-Sep-2020,4867.05
NIFTY500 VALUE 50 - TRI,16-Sep-2020,4866.56
NIFTY500 VALUE 50 - TRI,17-Sep-2020,4825.76
NIFTY500 VALUE 50 - TRI,18-Sep-2020,4839.42
NIFTY500 VALUE 50 - TRI,21-Sep-2020,4617.85
NIFTY500 VALUE 50 - TRI,22-Sep-2020,4544.15
NIFTY500 VALUE 50 - TRI,23-Sep-2020,4516.52
NIFTY500 VALUE 50 - TRI,24-Sep-2020,4325.17
NIFTY500 VALUE 50 - TRI,25-Sep-2020,4475.31
NIFTY500 VALUE 50 - TRI,28-Sep-2020,4593.58
NIFTY500 VALUE 50 - TRI,29-Sep-2020,4570.91
NIFTY500 VALUE 50 - TRI,30-Sep-2020,4525.27
NIFTY500 VALUE 50 - TRI,01-Oct-2020,4553.89
NIFTY500 VALUE 50 - TRI,05-Oct-2020,4564.87
NIFTY500 VALUE 50 - TRI,06-Oct-2020,4565.48
NIFTY500 VALUE 50 - TRI,07-Oct-2020,4521.87
NIFTY500 VALUE 50 - TRI,08-Oct-2020,4513.36
NIFTY500 VALUE 50 - TRI,09-Oct-2020,4520.86
NIFTY500 VALUE 50 - TRI,12-Oct-2020,4459.77
NIFTY500 VALUE 50 - TRI,13-Oct-2020,4445.31
NIFTY500 VALUE 50 - TRI,14-Oct-2020,4434.68
NIFTY500 VALUE 50 - TRI,15-Oct-2020,4383.01
NIFTY500 VALUE 50 - TRI,16-Oct-2020,4470.00
NIFTY500 VALUE 50 - TRI,19-Oct-2020,4542.55
NIFTY500 VALUE 50 - TRI,20-Oct-2020,4523.51
NIFTY500 VALUE 50 - TRI,21-Oct-2020,4578.02
NIFTY500 VALUE 50 - TRI,22-Oct-2020,4628.88
NIFTY500 VALUE 50 - TRI,23-Oct-2020,4656.84
NIFTY500 VALUE 50 - TRI,26-Oct-2020,4571.37
NIFTY500 VALUE 50 - TRI,27-Oct-2020,4593.38
NIFTY500 VALUE 50 - TRI,28-Oct-2020,4534.12
NIFTY500 VALUE 50 - TRI,29-Oct-2020,4502.46
NIFTY500 VALUE 50 - TRI,30-Oct-2020,4558.09
NIFTY500 VALUE 50 - TRI,02-Nov-2020,4562.18
NIFTY500 VALUE 50 - TRI,03-Nov-2020,4594.91
NIFTY500 VALUE 50 - TRI,04-Nov-2020,4579.16
NIFTY500 VALUE 50 - TRI,05-Nov-2020,4736.07
NIFTY500 VALUE 50 - TRI,06-Nov-2020,4762.02
NIFTY500 VALUE 50 - TRI,09-Nov-2020,4818.82
NIFTY500 VALUE 50 - TRI,10-Nov-2020,4887.21
NIFTY500 VALUE 50 - TRI,11-Nov-2020,4963.33
NIFTY500 VALUE 50 - TRI,12-Nov-2020,4997.78
NIFTY500 VALUE 50 - TRI,13-Nov-2020,5056.09
NIFTY500 VALUE 50 - TRI,14-Nov-2020,5097.50
NIFTY500 VALUE 50 - TRI,17-Nov-2020,5131.85
NIFTY500 VALUE 50 - TRI,18-Nov-2020,5168.85
NIFTY500 VALUE 50 - TRI,19-Nov-2020,5156.90
NIFTY500 VALUE 50 - TRI,20-Nov-2020,5172.51
NIFTY500 VALUE 50 - TRI,23-Nov-2020,5276.32
NIFTY500 VALUE 50 - TRI,24-Nov-2020,5314.11
NIFTY500 VALUE 50 - TRI,25-Nov-2020,5288.58
NIFTY500 VALUE 50 - TRI,26-Nov-2020,5386.84
NIFTY500 VALUE 50 - TRI,27-Nov-2020,5413.28
NIFTY500 VALUE 50 - TRI,01-Dec-2020,5500.03
NIFTY500 VALUE 50 - TRI,02-Dec-2020,5575.72
NIFTY500 VALUE 50 - TRI,03-Dec-2020,5726.81
NIFTY500 VALUE 50 - TRI,04-Dec-2020,5780.34
NIFTY500 VALUE 50 - TRI,07-Dec-2020,5853.56
NIFTY500 VALUE 50 - TRI,08-Dec-2020,5817.70
NIFTY500 VALUE 50 - TRI,09-Dec-2020,5861.58
NIFTY500 VALUE 50 - TRI,10-Dec-2020,5809.30
NIFTY500 VALUE 50 - TRI,11-Dec-2020,5888.14
NIFTY500 VALUE 50 - TRI,14-Dec-2020,6015.01
NIFTY500 VALUE 50 - TRI,15-Dec-2020,5996.62
NIFTY500 VALUE 50 - TRI,16-Dec-2020,6076.63
NIFTY500 VALUE 50 - TRI,17-Dec-2020,6016.64
NIFTY500 VALUE 50 - TRI,18-Dec-2020,5983.44
NIFTY500 VALUE 50 - TRI,21-Dec-2020,5583.90
NIFTY500 VALUE 50 - TRI,22-Dec-2020,5644.04
NIFTY500 VALUE 50 - TRI,23-Dec-2020,5772.59
NIFTY500 VALUE 50 - TRI,24-Dec-2020,5824.24
NIFTY500 VALUE 50 - TRI,28-Dec-2020,5931.65
NIFTY500 VALUE 50 - TRI,29-Dec-2020,5911.16
NIFTY500 VALUE 50 - TRI,30-Dec-2020,5925.79
NIFTY500 VALUE 50 - TRI,31-Dec-2020,5945.11
NIFTY500 VALUE 50 - TRI,01-Jan-2021,6010.57
NIFTY500 VALUE 50 - TRI,04-Jan-2021,6184.34
NIFTY500 VALUE 50 - TRI,05-Jan-2021,6167.06
NIFTY500 VALUE 50 - TRI,06-Jan-2021,6207.26
NIFTY500 VALUE 50 - TRI,07-Jan-2021,6316.04
NIFTY500 VALUE 50 - TRI,08-Jan-2021,6363.66
NIFTY500 VALUE 50 - TRI,11-Jan-2021,6373.43
NIFTY500 VALUE 50 - TRI,12-Jan-2021,6508.83
NIFTY500 VALUE 50 - TRI,13-Jan-2021,6568.09
NIFTY500 VALUE 50 - TRI,14-Jan-2021,6582.59
NIFTY500 VALUE 50 - TRI,15-Jan-2021,6523.60
NIFTY500 VALUE 50 - TRI,18-Jan-2021,6308.59
NIFTY500 VALUE 50 - TRI,19-Jan-2021,6473.64
NIFTY500 VALUE 50 - TRI,20-Jan-2021,6524.35
NIFTY500 VALUE 50 - TRI,21-Jan-2021,6425.51
NIFTY500 VALUE 50 - TRI,22-Jan-2021,6289.85
NIFTY500 VALUE 50 - TRI,25-Jan-2021,6220.33
NIFTY500 VALUE 50 - TRI,27-Jan-2021,6100.30
NIFTY500 VALUE 50 - TRI,28-Jan-2021,6089.70
NIFTY500 VALUE 50 - TRI,29-Jan-2021,6026.37
NIFTY500 VALUE 50 - TRI,01-Feb-2021,6291.24
NIFTY500 VALUE 50 - TRI,02-Feb-2021,6516.31
NIFTY500 VALUE 50 - TRI,03-Feb-2021,6645.01
NIFTY500 VALUE 50 - TRI,04-Feb-2021,6778.52
NIFTY500 VALUE 50 - TRI,05-Feb-2021,6733.72
NIFTY500 VALUE 50 - TRI,08-Feb-2021,6872.37
NIFTY500 VALUE 50 - TRI,09-Feb-2021,6843.04
NIFTY500 VALUE 50 - TRI,10-Feb-2021,6861.71
NIFTY500 VALUE 50 - TRI,11-Feb-2021,6886.47
NIFTY500 VALUE 50 - TRI,12-Feb-2021,6825.47
NIFTY500 VALUE 50 - TRI,15-Feb-2021,6864.09
NIFTY500 VALUE 50 - TRI,16-Feb-2021,6975.22
NIFTY500 VALUE 50 - TRI,17-Feb-2021,7037.03
NIFTY500 VALUE 50 - TRI,18-Feb-2021,7218.02
NIFTY500 VALUE 50 - TRI,19-Feb-2021,7102.12
NIFTY500 VALUE 50 - TRI,22-Feb-2021,7045.43
NIFTY500 VALUE 50 - TRI,23-Feb-2021,7206.82
NIFTY500 VALUE 50 - TRI,24-Feb-2021,7296.28
NIFTY500 VALUE 50 - TRI,25-Feb-2021,7558.68
NIFTY500 VALUE 50 - TRI,26-Feb-2021,7347.81
NIFTY500 VALUE 50 - TRI,01-Mar-2021,7481.33
NIFTY500 VALUE 50 - TRI,02-Mar-2021,7575.63
NIFTY500 VALUE 50 - TRI,03-Mar-2021,7739.21
NIFTY500 VALUE 50 - TRI,04-Mar-2021,7696.86
NIFTY500 VALUE 50 - TRI,05-Mar-2021,7524.61
NIFTY500 VALUE 50 - TRI,08-Mar-2021,7619.62
NIFTY500 VALUE 50 - TRI,09-Mar-2021,7497.54
NIFTY500 VALUE 50 - TRI,10-Mar-2021,7549.45
NIFTY500 VALUE 50 - TRI,12-Mar-2021,7555.96
NIFTY500 VALUE 50 - TRI,15-Mar-2021,7560.41
NIFTY500 VALUE 50 - TRI,16-Mar-2021,7550.93
NIFTY500 VALUE 50 - TRI,17-Mar-2021,7297.19
NIFTY500 VALUE 50 - TRI,18-Mar-2021,7219.20
NIFTY500 VALUE 50 - TRI,19-Mar-2021,7312.10
NIFTY500 VALUE 50 - TRI,22-Mar-2021,7314.99
NIFTY500 VALUE 50 - TRI,23-Mar-2021,7323.38
NIFTY500 VALUE 50 - TRI,24-Mar-2021,7100.50
NIFTY500 VALUE 50 - TRI,25-Mar-2021,6979.38
NIFTY500 VALUE 50 - TRI,26-Mar-2021,7102.12
NIFTY500 VALUE 50 - TRI,30-Mar-2021,7185.18
NIFTY500 VALUE 50 - TRI,31-Mar-2021,7228.44
NIFTY500 VALUE 50 - TRI,01-Apr-2021,7426.90
NIFTY500 VALUE 50 - TRI,05-Apr-2021,7309.53
NIFTY500 VALUE 50 - TRI,06-Apr-2021,7372.88
NIFTY500 VALUE 50 - TRI,07-Apr-2021,7449.23
NIFTY500 VALUE 50 - TRI,08-Apr-2021,7525.21
NIFTY500 VALUE 50 - TRI,09-Apr-2021,7481.51
NIFTY500 VALUE 50 - TRI,12-Apr-2021,6976.05
NIFTY500 VALUE 50 - TRI,13-Apr-2021,7197.56
NIFTY500 VALUE 50 - TRI,15-Apr-2021,7208.29
NIFTY500 VALUE 50 - TRI,16-Apr-2021,7261.76
NIFTY500 VALUE 50 - TRI,19-Apr-2021,7064.21
NIFTY500 VALUE 50 - TRI,20-Apr-2021,7052.83
NIFTY500 VALUE 50 - TRI,22-Apr-2021,7099.04
NIFTY500 VALUE 50 - TRI,23-Apr-2021,7101.82
NIFTY500 VALUE 50 - TRI,26-Apr-2021,7174.23
NIFTY500 VALUE 50 - TRI,27-Apr-2021,7307.09
NIFTY500 VALUE 50 - TRI,28-Apr-2021,7350.43
NIFTY500 VALUE 50 - TRI,29-Apr-2021,7405.48
NIFTY500 VALUE 50 - TRI,30-Apr-2021,7477.17
NIFTY500 VALUE 50 - TRI,03-May-2021,7535.95
NIFTY500 VALUE 50 - TRI,04-May-2021,7532.63
NIFTY500 VALUE 50 - TRI,05-May-2021,7607.49
NIFTY500 VALUE 50 - TRI,06-May-2021,7682.25
NIFTY500 VALUE 50 - TRI,07-May-2021,7843.56
NIFTY500 VALUE 50 - TRI,10-May-2021,8090.39
NIFTY500 VALUE 50 - TRI,11-May-2021,8225.91
NIFTY500 VALUE 50 - TRI,12-May-2021,8161.48
NIFTY500 VALUE 50 - TRI,14-May-2021,7932.27
NIFTY500 VALUE 50 - TRI,17-May-2021,8056.84
NIFTY500 VALUE 50 - TRI,18-May-2021,8163.45
NIFTY500 VALUE 50 - TRI,19-May-2021,8134.02
NIFTY500 VALUE 50 - TRI,20-May-2021,8015.47
NIFTY500 VALUE 50 - TRI,21-May-2021,8090.77
NIFTY500 VALUE 50 - TRI,24-May-2021,8169.40
NIFTY500 VALUE 50 - TRI,25-May-2021,8195.13
NIFTY500 VALUE 50 - TRI,26-May-2021,8149.93
NIFTY500 VALUE 50 - TRI,27-May-2021,8174.39
NIFTY500 VALUE 50 - TRI,28-May-2021,8230.22
NIFTY500 VALUE 50 - TRI,31-May-2021,8304.70
NIFTY500 VALUE 50 - TRI,01-Jun-2021,8264.11
NIFTY500 VALUE 50 - TRI,02-Jun-2021,8368.22
NIFTY500 VALUE 50 - TRI,03-Jun-2021,8440.31
NIFTY500 VALUE 50 - TRI,04-Jun-2021,8577.05
NIFTY500 VALUE 50 - TRI,07-Jun-2021,8667.40
NIFTY500 VALUE 50 - TRI,08-Jun-2021,8661.88
NIFTY500 VALUE 50 - TRI,09-Jun-2021,8637.41
NIFTY500 VALUE 50 - TRI,10-Jun-2021,8734.37
NIFTY500 VALUE 50 - TRI,11-Jun-2021,8784.78
NIFTY500 VALUE 50 - TRI,14-Jun-2021,8780.27
NIFTY500 VALUE 50 - TRI,15-Jun-2021,8790.35
NIFTY500 VALUE 50 - TRI,16-Jun-2021,8714.59
NIFTY500 VALUE 50 - TRI,17-Jun-2021,8587.48
NIFTY500 VALUE 50 - TRI,18-Jun-2021,8441.75
NIFTY500 VALUE 50 - TRI,21-Jun-2021,8523.71
NIFTY500 VALUE 50 - TRI,22-Jun-2021,8552.73
NIFTY500 VALUE 50 - TRI,23-Jun-2021,8491.28
NIFTY500 VALUE 50 - TRI,24-Jun-2021,8439.09
NIFTY500 VALUE 50 - TRI,25-Jun-2021,8546.32
NIFTY500 VALUE 50 - TRI,28-Jun-2021,8619.95
NIFTY500 VALUE 50 - TRI,29-Jun-2021,8541.57
NIFTY500 VALUE 50 - TRI,30-Jun-2021,8544.16
NIFTY500 VALUE 50 - TRI,01-Jul-2021,8541.17
NIFTY500 VALUE 50 - TRI,02-Jul-2021,8550.48
NIFTY500 VALUE 50 - TRI,05-Jul-2021,8645.97
NIFTY500 VALUE 50 - TRI,06-Jul-2021,8541.27
NIFTY500 VALUE 50 - TRI,07-Jul-2021,8592.51
NIFTY500 VALUE 50 - TRI,08-Jul-2021,8506.72
NIFTY500 VALUE 50 - TRI,09-Jul-2021,8563.16
NIFTY500 VALUE 50 - TRI,12-Jul-2021,8592.88
NIFTY500 VALUE 50 - TRI,13-Jul-2021,8668.75
NIFTY500 VALUE 50 - TRI,14-Jul-2021,8648.75
NIFTY500 VALUE 50 - TRI,15-Jul-2021,8626.51
NIFTY500 VALUE 50 - TRI,16-Jul-2021,8671.33
NIFTY500 VALUE 50 - TRI,19-Jul-2021,8627.07
NIFTY500 VALUE 50 - TRI,20-Jul-2021,8500.24
NIFTY500 VALUE 50 - TRI,22-Jul-2021,8622.80
NIFTY500 VALUE 50 - TRI,23-Jul-2021,8591.74
NIFTY500 VALUE 50 - TRI,26-Jul-2021,8591.46
NIFTY500 VALUE 50 - TRI,27-Jul-2021,8558.54
NIFTY500 VALUE 50 - TRI,28-Jul-2021,8533.32
NIFTY500 VALUE 50 - TRI,29-Jul-2021,8696.12
NIFTY500 VALUE 50 - TRI,30-Jul-2021,8700.82
NIFTY500 VALUE 50 - TRI,02-Aug-2021,8803.41
NIFTY500 VALUE 50 - TRI,03-Aug-2021,8819.66
NIFTY500 VALUE 50 - TRI,04-Aug-2021,8741.30
NIFTY500 VALUE 50 - TRI,05-Aug-2021,8733.45
NIFTY500 VALUE 50 - TRI,06-Aug-2021,8782.42
NIFTY500 VALUE 50 - TRI,09-Aug-2021,8665.47
NIFTY500 VALUE 50 - TRI,10-Aug-2021,8491.13
NIFTY500 VALUE 50 - TRI,11-Aug-2021,8590.55
NIFTY500 VALUE 50 - TRI,12-Aug-2021,8668.80
NIFTY500 VALUE 50 - TRI,13-Aug-2021,8670.03
NIFTY500 VALUE 50 - TRI,16-Aug-2021,8697.27
NIFTY500 VALUE 50 - TRI,17-Aug-2021,8578.40
NIFTY500 VALUE 50 - TRI,18-Aug-2021,8541.10
NIFTY500 VALUE 50 - TRI,20-Aug-2021,8242.20
NIFTY500 VALUE 50 - TRI,23-Aug-2021,8137.86
NIFTY500 VALUE 50 - TRI,24-Aug-2021,8307.55
NIFTY500 VALUE 50 - TRI,25-Aug-2021,8363.36
NIFTY500 VALUE 50 - TRI,26-Aug-2021,8303.84
NIFTY500 VALUE 50 - TRI,27-Aug-2021,8382.96
NIFTY500 VALUE 50 - TRI,30-Aug-2021,8551.06
NIFTY500 VALUE 50 - TRI,31-Aug-2021,8637.90
NIFTY500 VALUE 50 - TRI,01-Sep-2021,8625.08
NIFTY500 VALUE 50 - TRI,02-Sep-2021,8649.00
NIFTY500 VALUE 50 - TRI,03-Sep-2021,8752.36
NIFTY500 VALUE 50 - TRI,06-Sep-2021,8745.31
NIFTY500 VALUE 50 - TRI,07-Sep-2021,8685.14
NIFTY500 VALUE 50 - TRI,08-Sep-2021,8767.80
NIFTY500 VALUE 50 - TRI,09-Sep-2021,8830.84
NIFTY500 VALUE 50 - TRI,13-Sep-2021,8914.47
NIFTY500 VALUE 50 - TRI,14-Sep-2021,8969.30
NIFTY500 VALUE 50 - TRI,15-Sep-2021,9115.78
NIFTY500 VALUE 50 - TRI,16-Sep-2021,9168.34
NIFTY500 VALUE 50 - TRI,17-Sep-2021,9018.20
NIFTY500 VALUE 50 - TRI,20-Sep-2021,8706.31
NIFTY500 VALUE 50 - TRI,21-Sep-2021,8789.48
NIFTY500 VALUE 50 - TRI,22-Sep-2021,8924.31
NIFTY500 VALUE 50 - TRI,23-Sep-2021,9079.05
NIFTY500 VALUE 50 - TRI,24-Sep-2021,9001.75
NIFTY500 VALUE 50 - TRI,27-Sep-2021,9107.23
NIFTY500 VALUE 50 - TRI,28-Sep-2021,9262.79
NIFTY500 VALUE 50 - TRI,29-Sep-2021,9500.17
NIFTY500 VALUE 50 - TRI,30-Sep-2021,9508.81
NIFTY500 VALUE 50 - TRI,01-Oct-2021,9529.61
NIFTY500 VALUE 50 - TRI,04-Oct-2021,9690.19
NIFTY500 VALUE 50 - TRI,05-Oct-2021,9829.56
NIFTY500 VALUE 50 - TRI,06-Oct-2021,9719.51
NIFTY500 VALUE 50 - TRI,07-Oct-2021,9769.37
NIFTY500 VALUE 50 - TRI,08-Oct-2021,9779.63
NIFTY500 VALUE 50 - TRI,11-Oct-2021,9962.46
NIFTY500 VALUE 50 - TRI,12-Oct-2021,10016.94
NIFTY500 VALUE 50 - TRI,13-Oct-2021,10302.34
NIFTY500 VALUE 50 - TRI,14-Oct-2021,10381.59
NIFTY500 VALUE 50 - TRI,18-Oct-2021,10637.18
NIFTY500 VALUE 50 - TRI,19-Oct-2021,10326.66
NIFTY500 VALUE 50 - TRI,20-Oct-2021,10143.00
NIFTY500 VALUE 50 - TRI,21-Oct-2021,10171.68
NIFTY500 VALUE 50 - TRI,22-Oct-2021,10025.95
NIFTY500 VALUE 50 - TRI,25-Oct-2021,9956.40
NIFTY500 VALUE 50 - TRI,26-Oct-2021,10154.55
NIFTY500 VALUE 50 - TRI,27-Oct-2021,10094.11
NIFTY500 VALUE 50 - TRI,28-Oct-2021,9742.34
NIFTY500 VALUE 50 - TRI,29-Oct-2021,9724.30
NIFTY500 VALUE 50 - TRI,01-Nov-2021,9929.27
NIFTY500 VALUE 50 - TRI,02-Nov-2021,9920.01
NIFTY500 VALUE 50 - TRI,03-Nov-2021,9926.50
NIFTY500 VALUE 50 - TRI,04-Nov-2021,10000.00
NIFTY500 VALUE 50 - TRI,08-Nov-2021,10199.45
NIFTY500 VALUE 50 - TRI,09-Nov-2021,10241.34
NIFTY500 VALUE 50 - TRI,10-Nov-2021,10154.38
NIFTY500 VALUE 50 - TRI,11-Nov-2021,10073.61
NIFTY500 VALUE 50 - TRI,12-Nov-2021,10109.00
NIFTY500 VALUE 50 - TRI,15-Nov-2021,10022.21
NIFTY500 VALUE 50 - TRI,16-Nov-2021,9947.95
NIFTY500 VALUE 50 - TRI,17-Nov-2021,9932.46
NIFTY500 VALUE 50 - TRI,18-Nov-2021,9751.33
NIFTY500 VALUE 50 - TRI,22-Nov-2021,9481.88
NIFTY500 VALUE 50 - TRI,23-Nov-2021,9666.71
NIFTY500 VALUE 50 - TRI,24-Nov-2021,9707.44
NIFTY500 VALUE 50 - TRI,25-Nov-2021,9705.97
NIFTY500 VALUE 50 - TRI,26-Nov-2021,9290.45
NIFTY500 VALUE 50 - TRI,29-Nov-2021,9172.42
NIFTY500 VALUE 50 - TRI,30-Nov-2021,9159.63
NIFTY500 VALUE 50 - TRI,01-Dec-2021,9309.39
NIFTY500 VALUE 50 - TRI,02-Dec-2021,9464.01
NIFTY500 VALUE 50 - TRI,03-Dec-2021,9457.04
NIFTY500 VALUE 50 - TRI,06-Dec-2021,9327.02
NIFTY500 VALUE 50 - TRI,07-Dec-2021,9502.65
NIFTY500 VALUE 50 - TRI,08-Dec-2021,9633.60
NIFTY500 VALUE 50 - TRI,09-Dec-2021,9659.88
NIFTY500 VALUE 50 - TRI,10-Dec-2021,9698.35
NIFTY500 VALUE 50 - TRI,13-Dec-2021,9641.01
NIFTY500 VALUE 50 - TRI,14-Dec-2021,9646.89
NIFTY500 VALUE 50 - TRI,15-Dec-2021,9552.27
NIFTY500 VALUE 50 - TRI,16-Dec-2021,9498.70
NIFTY500 VALUE 50 - TRI,17-Dec-2021,9246.69
NIFTY500 VALUE 50 - TRI,20-Dec-2021,8866.78
NIFTY500 VALUE 50 - TRI,21-Dec-2021,8999.32
NIFTY500 VALUE 50 - TRI,22-Dec-2021,9145.47
NIFTY500 VALUE 50 - TRI,23-Dec-2021,9251.61
NIFTY500 VALUE 50 - TRI,24-Dec-2021,9109.38
NIFTY500 VALUE 50 - TRI,27-Dec-2021,9113.74
NIFTY500 VALUE 50 - TRI,28-Dec-2021,9261.59
NIFTY500 VALUE 50 - TRI,29-Dec-2021,9215.39
NIFTY500 VALUE 50 - TRI,30-Dec-2021,9180.50
NIFTY500 VALUE 50 - TRI,31-Dec-2021,9296.13
NIFTY500 VALUE 50 - TRI,03-Jan-2022,9479.98
NIFTY500 VALUE 50 - TRI,04-Jan-2022,9537.03
NIFTY500 VALUE 50 - TRI,05-Jan-2022,9642.45
NIFTY500 VALUE 50 - TRI,06-Jan-2022,9657.96
NIFTY500 VALUE 50 - TRI,07-Jan-2022,9754.85
NIFTY500 VALUE 50 - TRI,10-Jan-2022,9881.20
NIFTY500 VALUE 50 - TRI,11-Jan-2022,9806.19
NIFTY500 VALUE 50 - TRI,12-Jan-2022,9906.61
NIFTY500 VALUE 50 - TRI,13-Jan-2022,10034.51
NIFTY500 VALUE 50 - TRI,14-Jan-2022,10033.19
NIFTY500 VALUE 50 - TRI,17-Jan-2022,10096.93
NIFTY500 VALUE 50 - TRI,18-Jan-2022,9918.95
NIFTY500 VALUE 50 - TRI,19-Jan-2022,9991.40
NIFTY500 VALUE 50 - TRI,20-Jan-2022,9994.99
NIFTY500 VALUE 50 - TRI,21-Jan-2022,9769.91
NIFTY500 VALUE 50 - TRI,24-Jan-2022,9498.72
NIFTY500 VALUE 50 - TRI,25-Jan-2022,9673.49
NIFTY500 VALUE 50 - TRI,27-Jan-2022,9710.13
NIFTY500 VALUE 50 - TRI,28-Jan-2022,9787.35
NIFTY500 VALUE 50 - TRI,31-Jan-2022,9917.71
NIFTY500 VALUE 50 - TRI,01-Feb-2022,9982.71
NIFTY500 VALUE 50 - TRI,02-Feb-2022,10095.44
NIFTY500 VALUE 50 - TRI,03-Feb-2022,10033.10
NIFTY500 VALUE 50 - TRI,04-Feb-2022,10008.17
NIFTY500 VALUE 50 - TRI,07-Feb-2022,10029.18
NIFTY500 VALUE 50 - TRI,08-Feb-2022,10020.58
NIFTY500 VALUE 50 - TRI,09-Feb-2022,10131.71
NIFTY500 VALUE 50 - TRI,10-Feb-2022,10216.90
NIFTY500 VALUE 50 - TRI,11-Feb-2022,10144.80
NIFTY500 VALUE 50 - TRI,14-Feb-2022,9748.12
NIFTY500 VALUE 50 - TRI,15-Feb-2022,9932.75
NIFTY500 VALUE 50 - TRI,16-Feb-2022,9959.34
NIFTY500 VALUE 50 - TRI,17-Feb-2022,9921.96
NIFTY500 VALUE 50 - TRI,18-Feb-2022,9875.63
NIFTY500 VALUE 50 - TRI,21-Feb-2022,9728.11
NIFTY500 VALUE 50 - TRI,22-Feb-2022,9641.52
NIFTY500 VALUE 50 - TRI,23-Feb-2022,9646.78
NIFTY500 VALUE 50 - TRI,24-Feb-2022,9091.02
NIFTY500 VALUE 50 - TRI,25-Feb-2022,9429.38
NIFTY500 VALUE 50 - TRI,28-Feb-2022,9685.24
NIFTY500 VALUE 50 - TRI,02-Mar-2022,9799.16
NIFTY500 VALUE 50 - TRI,03-Mar-2022,9933.25
NIFTY500 VALUE 50 - TRI,04-Mar-2022,9767.92
NIFTY500 VALUE 50 - TRI,07-Mar-2022,9819.66
NIFTY500 VALUE 50 - TRI,08-Mar-2022,9823.57
NIFTY500 VALUE 50 - TRI,09-Mar-2022,9838.06
NIFTY500 VALUE 50 - TRI,10-Mar-2022,9926.38
NIFTY500 VALUE 50 - TRI,11-Mar-2022,10037.48
NIFTY500 VALUE 50 - TRI,14-Mar-2022,9988.13
NIFTY500 VALUE 50 - TRI,15-Mar-2022,9743.97
NIFTY500 VALUE 50 - TRI,16-Mar-2022,9940.77
NIFTY500 VALUE 50 - TRI,17-Mar-2022,10032.28
NIFTY500 VALUE 50 - TRI,21-Mar-2022,10015.45
NIFTY500 VALUE 50 - TRI,22-Mar-2022,10102.46
NIFTY500 VALUE 50 - TRI,23-Mar-2022,10150.45
NIFTY500 VALUE 50 - TRI,24-Mar-2022,10213.38
NIFTY500 VALUE 50 - TRI,25-Mar-2022,10147.34
NIFTY500 VALUE 50 - TRI,28-Mar-2022,10205.17
NIFTY500 VALUE 50 - TRI,29-Mar-2022,10147.96
NIFTY500 VALUE 50 - TRI,30-Mar-2022,10083.42
NIFTY500 VALUE 50 - TRI,31-Mar-2022,10098.45
NIFTY500 VALUE 50 - TRI,01-Apr-2022,10349.92
NIFTY500 VALUE 50 - TRI,04-Apr-2022,10495.67
NIFTY500 VALUE 50 - TRI,05-Apr-2022,10573.70
NIFTY500 VALUE 50 - TRI,06-Apr-2022,10712.55
NIFTY500 VALUE 50 - TRI,07-Apr-2022,10605.25
NIFTY500 VALUE 50 - TRI,08-Apr-2022,10761.44
NIFTY500 VALUE 50 - TRI,11-Apr-2022,10805.81
NIFTY500 VALUE 50 - TRI,12-Apr-2022,10568.28
NIFTY500 VALUE 50 - TRI,13-Apr-2022,10638.94
NIFTY500 VALUE 50 - TRI,18-Apr-2022,10646.01
NIFTY500 VALUE 50 - TRI,19-Apr-2022,10631.52
NIFTY500 VALUE 50 - TRI,20-Apr-2022,10651.60
NIFTY500 VALUE 50 - TRI,21-Apr-2022,10736.97
NIFTY500 VALUE 50 - TRI,22-Apr-2022,10602.61
NIFTY500 VALUE 50 - TRI,25-Apr-2022,10270.17
NIFTY500 VALUE 50 - TRI,26-Apr-2022,10396.81
NIFTY500 VALUE 50 - TRI,27-Apr-2022,10299.94
NIFTY500 VALUE 50 - TRI,28-Apr-2022,10390.31
NIFTY500 VALUE 50 - TRI,29-Apr-2022,10226.14
NIFTY500 VALUE 50 - TRI,02-May-2022,10241.40
NIFTY500 VALUE 50 - TRI,04-May-2022,10118.28
NIFTY500 VALUE 50 - TRI,05-May-2022,10125.74
NIFTY500 VALUE 50 - TRI,06-May-2022,10051.94
NIFTY500 VALUE 50 - TRI,09-May-2022,9945.26
NIFTY500 VALUE 50 - TRI,10-May-2022,9680.13
NIFTY500 VALUE 50 - TRI,11-May-2022,9572.25
NIFTY500 VALUE 50 - TRI,12-May-2022,9370.23
NIFTY500 VALUE 50 - TRI,13-May-2022,9268.72
NIFTY500 VALUE 50 - TRI,16-May-2022,9345.43
NIFTY500 VALUE 50 - TRI,17-May-2022,9709.03
NIFTY500 VALUE 50 - TRI,18-May-2022,9619.51
NIFTY500 VALUE 50 - TRI,19-May-2022,9449.39
NIFTY500 VALUE 50 - TRI,20-May-2022,9643.85
NIFTY500 VALUE 50 - TRI,23-May-2022,9431.39
NIFTY500 VALUE 50 - TRI,24-May-2022,9337.06
NIFTY500 VALUE 50 - TRI,25-May-2022,9244.15
NIFTY500 VALUE 50 - TRI,26-May-2022,9361.95
NIFTY500 VALUE 50 - TRI,27-May-2022,9293.31
NIFTY500 VALUE 50 - TRI,30-May-2022,9433.40
NIFTY500 VALUE 50 - TRI,31-May-2022,9529.44
NIFTY500 VALUE 50 - TRI,01-Jun-2022,9549.46
NIFTY500 VALUE 50 - TRI,02-Jun-2022,9623.18
NIFTY500 VALUE 50 - TRI,03-Jun-2022,9525.97
NIFTY500 VALUE 50 - TRI,06-Jun-2022,9513.01
NIFTY500 VALUE 50 - TRI,07-Jun-2022,9548.71
NIFTY500 VALUE 50 - TRI,08-Jun-2022,9559.02
NIFTY500 VALUE 50 - TRI,09-Jun-2022,9539.74
NIFTY500 VALUE 50 - TRI,10-Jun-2022,9470.20
NIFTY500 VALUE 50 - TRI,13-Jun-2022,9168.51
NIFTY500 VALUE 50 - TRI,14-Jun-2022,9105.14
NIFTY500 VALUE 50 - TRI,15-Jun-2022,9076.31
NIFTY500 VALUE 50 - TRI,16-Jun-2022,8771.07
NIFTY500 VALUE 50 - TRI,17-Jun-2022,8700.46
NIFTY500 VALUE 50 - TRI,20-Jun-2022,8443.49
NIFTY500 VALUE 50 - TRI,21-Jun-2022,8719.26
NIFTY500 VALUE 50 - TRI,22-Jun-2022,8570.89
NIFTY500 VALUE 50 - TRI,23-Jun-2022,8587.37
NIFTY500 VALUE 50 - TRI,24-Jun-2022,8664.10
NIFTY500 VALUE 50 - TRI,27-Jun-2022,8807.75
NIFTY500 VALUE 50 - TRI,28-Jun-2022,8907.41
NIFTY500 VALUE 50 - TRI,29-Jun-2022,8943.42
NIFTY500 VALUE 50 - TRI,30-Jun-2022,8881.43
NIFTY500 VALUE 50 - TRI,01-Jul-2022,8861.83
NIFTY500 VALUE 50 - TRI,04-Jul-2022,8884.80
NIFTY500 VALUE 50 - TRI,05-Jul-2022,8865.00
NIFTY500 VALUE 50 - TRI,06-Jul-2022,8864.58
NIFTY500 VALUE 50 - TRI,07-Jul-2022,9068.31
NIFTY500 VALUE 50 - TRI,08-Jul-2022,9077.59
NIFTY500 VALUE 50 - TRI,11-Jul-2022,9161.65
NIFTY500 VALUE 50 - TRI,12-Jul-2022,9079.50
NIFTY500 VALUE 50 - TRI,13-Jul-2022,9102.67
NIFTY500 VALUE 50 - TRI,14-Jul-2022,9079.37
NIFTY500 VALUE 50 - TRI,15-Jul-2022,9077.23
NIFTY500 VALUE 50 - TRI,18-Jul-2022,9249.15
NIFTY500 VALUE 50 - TRI,19-Jul-2022,9319.57
NIFTY500 VALUE 50 - TRI,20-Jul-2022,9362.24
NIFTY500 VALUE 50 - TRI,21-Jul-2022,9459.25
NIFTY500 VALUE 50 - TRI,22-Jul-2022,9474.62
NIFTY500 VALUE 50 - TRI,25-Jul-2022,9478.83
NIFTY500 VALUE 50 - TRI,26-Jul-2022,9438.20
NIFTY500 VALUE 50 - TRI,27-Jul-2022,9524.88
NIFTY500 VALUE 50 - TRI,28-Jul-2022,9600.61
NIFTY500 VALUE 50 - TRI,29-Jul-2022,9737.00
NIFTY500 VALUE 50 - TRI,01-Aug-2022,9871.73
NIFTY500 VALUE 50 - TRI,02-Aug-2022,9936.30
NIFTY500 VALUE 50 - TRI,03-Aug-2022,9851.90
NIFTY500 VALUE 50 - TRI,04-Aug-2022,9825.36
NIFTY500 VALUE 50 - TRI,05-Aug-2022,9865.21
NIFTY500 VALUE 50 - TRI,08-Aug-2022,9885.80
NIFTY500 VALUE 50 - TRI,10-Aug-2022,9893.34
NIFTY500 VALUE 50 - TRI,11-Aug-2022,9932.26
NIFTY500 VALUE 50 - TRI,12-Aug-2022,10070.46
NIFTY500 VALUE 50 - TRI,16-Aug-2022,10126.48
NIFTY500 VALUE 50 - TRI,17-Aug-2022,10213.94
NIFTY500 VALUE 50 - TRI,18-Aug-2022,10199.06
NIFTY500 VALUE 50 - TRI,19-Aug-2022,10064.48
NIFTY500 VALUE 50 - TRI,22-Aug-2022,9900.12
NIFTY500 VALUE 50 - TRI,23-Aug-2022,10043.34
NIFTY500 VALUE 50 - TRI,24-Aug-2022,10094.22
NIFTY500 VALUE 50 - TRI,25-Aug-2022,10155.35
NIFTY500 VALUE 50 - TRI,26-Aug-2022,10261.71
NIFTY500 VALUE 50 - TRI,29-Aug-2022,10146.06
NIFTY500 VALUE 50 - TRI,30-Aug-2022,10317.51
NIFTY500 VALUE 50 - TRI,01-Sep-2022,10232.82
NIFTY500 VALUE 50 - TRI,02-Sep-2022,10167.18
NIFTY500 VALUE 50 - TRI,05-Sep-2022,10264.43
NIFTY500 VALUE 50 - TRI,06-Sep-2022,10323.87
NIFTY500 VALUE 50 - TRI,07-Sep-2022,10363.34
NIFTY500 VALUE 50 - TRI,08-Sep-2022,10392.18
NIFTY500 VALUE 50 - TRI,09-Sep-2022,10387.10
NIFTY500 VALUE 50 - TRI,12-Sep-2022,10442.82
NIFTY500 VALUE 50 - TRI,13-Sep-2022,10474.82
NIFTY500 VALUE 50 - TRI,14-Sep-2022,10561.49
NIFTY500 VALUE 50 - TRI,15-Sep-2022,10570.93
NIFTY500 VALUE 50 - TRI,16-Sep-2022,10336.65
NIFTY500 VALUE 50 - TRI,19-Sep-2022,10284.64
NIFTY500 VALUE 50 - TRI,20-Sep-2022,10364.28
NIFTY500 VALUE 50 - TRI,21-Sep-2022,10253.08
NIFTY500 VALUE 50 - TRI,22-Sep-2022,10212.41
NIFTY500 VALUE 50 - TRI,23-Sep-2022,9982.22
NIFTY500 VALUE 50 - TRI,26-Sep-2022,9651.31
NIFTY500 VALUE 50 - TRI,27-Sep-2022,9687.66
NIFTY500 VALUE 50 - TRI,28-Sep-2022,9548.53
NIFTY500 VALUE 50 - TRI,29-Sep-2022,9625.40
NIFTY500 VALUE 50 - TRI,30-Sep-2022,9786.18
NIFTY500 VALUE 50 - TRI,03-Oct-2022,9703.03
NIFTY500 VALUE 50 - TRI,04-Oct-2022,9931.15
NIFTY500 VALUE 50 - TRI,06-Oct-2022,10069.22
NIFTY500 VALUE 50 - TRI,07-Oct-2022,10074.64
NIFTY500 VALUE 50 - TRI,10-Oct-2022,9997.74
NIFTY500 VALUE 50 - TRI,11-Oct-2022,9821.01
NIFTY500 VALUE 50 - TRI,12-Oct-2022,9951.10
NIFTY500 VALUE 50 - TRI,13-Oct-2022,9918.40
NIFTY500 VALUE 50 - TRI,14-Oct-2022,9916.94
NIFTY500 VALUE 50 - TRI,17-Oct-2022,9931.96
NIFTY500 VALUE 50 - TRI,18-Oct-2022,10051.74
NIFTY500 VALUE 50 - TRI,19-Oct-2022,10024.32
NIFTY500 VALUE 50 - TRI,20-Oct-2022,10144.78
NIFTY500 VALUE 50 - TRI,21-Oct-2022,10135.91
NIFTY500 VALUE 50 - TRI,24-Oct-2022,10203.81
NIFTY500 VALUE 50 - TRI,25-Oct-2022,10244.31
NIFTY500 VALUE 50 - TRI,27-Oct-2022,10397.79
NIFTY500 VALUE 50 - TRI,28-Oct-2022,10392.31
NIFTY500 VALUE 50 - TRI,31-Oct-2022,10436.42
NIFTY500 VALUE 50 - TRI,01-Nov-2022,10502.04
NIFTY500 VALUE 50 - TRI,02-Nov-2022,10527.62
NIFTY500 VALUE 50 - TRI,03-Nov-2022,10565.06
NIFTY500 VALUE 50 - TRI,04-Nov-2022,10655.60
NIFTY500 VALUE 50 - TRI,07-Nov-2022,10814.29
NIFTY500 VALUE 50 - TRI,09-Nov-2022,10781.16
NIFTY500 VALUE 50 - TRI,10-Nov-2022,10665.98
NIFTY500 VALUE 50 - TRI,11-Nov-2022,10761.38
NIFTY500 VALUE 50 - TRI,14-Nov-2022,10815.04
NIFTY500 VALUE 50 - TRI,15-Nov-2022,10851.01
NIFTY500 VALUE 50 - TRI,16-Nov-2022,10790.83
NIFTY500 VALUE 50 - TRI,17-Nov-2022,10788.30
NIFTY500 VALUE 50 - TRI,18-Nov-2022,10778.34
NIFTY500 VALUE 50 - TRI,21-Nov-2022,10786.77
NIFTY500 VALUE 50 - TRI,22-Nov-2022,10830.40
NIFTY500 VALUE 50 - TRI,23-Nov-2022,10866.28
NIFTY500 VALUE 50 - TRI,24-Nov-2022,10995.77
NIFTY500 VALUE 50 - TRI,25-Nov-2022,11144.04
NIFTY500 VALUE 50 - TRI,28-Nov-2022,11187.10
NIFTY500 VALUE 50 - TRI,29-Nov-2022,11200.29
NIFTY500 VALUE 50 - TRI,30-Nov-2022,11281.08
NIFTY500 VALUE 50 - TRI,01-Dec-2022,11346.95
NIFTY500 VALUE 50 - TRI,02-Dec-2022,11375.88
NIFTY500 VALUE 50 - TRI,05-Dec-2022,11492.76
NIFTY500 VALUE 50 - TRI,06-Dec-2022,11446.63
NIFTY500 VALUE 50 - TRI,07-Dec-2022,11417.16
NIFTY500 VALUE 50 - TRI,08-Dec-2022,11521.05
NIFTY500 VALUE 50 - TRI,09-Dec-2022,11403.16
NIFTY500 VALUE 50 - TRI,12-Dec-2022,11530.55
NIFTY500 VALUE 50 - TRI,13-Dec-2022,11582.94
NIFTY500 VALUE 50 - TRI,14-Dec-2022,11703.49
NIFTY500 VALUE 50 - TRI,15-Dec-2022,11613.78
NIFTY500 VALUE 50 - TRI,16-Dec-2022,11457.97
NIFTY500 VALUE 50 - TRI,19-Dec-2022,11546.72
NIFTY500 VALUE 50 - TRI,20-Dec-2022,11511.61
NIFTY500 VALUE 50 - TRI,21-Dec-2022,11283.11
NIFTY500 VALUE 50 - TRI,22-Dec-2022,11168.55
NIFTY500 VALUE 50 - TRI,23-Dec-2022,10738.35
NIFTY500 VALUE 50 - TRI,26-Dec-2022,11078.56
NIFTY500 VALUE 50 - TRI,27-Dec-2022,11261.31
NIFTY500 VALUE 50 - TRI,28-Dec-2022,11287.26
NIFTY500 VALUE 50 - TRI,29-Dec-2022,11339.56
NIFTY500 VALUE 50 - TRI,30-Dec-2022,11448.75
NIFTY500 VALUE 50 - TRI,02-Jan-2023,11675.46
NIFTY500 VALUE 50 - TRI,03-Jan-2023,11716.92
NIFTY500 VALUE 50 - TRI,04-Jan-2023,11543.51
NIFTY500 VALUE 50 - TRI,05-Jan-2023,11622.18
NIFTY500 VALUE 50 - TRI,06-Jan-2023,11580.35
NIFTY500 VALUE 50 - TRI,09-Jan-2023,11684.69
NIFTY500 VALUE 50 - TRI,10-Jan-2023,11637.83
NIFTY500 VALUE 50 - TRI,11-Jan-2023,11685.56
NIFTY500 VALUE 50 - TRI,12-Jan-2023,11604.25
NIFTY500 VALUE 50 - TRI,13-Jan-2023,11689.38
NIFTY500 VALUE 50 - TRI,16-Jan-2023,11670.39
NIFTY500 VALUE 50 - TRI,17-Jan-2023,11663.82
NIFTY500 VALUE 50 - TRI,18-Jan-2023,11775.20
NIFTY500 VALUE 50 - TRI,19-Jan-2023,11845.38
NIFTY500 VALUE 50 - TRI,20-Jan-2023,11805.70
NIFTY500 VALUE 50 - TRI,23-Jan-2023,11844.48
NIFTY500 VALUE 50 - TRI,24-Jan-2023,11745.80
NIFTY500 VALUE 50 - TRI,25-Jan-2023,11612.39
NIFTY500 VALUE 50 - TRI,27-Jan-2023,11351.03
NIFTY500 VALUE 50 - TRI,30-Jan-2023,11305.93
NIFTY500 VALUE 50 - TRI,31-Jan-2023,11545.24
NIFTY500 VALUE 50 - TRI,01-Feb-2023,11345.83
NIFTY500 VALUE 50 - TRI,02-Feb-2023,11307.95
NIFTY500 VALUE 50 - TRI,03-Feb-2023,11351.37
NIFTY500 VALUE 50 - TRI,06-Feb-2023,11343.76
NIFTY500 VALUE 50 - TRI,07-Feb-2023,11246.50
NIFTY500 VALUE 50 - TRI,08-Feb-2023,11329.15
NIFTY500 VALUE 50 - TRI,09-Feb-2023,11341.96
NIFTY500 VALUE 50 - TRI,10-Feb-2023,11315.53
NIFTY500 VALUE 50 - TRI,13-Feb-2023,11235.15
NIFTY500 VALUE 50 - TRI,14-Feb-2023,11256.53
NIFTY500 VALUE 50 - TRI,15-Feb-2023,11300.24
NIFTY500 VALUE 50 - TRI,16-Feb-2023,11375.32
NIFTY500 VALUE 50 - TRI,17-Feb-2023,11351.10
NIFTY500 VALUE 50 - TRI,20-Feb-2023,11281.69
NIFTY500 VALUE 50 - TRI,21-Feb-2023,11243.61
NIFTY500 VALUE 50 - TRI,22-Feb-2023,11064.62
NIFTY500 VALUE 50 - TRI,23-Feb-2023,11094.12
NIFTY500 VALUE 50 - TRI,24-Feb-2023,11057.14
NIFTY500 VALUE 50 - TRI,27-Feb-2023,10989.45
NIFTY500 VALUE 50 - TRI,28-Feb-2023,10934.42
NIFTY500 VALUE 50 - TRI,01-Mar-2023,11116.86
NIFTY500 VALUE 50 - TRI,02-Mar-2023,11126.99
NIFTY500 VALUE 50 - TRI,03-Mar-2023,11290.83
NIFTY500 VALUE 50 - TRI,06-Mar-2023,11412.01
NIFTY500 VALUE 50 - TRI,08-Mar-2023,11496.80
NIFTY500 VALUE 50 - TRI,09-Mar-2023,11471.65
NIFTY500 VALUE 50 - TRI,10-Mar-2023,11406.43
NIFTY500 VALUE 50 - TRI,13-Mar-2023,11240.30
NIFTY500 VALUE 50 - TRI,14-Mar-2023,11167.92
NIFTY500 VALUE 50 - TRI,15-Mar-2023,11207.96
NIFTY500 VALUE 50 - TRI,16-Mar-2023,11212.00
NIFTY500 VALUE 50 - TRI,17-Mar-2023,11292.31
NIFTY500 VALUE 50 - TRI,20-Mar-2023,11191.66
NIFTY500 VALUE 50 - TRI,21-Mar-2023,11245.28
NIFTY500 VALUE 50 - TRI,22-Mar-2023,11247.08
NIFTY500 VALUE 50 - TRI,23-Mar-2023,11183.50
NIFTY500 VALUE 50 - TRI,24-Mar-2023,11003.85
NIFTY500 VALUE 50 - TRI,27-Mar-2023,10966.57
NIFTY500 VALUE 50 - TRI,28-Mar-2023,10936.98
NIFTY500 VALUE 50 - TRI,29-Mar-2023,11121.08
NIFTY500 VALUE 50 - TRI,31-Mar-2023,11185.10
NIFTY500 VALUE 50 - TRI,03-Apr-2023,11248.02
NIFTY500 VALUE 50 - TRI,05-Apr-2023,11257.70
NIFTY500 VALUE 50 - TRI,06-Apr-2023,11299.45
NIFTY500 VALUE 50 - TRI,10-Apr-2023,11421.17
NIFTY500 VALUE 50 - TRI,11-Apr-2023,11519.67
NIFTY500 VALUE 50 - TRI,12-Apr-2023,11499.76
NIFTY500 VALUE 50 - TRI,13-Apr-2023,11465.73
NIFTY500 VALUE 50 - TRI,17-Apr-2023,11579.61
NIFTY500 VALUE 50 - TRI,18-Apr-2023,11590.80
NIFTY500 VALUE 50 - TRI,19-Apr-2023,11590.39
NIFTY500 VALUE 50 - TRI,20-Apr-2023,11572.22
NIFTY500 VALUE 50 - TRI,21-Apr-2023,11517.81
NIFTY500 VALUE 50 - TRI,24-Apr-2023,11617.06
NIFTY500 VALUE 50 - TRI,25-Apr-2023,11677.94
NIFTY500 VALUE 50 - TRI,26-Apr-2023,11737.48
NIFTY500 VALUE 50 - TRI,27-Apr-2023,11786.01
NIFTY500 VALUE 50 - TRI,28-Apr-2023,11894.70
NIFTY500 VALUE 50 - TRI,02-May-2023,12049.88
NIFTY500 VALUE 50 - TRI,03-May-2023,12020.65
NIFTY500 VALUE 50 - TRI,04-May-2023,12115.22
NIFTY500 VALUE 50 - TRI,05-May-2023,11944.33
NIFTY500 VALUE 50 - TRI,08-May-2023,12043.44
NIFTY500 VALUE 50 - TRI,09-May-2023,11962.75
NIFTY500 VALUE 50 - TRI,10-May-2023,12011.73
NIFTY500 VALUE 50 - TRI,11-May-2023,12011.00
NIFTY500 VALUE 50 - TRI,12-May-2023,11869.92
NIFTY500 VALUE 50 - TRI,15-May-2023,11968.43
NIFTY500 VALUE 50 - TRI,16-May-2023,12007.30
NIFTY500 VALUE 50 - TRI,17-May-2023,11961.56
NIFTY500 VALUE 50 - TRI,18-May-2023,11830.37
NIFTY500 VALUE 50 - TRI,19-May-2023,11816.78
NIFTY500 VALUE 50 - TRI,22-May-2023,11845.35
NIFTY500 VALUE 50 - TRI,23-May-2023,11900.80
NIFTY500 VALUE 50 - TRI,24-May-2023,11887.95
NIFTY500 VALUE 50 - TRI,25-May-2023,11906.32
NIFTY500 VALUE 50 - TRI,26-May-2023,11955.25
NIFTY500 VALUE 50 - TRI,29-May-2023,12020.76
NIFTY500 VALUE 50 - TRI,30-May-2023,12055.96
NIFTY500 VALUE 50 - TRI,31-May-2023,12002.65
NIFTY500 VALUE 50 - TRI,01-Jun-2023,12004.00
NIFTY500 VALUE 50 - TRI,02-Jun-2023,12109.09
NIFTY500 VALUE 50 - TRI,05-Jun-2023,12130.66
NIFTY500 VALUE 50 - TRI,06-Jun-2023,12144.98
NIFTY500 VALUE 50 - TRI,07-Jun-2023,12267.52
NIFTY500 VALUE 50 - TRI,08-Jun-2023,12212.21
NIFTY500 VALUE 50 - TRI,09-Jun-2023,12183.99
NIFTY500 VALUE 50 - TRI,12-Jun-2023,12324.50
NIFTY500 VALUE 50 - TRI,13-Jun-2023,12372.63
NIFTY500 VALUE 50 - TRI,14-Jun-2023,12440.33
NIFTY500 VALUE 50 - TRI,15-Jun-2023,12415.37
NIFTY500 VALUE 50 - TRI,16-Jun-2023,12480.48
NIFTY500 VALUE 50 - TRI,19-Jun-2023,12461.97
NIFTY500 VALUE 50 - TRI,20-Jun-2023,12563.30
NIFTY500 VALUE 50 - TRI,21-Jun-2023,12669.49
NIFTY500 VALUE 50 - TRI,22-Jun-2023,12549.65
NIFTY500 VALUE 50 - TRI,23-Jun-2023,12373.64
NIFTY500 VALUE 50 - TRI,26-Jun-2023,12399.84
NIFTY500 VALUE 50 - TRI,27-Jun-2023,12482.47
NIFTY500 VALUE 50 - TRI,28-Jun-2023,12582.84
NIFTY500 VALUE 50 - TRI,30-Jun-2023,12667.51
NIFTY500 VALUE 50 - TRI,03-Jul-2023,12867.96
NIFTY500 VALUE 50 - TRI,04-Jul-2023,12866.09
NIFTY500 VALUE 50 - TRI,05-Jul-2023,12981.03
NIFTY500 VALUE 50 - TRI,06-Jul-2023,13135.84
NIFTY500 VALUE 50 - TRI,07-Jul-2023,13071.54
NIFTY500 VALUE 50 - TRI,10-Jul-2023,13054.44
NIFTY500 VALUE 50 - TRI,11-Jul-2023,13111.11
NIFTY500 VALUE 50 - TRI,12-Jul-2023,13129.98
NIFTY500 VALUE 50 - TRI,13-Jul-2023,12962.73
NIFTY500 VALUE 50 - TRI,14-Jul-2023,13088.49
NIFTY500 VALUE 50 - TRI,17-Jul-2023,13148.33
NIFTY500 VALUE 50 - TRI,18-Jul-2023,13065.98
NIFTY500 VALUE 50 - TRI,19-Jul-2023,13174.26
NIFTY500 VALUE 50 - TRI,20-Jul-2023,13228.43
NIFTY500 VALUE 50 - TRI,21-Jul-2023,13225.62
NIFTY500 VALUE 50 - TRI,24-Jul-2023,13298.39
NIFTY500 VALUE 50 - TRI,25-Jul-2023,13390.34
NIFTY500 VALUE 50 - TRI,26-Jul-2023,13489.77
NIFTY500 VALUE 50 - TRI,27-Jul-2023,13528.92
NIFTY500 VALUE 50 - TRI,28-Jul-2023,13615.42
NIFTY500 VALUE 50 - TRI,31-Jul-2023,13817.25
NIFTY500 VALUE 50 - TRI,01-Aug-2023,13829.85
NIFTY500 VALUE 50 - TRI,02-Aug-2023,13544.47
NIFTY500 VALUE 50 - TRI,03-Aug-2023,13500.13
NIFTY500 VALUE 50 - TRI,04-Aug-2023,13489.37
NIFTY500 VALUE 50 - TRI,07-Aug-2023,13566.31
NIFTY500 VALUE 50 - TRI,08-Aug-2023,13596.62
NIFTY500 VALUE 50 - TRI,09-Aug-2023,13707.34
NIFTY500 VALUE 50 - TRI,10-Aug-2023,13675.27
NIFTY500 VALUE 50 - TRI,11-Aug-2023,13652.60
NIFTY500 VALUE 50 - TRI,14-Aug-2023,13563.67
NIFTY500 VALUE 50 - TRI,16-Aug-2023,13592.74
NIFTY500 VALUE 50 - TRI,17-Aug-2023,13632.73
NIFTY500 VALUE 50 - TRI,18-Aug-2023,13548.31
NIFTY500 VALUE 50 - TRI,21-Aug-2023,13643.68
NIFTY500 VALUE 50 - TRI,22-Aug-2023,13671.73
NIFTY500 VALUE 50 - TRI,23-Aug-2023,13758.12
NIFTY500 VALUE 50 - TRI,24-Aug-2023,13712.71
NIFTY500 VALUE 50 - TRI,25-Aug-2023,13604.70
NIFTY500 VALUE 50 - TRI,28-Aug-2023,13739.81
NIFTY500 VALUE 50 - TRI,29-Aug-2023,13779.83
NIFTY500 VALUE 50 - TRI,30-Aug-2023,13797.07
NIFTY500 VALUE 50 - TRI,31-Aug-2023,13681.53
NIFTY500 VALUE 50 - TRI,01-Sep-2023,13971.95
NIFTY500 VALUE 50 - TRI,04-Sep-2023,14283.05
NIFTY500 VALUE 50 - TRI,05-Sep-2023,14368.69
NIFTY500 VALUE 50 - TRI,06-Sep-2023,14278.84
NIFTY500 VALUE 50 - TRI,07-Sep-2023,14430.12
NIFTY500 VALUE 50 - TRI,08-Sep-2023,14693.58
NIFTY500 VALUE 50 - TRI,11-Sep-2023,14867.43
NIFTY500 VALUE 50 - TRI,12-Sep-2023,14309.51
NIFTY500 VALUE 50 - TRI,13-Sep-2023,14546.75
NIFTY500 VALUE 50 - TRI,14-Sep-2023,14748.53
NIFTY500 VALUE 50 - TRI,15-Sep-2023,14705.43
NIFTY500 VALUE 50 - TRI,18-Sep-2023,14814.40
NIFTY500 VALUE 50 - TRI,20-Sep-2023,14763.25
NIFTY500 VALUE 50 - TRI,21-Sep-2023,14625.69
NIFTY500 VALUE 50 - TRI,22-Sep-2023,14708.93
NIFTY500 VALUE 50 - TRI,25-Sep-2023,14748.71
NIFTY500 VALUE 50 - TRI,26-Sep-2023,14723.95
NIFTY500 VALUE 50 - TRI,27-Sep-2023,14808.18
NIFTY500 VALUE 50 - TRI,28-Sep-2023,14652.41
NIFTY500 VALUE 50 - TRI,29-Sep-2023,14983.15
NIFTY500 VALUE 50 - TRI,03-Oct-2023,14960.12
NIFTY500 VALUE 50 - TRI,04-Oct-2023,14683.97
NIFTY500 VALUE 50 - TRI,05-Oct-2023,14629.26
NIFTY500 VALUE 50 - TRI,06-Oct-2023,14719.38
NIFTY500 VALUE 50 - TRI,09-Oct-2023,14487.82
NIFTY500 VALUE 50 - TRI,10-Oct-2023,14767.23
NIFTY500 VALUE 50 - TRI,11-Oct-2023,14824.05
NIFTY500 VALUE 50 - TRI,12-Oct-2023,14946.43
NIFTY500 VALUE 50 - TRI,13-Oct-2023,14923.04
NIFTY500 VALUE 50 - TRI,16-Oct-2023,15034.95
NIFTY500 VALUE 50 - TRI,17-Oct-2023,15137.22
NIFTY500 VALUE 50 - TRI,18-Oct-2023,14971.59
NIFTY500 VALUE 50 - TRI,19-Oct-2023,14984.45
NIFTY500 VALUE 50 - TRI,20-Oct-2023,14762.64
NIFTY500 VALUE 50 - TRI,23-Oct-2023,14355.50
NIFTY500 VALUE 50 - TRI,25-Oct-2023,14273.49
NIFTY500 VALUE 50 - TRI,26-Oct-2023,14103.95
NIFTY500 VALUE 50 - TRI,27-Oct-2023,14358.77
NIFTY500 VALUE 50 - TRI,30-Oct-2023,14425.72
NIFTY500 VALUE 50 - TRI,31-Oct-2023,14497.48
NIFTY500 VALUE 50 - TRI,01-Nov-2023,14459.52
NIFTY500 VALUE 50 - TRI,02-Nov-2023,14747.81
NIFTY500 VALUE 50 - TRI,03-Nov-2023,14839.66
NIFTY500 VALUE 50 - TRI,06-Nov-2023,14968.63
NIFTY500 VALUE 50 - TRI,07-Nov-2023,15092.90
NIFTY500 VALUE 50 - TRI,08-Nov-2023,15175.70
NIFTY500 VALUE 50 - TRI,09-Nov-2023,15234.87
NIFTY500 VALUE 50 - TRI,10-Nov-2023,15394.85
NIFTY500 VALUE 50 - TRI,12-Nov-2023,15533.70
NIFTY500 VALUE 50 - TRI,13-Nov-2023,15704.94
NIFTY500 VALUE 50 - TRI,15-Nov-2023,15821.57
NIFTY500 VALUE 50 - TRI,16-Nov-2023,15873.29
NIFTY500 VALUE 50 - TRI,17-Nov-2023,15843.49
NIFTY500 VALUE 50 - TRI,20-Nov-2023,15880.94
NIFTY500 VALUE 50 - TRI,21-Nov-2023,15861.38
NIFTY500 VALUE 50 - TRI,22-Nov-2023,15841.43
NIFTY500 VALUE 50 - TRI,23-Nov-2023,15919.11
NIFTY500 VALUE 50 - TRI,24-Nov-2023,15861.16
NIFTY500 VALUE 50 - TRI,28-Nov-2023,16115.26
NIFTY500 VALUE 50 - TRI,29-Nov-2023,16238.41
NIFTY500 VALUE 50 - TRI,30-Nov-2023,16359.76
NIFTY500 VALUE 50 - TRI,01-Dec-2023,16683.73
NIFTY500 VALUE 50 - TRI,04-Dec-2023,17124.68
NIFTY500 VALUE 50 - TRI,05-Dec-2023,17299.88
NIFTY500 VALUE 50 - TRI,06-Dec-2023,17403.41
NIFTY500 VALUE 50 - TRI,07-Dec-2023,17456.86
NIFTY500 VALUE 50 - TRI,08-Dec-2023,17441.08
NIFTY500 VALUE 50 - TRI,11-Dec-2023,17548.05
NIFTY500 VALUE 50 - TRI,12-Dec-2023,17489.35
NIFTY500 VALUE 50 - TRI,13-Dec-2023,17908.87
NIFTY500 VALUE 50 - TRI,14-Dec-2023,18061.17
NIFTY500 VALUE 50 - TRI,15-Dec-2023,18272.62
NIFTY500 VALUE 50 - TRI,18-Dec-2023,18275.98
NIFTY500 VALUE 50 - TRI,19-Dec-2023,18329.97
NIFTY500 VALUE 50 - TRI,20-Dec-2023,17564.93
NIFTY500 VALUE 50 - TRI,21-Dec-2023,17935.63
NIFTY500 VALUE 50 - TRI,22-Dec-2023,18023.72
NIFTY500 VALUE 50 - TRI,26-Dec-2023,18244.35
NIFTY500 VALUE 50 - TRI,27-Dec-2023,18308.25
NIFTY500 VALUE 50 - TRI,28-Dec-2023,18692.31
NIFTY500 VALUE 50 - TRI,29-Dec-2023,18615.48
NIFTY500 VALUE 50 - TRI,01-Jan-2024,18768.74
NIFTY500 VALUE 50 - TRI,02-Jan-2024,18795.00
NIFTY500 VALUE 50 - TRI,03-Jan-2024,18747.92
NIFTY500 VALUE 50 - TRI,04-Jan-2024,18903.67
NIFTY500 VALUE 50 - TRI,05-Jan-2024,18874.64
NIFTY500 VALUE 50 - TRI,08-Jan-2024,18671.13
NIFTY500 VALUE 50 - TRI,09-Jan-2024,18713.29
NIFTY500 VALUE 50 - TRI,10-Jan-2024,18639.33
NIFTY500 VALUE 50 - TRI,11-Jan-2024,18789.72
NIFTY500 VALUE 50 - TRI,12-Jan-2024,18950.73
NIFTY500 VALUE 50 - TRI,15-Jan-2024,19135.89
NIFTY500 VALUE 50 - TRI,16-Jan-2024,19228.46
NIFTY500 VALUE 50 - TRI,17-Jan-2024,18891.56
NIFTY500 VALUE 50 - TRI,18-Jan-2024,18832.56
NIFTY500 VALUE 50 - TRI,19-Jan-2024,19204.15
NIFTY500 VALUE 50 - TRI,20-Jan-2024,19389.60
NIFTY500 VALUE 50 - TRI,23-Jan-2024,18616.81
NIFTY500 VALUE 50 - TRI,24-Jan-2024,19178.11
NIFTY500 VALUE 50 - TRI,25-Jan-2024,19252.42
NIFTY500 VALUE 50 - TRI,29-Jan-2024,19815.00
NIFTY500 VALUE 50 - TRI,30-Jan-2024,19806.50
NIFTY500 VALUE 50 - TRI,31-Jan-2024,20072.76
NIFTY500 VALUE 50 - TRI,01-Feb-2024,20113.03
NIFTY500 VALUE 50 - TRI,02-Feb-2024,20676.90
NIFTY500 VALUE 50 - TRI,05-Feb-2024,20902.16
NIFTY500 VALUE 50 - TRI,06-Feb-2024,21226.43
NIFTY500 VALUE 50 - TRI,07-Feb-2024,21263.74
NIFTY500 VALUE 50 - TRI,08-Feb-2024,21373.49
NIFTY500 VALUE 50 - TRI,09-Feb-2024,21063.14
NIFTY500 VALUE 50 - TRI,12-Feb-2024,20246.83
NIFTY500 VALUE 50 - TRI,13-Feb-2024,20294.68
NIFTY500 VALUE 50 - TRI,14-Feb-2024,20903.51
NIFTY500 VALUE 50 - TRI,15-Feb-2024,21396.64
NIFTY500 VALUE 50 - TRI,16-Feb-2024,21378.59
NIFTY500 VALUE 50 - TRI,19-Feb-2024,21418.03
NIFTY500 VALUE 50 - TRI,20-Feb-2024,21494.19
NIFTY500 VALUE 50 - TRI,21-Feb-2024,21208.41
NIFTY500 VALUE 50 - TRI,22-Feb-2024,21364.83
NIFTY500 VALUE 50 - TRI,23-Feb-2024,21251.36
NIFTY500 VALUE 50 - TRI,26-Feb-2024,21170.22
NIFTY500 VALUE 50 - TRI,27-Feb-2024,21091.24
NIFTY500 VALUE 50 - TRI,28-Feb-2024,20644.72
NIFTY500 VALUE 50 - TRI,29-Feb-2024,20756.58
NIFTY500 VALUE 50 - TRI,01-Mar-2024,21290.59
NIFTY500 VALUE 50 - TRI,02-Mar-2024,21440.68
NIFTY500 VALUE 50 - TRI,04-Mar-2024,21681.95
NIFTY500 VALUE 50 - TRI,05-Mar-2024,21864.02
NIFTY500 VALUE 50 - TRI,06-Mar-2024,21731.40
NIFTY500 VALUE 50 - TRI,07-Mar-2024,21743.47
NIFTY500 VALUE 50 - TRI,11-Mar-2024,21428.38
NIFTY500 VALUE 50 - TRI,12-Mar-2024,21117.30
NIFTY500 VALUE 50 - TRI,13-Mar-2024,19917.90
NIFTY500 VALUE 50 - TRI,14-Mar-2024,20354.40
NIFTY500 VALUE 50 - TRI,15-Mar-2024,20135.28
NIFTY500 VALUE 50 - TRI,18-Mar-2024,20200.90
NIFTY500 VALUE 50 - TRI,19-Mar-2024,19892.09
NIFTY500 VALUE 50 - TRI,20-Mar-2024,19956.10
NIFTY500 VALUE 50 - TRI,21-Mar-2024,20482.36
NIFTY500 VALUE 50 - TRI,22-Mar-2024,20611.68
NIFTY500 VALUE 50 - TRI,26-Mar-2024,20723.50
NIFTY500 VALUE 50 - TRI,27-Mar-2024,20610.67
NIFTY500 VALUE 50 - TRI,28-Mar-2024,20884.15
NIFTY500 VALUE 50 - TRI,01-Apr-2024,21309.39
NIFTY500 VALUE 50 - TRI,02-Apr-2024,21663.34
NIFTY500 VALUE 50 - TRI,03-Apr-2024,21852.67
NIFTY500 VALUE 50 - TRI,04-Apr-2024,21785.38
NIFTY500 VALUE 50 - TRI,05-Apr-2024,21853.61
NIFTY500 VALUE 50 - TRI,08-Apr-2024,21953.59
NIFTY500 VALUE 50 - TRI,09-Apr-2024,22003.69
NIFTY500 VALUE 50 - TRI,10-Apr-2024,22386.49
NIFTY500 VALUE 50 - TRI,12-Apr-2024,22169.62
NIFTY500 VALUE 50 - TRI,15-Apr-2024,22002.95
NIFTY500 VALUE 50 - TRI,16-Apr-2024,22048.67
NIFTY500 VALUE 50 - TRI,18-Apr-2024,21924.44
NIFTY500 VALUE 50 - TRI,19-Apr-2024,21919.95
NIFTY500 VALUE 50 - TRI,22-Apr-2024,22110.65
NIFTY500 VALUE 50 - TRI,23-Apr-2024,22123.26
NIFTY500 VALUE 50 - TRI,24-Apr-2024,22442.49
NIFTY500 VALUE 50 - TRI,25-Apr-2024,22751.65
NIFTY500 VALUE 50 - TRI,26-Apr-2024,22872.46
NIFTY500 VALUE 50 - TRI,29-Apr-2024,23070.72
NIFTY500 VALUE 50 - TRI,30-Apr-2024,23111.80
NIFTY500 VALUE 50 - TRI,02-May-2024,23431.30
NIFTY500 VALUE 50 - TRI,03-May-2024,23480.91
NIFTY500 VALUE 50 - TRI,06-May-2024,22952.80
NIFTY500 VALUE 50 - TRI,07-May-2024,22385.35
NIFTY500 VALUE 50 - TRI,08-May-2024,22721.29
NIFTY500 VALUE 50 - TRI,09-May-2024,22048.35
NIFTY500 VALUE 50 - TRI,10-May-2024,22395.62
NIFTY500 VALUE 50 - TRI,13-May-2024,22392.10
NIFTY500 VALUE 50 - TRI,14-May-2024,22743.88
NIFTY500 VALUE 50 - TRI,15-May-2024,23008.38
NIFTY500 VALUE 50 - TRI,16-May-2024,23030.34
NIFTY500 VALUE 50 - TRI,17-May-2024,23268.44
NIFTY500 VALUE 50 - TRI,18-May-2024,23425.79
NIFTY500 VALUE 50 - TRI,21-May-2024,23883.38
NIFTY500 VALUE 50 - TRI,22-May-2024,23800.32
NIFTY500 VALUE 50 - TRI,23-May-2024,23789.37
NIFTY500 VALUE 50 - TRI,24-May-2024,23846.37
NIFTY500 VALUE 50 - TRI,27-May-2024,23868.42
NIFTY500 VALUE 50 - TRI,28-May-2024,23660.01
NIFTY500 VALUE 50 - TRI,29-May-2024,23650.09
NIFTY500 VALUE 50 - TRI,30-May-2024,23203.51
NIFTY500 VALUE 50 - TRI,31-May-2024,23373.60
NIFTY500 VALUE 50 - TRI,03-Jun-2024,24732.08
NIFTY500 VALUE 50 - TRI,04-Jun-2024,21617.08
NIFTY500 VALUE 50 - TRI,05-Jun-2024,22485.47
NIFTY500 VALUE 50 - TRI,06-Jun-2024,23006.48
NIFTY500 VALUE 50 - TRI,07-Jun-2024,23465.55
NIFTY500 VALUE 50 - TRI,10-Jun-2024,23588.84
NIFTY500 VALUE 50 - TRI,11-Jun-2024,23750.40
NIFTY500 VALUE 50 - TRI,12-Jun-2024,23997.73
NIFTY500 VALUE 50 - TRI,13-Jun-2024,24069.63
NIFTY500 VALUE 50 - TRI,14-Jun-2024,24202.22
NIFTY500 VALUE 50 - TRI,18-Jun-2024,24272.58
NIFTY500 VALUE 50 - TRI,19-Jun-2024,24032.46
NIFTY500 VALUE 50 - TRI,20-Jun-2024,24303.59
NIFTY500 VALUE 50 - TRI,21-Jun-2024,24185.27
NIFTY500 VALUE 50 - TRI,24-Jun-2024,24135.63
NIFTY500 VALUE 50 - TRI,25-Jun-2024,23971.48
NIFTY500 VALUE 50 - TRI,26-Jun-2024,23945.52
NIFTY500 VALUE 50 - TRI,27-Jun-2024,24026.42
NIFTY500 VALUE 50 - TRI,28-Jun-2024,24273.20
NIFTY500 VALUE 50 - TRI,01-Jul-2024,24380.31
NIFTY500 VALUE 50 - TRI,02-Jul-2024,24265.34
NIFTY500 VALUE 50 - TRI,03-Jul-2024,24554.76
NIFTY500 VALUE 50 - TRI,04-Jul-2024,24610.59
NIFTY500 VALUE 50 - TRI,05-Jul-2024,24857.95
NIFTY500 VALUE 50 - TRI,08-Jul-2024,24855.13
NIFTY500 VALUE 50 - TRI,09-Jul-2024,24912.47
NIFTY500 VALUE 50 - TRI,10-Jul-2024,24801.44
NIFTY500 VALUE 50 - TRI,11-Jul-2024,25015.17
NIFTY500 VALUE 50 - TRI,12-Jul-2024,25010.40
NIFTY500 VALUE 50 - TRI,15-Jul-2024,25296.45
NIFTY500 VALUE 50 - TRI,16-Jul-2024,25267.08
NIFTY500 VALUE 50 - TRI,18-Jul-2024,25126.81
NIFTY500 VALUE 50 - TRI,19-Jul-2024,24401.12
NIFTY500 VALUE 50 - TRI,22-Jul-2024,24724.46
NIFTY500 VALUE 50 - TRI,23-Jul-2024,24412.19
NIFTY500 VALUE 50 - TRI,24-Jul-2024,24633.30
NIFTY500 VALUE 50 - TRI,25-Jul-2024,24743.97
NIFTY500 VALUE 50 - TRI,26-Jul-2024,25139.56
NIFTY500 VALUE 50 - TRI,29-Jul-2024,25436.17
NIFTY500 VALUE 50 - TRI,30-Jul-2024,25620.45
NIFTY500 VALUE 50 - TRI,31-Jul-2024,25739.18
NIFTY500 VALUE 50 - TRI,01-Aug-2024,25714.94
NIFTY500 VALUE 50 - TRI,02-Aug-2024,25223.72
NIFTY500 VALUE 50 - TRI,05-Aug-2024,24185.17
NIFTY500 VALUE 50 - TRI,06-Aug-2024,23992.93
NIFTY500 VALUE 50 - TRI,07-Aug-2024,24684.31
NIFTY500 VALUE 50 - TRI,08-Aug-2024,24318.66
NIFTY500 VALUE 50 - TRI,09-Aug-2024,24593.49
NIFTY500 VALUE 50 - TRI,12-Aug-2024,24676.09
NIFTY500 VALUE 50 - TRI,13-Aug-2024,24247.48
NIFTY500 VALUE 50 - TRI,14-Aug-2024,23981.38
NIFTY500 VALUE 50 - TRI,16-Aug-2024,24385.46
NIFTY500 VALUE 50 - TRI,19-Aug-2024,24781.01
NIFTY500 VALUE 50 - TRI,20-Aug-2024,25032.49
NIFTY500 VALUE 50 - TRI,21-Aug-2024,25152.69
NIFTY500 VALUE 50 - TRI,22-Aug-2024,25246.91
NIFTY500 VALUE 50 - TRI,23-Aug-2024,25123.11
NIFTY500 VALUE 50 - TRI,26-Aug-2024,25365.97
NIFTY500 VALUE 50 - TRI,27-Aug-2024,25438.30
NIFTY500 VALUE 50 - TRI,28-Aug-2024,25365.19
NIFTY500 VALUE 50 - TRI,29-Aug-2024,25385.56
NIFTY500 VALUE 50 - TRI,30-Aug-2024,25527.79
NIFTY500 VALUE 50 - TRI,02-Sep-2024,25442.51
NIFTY500 VALUE 50 - TRI,03-Sep-2024,25404.72
NIFTY500 VALUE 50 - TRI,04-Sep-2024,25189.27
NIFTY500 VALUE 50 - TRI,05-Sep-2024,25268.24
NIFTY500 VALUE 50 - TRI,06-Sep-2024,24763.62
NIFTY500 VALUE 50 - TRI,09-Sep-2024,24513.89
NIFTY500 VALUE 50 - TRI,10-Sep-2024,24581.74
NIFTY500 VALUE 50 - TRI,11-Sep-2024,24111.48
NIFTY500 VALUE 50 - TRI,12-Sep-2024,24620.31
NIFTY500 VALUE 50 - TRI,13-Sep-2024,24694.31
NIFTY500 VALUE 50 - TRI,16-Sep-2024,24705.77
NIFTY500 VALUE 50 - TRI,17-Sep-2024,24619.27
NIFTY500 VALUE 50 - TRI,18-Sep-2024,24473.23
NIFTY500 VALUE 50 - TRI,19-Sep-2024,24218.99
NIFTY500 VALUE 50 - TRI,20-Sep-2024,24344.52
NIFTY500 VALUE 50 - TRI,23-Sep-2024,24703.00
NIFTY500 VALUE 50 - TRI,24-Sep-2024,24972.12
NIFTY500 VALUE 50 - TRI,25-Sep-2024,25078.58
NIFTY500 VALUE 50 - TRI,26-Sep-2024,25325.26
NIFTY500 VALUE 50 - TRI,27-Sep-2024,25679.33
NIFTY500 VALUE 50 - TRI,30-Sep-2024,25719.63
NIFTY500 VALUE 50 - TRI,01-Oct-2024,25751.81
NIFTY500 VALUE 50 - TRI,03-Oct-2024,25269.87
NIFTY500 VALUE 50 - TRI,04-Oct-2024,25109.23
NIFTY500 VALUE 50 - TRI,07-Oct-2024,24378.19
NIFTY500 VALUE 50 - TRI,08-Oct-2024,24577.89
NIFTY500 VALUE 50 - TRI,09-Oct-2024,24599.77
NIFTY500 VALUE 50 - TRI,10-Oct-2024,24658.62
NIFTY500 VALUE 50 - TRI,11-Oct-2024,24793.93
NIFTY500 VALUE 50 - TRI,14-Oct-2024,24856.05
NIFTY500 VALUE 50 - TRI,15-Oct-2024,24792.22
NIFTY500 VALUE 50 - TRI,16-Oct-2024,24798.10
NIFTY500 VALUE 50 - TRI,17-Oct-2024,24458.69
NIFTY500 VALUE 50 - TRI,18-Oct-2024,24691.94
NIFTY500 VALUE 50 - TRI,21-Oct-2024,24347.84
NIFTY500 VALUE 50 - TRI,22-Oct-2024,23644.95
NIFTY500 VALUE 50 - TRI,23-Oct-2024,23574.10
NIFTY500 VALUE 50 - TRI,24-Oct-2024,23685.89
NIFTY500 VALUE 50 - TRI,25-Oct-2024,23045.80
NIFTY500 VALUE 50 - TRI,28-Oct-2024,23405.39
NIFTY500 VALUE 50 - TRI,29-Oct-2024,23771.29
NIFTY500 VALUE 50 - TRI,30-Oct-2024,23755.65
NIFTY500 VALUE 50 - TRI,31-Oct-2024,23784.29
NIFTY500 VALUE 50 - TRI,01-Nov-2024,23969.37
NIFTY500 VALUE 50 - TRI,04-Nov-2024,23516.92
NIFTY500 VALUE 50 - TRI,05-Nov-2024,23930.41
NIFTY500 VALUE 50 - TRI,06-Nov-2024,24249.67
NIFTY500 VALUE 50 - TRI,07-Nov-2024,23987.55
NIFTY500 VALUE 50 - TRI,08-Nov-2024,23588.00
NIFTY500 VALUE 50 - TRI,11-Nov-2024,23524.30
NIFTY500 VALUE 50 - TRI,12-Nov-2024,23167.63
NIFTY500 VALUE 50 - TRI,13-Nov-2024,22643.82
NIFTY500 VALUE 50 - TRI,14-Nov-2024,22594.10
NIFTY500 VALUE 50 - TRI,18-Nov-2024,22695.35
NIFTY500 VALUE 50 - TRI,19-Nov-2024,22749.63
NIFTY500 VALUE 50 - TRI,21-Nov-2024,22571.50
NIFTY500 VALUE 50 - TRI,22-Nov-2024,23020.23
NIFTY500 VALUE 50 - TRI,25-Nov-2024,23497.50
NIFTY500 VALUE 50 - TRI,26-Nov-2024,23507.93
NIFTY500 VALUE 50 - TRI,27-Nov-2024,23576.98
NIFTY500 VALUE 50 - TRI,28-Nov-2024,23535.34
NIFTY500 VALUE 50 - TRI,29-Nov-2024,23639.82
NIFTY500 VALUE 50 - TRI,02-Dec-2024,23750.39
NIFTY500 VALUE 50 - TRI,03-Dec-2024,24101.36
NIFTY500 VALUE 50 - TRI,04-Dec-2024,24201.96
NIFTY500 VALUE 50 - TRI,05-Dec-2024,24250.07
NIFTY500 VALUE 50 - TRI,06-Dec-2024,24431.78
NIFTY500 VALUE 50 - TRI,09-Dec-2024,24387.81
NIFTY500 VALUE 50 - TRI,10-Dec-2024,24427.17
NIFTY500 VALUE 50 - TRI,11-Dec-2024,24463.61
NIFTY500 VALUE 50 - TRI,12-Dec-2024,24269.77
NIFTY500 VALUE 50 - TRI,13-Dec-2024,24227.71
NIFTY500 VALUE 50 - TRI,16-Dec-2024,24158.04
NIFTY500 VALUE 50 - TRI,17-Dec-2024,23767.05
NIFTY500 VALUE 50 - TRI,18-Dec-2024,23364.49
NIFTY500 VALUE 50 - TRI,19-Dec-2024,23235.73
NIFTY500 VALUE 50 - TRI,20-Dec-2024,22685.40
NIFTY500 VALUE 50 - TRI,23-Dec-2024,22797.67
NIFTY500 VALUE 50 - TRI,24-Dec-2024,22749.13
NIFTY500 VALUE 50 - TRI,26-Dec-2024,22792.81
NIFTY500 VALUE 50 - TRI,27-Dec-2024,22569.39
NIFTY500 VALUE 50 - TRI,30-Dec-2024,22209.25
NIFTY500 VALUE 50 - TRI,31-Dec-2024,22381.87
NIFTY500 VALUE 50 - TRI,01-Jan-2025,22432.92
NIFTY500 VALUE 50 - TRI,02-Jan-2025,22767.41
NIFTY500 VALUE 50 - TRI,03-Jan-2025,22902.52
NIFTY500 VALUE 50 - TRI,06-Jan-2025,22126.75
NIFTY500 VALUE 50 - TRI,07-Jan-2025,22373.80
NIFTY500 VALUE 50 - TRI,08-Jan-2025,22334.20
NIFTY500 VALUE 50 - TRI,09-Jan-2025,21994.60
NIFTY500 VALUE 50 - TRI,10-Jan-2025,21547.03
NIFTY500 VALUE 50 - TRI,13-Jan-2025,20797.38
NIFTY500 VALUE 50 - TRI,14-Jan-2025,21446.09
NIFTY500 VALUE 50 - TRI,15-Jan-2025,21531.28
NIFTY500 VALUE 50 - TRI,16-Jan-2025,21871.14
NIFTY500 VALUE 50 - TRI,17-Jan-2025,22056.31
NIFTY500 VALUE 50 - TRI,20-Jan-2025,22281.12
NIFTY500 VALUE 50 - TRI,21-Jan-2025,22003.23
NIFTY500 VALUE 50 - TRI,22-Jan-2025,21818.88
NIFTY500 VALUE 50 - TRI,23-Jan-2025,21916.45
NIFTY500 VALUE 50 - TRI,24-Jan-2025,21616.78
NIFTY500 VALUE 50 - TRI,27-Jan-2025,21087.46
NIFTY500 VALUE 50 - TRI,28-Jan-2025,21003.37
NIFTY500 VALUE 50 - TRI,29-Jan-2025,21363.82
NIFTY500 VALUE 50 - TRI,30-Jan-2025,21482.33
NIFTY500 VALUE 50 - TRI,31-Jan-2025,21930.35
NIFTY500 VALUE 50 - TRI,01-Feb-2025,21536.77
NIFTY500 VALUE 50 - TRI,03-Feb-2025,21083.41
NIFTY500 VALUE 50 - TRI,04-Feb-2025,21550.68
NIFTY500 VALUE 50 - TRI,05-Feb-2025,21837.34
NIFTY500 VALUE 50 - TRI,06-Feb-2025,21676.40
NIFTY500 VALUE 50 - TRI,07-Feb-2025,21771.75
NIFTY500 VALUE 50 - TRI,10-Feb-2025,21306.55
NIFTY500 VALUE 50 - TRI,11-Feb-2025,20792.93
NIFTY500 VALUE 50 - TRI,12-Feb-2025,20848.71
NIFTY500 VALUE 50 - TRI,13-Feb-2025,20912.09
NIFTY500 VALUE 50 - TRI,14-Feb-2025,20499.20
NIFTY500 VALUE 50 - TRI,17-Feb-2025,20666.85
NIFTY500 VALUE 50 - TRI,18-Feb-2025,20700.14
NIFTY500 VALUE 50 - TRI,19-Feb-2025,20923.68
NIFTY500 VALUE 50 - TRI,20-Feb-2025,21277.16
NIFTY500 VALUE 50 - TRI,21-Feb-2025,21176.60
NIFTY500 VALUE 50 - TRI,24-Feb-2025,20873.29
NIFTY500 VALUE 50 - TRI,25-Feb-2025,20611.99
NIFTY500 VALUE 50 - TRI,27-Feb-2025,20487.25
NIFTY500 VALUE 50 - TRI,28-Feb-2025,20027.85
NIFTY500 VALUE 50 - TRI,03-Mar-2025,20165.30
NIFTY500 VALUE 50 - TRI,04-Mar-2025,20341.40
NIFTY500 VALUE 50 - TRI,05-Mar-2025,20955.60
NIFTY500 VALUE 50 - TRI,06-Mar-2025,21347.04
NIFTY500 VALUE 50 - TRI,07-Mar-2025,21306.39
NIFTY500 VALUE 50 - TRI,10-Mar-2025,21018.78
NIFTY500 VALUE 50 - TRI,11-Mar-2025,21007.51
NIFTY500 VALUE 50 - TRI,12-Mar-2025,20998.02
NIFTY500 VALUE 50 - TRI,13-Mar-2025,20894.03
NIFTY500 VALUE 50 - TRI,17-Mar-2025,21007.86
NIFTY500 VALUE 50 - TRI,18-Mar-2025,21381.40
NIFTY500 VALUE 50 - TRI,19-Mar-2025,21707.69
NIFTY500 VALUE 50 - TRI,20-Mar-2025,21881.27
NIFTY500 VALUE 50 - TRI,21-Mar-2025,22161.96
NIFTY500 VALUE 50 - TRI,24-Mar-2025,22552.33
NIFTY500 VALUE 50 - TRI,25-Mar-2025,22310.00
NIFTY500 VALUE 50 - TRI,26-Mar-2025,22106.80
NIFTY500 VALUE 50 - TRI,27-Mar-2025,22313.72
NIFTY500 VALUE 50 - TRI,28-Mar-2025,22191.04
NIFTY500 VALUE 50 - TRI,01-Apr-2025,22190.99
NIFTY500 VALUE 50 - TRI,02-Apr-2025,22307.76
NIFTY500 VALUE 50 - TRI,03-Apr-2025,22357.25
NIFTY500 VALUE 50 - TRI,04-Apr-2025,21465.36
NIFTY500 VALUE 50 - TRI,07-Apr-2025,20696.78
NIFTY500 VALUE 50 - TRI,08-Apr-2025,21084.73
NIFTY500 VALUE 50 - TRI,09-Apr-2025,20876.63
NIFTY500 VALUE 50 - TRI,11-Apr-2025,21436.22
NIFTY500 VALUE 50 - TRI,15-Apr-2025,21924.86
NIFTY500 VALUE 50 - TRI,16-Apr-2025,22129.34
NIFTY500 VALUE 50 - TRI,17-Apr-2025,22284.62
NIFTY500 VALUE 50 - TRI,21-Apr-2025,22766.62
NIFTY500 VALUE 50 - TRI,22-Apr-2025,22701.18
NIFTY500 VALUE 50 - TRI,23-Apr-2025,22772.46
NIFTY500 VALUE 50 - TRI,24-Apr-2025,22839.73
NIFTY500 VALUE 50 - TRI,25-Apr-2025,22344.99
NIFTY500 VALUE 50 - TRI,28-Apr-2025,22746.70
NIFTY500 VALUE 50 - TRI,29-Apr-2025,22607.09
NIFTY500 VALUE 50 - TRI,30-Apr-2025,22416.26
NIFTY500 VALUE 50 - TRI,02-May-2025,22468.80
NIFTY500 VALUE 50 - TRI,05-May-2025,22700.33
NIFTY500 VALUE 50 - TRI,06-May-2025,22218.45
NIFTY500 VALUE 50 - TRI,07-May-2025,22452.64
NIFTY500 VALUE 50 - TRI,08-May-2025,22068.50
NIFTY500 VALUE 50 - TRI,09-May-2025,22078.27
NIFTY500 VALUE 50 - TRI,12-May-2025,22871.09
NIFTY500 VALUE 50 - TRI,13-May-2025,22669.26
NIFTY500 VALUE 50 - TRI,14-May-2025,22940.12
NIFTY500 VALUE 50 - TRI,15-May-2025,23175.94
NIFTY500 VALUE 50 - TRI,16-May-2025,23266.72
NIFTY500 VALUE 50 - TRI,19-May-2025,23293.39
NIFTY500 VALUE 50 - TRI,20-May-2025,23093.22
NIFTY500 VALUE 50 - TRI,21-May-2025,23224.87
NIFTY500 VALUE 50 - TRI,22-May-2025,23047.85
NIFTY500 VALUE 50 - TRI,23-May-2025,23215.94
NIFTY500 VALUE 50 - TRI,26-May-2025,23322.39
NIFTY500 VALUE 50 - TRI,27-May-2025,23235.46
NIFTY500 VALUE 50 - TRI,28-May-2025,23207.97
NIFTY500 VALUE 50 - TRI,29-May-2025,23259.09
NIFTY500 VALUE 50 - TRI,30-May-2025,23088.19
NIFTY500 VALUE 50 - TRI,02-Jun-2025,23158.98
NIFTY500 VALUE 50 - TRI,03-Jun-2025,23027.41
NIFTY500 VALUE 50 - TRI,04-Jun-2025,23112.67
NIFTY500 VALUE 50 - TRI,05-Jun-2025,23102.53
NIFTY500 VALUE 50 - TRI,06-Jun-2025,23395.62
NIFTY500 VALUE 50 - TRI,09-Jun-2025,23687.73
NIFTY500 VALUE 50 - TRI,10-Jun-2025,23758.06
NIFTY500 VALUE 50 - TRI,11-Jun-2025,23849.40
NIFTY500 VALUE 50 - TRI,12-Jun-2025,23420.18
NIFTY500 VALUE 50 - TRI,13-Jun-2025,23236.29
NIFTY500 VALUE 50 - TRI,16-Jun-2025,23392.40
NIFTY500 VALUE 50 - TRI,17-Jun-2025,23176.30
NIFTY500 VALUE 50 - TRI,18-Jun-2025,23124.62
NIFTY500 VALUE 50 - TRI,19-Jun-2025,22840.68
NIFTY500 VALUE 50 - TRI,20-Jun-2025,23107.04
NIFTY500 VALUE 50 - TRI,23-Jun-2025,23198.76
NIFTY500 VALUE 50 - TRI,24-Jun-2025,23336.28
NIFTY500 VALUE 50 - TRI,25-Jun-2025,23435.09
NIFTY500 VALUE 50 - TRI,26-Jun-2025,23779.03
NIFTY500 VALUE 50 - TRI,27-Jun-2025,23904.74
NIFTY500 VALUE 50 - TRI,30-Jun-2025,24004.75
NIFTY500 VALUE 50 - TRI,01-Jul-2025,24029.37
NIFTY500 VALUE 50 - TRI,02-Jul-2025,23951.95
NIFTY500 VALUE 50 - TRI,03-Jul-2025,23895.57
NIFTY500 VALUE 50 - TRI,04-Jul-2025,23971.80
NIFTY500 VALUE 50 - TRI,07-Jul-2025,23934.25
NIFTY500 VALUE 50 - TRI,08-Jul-2025,23989.73
NIFTY500 VALUE 50 - TRI,09-Jul-2025,23814.66
NIFTY500 VALUE 50 - TRI,10-Jul-2025,23818.22
NIFTY500 VALUE 50 - TRI,11-Jul-2025,23704.99
NIFTY500 VALUE 50 - TRI,14-Jul-2025,23799.57
NIFTY500 VALUE 50 - TRI,15-Jul-2025,23920.21
NIFTY500 VALUE 50 - TRI,16-Jul-2025,23955.38
NIFTY500 VALUE 50 - TRI,17-Jul-2025,23957.58
NIFTY500 VALUE 50 - TRI,18-Jul-2025,23916.55
NIFTY500 VALUE 50 - TRI,21-Jul-2025,23967.21
NIFTY500 VALUE 50 - TRI,22-Jul-2025,23875.18
NIFTY500 VALUE 50 - TRI,23-Jul-2025,24008.22
NIFTY500 VALUE 50 - TRI,24-Jul-2025,23990.09
NIFTY500 VALUE 50 - TRI,25-Jul-2025,23559.34
NIFTY500 VALUE 50 - TRI,28-Jul-2025,23351.54
NIFTY500 VALUE 50 - TRI,29-Jul-2025,23543.18
NIFTY500 VALUE 50 - TRI,30-Jul-2025,23408.37
NIFTY500 VALUE 50 - TRI,31-Jul-2025,23180.63
NIFTY500 VALUE 50 - TRI,01-Aug-2025,22795.89
NIFTY500 VALUE 50 - TRI,04-Aug-2025,23100.00
NIFTY500 VALUE 50 - TRI,05-Aug-2025,23108.16
NIFTY500 VALUE 50 - TRI,06-Aug-2025,23040.22
NIFTY500 VALUE 50 - TRI,07-Aug-2025,23023.84
NIFTY500 VALUE 50 - TRI,08-Aug-2025,22894.72
NIFTY500 VALUE 50 - TRI,11-Aug-2025,23103.15
NIFTY500 VALUE 50 - TRI,12-Aug-2025,23160.75
NIFTY500 VALUE 50 - TRI,13-Aug-2025,23303.21
NIFTY500 VALUE 50 - TRI,14-Aug-2025,23144.52
NIFTY500 VALUE 50 - TRI,18-Aug-2025,23371.18
NIFTY500 VALUE 50 - TRI,19-Aug-2025,23619.10
NIFTY500 VALUE 50 - TRI,20-Aug-2025,23581.34
NIFTY500 VALUE 50 - TRI,21-Aug-2025,23509.19
NIFTY500 VALUE 50 - TRI,22-Aug-2025,23291.38
NIFTY500 VALUE 50 - TRI,25-Aug-2025,23403.31
NIFTY500 VALUE 50 - TRI,26-Aug-2025,23044.87
NIFTY500 VALUE 50 - TRI,28-Aug-2025,22839.86
NIFTY500 VALUE 50 - TRI,29-Aug-2025,22786.35
NIFTY500 VALUE 50 - TRI,01-Sep-2025,23162.45
NIFTY500 VALUE 50 - TRI,02-Sep-2025,23285.77
NIFTY500 VALUE 50 - TRI,03-Sep-2025,23562.50
NIFTY500 VALUE 50 - TRI,04-Sep-2025,23386.38
NIFTY500 VALUE 50 - TRI,05-Sep-2025,23481.59
NIFTY500 VALUE 50 - TRI,08-Sep-2025,23541.01
NIFTY500 VALUE 50 - TRI,09-Sep-2025,23490.52
NIFTY500 VALUE 50 - TRI,10-Sep-2025,23601.73
NIFTY500 VALUE 50 - TRI,11-Sep-2025,23763.07
NIFTY500 VALUE 50 - TRI,12-Sep-2025,23841.90
NIFTY500 VALUE 50 - TRI,15-Sep-2025,23875.61
NIFTY500 VALUE 50 - TRI,16-Sep-2025,24138.31
NIFTY500 VALUE 50 - TRI,17-Sep-2025,24292.11
NIFTY500 VALUE 50 - TRI,18-Sep-2025,24320.62
NIFTY500 VALUE 50 - TRI,19-Sep-2025,24433.77
NIFTY500 VALUE 50 - TRI,22-Sep-2025,24321.37
NIFTY500 VALUE 50 - TRI,23-Sep-2025,24414.55
NIFTY500 VALUE 50 - TRI,24-Sep-2025,24303.52
NIFTY500 VALUE 50 - TRI,25-Sep-2025,24159.03
NIFTY500 VALUE 50 - TRI,26-Sep-2025,23804.20
NIFTY500 VALUE 50 - TRI,29-Sep-2025,24140.99
NIFTY500 VALUE 50 - TRI,30-Sep-2025,24298.96
NIFTY500 VALUE 50 - TRI,01-Oct-2025,24368.90
NIFTY500 VALUE 50 - TRI,03-Oct-2025,24595.06
NIFTY500 VALUE 50 - TRI,06-Oct-2025,24586.52
NIFTY500 VALUE 50 - TRI,07-Oct-2025,24554.67
NIFTY500 VALUE 50 - TRI,08-Oct-2025,24409.26
NIFTY500 VALUE 50 - TRI,09-Oct-2025,24587.21
NIFTY500 VALUE 50 - TRI,10-Oct-2025,24665.05
NIFTY500 VALUE 50 - TRI,13-Oct-2025,24572.77
NIFTY500 VALUE 50 - TRI,14-Oct-2025,24333.99
NIFTY500 VALUE 50 - TRI,15-Oct-2025,24587.82
NIFTY500 VALUE 50 - TRI,16-Oct-2025,24627.10
NIFTY500 VALUE 50 - TRI,17-Oct-2025,24464.37
NIFTY500 VALUE 50 - TRI,20-Oct-2025,24688.21
NIFTY500 VALUE 50 - TRI,21-Oct-2025,24739.14
NIFTY500 VALUE 50 - TRI,23-Oct-2025,24723.06
NIFTY500 VALUE 50 - TRI,24-Oct-2025,24764.10
NIFTY500 VALUE 50 - TRI,27-Oct-2025,25131.25
NIFTY500 VALUE 50 - TRI,28-Oct-2025,25180.98
NIFTY500 VALUE 50 - TRI,29-Oct-2025,25588.33
NIFTY500 VALUE 50 - TRI,30-Oct-2025,25533.74
NIFTY500 VALUE 50 - TRI,31-Oct-2025,25451.63
NIFTY500 VALUE 50 - TRI,03-Nov-2025,25678.13
NIFTY500 VALUE 50 - TRI,04-Nov-2025,25461.13
NIFTY500 VALUE 50 - TRI,06-Nov-2025,25142.82
NIFTY500 VALUE 50 - TRI,07-Nov-2025,25331.56
NIFTY500 VALUE 50 - TRI,10-Nov-2025,25387.06
NIFTY500 VALUE 50 - TRI,11-Nov-2025,25489.64
NIFTY500 VALUE 50 - TRI,12-Nov-2025,25714.85
NIFTY500 VALUE 50 - TRI,13-Nov-2025,25688.49
NIFTY500 VALUE 50 - TRI,14-Nov-2025,25655.15
NIFTY500 VALUE 50 - TRI,17-Nov-2025,25753.57
NIFTY500 VALUE 50 - TRI,18-Nov-2025,25585.20
NIFTY500 VALUE 50 - TRI,19-Nov-2025,25514.18
NIFTY500 VALUE 50 - TRI,20-Nov-2025,25427.53
NIFTY500 VALUE 50 - TRI,21-Nov-2025,25175.42
NIFTY500 VALUE 50 - TRI,24-Nov-2025,24962.88
NIFTY500 VALUE 50 - TRI,25-Nov-2025,25013.81
NIFTY500 VALUE 50 - TRI,26-Nov-2025,25384.85
NIFTY500 VALUE 50 - TRI,27-Nov-2025,25314.06
NIFTY500 VALUE 50 - TRI,28-Nov-2025,25234.76
NIFTY500 VALUE 50 - TRI,01-Dec-2025,25303.81
NIFTY500 VALUE 50 - TRI,02-Dec-2025,25258.76
NIFTY500 VALUE 50 - TRI,03-Dec-2025,25038.26
NIFTY500 VALUE 50 - TRI,04-Dec-2025,25051.19
NIFTY500 VALUE 50 - TRI,05-Dec-2025,25120.56
NIFTY500 VALUE 50 - TRI,08-Dec-2025,24681.45
NIFTY500 VALUE 50 - TRI,09-Dec-2025,24743.03
NIFTY500 VALUE 50 - TRI,10-Dec-2025,24779.39
NIFTY500 VALUE 50 - TRI,11-Dec-2025,24899.51
NIFTY500 VALUE 50 - TRI,12-Dec-2025,25204.31
NIFTY500 VALUE 50 - TRI,15-Dec-2025,25279.77
NIFTY500 VALUE 50 - TRI,16-Dec-2025,25099.86
NIFTY500 VALUE 50 - TRI,17-Dec-2025,25208.05
NIFTY500 VALUE 50 - TRI,18-Dec-2025,25157.66
NIFTY500 VALUE 50 - TRI,19-Dec-2025,25308.43
NIFTY500 VALUE 50 - TRI,22-Dec-2025,25510.92
NIFTY500 VALUE 50 - TRI,23-Dec-2025,25656.98
NIFTY500 VALUE 50 - TRI,24-Dec-2025,25615.42
NIFTY500 VALUE 50 - TRI,26-Dec-2025,25619.35
NIFTY500 VALUE 50 - TRI,29-Dec-2025,25603.91
NIFTY500 VALUE 50 - TRI,30-Dec-2025,25784.25
NIFTY500 VALUE 50 - TRI,31-Dec-2025,26171.06
NIFTY500 VALUE 50 - TRI,01-Jan-2026,26296.83
NIFTY500 VALUE 50 - TRI,02-Jan-2026,26755.48
NIFTY500 VALUE 50 - TRI,05-Jan-2026,26744.82
NIFTY500 VALUE 50 - TRI,06-Jan-2026,26765.05
NIFTY500 VALUE 50 - TRI,07-Jan-2026,26665.91
NIFTY500 VALUE 50 - TRI,08-Jan-2026,26022.35
NIFTY500 VALUE 50 - TRI,09-Jan-2026,25894.67
NIFTY500 VALUE 50 - TRI,12-Jan-2026,26147.73
NIFTY500 VALUE 50 - TRI,13-Jan-2026,26239.45
NIFTY500 VALUE 50 - TRI,14-Jan-2026,26658.93
NIFTY500 VALUE 50 - TRI,16-Jan-2026,26711.06
NIFTY500 VALUE 50 - TRI,19-Jan-2026,26538.98
NIFTY500 VALUE 50 - TRI,20-Jan-2026,25978.58
NIFTY500 VALUE 50 - TRI,21-Jan-2026,25960.82
NIFTY500 VALUE 50 - TRI,22-Jan-2026,26316.80
NIFTY500 VALUE 50 - TRI,23-Jan-2026,26006.87
NIFTY500 VALUE 50 - TRI,27-Jan-2026,26400.80
NIFTY500 VALUE 50 - TRI,28-Jan-2026,27101.61
NIFTY500 VALUE 50 - TRI,29-Jan-2026,27474.70
NIFTY500 VALUE 50 - TRI,30-Jan-2026,26906.76
NIFTY500 VALUE 50 - TRI,01-Feb-2026,26037.70
NIFTY500 VALUE 50 - TRI,02-Feb-2026,26508.23
NIFTY500 VALUE 50 - TRI,03-Feb-2026,27075.82
NIFTY500 VALUE 50 - TRI,04-Feb-2026,27569.44
NIFTY500 VALUE 50 - TRI,05-Feb-2026,27440.76
NIFTY500 VALUE 50 - TRI,06-Feb-2026,27495.32
NIFTY500 VALUE 50 - TRI,09-Feb-2026,27823.69
NIFTY500 VALUE 50 - TRI,10-Feb-2026,28004.56
NIFTY500 VALUE 50 - TRI,11-Feb-2026,28115.87
NIFTY500 VALUE 50 - TRI,12-Feb-2026,27984.95
NIFTY500 VALUE 50 - TRI,13-Feb-2026,27445.73
NIFTY500 VALUE 50 - TRI,16-Feb-2026,27750.40
NIFTY500 VALUE 50 - TRI,17-Feb-2026,27830.99
NIFTY500 VALUE 50 - TRI,18-Feb-2026,28064.42
NIFTY500 VALUE 50 - TRI,19-Feb-2026,27764.17
NIFTY500 VALUE 50 - TRI,20-Feb-2026,28016.00
NIFTY500 VALUE 50 - TRI,23-Feb-2026,28050.34
NIFTY500 VALUE 50 - TRI,24-Feb-2026,28240.64
NIFTY500 VALUE 50 - TRI,25-Feb-2026,28540.36
NIFTY500 VALUE 50 - TRI,26-Feb-2026,28686.44
NIFTY500 VALUE 50 - TRI,27-Feb-2026,28469.70
NIFTY500 VALUE 50 - TRI,02-Mar-2026,28072.74
NIFTY500 VALUE 50 - TRI,04-Mar-2026,27238.67
NIFTY500 VALUE 50 - TRI,05-Mar-2026,27715.46
NIFTY500 VALUE 50 - TRI,06-Mar-2026,27522.08
NIFTY500 VALUE 50 - TRI,09-Mar-2026,26692.72
NIFTY500 VALUE 50 - TRI,10-Mar-2026,27126.45
NIFTY500 VALUE 50 - TRI,11-Mar-2026,27029.95
NIFTY500 VALUE 50 - TRI,12-Mar-2026,27164.20
NIFTY500 VALUE 50 - TRI,13-Mar-2026,26337.13
NIFTY500 VALUE 50 - TRI,16-Mar-2026,26154.32
NIFTY500 VALUE 50 - TRI,17-Mar-2026,26440.99
NIFTY500 VALUE 50 - TRI,18-Mar-2026,26546.63
NIFTY500 VALUE 50 - TRI,19-Mar-2026,25825.83
NIFTY500 VALUE 50 - TRI,20-Mar-2026,26022.77
NIFTY500 VALUE 50 - TRI,23-Mar-2026,25120.60
NIFTY500 VALUE 50 - TRI,24-Mar-2026,25436.09
NIFTY500 VALUE 50 - TRI,25-Mar-2026,25909.02
NIFTY500 VALUE 50 - TRI,27-Mar-2026,25582.36
NIFTY500 VALUE 50 - TRI,30-Mar-2026,25278.73
NIFTY500 VALUE 50 - TRI,01-Apr-2026,25756.34
NIFTY500 VALUE 50 - TRI,02-Apr-2026,25685.08
NIFTY500 VALUE 50 - TRI,06-Apr-2026,25997.89
NIFTY500 VALUE 50 - TRI,07-Apr-2026,26132.64
NIFTY500 VALUE 50 - TRI,08-Apr-2026,26917.61
NIFTY500 VALUE 50 - TRI,09-Apr-2026,27030.41
NIFTY500 VALUE 50 - TRI,10-Apr-2026,27258.97
NIFTY500 VALUE 50 - TRI,13-Apr-2026,27154.78
NIFTY500 VALUE 50 - TRI,15-Apr-2026,27682.38
NIFTY500 VALUE 50 - TRI,16-Apr-2026,27780.81
NIFTY500 VALUE 50 - TRI,17-Apr-2026,28046.21
NIFTY500 VALUE 50 - TRI,20-Apr-2026,28064.19
NIFTY500 VALUE 50 - TRI,21-Apr-2026,28149.55
NIFTY500 VALUE 50 - TRI,22-Apr-2026,28291.55
NIFTY500 VALUE 50 - TRI,23-Apr-2026,28025.09
NIFTY500 VALUE 50 - TRI,24-Apr-2026,27934.68
NIFTY500 VALUE 50 - TRI,27-Apr-2026,28300.58
NIFTY500 VALUE 50 - TRI,28-Apr-2026,28353.51
NIFTY500 VALUE 50 - TRI,29-Apr-2026,28409.09
NIFTY500 VALUE 50 - TRI,30-Apr-2026,28016.65
NIFTY500 VALUE 50 - TRI,04-May-2026,28144.02
NIFTY500 VALUE 50 - TRI,05-May-2026,28125.15
NIFTY500 VALUE 50 - TRI,06-May-2026,28471.71
NIFTY500 VALUE 50 - TRI,07-May-2026,28480.27
NIFTY500 VALUE 50 - TRI,08-May-2026,28176.46
NIFTY500 VALUE 50 - TRI,11-May-2026,27778.44
NIFTY500 VALUE 50 - TRI,12-May-2026,27543.83
NIFTY500 VALUE 50 - TRI,13-May-2026,27910.49
NIFTY500 VALUE 50 - TRI,14-May-2026,28115.89
NIFTY500 VALUE 50 - TRI,15-May-2026,27909.79
NIFTY500 VALUE 50 - TRI,18-May-2026,27548.41
NIFTY500 VALUE 50 - TRI,19-May-2026,27679.41
NIFTY500 VALUE 50 - TRI,20-May-2026,27839.04
NIFTY500 VALUE 50 - TRI,21-May-2026,27977.96
NIFTY500 VALUE 50 - TRI,22-May-2026,27970.91
NIFTY500 VALUE 50 - TRI,25-May-2026,28277.28
NIFTY500 VALUE 50 - TRI,26-May-2026,28354.45
NIFTY500 VALUE 50 - TRI,27-May-2026,28613.30
NIFTY500 VALUE 50 - TRI,29-May-2026,28083.45
NIFTY500 VALUE 50 - TRI,01-Jun-2026,27960.90
NIFTY500 VALUE 50 - TRI,02-Jun-2026,27954.61
NIFTY500 VALUE 50 - TRI,03-Jun-2026,28054.85
NIFTY500 VALUE 50 - TRI,04-Jun-2026,28110.41
NIFTY500 VALUE 50 - TRI,05-Jun-2026,27933.63
NIFTY500 VALUE 50 - TRI,08-Jun-2026,27571.16
NIFTY500 VALUE 50 - TRI,09-Jun-2026,27834.25
NIFTY500 VALUE 50 - TRI,10-Jun-2026,27369.49
NIFTY500 VALUE 50 - TRI,11-Jun-2026,27189.71
NIFTY500 VALUE 50 - TRI,12-Jun-2026,27640.75
NIFTY500 VALUE 50 - TRI,15-Jun-2026,27994.73
NIFTY500 VALUE 50 - TRI,16-Jun-2026,27946.62
NIFTY500 VALUE 50 - TRI,17-Jun-2026,27983.70
NIFTY500 VALUE 50 - TRI,18-Jun-2026,28079.55
NIFTY500 VALUE 50 - TRI,19-Jun-2026,28058.57
NIFTY500 VALUE 50 - TRI,22-Jun-2026,28197.32
NIFTY500 VALUE 50 - TRI,23-Jun-2026,27728.00
NIFTY500 VALUE 50 - TRI,24-Jun-2026,27751.27
NIFTY500 VALUE 50 - TRI,25-Jun-2026,27454.63
