Index Name,Date,Total Returns Index
NIFTY 500 - TRI,01-Jan-2009,1000.00
NIFTY 500 - TRI,02-Jan-2009,993.24
NIFTY 500 - TRI,05-Jan-2009,985.85
NIFTY 500 - TRI,06-Jan-2009,978.21
NIFTY 500 - TRI,07-Jan-2009,982.03
NIFTY 500 - TRI,08-Jan-2009,980.49
NIFTY 500 - TRI,09-Jan-2009,982.97
NIFTY 500 - TRI,12-Jan-2009,983.75
NIFTY 500 - TRI,13-Jan-2009,971.15
NIFTY 500 - TRI,14-Jan-2009,975.33
NIFTY 500 - TRI,15-Jan-2009,971.37
NIFTY 500 - TRI,16-Jan-2009,967.14
NIFTY 500 - TRI,19-Jan-2009,960.95
NIFTY 500 - TRI,20-Jan-2009,975.92
NIFTY 500 - TRI,21-Jan-2009,969.17
NIFTY 500 - TRI,22-Jan-2009,959.34
NIFTY 500 - TRI,23-Jan-2009,952.91
NIFTY 500 - TRI,26-Jan-2009,978.41
NIFTY 500 - TRI,27-Jan-2009,997.71
NIFTY 500 - TRI,28-Jan-2009,1004.26
NIFTY 500 - TRI,29-Jan-2009,996.83
NIFTY 500 - TRI,30-Jan-2009,1002.86
NIFTY 500 - TRI,02-Feb-2009,1000.17
NIFTY 500 - TRI,03-Feb-2009,1004.06
NIFTY 500 - TRI,04-Feb-2009,1004.60
NIFTY 500 - TRI,05-Feb-2009,1003.30
NIFTY 500 - TRI,06-Feb-2009,991.63
NIFTY 500 - TRI,09-Feb-2009,1000.31
NIFTY 500 - TRI,10-Feb-2009,1007.83
NIFTY 500 - TRI,11-Feb-2009,1010.47
NIFTY 500 - TRI,12-Feb-2009,999.65
NIFTY 500 - TRI,13-Feb-2009,993.98
NIFTY 500 - TRI,16-Feb-2009,996.76
NIFTY 500 - TRI,17-Feb-2009,973.07
NIFTY 500 - TRI,18-Feb-2009,971.45
NIFTY 500 - TRI,19-Feb-2009,978.16
NIFTY 500 - TRI,20-Feb-2009,978.93
NIFTY 500 - TRI,23-Feb-2009,968.96
NIFTY 500 - TRI,24-Feb-2009,977.49
NIFTY 500 - TRI,25-Feb-2009,979.31
NIFTY 500 - TRI,26-Feb-2009,987.47
NIFTY 500 - TRI,27-Feb-2009,979.81
NIFTY 500 - TRI,02-Mar-2009,975.55
NIFTY 500 - TRI,03-Mar-2009,983.47
NIFTY 500 - TRI,04-Mar-2009,972.50
NIFTY 500 - TRI,05-Mar-2009,957.68
NIFTY 500 - TRI,06-Mar-2009,957.45
NIFTY 500 - TRI,09-Mar-2009,959.00
NIFTY 500 - TRI,10-Mar-2009,967.95
NIFTY 500 - TRI,11-Mar-2009,968.04
NIFTY 500 - TRI,12-Mar-2009,948.22
NIFTY 500 - TRI,13-Mar-2009,950.32
NIFTY 500 - TRI,16-Mar-2009,957.20
NIFTY 500 - TRI,17-Mar-2009,965.75
NIFTY 500 - TRI,18-Mar-2009,959.96
NIFTY 500 - TRI,19-Mar-2009,948.07
NIFTY 500 - TRI,20-Mar-2009,942.73
NIFTY 500 - TRI,23-Mar-2009,926.81
NIFTY 500 - TRI,24-Mar-2009,921.70
NIFTY 500 - TRI,25-Mar-2009,919.41
NIFTY 500 - TRI,26-Mar-2009,920.61
NIFTY 500 - TRI,27-Mar-2009,914.50
NIFTY 500 - TRI,30-Mar-2009,912.31
NIFTY 500 - TRI,31-Mar-2009,912.26
NIFTY 500 - TRI,01-Apr-2009,915.43
NIFTY 500 - TRI,02-Apr-2009,925.53
NIFTY 500 - TRI,03-Apr-2009,922.53
NIFTY 500 - TRI,06-Apr-2009,930.87
NIFTY 500 - TRI,07-Apr-2009,923.95
NIFTY 500 - TRI,08-Apr-2009,923.89
NIFTY 500 - TRI,09-Apr-2009,937.47
NIFTY 500 - TRI,10-Apr-2009,923.72
NIFTY 500 - TRI,13-Apr-2009,923.43
NIFTY 500 - TRI,14-Apr-2009,934.51
NIFTY 500 - TRI,15-Apr-2009,946.59
NIFTY 500 - TRI,16-Apr-2009,966.17
NIFTY 500 - TRI,17-Apr-2009,981.17
NIFTY 500 - TRI,20-Apr-2009,981.35
NIFTY 500 - TRI,21-Apr-2009,980.63
NIFTY 500 - TRI,22-Apr-2009,993.86
NIFTY 500 - TRI,23-Apr-2009,971.03
NIFTY 500 - TRI,24-Apr-2009,965.35
NIFTY 500 - TRI,27-Apr-2009,953.38
NIFTY 500 - TRI,28-Apr-2009,978.56
NIFTY 500 - TRI,29-Apr-2009,974.01
NIFTY 500 - TRI,30-Apr-2009,978.47
NIFTY 500 - TRI,01-May-2009,979.38
NIFTY 500 - TRI,04-May-2009,989.22
NIFTY 500 - TRI,05-May-2009,992.34
NIFTY 500 - TRI,06-May-2009,982.56
NIFTY 500 - TRI,07-May-2009,1000.13
NIFTY 500 - TRI,08-May-2009,1001.92
NIFTY 500 - TRI,11-May-2009,1009.01
NIFTY 500 - TRI,12-May-2009,1007.59
NIFTY 500 - TRI,13-May-2009,1000.72
NIFTY 500 - TRI,14-May-2009,1001.08
NIFTY 500 - TRI,15-May-2009,994.46
NIFTY 500 - TRI,18-May-2009,977.53
NIFTY 500 - TRI,19-May-2009,971.82
NIFTY 500 - TRI,20-May-2009,975.72
NIFTY 500 - TRI,21-May-2009,981.29
NIFTY 500 - TRI,22-May-2009,967.40
NIFTY 500 - TRI,25-May-2009,951.24
NIFTY 500 - TRI,26-May-2009,937.77
NIFTY 500 - TRI,27-May-2009,938.87
NIFTY 500 - TRI,28-May-2009,937.44
NIFTY 500 - TRI,29-May-2009,925.62
NIFTY 500 - TRI,01-Jun-2009,906.60
NIFTY 500 - TRI,02-Jun-2009,910.74
NIFTY 500 - TRI,03-Jun-2009,921.06
NIFTY 500 - TRI,04-Jun-2009,917.37
NIFTY 500 - TRI,05-Jun-2009,936.20
NIFTY 500 - TRI,08-Jun-2009,936.47
NIFTY 500 - TRI,09-Jun-2009,941.04
NIFTY 500 - TRI,10-Jun-2009,940.51
NIFTY 500 - TRI,11-Jun-2009,952.84
NIFTY 500 - TRI,12-Jun-2009,960.04
NIFTY 500 - TRI,15-Jun-2009,967.64
NIFTY 500 - TRI,16-Jun-2009,960.26
NIFTY 500 - TRI,17-Jun-2009,950.78
NIFTY 500 - TRI,18-Jun-2009,945.46
NIFTY 500 - TRI,19-Jun-2009,932.43
NIFTY 500 - TRI,22-Jun-2009,933.88
NIFTY 500 - TRI,23-Jun-2009,936.96
NIFTY 500 - TRI,24-Jun-2009,938.54
NIFTY 500 - TRI,25-Jun-2009,949.91
NIFTY 500 - TRI,26-Jun-2009,948.58
NIFTY 500 - TRI,29-Jun-2009,955.67
NIFTY 500 - TRI,30-Jun-2009,952.51
NIFTY 500 - TRI,01-Jul-2009,951.04
NIFTY 500 - TRI,02-Jul-2009,951.47
NIFTY 500 - TRI,03-Jul-2009,939.45
NIFTY 500 - TRI,06-Jul-2009,938.84
NIFTY 500 - TRI,07-Jul-2009,946.24
NIFTY 500 - TRI,08-Jul-2009,963.74
NIFTY 500 - TRI,09-Jul-2009,967.98
NIFTY 500 - TRI,10-Jul-2009,967.08
NIFTY 500 - TRI,13-Jul-2009,959.50
NIFTY 500 - TRI,14-Jul-2009,954.88
NIFTY 500 - TRI,15-Jul-2009,948.15
NIFTY 500 - TRI,16-Jul-2009,965.29
NIFTY 500 - TRI,17-Jul-2009,975.61
NIFTY 500 - TRI,20-Jul-2009,987.69
NIFTY 500 - TRI,21-Jul-2009,993.33
NIFTY 500 - TRI,22-Jul-2009,978.23
NIFTY 500 - TRI,23-Jul-2009,989.80
NIFTY 500 - TRI,24-Jul-2009,976.72
NIFTY 500 - TRI,27-Jul-2009,979.61
NIFTY 500 - TRI,28-Jul-2009,968.17
NIFTY 500 - TRI,29-Jul-2009,969.93
NIFTY 500 - TRI,30-Jul-2009,971.74
NIFTY 500 - TRI,31-Jul-2009,971.79
NIFTY 500 - TRI,03-Aug-2009,971.67
NIFTY 500 - TRI,04-Aug-2009,976.77
NIFTY 500 - TRI,05-Aug-2009,986.10
NIFTY 500 - TRI,06-Aug-2009,990.57
NIFTY 500 - TRI,07-Aug-2009,1002.41
NIFTY 500 - TRI,10-Aug-2009,1008.47
NIFTY 500 - TRI,11-Aug-2009,1002.91
NIFTY 500 - TRI,12-Aug-2009,1021.57
NIFTY 500 - TRI,13-Aug-2009,1011.77
NIFTY 500 - TRI,14-Aug-2009,1010.82
NIFTY 500 - TRI,17-Aug-2009,997.76
NIFTY 500 - TRI,18-Aug-2009,992.04
NIFTY 500 - TRI,19-Aug-2009,985.30
NIFTY 500 - TRI,20-Aug-2009,964.41
NIFTY 500 - TRI,21-Aug-2009,971.31
NIFTY 500 - TRI,24-Aug-2009,981.00
NIFTY 500 - TRI,25-Aug-2009,968.88
NIFTY 500 - TRI,26-Aug-2009,974.27
NIFTY 500 - TRI,27-Aug-2009,961.19
NIFTY 500 - TRI,28-Aug-2009,963.53
NIFTY 500 - TRI,31-Aug-2009,966.59
NIFTY 500 - TRI,01-Sep-2009,964.36
NIFTY 500 - TRI,02-Sep-2009,970.78
NIFTY 500 - TRI,03-Sep-2009,968.33
NIFTY 500 - TRI,04-Sep-2009,979.84
NIFTY 500 - TRI,07-Sep-2009,967.42
NIFTY 500 - TRI,08-Sep-2009,963.67
NIFTY 500 - TRI,09-Sep-2009,960.47
NIFTY 500 - TRI,10-Sep-2009,962.93
NIFTY 500 - TRI,11-Sep-2009,960.09
NIFTY 500 - TRI,14-Sep-2009,946.86
NIFTY 500 - TRI,15-Sep-2009,942.69
NIFTY 500 - TRI,16-Sep-2009,936.35
NIFTY 500 - TRI,17-Sep-2009,941.43
NIFTY 500 - TRI,18-Sep-2009,930.13
NIFTY 500 - TRI,21-Sep-2009,936.01
NIFTY 500 - TRI,22-Sep-2009,935.03
NIFTY 500 - TRI,23-Sep-2009,939.19
NIFTY 500 - TRI,24-Sep-2009,950.21
NIFTY 500 - TRI,25-Sep-2009,945.12
NIFTY 500 - TRI,28-Sep-2009,939.67
NIFTY 500 - TRI,29-Sep-2009,937.97
NIFTY 500 - TRI,30-Sep-2009,943.96
NIFTY 500 - TRI,01-Oct-2009,948.32
NIFTY 500 - TRI,02-Oct-2009,953.27
NIFTY 500 - TRI,05-Oct-2009,960.72
NIFTY 500 - TRI,06-Oct-2009,972.13
NIFTY 500 - TRI,07-Oct-2009,968.88
NIFTY 500 - TRI,08-Oct-2009,977.94
NIFTY 500 - TRI,09-Oct-2009,994.23
NIFTY 500 - TRI,12-Oct-2009,1003.76
NIFTY 500 - TRI,13-Oct-2009,1001.82
NIFTY 500 - TRI,14-Oct-2009,984.66
NIFTY 500 - TRI,15-Oct-2009,973.19
NIFTY 500 - TRI,16-Oct-2009,965.38
NIFTY 500 - TRI,19-Oct-2009,958.37
NIFTY 500 - TRI,20-Oct-2009,955.58
NIFTY 500 - TRI,21-Oct-2009,951.37
NIFTY 500 - TRI,22-Oct-2009,962.95
NIFTY 500 - TRI,23-Oct-2009,953.25
NIFTY 500 - TRI,26-Oct-2009,960.45
NIFTY 500 - TRI,27-Oct-2009,963.40
NIFTY 500 - TRI,28-Oct-2009,966.32
NIFTY 500 - TRI,29-Oct-2009,969.77
NIFTY 500 - TRI,30-Oct-2009,962.35
NIFTY 500 - TRI,02-Nov-2009,950.67
NIFTY 500 - TRI,03-Nov-2009,933.68
NIFTY 500 - TRI,04-Nov-2009,935.51
NIFTY 500 - TRI,05-Nov-2009,941.56
NIFTY 500 - TRI,06-Nov-2009,923.16
NIFTY 500 - TRI,09-Nov-2009,931.03
NIFTY 500 - TRI,10-Nov-2009,941.36
NIFTY 500 - TRI,11-Nov-2009,941.71
NIFTY 500 - TRI,12-Nov-2009,932.81
NIFTY 500 - TRI,13-Nov-2009,926.95
NIFTY 500 - TRI,16-Nov-2009,916.91
NIFTY 500 - TRI,17-Nov-2009,910.81
NIFTY 500 - TRI,18-Nov-2009,926.28
NIFTY 500 - TRI,19-Nov-2009,926.09
NIFTY 500 - TRI,20-Nov-2009,912.48
NIFTY 500 - TRI,23-Nov-2009,915.68
NIFTY 500 - TRI,24-Nov-2009,921.73
NIFTY 500 - TRI,25-Nov-2009,920.80
NIFTY 500 - TRI,26-Nov-2009,915.05
NIFTY 500 - TRI,27-Nov-2009,912.64
NIFTY 500 - TRI,30-Nov-2009,903.95
NIFTY 500 - TRI,01-Dec-2009,906.41
NIFTY 500 - TRI,02-Dec-2009,914.27
NIFTY 500 - TRI,03-Dec-2009,917.79
NIFTY 500 - TRI,04-Dec-2009,912.54
NIFTY 500 - TRI,07-Dec-2009,933.58
NIFTY 500 - TRI,08-Dec-2009,928.94
NIFTY 500 - TRI,09-Dec-2009,938.10
NIFTY 500 - TRI,10-Dec-2009,936.92
NIFTY 500 - TRI,11-Dec-2009,919.75
NIFTY 500 - TRI,14-Dec-2009,930.93
NIFTY 500 - TRI,15-Dec-2009,925.49
NIFTY 500 - TRI,16-Dec-2009,927.73
NIFTY 500 - TRI,17-Dec-2009,920.12
NIFTY 500 - TRI,18-Dec-2009,925.86
NIFTY 500 - TRI,21-Dec-2009,925.79
NIFTY 500 - TRI,22-Dec-2009,919.29
NIFTY 500 - TRI,23-Dec-2009,933.30
NIFTY 500 - TRI,24-Dec-2009,957.35
NIFTY 500 - TRI,25-Dec-2009,956.01
NIFTY 500 - TRI,28-Dec-2009,962.78
NIFTY 500 - TRI,29-Dec-2009,958.43
NIFTY 500 - TRI,30-Dec-2009,942.71
NIFTY 500 - TRI,31-Dec-2009,943.02
NIFTY 500 - TRI,01-Jan-2010,944.10
NIFTY 500 - TRI,04-Jan-2010,954.37
NIFTY 500 - TRI,05-Jan-2010,970.76
NIFTY 500 - TRI,06-Jan-2010,970.21
NIFTY 500 - TRI,07-Jan-2010,969.42
NIFTY 500 - TRI,08-Jan-2010,964.74
NIFTY 500 - TRI,11-Jan-2010,957.80
NIFTY 500 - TRI,12-Jan-2010,958.29
NIFTY 500 - TRI,13-Jan-2010,966.65
NIFTY 500 - TRI,14-Jan-2010,952.57
NIFTY 500 - TRI,15-Jan-2010,948.77
NIFTY 500 - TRI,18-Jan-2010,951.89
NIFTY 500 - TRI,19-Jan-2010,952.25
NIFTY 500 - TRI,20-Jan-2010,961.75
NIFTY 500 - TRI,21-Jan-2010,953.57
NIFTY 500 - TRI,22-Jan-2010,957.41
NIFTY 500 - TRI,25-Jan-2010,963.26
NIFTY 500 - TRI,26-Jan-2010,951.95
NIFTY 500 - TRI,27-Jan-2010,965.20
NIFTY 500 - TRI,28-Jan-2010,957.96
NIFTY 500 - TRI,29-Jan-2010,950.12
NIFTY 500 - TRI,01-Feb-2010,934.82
NIFTY 500 - TRI,02-Feb-2010,941.15
NIFTY 500 - TRI,03-Feb-2010,938.77
NIFTY 500 - TRI,04-Feb-2010,928.05
NIFTY 500 - TRI,05-Feb-2010,911.55
NIFTY 500 - TRI,08-Feb-2010,932.31
NIFTY 500 - TRI,09-Feb-2010,935.12
NIFTY 500 - TRI,10-Feb-2010,954.49
NIFTY 500 - TRI,11-Feb-2010,966.40
NIFTY 500 - TRI,12-Feb-2010,947.15
NIFTY 500 - TRI,15-Feb-2010,949.57
NIFTY 500 - TRI,16-Feb-2010,954.43
NIFTY 500 - TRI,17-Feb-2010,947.63
NIFTY 500 - TRI,18-Feb-2010,940.22
NIFTY 500 - TRI,19-Feb-2010,933.30
NIFTY 500 - TRI,22-Feb-2010,948.15
NIFTY 500 - TRI,23-Feb-2010,952.77
NIFTY 500 - TRI,24-Feb-2010,955.65
NIFTY 500 - TRI,25-Feb-2010,943.16
NIFTY 500 - TRI,26-Feb-2010,945.17
NIFTY 500 - TRI,01-Mar-2010,943.91
NIFTY 500 - TRI,02-Mar-2010,947.55
NIFTY 500 - TRI,03-Mar-2010,954.22
NIFTY 500 - TRI,04-Mar-2010,947.65
NIFTY 500 - TRI,05-Mar-2010,936.80
NIFTY 500 - TRI,08-Mar-2010,940.62
NIFTY 500 - TRI,09-Mar-2010,944.44
NIFTY 500 - TRI,10-Mar-2010,931.83
NIFTY 500 - TRI,11-Mar-2010,935.47
NIFTY 500 - TRI,12-Mar-2010,934.03
NIFTY 500 - TRI,15-Mar-2010,938.13
NIFTY 500 - TRI,16-Mar-2010,931.49
NIFTY 500 - TRI,17-Mar-2010,941.03
NIFTY 500 - TRI,18-Mar-2010,941.75
NIFTY 500 - TRI,19-Mar-2010,932.60
NIFTY 500 - TRI,22-Mar-2010,918.48
NIFTY 500 - TRI,23-Mar-2010,918.50
NIFTY 500 - TRI,24-Mar-2010,921.83
NIFTY 500 - TRI,25-Mar-2010,908.50
NIFTY 500 - TRI,26-Mar-2010,905.90
NIFTY 500 - TRI,29-Mar-2010,898.06
NIFTY 500 - TRI,30-Mar-2010,896.11
NIFTY 500 - TRI,31-Mar-2010,896.53
NIFTY 500 - TRI,01-Apr-2010,902.37
NIFTY 500 - TRI,02-Apr-2010,889.53
NIFTY 500 - TRI,05-Apr-2010,890.56
NIFTY 500 - TRI,06-Apr-2010,892.31
NIFTY 500 - TRI,07-Apr-2010,889.78
NIFTY 500 - TRI,08-Apr-2010,897.63
NIFTY 500 - TRI,09-Apr-2010,891.94
NIFTY 500 - TRI,12-Apr-2010,887.18
NIFTY 500 - TRI,13-Apr-2010,898.17
NIFTY 500 - TRI,14-Apr-2010,895.01
NIFTY 500 - TRI,15-Apr-2010,888.87
NIFTY 500 - TRI,16-Apr-2010,895.25
NIFTY 500 - TRI,19-Apr-2010,885.42
NIFTY 500 - TRI,20-Apr-2010,890.64
NIFTY 500 - TRI,21-Apr-2010,890.97
NIFTY 500 - TRI,22-Apr-2010,887.77
NIFTY 500 - TRI,23-Apr-2010,885.96
NIFTY 500 - TRI,26-Apr-2010,877.77
NIFTY 500 - TRI,27-Apr-2010,878.18
NIFTY 500 - TRI,28-Apr-2010,876.07
NIFTY 500 - TRI,29-Apr-2010,876.86
NIFTY 500 - TRI,30-Apr-2010,872.92
NIFTY 500 - TRI,03-May-2010,877.88
NIFTY 500 - TRI,04-May-2010,882.94
NIFTY 500 - TRI,05-May-2010,885.74
NIFTY 500 - TRI,06-May-2010,883.34
NIFTY 500 - TRI,07-May-2010,876.18
NIFTY 500 - TRI,10-May-2010,875.04
NIFTY 500 - TRI,11-May-2010,881.98
NIFTY 500 - TRI,12-May-2010,884.69
NIFTY 500 - TRI,13-May-2010,890.02
NIFTY 500 - TRI,14-May-2010,891.90
NIFTY 500 - TRI,17-May-2010,889.14
NIFTY 500 - TRI,18-May-2010,890.22
NIFTY 500 - TRI,19-May-2010,883.21
NIFTY 500 - TRI,20-May-2010,888.97
NIFTY 500 - TRI,21-May-2010,880.57
NIFTY 500 - TRI,24-May-2010,886.31
NIFTY 500 - TRI,25-May-2010,890.83
NIFTY 500 - TRI,26-May-2010,893.12
NIFTY 500 - TRI,27-May-2010,896.12
NIFTY 500 - TRI,28-May-2010,901.55
NIFTY 500 - TRI,31-May-2010,900.50
NIFTY 500 - TRI,01-Jun-2010,906.68
NIFTY 500 - TRI,02-Jun-2010,899.94
NIFTY 500 - TRI,03-Jun-2010,910.70
NIFTY 500 - TRI,04-Jun-2010,904.38
NIFTY 500 - TRI,07-Jun-2010,898.13
NIFTY 500 - TRI,08-Jun-2010,903.04
NIFTY 500 - TRI,09-Jun-2010,909.65
NIFTY 500 - TRI,10-Jun-2010,919.47
NIFTY 500 - TRI,11-Jun-2010,923.36
NIFTY 500 - TRI,14-Jun-2010,924.19
NIFTY 500 - TRI,15-Jun-2010,921.93
NIFTY 500 - TRI,16-Jun-2010,929.61
NIFTY 500 - TRI,17-Jun-2010,923.79
NIFTY 500 - TRI,18-Jun-2010,923.78
NIFTY 500 - TRI,21-Jun-2010,919.07
NIFTY 500 - TRI,22-Jun-2010,917.98
NIFTY 500 - TRI,23-Jun-2010,904.72
NIFTY 500 - TRI,24-Jun-2010,906.81
NIFTY 500 - TRI,25-Jun-2010,911.47
NIFTY 500 - TRI,28-Jun-2010,909.55
NIFTY 500 - TRI,29-Jun-2010,909.98
NIFTY 500 - TRI,30-Jun-2010,916.72
NIFTY 500 - TRI,01-Jul-2010,911.67
NIFTY 500 - TRI,02-Jul-2010,899.61
NIFTY 500 - TRI,05-Jul-2010,916.43
NIFTY 500 - TRI,06-Jul-2010,912.38
NIFTY 500 - TRI,07-Jul-2010,905.50
NIFTY 500 - TRI,08-Jul-2010,890.55
NIFTY 500 - TRI,09-Jul-2010,879.51
NIFTY 500 - TRI,12-Jul-2010,873.13
NIFTY 500 - TRI,13-Jul-2010,867.44
NIFTY 500 - TRI,14-Jul-2010,861.24
NIFTY 500 - TRI,15-Jul-2010,848.01
NIFTY 500 - TRI,16-Jul-2010,855.90
NIFTY 500 - TRI,19-Jul-2010,857.15
NIFTY 500 - TRI,20-Jul-2010,858.36
NIFTY 500 - TRI,21-Jul-2010,855.54
NIFTY 500 - TRI,22-Jul-2010,869.71
NIFTY 500 - TRI,23-Jul-2010,862.08
NIFTY 500 - TRI,26-Jul-2010,886.48
NIFTY 500 - TRI,27-Jul-2010,887.20
NIFTY 500 - TRI,28-Jul-2010,879.67
NIFTY 500 - TRI,29-Jul-2010,874.97
NIFTY 500 - TRI,30-Jul-2010,857.35
NIFTY 500 - TRI,02-Aug-2010,853.71
NIFTY 500 - TRI,03-Aug-2010,866.48
NIFTY 500 - TRI,04-Aug-2010,867.92
NIFTY 500 - TRI,05-Aug-2010,854.56
NIFTY 500 - TRI,06-Aug-2010,857.39
NIFTY 500 - TRI,09-Aug-2010,855.43
NIFTY 500 - TRI,10-Aug-2010,867.12
NIFTY 500 - TRI,11-Aug-2010,873.64
NIFTY 500 - TRI,12-Aug-2010,880.05
NIFTY 500 - TRI,13-Aug-2010,874.24
NIFTY 500 - TRI,16-Aug-2010,872.12
NIFTY 500 - TRI,17-Aug-2010,860.39
NIFTY 500 - TRI,18-Aug-2010,862.86
NIFTY 500 - TRI,19-Aug-2010,884.82
NIFTY 500 - TRI,20-Aug-2010,885.92
NIFTY 500 - TRI,23-Aug-2010,894.67
NIFTY 500 - TRI,24-Aug-2010,895.84
NIFTY 500 - TRI,25-Aug-2010,890.57
NIFTY 500 - TRI,26-Aug-2010,892.18
NIFTY 500 - TRI,27-Aug-2010,901.81
NIFTY 500 - TRI,30-Aug-2010,903.94
NIFTY 500 - TRI,31-Aug-2010,887.05
NIFTY 500 - TRI,01-Sep-2010,889.02
NIFTY 500 - TRI,02-Sep-2010,889.69
NIFTY 500 - TRI,03-Sep-2010,898.16
NIFTY 500 - TRI,06-Sep-2010,872.19
NIFTY 500 - TRI,07-Sep-2010,884.11
NIFTY 500 - TRI,08-Sep-2010,893.01
NIFTY 500 - TRI,09-Sep-2010,885.73
NIFTY 500 - TRI,10-Sep-2010,894.82
NIFTY 500 - TRI,13-Sep-2010,888.07
NIFTY 500 - TRI,14-Sep-2010,885.51
NIFTY 500 - TRI,15-Sep-2010,894.69
NIFTY 500 - TRI,16-Sep-2010,877.67
NIFTY 500 - TRI,17-Sep-2010,891.38
NIFTY 500 - TRI,20-Sep-2010,886.27
NIFTY 500 - TRI,21-Sep-2010,897.14
NIFTY 500 - TRI,22-Sep-2010,895.39
NIFTY 500 - TRI,23-Sep-2010,910.31
NIFTY 500 - TRI,24-Sep-2010,906.77
NIFTY 500 - TRI,27-Sep-2010,909.92
NIFTY 500 - TRI,28-Sep-2010,918.37
NIFTY 500 - TRI,29-Sep-2010,921.12
NIFTY 500 - TRI,30-Sep-2010,928.17
NIFTY 500 - TRI,01-Oct-2010,935.27
NIFTY 500 - TRI,04-Oct-2010,945.95
NIFTY 500 - TRI,05-Oct-2010,967.65
NIFTY 500 - TRI,06-Oct-2010,981.45
NIFTY 500 - TRI,07-Oct-2010,981.76
NIFTY 500 - TRI,08-Oct-2010,983.71
NIFTY 500 - TRI,11-Oct-2010,973.96
NIFTY 500 - TRI,12-Oct-2010,987.15
NIFTY 500 - TRI,13-Oct-2010,978.70
NIFTY 500 - TRI,14-Oct-2010,985.83
NIFTY 500 - TRI,15-Oct-2010,992.92
NIFTY 500 - TRI,18-Oct-2010,988.99
NIFTY 500 - TRI,19-Oct-2010,980.01
NIFTY 500 - TRI,20-Oct-2010,983.14
NIFTY 500 - TRI,21-Oct-2010,969.26
NIFTY 500 - TRI,22-Oct-2010,965.60
NIFTY 500 - TRI,25-Oct-2010,962.58
NIFTY 500 - TRI,26-Oct-2010,966.22
NIFTY 500 - TRI,27-Oct-2010,954.09
NIFTY 500 - TRI,28-Oct-2010,954.16
NIFTY 500 - TRI,29-Oct-2010,953.98
NIFTY 500 - TRI,01-Nov-2010,952.22
NIFTY 500 - TRI,02-Nov-2010,956.33
NIFTY 500 - TRI,03-Nov-2010,945.49
NIFTY 500 - TRI,04-Nov-2010,939.17
NIFTY 500 - TRI,05-Nov-2010,936.08
NIFTY 500 - TRI,08-Nov-2010,938.37
NIFTY 500 - TRI,09-Nov-2010,931.91
NIFTY 500 - TRI,10-Nov-2010,932.31
NIFTY 500 - TRI,11-Nov-2010,943.34
NIFTY 500 - TRI,12-Nov-2010,939.45
NIFTY 500 - TRI,15-Nov-2010,948.25
NIFTY 500 - TRI,16-Nov-2010,941.91
NIFTY 500 - TRI,17-Nov-2010,938.76
NIFTY 500 - TRI,18-Nov-2010,931.56
NIFTY 500 - TRI,19-Nov-2010,936.15
NIFTY 500 - TRI,22-Nov-2010,927.49
NIFTY 500 - TRI,23-Nov-2010,936.87
NIFTY 500 - TRI,24-Nov-2010,939.37
NIFTY 500 - TRI,25-Nov-2010,943.81
NIFTY 500 - TRI,26-Nov-2010,961.34
NIFTY 500 - TRI,29-Nov-2010,967.23
NIFTY 500 - TRI,30-Nov-2010,989.12
NIFTY 500 - TRI,01-Dec-2010,982.20
NIFTY 500 - TRI,02-Dec-2010,976.79
NIFTY 500 - TRI,03-Dec-2010,978.11
NIFTY 500 - TRI,06-Dec-2010,978.27
NIFTY 500 - TRI,07-Dec-2010,979.83
NIFTY 500 - TRI,08-Dec-2010,984.93
NIFTY 500 - TRI,09-Dec-2010,984.86
NIFTY 500 - TRI,10-Dec-2010,980.38
NIFTY 500 - TRI,13-Dec-2010,965.42
NIFTY 500 - TRI,14-Dec-2010,963.51
NIFTY 500 - TRI,15-Dec-2010,958.19
NIFTY 500 - TRI,16-Dec-2010,945.76
NIFTY 500 - TRI,17-Dec-2010,935.90
NIFTY 500 - TRI,20-Dec-2010,936.73
NIFTY 500 - TRI,21-Dec-2010,940.00
NIFTY 500 - TRI,22-Dec-2010,939.08
NIFTY 500 - TRI,23-Dec-2010,941.29
NIFTY 500 - TRI,24-Dec-2010,938.80
NIFTY 500 - TRI,27-Dec-2010,949.28
NIFTY 500 - TRI,28-Dec-2010,945.46
NIFTY 500 - TRI,29-Dec-2010,945.03
NIFTY 500 - TRI,30-Dec-2010,949.35
NIFTY 500 - TRI,31-Dec-2010,953.38
NIFTY 500 - TRI,03-Jan-2011,950.38
NIFTY 500 - TRI,04-Jan-2011,964.70
NIFTY 500 - TRI,05-Jan-2011,965.37
NIFTY 500 - TRI,06-Jan-2011,952.06
NIFTY 500 - TRI,07-Jan-2011,946.18
NIFTY 500 - TRI,10-Jan-2011,968.81
NIFTY 500 - TRI,11-Jan-2011,976.98
NIFTY 500 - TRI,12-Jan-2011,984.01
NIFTY 500 - TRI,13-Jan-2011,977.32
NIFTY 500 - TRI,14-Jan-2011,968.30
NIFTY 500 - TRI,17-Jan-2011,957.46
NIFTY 500 - TRI,18-Jan-2011,968.28
NIFTY 500 - TRI,19-Jan-2011,985.48
NIFTY 500 - TRI,20-Jan-2011,988.22
NIFTY 500 - TRI,21-Jan-2011,985.03
NIFTY 500 - TRI,24-Jan-2011,976.07
NIFTY 500 - TRI,25-Jan-2011,993.58
NIFTY 500 - TRI,26-Jan-2011,988.46
NIFTY 500 - TRI,27-Jan-2011,982.68
NIFTY 500 - TRI,28-Jan-2011,979.37
NIFTY 500 - TRI,31-Jan-2011,971.91
NIFTY 500 - TRI,01-Feb-2011,976.71
NIFTY 500 - TRI,02-Feb-2011,979.74
NIFTY 500 - TRI,03-Feb-2011,981.99
NIFTY 500 - TRI,04-Feb-2011,980.67
NIFTY 500 - TRI,07-Feb-2011,984.23
NIFTY 500 - TRI,08-Feb-2011,977.72
NIFTY 500 - TRI,09-Feb-2011,972.28
NIFTY 500 - TRI,10-Feb-2011,977.97
NIFTY 500 - TRI,11-Feb-2011,978.31
NIFTY 500 - TRI,14-Feb-2011,981.48
NIFTY 500 - TRI,15-Feb-2011,979.62
NIFTY 500 - TRI,16-Feb-2011,986.34
NIFTY 500 - TRI,17-Feb-2011,985.20
NIFTY 500 - TRI,18-Feb-2011,982.07
NIFTY 500 - TRI,21-Feb-2011,985.23
NIFTY 500 - TRI,22-Feb-2011,974.65
NIFTY 500 - TRI,23-Feb-2011,992.65
NIFTY 500 - TRI,24-Feb-2011,981.96
NIFTY 500 - TRI,25-Feb-2011,979.10
NIFTY 500 - TRI,28-Feb-2011,976.89
NIFTY 500 - TRI,01-Mar-2011,973.32
NIFTY 500 - TRI,02-Mar-2011,973.95
NIFTY 500 - TRI,03-Mar-2011,969.45
NIFTY 500 - TRI,04-Mar-2011,979.59
NIFTY 500 - TRI,07-Mar-2011,981.91
NIFTY 500 - TRI,08-Mar-2011,992.37
NIFTY 500 - TRI,09-Mar-2011,1012.52
NIFTY 500 - TRI,10-Mar-2011,1004.99
NIFTY 500 - TRI,11-Mar-2011,1001.68
NIFTY 500 - TRI,14-Mar-2011,998.33
NIFTY 500 - TRI,15-Mar-2011,1002.63
NIFTY 500 - TRI,16-Mar-2011,1005.38
NIFTY 500 - TRI,17-Mar-2011,1006.81
NIFTY 500 - TRI,18-Mar-2011,1020.72
NIFTY 500 - TRI,21-Mar-2011,1022.50
NIFTY 500 - TRI,22-Mar-2011,1022.71
NIFTY 500 - TRI,23-Mar-2011,1010.88
NIFTY 500 - TRI,24-Mar-2011,1009.50
NIFTY 500 - TRI,25-Mar-2011,1009.96
NIFTY 500 - TRI,28-Mar-2011,1015.25
NIFTY 500 - TRI,29-Mar-2011,1008.06
NIFTY 500 - TRI,30-Mar-2011,1007.79
NIFTY 500 - TRI,31-Mar-2011,1010.47
NIFTY 500 - TRI,01-Apr-2011,1007.13
NIFTY 500 - TRI,04-Apr-2011,1010.22
NIFTY 500 - TRI,05-Apr-2011,1004.80
NIFTY 500 - TRI,06-Apr-2011,1008.11
NIFTY 500 - TRI,07-Apr-2011,1008.23
NIFTY 500 - TRI,08-Apr-2011,1002.30
NIFTY 500 - TRI,11-Apr-2011,1008.94
NIFTY 500 - TRI,12-Apr-2011,1009.61
NIFTY 500 - TRI,13-Apr-2011,1009.15
NIFTY 500 - TRI,14-Apr-2011,1002.50
NIFTY 500 - TRI,15-Apr-2011,1010.52
NIFTY 500 - TRI,18-Apr-2011,986.69
NIFTY 500 - TRI,19-Apr-2011,959.45
NIFTY 500 - TRI,20-Apr-2011,966.74
NIFTY 500 - TRI,21-Apr-2011,977.61
NIFTY 500 - TRI,22-Apr-2011,966.64
NIFTY 500 - TRI,25-Apr-2011,979.68
NIFTY 500 - TRI,26-Apr-2011,980.85
NIFTY 500 - TRI,27-Apr-2011,973.87
NIFTY 500 - TRI,28-Apr-2011,963.69
NIFTY 500 - TRI,29-Apr-2011,961.53
NIFTY 500 - TRI,02-May-2011,954.06
NIFTY 500 - TRI,03-May-2011,955.14
NIFTY 500 - TRI,04-May-2011,955.08
NIFTY 500 - TRI,05-May-2011,957.86
NIFTY 500 - TRI,06-May-2011,950.50
NIFTY 500 - TRI,09-May-2011,949.83
NIFTY 500 - TRI,10-May-2011,943.44
NIFTY 500 - TRI,11-May-2011,940.89
NIFTY 500 - TRI,12-May-2011,955.11
NIFTY 500 - TRI,13-May-2011,960.04
NIFTY 500 - TRI,16-May-2011,950.79
NIFTY 500 - TRI,17-May-2011,953.44
NIFTY 500 - TRI,18-May-2011,944.83
NIFTY 500 - TRI,19-May-2011,936.60
NIFTY 500 - TRI,20-May-2011,937.90
NIFTY 500 - TRI,23-May-2011,941.04
NIFTY 500 - TRI,24-May-2011,928.91
NIFTY 500 - TRI,25-May-2011,939.34
NIFTY 500 - TRI,26-May-2011,930.02
NIFTY 500 - TRI,27-May-2011,922.14
NIFTY 500 - TRI,30-May-2011,936.77
NIFTY 500 - TRI,31-May-2011,930.15
NIFTY 500 - TRI,01-Jun-2011,937.92
NIFTY 500 - TRI,02-Jun-2011,933.91
NIFTY 500 - TRI,03-Jun-2011,930.31
NIFTY 500 - TRI,06-Jun-2011,950.54
NIFTY 500 - TRI,07-Jun-2011,943.35
NIFTY 500 - TRI,08-Jun-2011,938.46
NIFTY 500 - TRI,09-Jun-2011,924.00
NIFTY 500 - TRI,10-Jun-2011,926.45
NIFTY 500 - TRI,13-Jun-2011,941.96
NIFTY 500 - TRI,14-Jun-2011,921.88
NIFTY 500 - TRI,15-Jun-2011,932.72
NIFTY 500 - TRI,16-Jun-2011,948.18
NIFTY 500 - TRI,17-Jun-2011,954.66
NIFTY 500 - TRI,20-Jun-2011,954.07
NIFTY 500 - TRI,21-Jun-2011,963.11
NIFTY 500 - TRI,22-Jun-2011,952.42
NIFTY 500 - TRI,23-Jun-2011,930.84
NIFTY 500 - TRI,24-Jun-2011,940.82
NIFTY 500 - TRI,27-Jun-2011,923.41
NIFTY 500 - TRI,28-Jun-2011,927.00
NIFTY 500 - TRI,29-Jun-2011,925.67
NIFTY 500 - TRI,30-Jun-2011,922.49
NIFTY 500 - TRI,01-Jul-2011,934.41
NIFTY 500 - TRI,04-Jul-2011,931.62
NIFTY 500 - TRI,05-Jul-2011,918.21
NIFTY 500 - TRI,06-Jul-2011,913.04
NIFTY 500 - TRI,07-Jul-2011,909.14
NIFTY 500 - TRI,08-Jul-2011,914.71
NIFTY 500 - TRI,11-Jul-2011,918.01
NIFTY 500 - TRI,12-Jul-2011,908.98
NIFTY 500 - TRI,13-Jul-2011,922.03
NIFTY 500 - TRI,14-Jul-2011,925.92
NIFTY 500 - TRI,15-Jul-2011,933.28
NIFTY 500 - TRI,18-Jul-2011,939.77
NIFTY 500 - TRI,19-Jul-2011,942.82
NIFTY 500 - TRI,20-Jul-2011,939.08
NIFTY 500 - TRI,21-Jul-2011,943.90
NIFTY 500 - TRI,22-Jul-2011,940.79
NIFTY 500 - TRI,25-Jul-2011,944.06
NIFTY 500 - TRI,26-Jul-2011,935.96
NIFTY 500 - TRI,27-Jul-2011,918.76
NIFTY 500 - TRI,28-Jul-2011,900.69
NIFTY 500 - TRI,29-Jul-2011,898.61
NIFTY 500 - TRI,01-Aug-2011,886.56
NIFTY 500 - TRI,02-Aug-2011,865.44
NIFTY 500 - TRI,03-Aug-2011,845.32
NIFTY 500 - TRI,04-Aug-2011,845.43
NIFTY 500 - TRI,05-Aug-2011,843.21
NIFTY 500 - TRI,08-Aug-2011,841.23
NIFTY 500 - TRI,09-Aug-2011,835.03
NIFTY 500 - TRI,10-Aug-2011,846.07
NIFTY 500 - TRI,11-Aug-2011,845.03
NIFTY 500 - TRI,12-Aug-2011,837.59
NIFTY 500 - TRI,15-Aug-2011,830.46
NIFTY 500 - TRI,16-Aug-2011,839.41
NIFTY 500 - TRI,17-Aug-2011,844.10
NIFTY 500 - TRI,18-Aug-2011,842.82
NIFTY 500 - TRI,19-Aug-2011,841.25
NIFTY 500 - TRI,22-Aug-2011,828.34
NIFTY 500 - TRI,23-Aug-2011,834.05
NIFTY 500 - TRI,24-Aug-2011,833.81
NIFTY 500 - TRI,25-Aug-2011,842.48
NIFTY 500 - TRI,26-Aug-2011,837.37
NIFTY 500 - TRI,29-Aug-2011,839.85
NIFTY 500 - TRI,30-Aug-2011,843.15
NIFTY 500 - TRI,31-Aug-2011,844.52
NIFTY 500 - TRI,01-Sep-2011,840.76
NIFTY 500 - TRI,02-Sep-2011,839.49
NIFTY 500 - TRI,05-Sep-2011,820.42
NIFTY 500 - TRI,06-Sep-2011,819.18
NIFTY 500 - TRI,07-Sep-2011,812.78
NIFTY 500 - TRI,08-Sep-2011,809.67
NIFTY 500 - TRI,09-Sep-2011,819.96
NIFTY 500 - TRI,12-Sep-2011,821.57
NIFTY 500 - TRI,13-Sep-2011,822.11
NIFTY 500 - TRI,14-Sep-2011,824.76
NIFTY 500 - TRI,15-Sep-2011,825.53
NIFTY 500 - TRI,16-Sep-2011,829.73
NIFTY 500 - TRI,19-Sep-2011,836.33
NIFTY 500 - TRI,20-Sep-2011,837.37
NIFTY 500 - TRI,21-Sep-2011,846.51
NIFTY 500 - TRI,22-Sep-2011,847.68
NIFTY 500 - TRI,23-Sep-2011,856.10
NIFTY 500 - TRI,26-Sep-2011,866.35
NIFTY 500 - TRI,27-Sep-2011,870.69
NIFTY 500 - TRI,28-Sep-2011,875.90
NIFTY 500 - TRI,29-Sep-2011,887.56
NIFTY 500 - TRI,30-Sep-2011,889.90
NIFTY 500 - TRI,03-Oct-2011,892.31
NIFTY 500 - TRI,04-Oct-2011,891.19
NIFTY 500 - TRI,05-Oct-2011,884.63
NIFTY 500 - TRI,06-Oct-2011,877.93
NIFTY 500 - TRI,07-Oct-2011,884.68
NIFTY 500 - TRI,10-Oct-2011,880.07
NIFTY 500 - TRI,11-Oct-2011,877.51
NIFTY 500 - TRI,12-Oct-2011,861.87
NIFTY 500 - TRI,13-Oct-2011,861.90
NIFTY 500 - TRI,14-Oct-2011,854.14
NIFTY 500 - TRI,17-Oct-2011,870.41
NIFTY 500 - TRI,18-Oct-2011,852.18
NIFTY 500 - TRI,19-Oct-2011,850.30
NIFTY 500 - TRI,20-Oct-2011,870.88
NIFTY 500 - TRI,21-Oct-2011,874.34
NIFTY 500 - TRI,24-Oct-2011,871.61
NIFTY 500 - TRI,25-Oct-2011,872.93
NIFTY 500 - TRI,26-Oct-2011,880.05
NIFTY 500 - TRI,27-Oct-2011,881.01
NIFTY 500 - TRI,28-Oct-2011,891.34
NIFTY 500 - TRI,31-Oct-2011,894.19
NIFTY 500 - TRI,01-Nov-2011,901.91
NIFTY 500 - TRI,02-Nov-2011,912.56
NIFTY 500 - TRI,03-Nov-2011,928.53
NIFTY 500 - TRI,04-Nov-2011,924.99
NIFTY 500 - TRI,07-Nov-2011,905.47
NIFTY 500 - TRI,08-Nov-2011,904.85
NIFTY 500 - TRI,09-Nov-2011,889.00
NIFTY 500 - TRI,10-Nov-2011,886.07
NIFTY 500 - TRI,11-Nov-2011,890.55
NIFTY 500 - TRI,14-Nov-2011,897.92
NIFTY 500 - TRI,15-Nov-2011,895.35
NIFTY 500 - TRI,16-Nov-2011,897.75
NIFTY 500 - TRI,17-Nov-2011,893.35
NIFTY 500 - TRI,18-Nov-2011,897.52
NIFTY 500 - TRI,21-Nov-2011,899.27
NIFTY 500 - TRI,22-Nov-2011,912.03
NIFTY 500 - TRI,23-Nov-2011,917.34
NIFTY 500 - TRI,24-Nov-2011,904.20
NIFTY 500 - TRI,25-Nov-2011,906.46
NIFTY 500 - TRI,28-Nov-2011,885.99
NIFTY 500 - TRI,29-Nov-2011,880.33
NIFTY 500 - TRI,30-Nov-2011,876.26
NIFTY 500 - TRI,01-Dec-2011,869.38
NIFTY 500 - TRI,02-Dec-2011,863.45
NIFTY 500 - TRI,05-Dec-2011,858.79
NIFTY 500 - TRI,06-Dec-2011,884.80
NIFTY 500 - TRI,07-Dec-2011,870.46
NIFTY 500 - TRI,08-Dec-2011,875.08
NIFTY 500 - TRI,09-Dec-2011,878.17
NIFTY 500 - TRI,12-Dec-2011,884.10
NIFTY 500 - TRI,13-Dec-2011,870.26
NIFTY 500 - TRI,14-Dec-2011,865.40
NIFTY 500 - TRI,15-Dec-2011,876.89
NIFTY 500 - TRI,16-Dec-2011,871.18
NIFTY 500 - TRI,19-Dec-2011,872.83
NIFTY 500 - TRI,20-Dec-2011,867.02
NIFTY 500 - TRI,21-Dec-2011,859.38
NIFTY 500 - TRI,22-Dec-2011,863.31
NIFTY 500 - TRI,23-Dec-2011,878.86
NIFTY 500 - TRI,26-Dec-2011,860.37
NIFTY 500 - TRI,27-Dec-2011,867.07
NIFTY 500 - TRI,28-Dec-2011,869.63
NIFTY 500 - TRI,29-Dec-2011,867.10
NIFTY 500 - TRI,30-Dec-2011,871.58
NIFTY 500 - TRI,02-Jan-2012,874.09
NIFTY 500 - TRI,03-Jan-2012,883.60
NIFTY 500 - TRI,04-Jan-2012,890.28
NIFTY 500 - TRI,05-Jan-2012,902.00
NIFTY 500 - TRI,06-Jan-2012,885.51
NIFTY 500 - TRI,09-Jan-2012,886.34
NIFTY 500 - TRI,10-Jan-2012,887.53
NIFTY 500 - TRI,11-Jan-2012,896.28
NIFTY 500 - TRI,12-Jan-2012,905.43
NIFTY 500 - TRI,13-Jan-2012,898.62
NIFTY 500 - TRI,16-Jan-2012,897.40
NIFTY 500 - TRI,17-Jan-2012,892.76
NIFTY 500 - TRI,18-Jan-2012,889.72
NIFTY 500 - TRI,19-Jan-2012,900.21
NIFTY 500 - TRI,20-Jan-2012,899.49
NIFTY 500 - TRI,23-Jan-2012,902.94
NIFTY 500 - TRI,24-Jan-2012,903.09
NIFTY 500 - TRI,25-Jan-2012,906.18
NIFTY 500 - TRI,26-Jan-2012,911.31
NIFTY 500 - TRI,27-Jan-2012,907.96
NIFTY 500 - TRI,30-Jan-2012,906.47
NIFTY 500 - TRI,31-Jan-2012,918.88
NIFTY 500 - TRI,01-Feb-2012,906.41
NIFTY 500 - TRI,02-Feb-2012,906.85
NIFTY 500 - TRI,03-Feb-2012,920.44
NIFTY 500 - TRI,06-Feb-2012,920.23
NIFTY 500 - TRI,07-Feb-2012,920.23
NIFTY 500 - TRI,08-Feb-2012,910.84
NIFTY 500 - TRI,09-Feb-2012,916.07
NIFTY 500 - TRI,10-Feb-2012,911.68
NIFTY 500 - TRI,13-Feb-2012,929.57
NIFTY 500 - TRI,14-Feb-2012,923.32
NIFTY 500 - TRI,15-Feb-2012,928.68
NIFTY 500 - TRI,16-Feb-2012,938.67
NIFTY 500 - TRI,17-Feb-2012,949.18
NIFTY 500 - TRI,20-Feb-2012,945.40
NIFTY 500 - TRI,21-Feb-2012,953.23
NIFTY 500 - TRI,22-Feb-2012,949.47
NIFTY 500 - TRI,23-Feb-2012,964.44
NIFTY 500 - TRI,24-Feb-2012,955.03
NIFTY 500 - TRI,27-Feb-2012,957.52
NIFTY 500 - TRI,28-Feb-2012,953.13
NIFTY 500 - TRI,29-Feb-2012,948.00
NIFTY 500 - TRI,01-Mar-2012,955.52
NIFTY 500 - TRI,02-Mar-2012,976.65
NIFTY 500 - TRI,05-Mar-2012,972.96
NIFTY 500 - TRI,06-Mar-2012,975.37
NIFTY 500 - TRI,07-Mar-2012,974.86
NIFTY 500 - TRI,08-Mar-2012,962.89
NIFTY 500 - TRI,09-Mar-2012,954.59
NIFTY 500 - TRI,12-Mar-2012,960.95
NIFTY 500 - TRI,13-Mar-2012,975.48
NIFTY 500 - TRI,14-Mar-2012,979.46
NIFTY 500 - TRI,15-Mar-2012,979.80
NIFTY 500 - TRI,16-Mar-2012,977.16
NIFTY 500 - TRI,19-Mar-2012,985.89
NIFTY 500 - TRI,20-Mar-2012,1000.05
NIFTY 500 - TRI,21-Mar-2012,1006.39
NIFTY 500 - TRI,22-Mar-2012,1015.05
NIFTY 500 - TRI,23-Mar-2012,1016.06
NIFTY 500 - TRI,26-Mar-2012,1011.66
NIFTY 500 - TRI,27-Mar-2012,1027.77
NIFTY 500 - TRI,28-Mar-2012,1042.11
NIFTY 500 - TRI,29-Mar-2012,1023.26
NIFTY 500 - TRI,30-Mar-2012,1012.16
NIFTY 500 - TRI,02-Apr-2012,993.02
NIFTY 500 - TRI,03-Apr-2012,1016.49
NIFTY 500 - TRI,04-Apr-2012,1020.56
NIFTY 500 - TRI,05-Apr-2012,1024.29
NIFTY 500 - TRI,06-Apr-2012,1021.67
NIFTY 500 - TRI,09-Apr-2012,1026.80
NIFTY 500 - TRI,10-Apr-2012,1026.34
NIFTY 500 - TRI,11-Apr-2012,1037.55
NIFTY 500 - TRI,12-Apr-2012,1051.04
NIFTY 500 - TRI,13-Apr-2012,1039.82
NIFTY 500 - TRI,16-Apr-2012,1048.94
NIFTY 500 - TRI,17-Apr-2012,1041.94
NIFTY 500 - TRI,18-Apr-2012,1052.89
NIFTY 500 - TRI,19-Apr-2012,1050.78
NIFTY 500 - TRI,20-Apr-2012,1045.45
NIFTY 500 - TRI,23-Apr-2012,1033.65
NIFTY 500 - TRI,24-Apr-2012,1019.16
NIFTY 500 - TRI,25-Apr-2012,1006.89
NIFTY 500 - TRI,26-Apr-2012,1002.97
NIFTY 500 - TRI,27-Apr-2012,977.61
NIFTY 500 - TRI,30-Apr-2012,975.14
NIFTY 500 - TRI,01-May-2012,978.22
NIFTY 500 - TRI,02-May-2012,962.45
NIFTY 500 - TRI,03-May-2012,964.89
NIFTY 500 - TRI,04-May-2012,964.41
NIFTY 500 - TRI,07-May-2012,970.92
NIFTY 500 - TRI,08-May-2012,973.51
NIFTY 500 - TRI,09-May-2012,969.27
NIFTY 500 - TRI,10-May-2012,960.77
NIFTY 500 - TRI,11-May-2012,956.98
NIFTY 500 - TRI,14-May-2012,960.36
NIFTY 500 - TRI,15-May-2012,962.48
NIFTY 500 - TRI,16-May-2012,972.17
NIFTY 500 - TRI,17-May-2012,954.32
NIFTY 500 - TRI,18-May-2012,948.70
NIFTY 500 - TRI,21-May-2012,948.72
NIFTY 500 - TRI,22-May-2012,924.95
NIFTY 500 - TRI,23-May-2012,931.58
NIFTY 500 - TRI,24-May-2012,935.56
NIFTY 500 - TRI,25-May-2012,945.39
NIFTY 500 - TRI,28-May-2012,934.33
NIFTY 500 - TRI,29-May-2012,928.52
NIFTY 500 - TRI,30-May-2012,939.88
NIFTY 500 - TRI,31-May-2012,947.79
NIFTY 500 - TRI,01-Jun-2012,948.13
NIFTY 500 - TRI,04-Jun-2012,933.75
NIFTY 500 - TRI,05-Jun-2012,948.14
NIFTY 500 - TRI,06-Jun-2012,944.15
NIFTY 500 - TRI,07-Jun-2012,954.92
NIFTY 500 - TRI,08-Jun-2012,955.00
NIFTY 500 - TRI,11-Jun-2012,965.85
NIFTY 500 - TRI,12-Jun-2012,973.14
NIFTY 500 - TRI,13-Jun-2012,959.92
NIFTY 500 - TRI,14-Jun-2012,967.12
NIFTY 500 - TRI,15-Jun-2012,961.84
NIFTY 500 - TRI,18-Jun-2012,947.33
NIFTY 500 - TRI,19-Jun-2012,952.89
NIFTY 500 - TRI,20-Jun-2012,951.30
NIFTY 500 - TRI,21-Jun-2012,969.29
NIFTY 500 - TRI,22-Jun-2012,960.44
NIFTY 500 - TRI,25-Jun-2012,962.64
NIFTY 500 - TRI,26-Jun-2012,956.98
NIFTY 500 - TRI,27-Jun-2012,959.03
NIFTY 500 - TRI,28-Jun-2012,975.94
NIFTY 500 - TRI,29-Jun-2012,990.41
NIFTY 500 - TRI,02-Jul-2012,987.48
NIFTY 500 - TRI,03-Jul-2012,984.63
NIFTY 500 - TRI,04-Jul-2012,983.73
NIFTY 500 - TRI,05-Jul-2012,981.19
NIFTY 500 - TRI,06-Jul-2012,978.02
NIFTY 500 - TRI,09-Jul-2012,972.97
NIFTY 500 - TRI,10-Jul-2012,986.92
NIFTY 500 - TRI,11-Jul-2012,991.72
NIFTY 500 - TRI,12-Jul-2012,993.65
NIFTY 500 - TRI,13-Jul-2012,998.66
NIFTY 500 - TRI,16-Jul-2012,1007.18
NIFTY 500 - TRI,17-Jul-2012,1000.13
NIFTY 500 - TRI,18-Jul-2012,1004.55
NIFTY 500 - TRI,19-Jul-2012,1003.26
NIFTY 500 - TRI,20-Jul-2012,1002.70
NIFTY 500 - TRI,23-Jul-2012,1005.45
NIFTY 500 - TRI,24-Jul-2012,1001.13
NIFTY 500 - TRI,25-Jul-2012,1014.53
NIFTY 500 - TRI,26-Jul-2012,1013.96
NIFTY 500 - TRI,27-Jul-2012,1023.48
NIFTY 500 - TRI,30-Jul-2012,1020.10
NIFTY 500 - TRI,31-Jul-2012,1017.30
NIFTY 500 - TRI,01-Aug-2012,1021.81
NIFTY 500 - TRI,02-Aug-2012,1009.72
NIFTY 500 - TRI,03-Aug-2012,1006.24
NIFTY 500 - TRI,06-Aug-2012,1002.89
NIFTY 500 - TRI,07-Aug-2012,1004.95
NIFTY 500 - TRI,08-Aug-2012,1009.01
NIFTY 500 - TRI,09-Aug-2012,1019.43
NIFTY 500 - TRI,10-Aug-2012,1031.06
NIFTY 500 - TRI,13-Aug-2012,1016.35
NIFTY 500 - TRI,14-Aug-2012,1015.77
NIFTY 500 - TRI,15-Aug-2012,1007.65
NIFTY 500 - TRI,16-Aug-2012,1006.15
NIFTY 500 - TRI,17-Aug-2012,1027.75
NIFTY 500 - TRI,20-Aug-2012,1028.81
NIFTY 500 - TRI,21-Aug-2012,1038.73
NIFTY 500 - TRI,22-Aug-2012,1034.58
NIFTY 500 - TRI,23-Aug-2012,1025.99
NIFTY 500 - TRI,24-Aug-2012,1015.95
NIFTY 500 - TRI,27-Aug-2012,1023.71
NIFTY 500 - TRI,28-Aug-2012,1005.53
NIFTY 500 - TRI,29-Aug-2012,1005.25
NIFTY 500 - TRI,30-Aug-2012,1014.86
NIFTY 500 - TRI,31-Aug-2012,1001.94
NIFTY 500 - TRI,03-Sep-2012,1009.94
NIFTY 500 - TRI,04-Sep-2012,1034.61
NIFTY 500 - TRI,05-Sep-2012,1039.47
NIFTY 500 - TRI,06-Sep-2012,1044.74
NIFTY 500 - TRI,07-Sep-2012,1041.32
NIFTY 500 - TRI,10-Sep-2012,1053.06
NIFTY 500 - TRI,11-Sep-2012,1046.60
NIFTY 500 - TRI,12-Sep-2012,1038.77
NIFTY 500 - TRI,13-Sep-2012,1036.03
NIFTY 500 - TRI,14-Sep-2012,1041.96
NIFTY 500 - TRI,17-Sep-2012,1053.60
NIFTY 500 - TRI,18-Sep-2012,1060.74
NIFTY 500 - TRI,19-Sep-2012,1048.63
NIFTY 500 - TRI,20-Sep-2012,1048.72
NIFTY 500 - TRI,21-Sep-2012,1044.57
NIFTY 500 - TRI,24-Sep-2012,1040.49
NIFTY 500 - TRI,25-Sep-2012,1037.21
NIFTY 500 - TRI,26-Sep-2012,1040.16
NIFTY 500 - TRI,27-Sep-2012,1050.70
NIFTY 500 - TRI,28-Sep-2012,1049.74
NIFTY 500 - TRI,01-Oct-2012,1049.26
NIFTY 500 - TRI,02-Oct-2012,1048.56
NIFTY 500 - TRI,03-Oct-2012,1051.97
NIFTY 500 - TRI,04-Oct-2012,1042.30
NIFTY 500 - TRI,05-Oct-2012,1045.30
NIFTY 500 - TRI,08-Oct-2012,1043.69
NIFTY 500 - TRI,09-Oct-2012,1040.58
NIFTY 500 - TRI,10-Oct-2012,1044.62
NIFTY 500 - TRI,11-Oct-2012,1052.14
NIFTY 500 - TRI,12-Oct-2012,1059.87
NIFTY 500 - TRI,15-Oct-2012,1073.69
NIFTY 500 - TRI,16-Oct-2012,1086.39
NIFTY 500 - TRI,17-Oct-2012,1097.12
NIFTY 500 - TRI,18-Oct-2012,1081.26
NIFTY 500 - TRI,19-Oct-2012,1088.18
NIFTY 500 - TRI,22-Oct-2012,1089.84
NIFTY 500 - TRI,23-Oct-2012,1096.67
NIFTY 500 - TRI,24-Oct-2012,1096.53
NIFTY 500 - TRI,25-Oct-2012,1103.04
NIFTY 500 - TRI,26-Oct-2012,1082.47
NIFTY 500 - TRI,29-Oct-2012,1089.00
NIFTY 500 - TRI,30-Oct-2012,1081.81
NIFTY 500 - TRI,31-Oct-2012,1087.49
NIFTY 500 - TRI,01-Nov-2012,1078.34
NIFTY 500 - TRI,02-Nov-2012,1074.71
NIFTY 500 - TRI,05-Nov-2012,1088.87
NIFTY 500 - TRI,06-Nov-2012,1089.22
NIFTY 500 - TRI,07-Nov-2012,1076.17
NIFTY 500 - TRI,08-Nov-2012,1083.66
NIFTY 500 - TRI,09-Nov-2012,1090.64
NIFTY 500 - TRI,12-Nov-2012,1087.23
NIFTY 500 - TRI,13-Nov-2012,1112.17
NIFTY 500 - TRI,14-Nov-2012,1101.53
NIFTY 500 - TRI,15-Nov-2012,1099.75
NIFTY 500 - TRI,16-Nov-2012,1095.50
NIFTY 500 - TRI,19-Nov-2012,1086.25
NIFTY 500 - TRI,20-Nov-2012,1095.52
NIFTY 500 - TRI,21-Nov-2012,1112.74
NIFTY 500 - TRI,22-Nov-2012,1098.82
NIFTY 500 - TRI,23-Nov-2012,1116.87
NIFTY 500 - TRI,26-Nov-2012,1102.69
NIFTY 500 - TRI,27-Nov-2012,1102.43
NIFTY 500 - TRI,28-Nov-2012,1105.59
NIFTY 500 - TRI,29-Nov-2012,1105.23
NIFTY 500 - TRI,30-Nov-2012,1106.87
NIFTY 500 - TRI,03-Dec-2012,1107.69
NIFTY 500 - TRI,04-Dec-2012,1091.49
NIFTY 500 - TRI,05-Dec-2012,1092.03
NIFTY 500 - TRI,06-Dec-2012,1079.00
NIFTY 500 - TRI,07-Dec-2012,1087.06
NIFTY 500 - TRI,10-Dec-2012,1094.02
NIFTY 500 - TRI,11-Dec-2012,1108.10
NIFTY 500 - TRI,12-Dec-2012,1110.25
NIFTY 500 - TRI,13-Dec-2012,1105.98
NIFTY 500 - TRI,14-Dec-2012,1102.29
NIFTY 500 - TRI,17-Dec-2012,1099.83
NIFTY 500 - TRI,18-Dec-2012,1088.21
NIFTY 500 - TRI,19-Dec-2012,1097.66
NIFTY 500 - TRI,20-Dec-2012,1091.98
NIFTY 500 - TRI,21-Dec-2012,1061.46
NIFTY 500 - TRI,24-Dec-2012,1051.09
NIFTY 500 - TRI,25-Dec-2012,1049.94
NIFTY 500 - TRI,26-Dec-2012,1056.66
NIFTY 500 - TRI,27-Dec-2012,1040.57
NIFTY 500 - TRI,28-Dec-2012,1044.05
NIFTY 500 - TRI,31-Dec-2012,1045.44
NIFTY 500 - TRI,01-Jan-2013,1037.24
NIFTY 500 - TRI,02-Jan-2013,1033.71
NIFTY 500 - TRI,03-Jan-2013,1048.01
NIFTY 500 - TRI,04-Jan-2013,1053.83
NIFTY 500 - TRI,07-Jan-2013,1063.06
NIFTY 500 - TRI,08-Jan-2013,1062.38
NIFTY 500 - TRI,09-Jan-2013,1059.82
NIFTY 500 - TRI,10-Jan-2013,1065.12
NIFTY 500 - TRI,11-Jan-2013,1072.46
NIFTY 500 - TRI,14-Jan-2013,1068.15
NIFTY 500 - TRI,15-Jan-2013,1075.31
NIFTY 500 - TRI,16-Jan-2013,1062.17
NIFTY 500 - TRI,17-Jan-2013,1061.08
NIFTY 500 - TRI,18-Jan-2013,1072.24
NIFTY 500 - TRI,21-Jan-2013,1090.27
NIFTY 500 - TRI,22-Jan-2013,1089.59
NIFTY 500 - TRI,23-Jan-2013,1088.08
NIFTY 500 - TRI,24-Jan-2013,1070.04
NIFTY 500 - TRI,25-Jan-2013,1066.40
NIFTY 500 - TRI,28-Jan-2013,1062.56
NIFTY 500 - TRI,29-Jan-2013,1051.81
NIFTY 500 - TRI,30-Jan-2013,1033.10
NIFTY 500 - TRI,31-Jan-2013,1032.37
NIFTY 500 - TRI,01-Feb-2013,1017.19
NIFTY 500 - TRI,04-Feb-2013,1011.08
NIFTY 500 - TRI,05-Feb-2013,1024.76
NIFTY 500 - TRI,06-Feb-2013,1006.77
NIFTY 500 - TRI,07-Feb-2013,1006.16
NIFTY 500 - TRI,08-Feb-2013,986.50
NIFTY 500 - TRI,11-Feb-2013,977.91
NIFTY 500 - TRI,12-Feb-2013,981.48
NIFTY 500 - TRI,13-Feb-2013,981.09
NIFTY 500 - TRI,14-Feb-2013,972.31
NIFTY 500 - TRI,15-Feb-2013,962.02
NIFTY 500 - TRI,18-Feb-2013,974.40
NIFTY 500 - TRI,19-Feb-2013,978.37
NIFTY 500 - TRI,20-Feb-2013,968.37
NIFTY 500 - TRI,21-Feb-2013,952.39
NIFTY 500 - TRI,22-Feb-2013,934.52
NIFTY 500 - TRI,25-Feb-2013,937.45
NIFTY 500 - TRI,26-Feb-2013,931.70
NIFTY 500 - TRI,27-Feb-2013,929.65
NIFTY 500 - TRI,28-Feb-2013,923.39
NIFTY 500 - TRI,01-Mar-2013,928.94
NIFTY 500 - TRI,04-Mar-2013,915.87
NIFTY 500 - TRI,05-Mar-2013,920.82
NIFTY 500 - TRI,06-Mar-2013,922.35
NIFTY 500 - TRI,07-Mar-2013,920.38
NIFTY 500 - TRI,08-Mar-2013,921.07
NIFTY 500 - TRI,11-Mar-2013,917.35
NIFTY 500 - TRI,12-Mar-2013,929.36
NIFTY 500 - TRI,13-Mar-2013,933.57
NIFTY 500 - TRI,14-Mar-2013,937.28
NIFTY 500 - TRI,15-Mar-2013,937.25
NIFTY 500 - TRI,18-Mar-2013,963.62
NIFTY 500 - TRI,19-Mar-2013,963.33
NIFTY 500 - TRI,20-Mar-2013,979.19
NIFTY 500 - TRI,21-Mar-2013,976.35
NIFTY 500 - TRI,22-Mar-2013,972.94
NIFTY 500 - TRI,25-Mar-2013,977.65
NIFTY 500 - TRI,26-Mar-2013,973.91
NIFTY 500 - TRI,27-Mar-2013,996.36
NIFTY 500 - TRI,28-Mar-2013,1010.26
NIFTY 500 - TRI,29-Mar-2013,1016.90
NIFTY 500 - TRI,01-Apr-2013,1030.32
NIFTY 500 - TRI,02-Apr-2013,1021.51
NIFTY 500 - TRI,03-Apr-2013,1000.83
NIFTY 500 - TRI,04-Apr-2013,1009.07
NIFTY 500 - TRI,05-Apr-2013,1004.43
NIFTY 500 - TRI,08-Apr-2013,1000.29
NIFTY 500 - TRI,09-Apr-2013,1013.05
NIFTY 500 - TRI,10-Apr-2013,1004.79
NIFTY 500 - TRI,11-Apr-2013,998.43
NIFTY 500 - TRI,12-Apr-2013,987.35
NIFTY 500 - TRI,15-Apr-2013,988.10
NIFTY 500 - TRI,16-Apr-2013,992.28
NIFTY 500 - TRI,17-Apr-2013,984.84
NIFTY 500 - TRI,18-Apr-2013,998.45
NIFTY 500 - TRI,19-Apr-2013,1006.94
NIFTY 500 - TRI,22-Apr-2013,1006.54
NIFTY 500 - TRI,23-Apr-2013,1010.22
NIFTY 500 - TRI,24-Apr-2013,1008.41
NIFTY 500 - TRI,25-Apr-2013,995.83
NIFTY 500 - TRI,26-Apr-2013,999.29
NIFTY 500 - TRI,29-Apr-2013,1006.54
NIFTY 500 - TRI,30-Apr-2013,1017.56
NIFTY 500 - TRI,01-May-2013,1012.78
NIFTY 500 - TRI,02-May-2013,1021.28
NIFTY 500 - TRI,03-May-2013,1027.59
NIFTY 500 - TRI,06-May-2013,1043.00
NIFTY 500 - TRI,07-May-2013,1045.43
NIFTY 500 - TRI,08-May-2013,1044.88
NIFTY 500 - TRI,09-May-2013,1031.12
NIFTY 500 - TRI,10-May-2013,1032.53
NIFTY 500 - TRI,13-May-2013,1027.47
NIFTY 500 - TRI,14-May-2013,1013.38
NIFTY 500 - TRI,15-May-2013,997.01
NIFTY 500 - TRI,16-May-2013,997.96
NIFTY 500 - TRI,17-May-2013,1000.49
NIFTY 500 - TRI,20-May-2013,1008.79
NIFTY 500 - TRI,21-May-2013,1003.33
NIFTY 500 - TRI,22-May-2013,1020.96
NIFTY 500 - TRI,23-May-2013,1029.70
NIFTY 500 - TRI,24-May-2013,1021.89
NIFTY 500 - TRI,27-May-2013,1018.44
NIFTY 500 - TRI,28-May-2013,1018.61
NIFTY 500 - TRI,29-May-2013,1036.51
NIFTY 500 - TRI,30-May-2013,1029.26
NIFTY 500 - TRI,31-May-2013,1031.19
NIFTY 500 - TRI,03-Jun-2013,1022.39
NIFTY 500 - TRI,04-Jun-2013,1037.46
NIFTY 500 - TRI,05-Jun-2013,1035.86
NIFTY 500 - TRI,06-Jun-2013,1032.40
NIFTY 500 - TRI,07-Jun-2013,1033.85
NIFTY 500 - TRI,10-Jun-2013,1037.63
NIFTY 500 - TRI,11-Jun-2013,1052.73
NIFTY 500 - TRI,12-Jun-2013,1052.55
NIFTY 500 - TRI,13-Jun-2013,1048.99
NIFTY 500 - TRI,14-Jun-2013,1041.60
NIFTY 500 - TRI,17-Jun-2013,1033.33
NIFTY 500 - TRI,18-Jun-2013,1042.45
NIFTY 500 - TRI,19-Jun-2013,1038.50
NIFTY 500 - TRI,20-Jun-2013,1046.19
NIFTY 500 - TRI,21-Jun-2013,1053.19
NIFTY 500 - TRI,24-Jun-2013,1051.20
NIFTY 500 - TRI,25-Jun-2013,1053.88
NIFTY 500 - TRI,26-Jun-2013,1055.98
NIFTY 500 - TRI,27-Jun-2013,1058.68
NIFTY 500 - TRI,28-Jun-2013,1061.21
NIFTY 500 - TRI,01-Jul-2013,1060.63
NIFTY 500 - TRI,02-Jul-2013,1066.28
NIFTY 500 - TRI,03-Jul-2013,1053.57
NIFTY 500 - TRI,04-Jul-2013,1061.43
NIFTY 500 - TRI,05-Jul-2013,1065.08
NIFTY 500 - TRI,08-Jul-2013,1050.48
NIFTY 500 - TRI,09-Jul-2013,1049.67
NIFTY 500 - TRI,10-Jul-2013,1047.74
NIFTY 500 - TRI,11-Jul-2013,1054.73
NIFTY 500 - TRI,12-Jul-2013,1062.33
NIFTY 500 - TRI,15-Jul-2013,1045.17
NIFTY 500 - TRI,16-Jul-2013,1055.45
NIFTY 500 - TRI,17-Jul-2013,1048.43
NIFTY 500 - TRI,18-Jul-2013,1047.94
NIFTY 500 - TRI,19-Jul-2013,1045.18
NIFTY 500 - TRI,22-Jul-2013,1046.23
NIFTY 500 - TRI,23-Jul-2013,1046.98
NIFTY 500 - TRI,24-Jul-2013,1055.05
NIFTY 500 - TRI,25-Jul-2013,1041.78
NIFTY 500 - TRI,26-Jul-2013,1037.01
NIFTY 500 - TRI,29-Jul-2013,1045.11
NIFTY 500 - TRI,30-Jul-2013,1023.08
NIFTY 500 - TRI,31-Jul-2013,1004.65
NIFTY 500 - TRI,01-Aug-2013,1017.95
NIFTY 500 - TRI,02-Aug-2013,1006.85
NIFTY 500 - TRI,05-Aug-2013,1012.77
NIFTY 500 - TRI,06-Aug-2013,1011.68
NIFTY 500 - TRI,07-Aug-2013,1024.14
NIFTY 500 - TRI,08-Aug-2013,1010.15
NIFTY 500 - TRI,09-Aug-2013,1010.20
NIFTY 500 - TRI,12-Aug-2013,998.46
NIFTY 500 - TRI,13-Aug-2013,1000.21
NIFTY 500 - TRI,14-Aug-2013,1008.62
NIFTY 500 - TRI,15-Aug-2013,1012.96
NIFTY 500 - TRI,16-Aug-2013,1015.90
NIFTY 500 - TRI,19-Aug-2013,1001.73
NIFTY 500 - TRI,20-Aug-2013,1012.79
NIFTY 500 - TRI,21-Aug-2013,1008.09
NIFTY 500 - TRI,22-Aug-2013,1013.92
NIFTY 500 - TRI,23-Aug-2013,1016.70
NIFTY 500 - TRI,26-Aug-2013,1021.69
NIFTY 500 - TRI,27-Aug-2013,1018.37
NIFTY 500 - TRI,28-Aug-2013,1006.98
NIFTY 500 - TRI,29-Aug-2013,1008.32
NIFTY 500 - TRI,30-Aug-2013,1012.68
NIFTY 500 - TRI,02-Sep-2013,1009.99
NIFTY 500 - TRI,03-Sep-2013,999.92
NIFTY 500 - TRI,04-Sep-2013,993.21
NIFTY 500 - TRI,05-Sep-2013,978.51
NIFTY 500 - TRI,06-Sep-2013,961.86
NIFTY 500 - TRI,09-Sep-2013,939.89
NIFTY 500 - TRI,10-Sep-2013,927.33
NIFTY 500 - TRI,11-Sep-2013,929.90
NIFTY 500 - TRI,12-Sep-2013,938.46
NIFTY 500 - TRI,13-Sep-2013,931.63
NIFTY 500 - TRI,16-Sep-2013,929.34
NIFTY 500 - TRI,17-Sep-2013,925.71
NIFTY 500 - TRI,18-Sep-2013,925.60
NIFTY 500 - TRI,19-Sep-2013,928.43
NIFTY 500 - TRI,20-Sep-2013,921.54
NIFTY 500 - TRI,23-Sep-2013,919.50
NIFTY 500 - TRI,24-Sep-2013,918.63
NIFTY 500 - TRI,25-Sep-2013,938.70
NIFTY 500 - TRI,26-Sep-2013,947.03
NIFTY 500 - TRI,27-Sep-2013,939.53
NIFTY 500 - TRI,30-Sep-2013,944.75
NIFTY 500 - TRI,01-Oct-2013,946.14
NIFTY 500 - TRI,02-Oct-2013,952.88
NIFTY 500 - TRI,03-Oct-2013,949.19
NIFTY 500 - TRI,04-Oct-2013,945.56
NIFTY 500 - TRI,07-Oct-2013,948.20
NIFTY 500 - TRI,08-Oct-2013,944.70
NIFTY 500 - TRI,09-Oct-2013,965.69
NIFTY 500 - TRI,10-Oct-2013,967.36
NIFTY 500 - TRI,11-Oct-2013,969.58
NIFTY 500 - TRI,14-Oct-2013,958.21
NIFTY 500 - TRI,15-Oct-2013,961.95
NIFTY 500 - TRI,16-Oct-2013,970.46
NIFTY 500 - TRI,17-Oct-2013,974.01
NIFTY 500 - TRI,18-Oct-2013,973.79
NIFTY 500 - TRI,21-Oct-2013,963.10
NIFTY 500 - TRI,22-Oct-2013,962.71
NIFTY 500 - TRI,23-Oct-2013,958.06
NIFTY 500 - TRI,24-Oct-2013,965.03
NIFTY 500 - TRI,25-Oct-2013,978.40
NIFTY 500 - TRI,28-Oct-2013,985.03
NIFTY 500 - TRI,29-Oct-2013,999.78
NIFTY 500 - TRI,30-Oct-2013,1000.39
NIFTY 500 - TRI,31-Oct-2013,1008.24
NIFTY 500 - TRI,01-Nov-2013,1019.16
NIFTY 500 - TRI,04-Nov-2013,1024.07
NIFTY 500 - TRI,05-Nov-2013,1020.50
NIFTY 500 - TRI,06-Nov-2013,1014.14
NIFTY 500 - TRI,07-Nov-2013,997.76
NIFTY 500 - TRI,08-Nov-2013,987.62
NIFTY 500 - TRI,11-Nov-2013,991.40
NIFTY 500 - TRI,12-Nov-2013,990.88
NIFTY 500 - TRI,13-Nov-2013,989.88
NIFTY 500 - TRI,14-Nov-2013,987.64
NIFTY 500 - TRI,15-Nov-2013,984.76
NIFTY 500 - TRI,18-Nov-2013,975.85
NIFTY 500 - TRI,19-Nov-2013,965.03
NIFTY 500 - TRI,20-Nov-2013,985.46
NIFTY 500 - TRI,21-Nov-2013,976.61
NIFTY 500 - TRI,22-Nov-2013,980.57
NIFTY 500 - TRI,25-Nov-2013,988.39
NIFTY 500 - TRI,26-Nov-2013,1010.15
NIFTY 500 - TRI,27-Nov-2013,1017.69
NIFTY 500 - TRI,28-Nov-2013,1039.89
NIFTY 500 - TRI,29-Nov-2013,1043.12
NIFTY 500 - TRI,02-Dec-2013,1060.56
NIFTY 500 - TRI,03-Dec-2013,1049.53
NIFTY 500 - TRI,04-Dec-2013,1044.14
NIFTY 500 - TRI,05-Dec-2013,1037.49
NIFTY 500 - TRI,06-Dec-2013,1041.28
NIFTY 500 - TRI,09-Dec-2013,1019.43
NIFTY 500 - TRI,10-Dec-2013,1013.04
NIFTY 500 - TRI,11-Dec-2013,1019.19
NIFTY 500 - TRI,12-Dec-2013,1011.17
NIFTY 500 - TRI,13-Dec-2013,1005.75
NIFTY 500 - TRI,16-Dec-2013,1013.69
NIFTY 500 - TRI,17-Dec-2013,1006.25
NIFTY 500 - TRI,18-Dec-2013,1008.53
NIFTY 500 - TRI,19-Dec-2013,1026.66
NIFTY 500 - TRI,20-Dec-2013,1024.11
NIFTY 500 - TRI,23-Dec-2013,1018.92
NIFTY 500 - TRI,24-Dec-2013,1014.81
NIFTY 500 - TRI,25-Dec-2013,1009.51
NIFTY 500 - TRI,26-Dec-2013,1009.15
NIFTY 500 - TRI,27-Dec-2013,1024.38
NIFTY 500 - TRI,30-Dec-2013,1025.33
NIFTY 500 - TRI,31-Dec-2013,1025.73
NIFTY 500 - TRI,01-Jan-2014,1038.55
NIFTY 500 - TRI,02-Jan-2014,1033.14
NIFTY 500 - TRI,03-Jan-2014,1019.91
NIFTY 500 - TRI,06-Jan-2014,1019.98
NIFTY 500 - TRI,07-Jan-2014,1011.62
NIFTY 500 - TRI,08-Jan-2014,1006.95
NIFTY 500 - TRI,09-Jan-2014,999.10
NIFTY 500 - TRI,10-Jan-2014,1004.53
NIFTY 500 - TRI,13-Jan-2014,993.76
NIFTY 500 - TRI,14-Jan-2014,986.31
NIFTY 500 - TRI,15-Jan-2014,1010.31
NIFTY 500 - TRI,16-Jan-2014,1003.53
NIFTY 500 - TRI,17-Jan-2014,1001.09
NIFTY 500 - TRI,20-Jan-2014,992.57
NIFTY 500 - TRI,21-Jan-2014,994.70
NIFTY 500 - TRI,22-Jan-2014,990.62
NIFTY 500 - TRI,23-Jan-2014,984.70
NIFTY 500 - TRI,24-Jan-2014,989.75
NIFTY 500 - TRI,27-Jan-2014,993.48
NIFTY 500 - TRI,28-Jan-2014,982.97
NIFTY 500 - TRI,29-Jan-2014,990.72
NIFTY 500 - TRI,30-Jan-2014,974.47
NIFTY 500 - TRI,31-Jan-2014,952.33
NIFTY 500 - TRI,03-Feb-2014,957.94
NIFTY 500 - TRI,04-Feb-2014,951.49
NIFTY 500 - TRI,05-Feb-2014,946.65
NIFTY 500 - TRI,06-Feb-2014,957.52
NIFTY 500 - TRI,07-Feb-2014,962.77
NIFTY 500 - TRI,10-Feb-2014,955.24
NIFTY 500 - TRI,11-Feb-2014,959.36
NIFTY 500 - TRI,12-Feb-2014,962.53
NIFTY 500 - TRI,13-Feb-2014,962.57
NIFTY 500 - TRI,14-Feb-2014,976.76
NIFTY 500 - TRI,17-Feb-2014,983.86
NIFTY 500 - TRI,18-Feb-2014,974.30
NIFTY 500 - TRI,19-Feb-2014,977.52
NIFTY 500 - TRI,20-Feb-2014,975.22
NIFTY 500 - TRI,21-Feb-2014,972.42
NIFTY 500 - TRI,24-Feb-2014,970.77
NIFTY 500 - TRI,25-Feb-2014,976.43
NIFTY 500 - TRI,26-Feb-2014,991.81
NIFTY 500 - TRI,27-Feb-2014,985.13
NIFTY 500 - TRI,28-Feb-2014,989.76
NIFTY 500 - TRI,03-Mar-2014,988.22
NIFTY 500 - TRI,04-Mar-2014,993.67
NIFTY 500 - TRI,05-Mar-2014,1004.12
NIFTY 500 - TRI,06-Mar-2014,1001.42
NIFTY 500 - TRI,07-Mar-2014,1004.65
NIFTY 500 - TRI,10-Mar-2014,1000.61
NIFTY 500 - TRI,11-Mar-2014,1003.44
NIFTY 500 - TRI,12-Mar-2014,1001.10
NIFTY 500 - TRI,13-Mar-2014,1006.46
NIFTY 500 - TRI,14-Mar-2014,1013.45
NIFTY 500 - TRI,17-Mar-2014,1010.01
NIFTY 500 - TRI,18-Mar-2014,1015.01
NIFTY 500 - TRI,19-Mar-2014,1021.40
NIFTY 500 - TRI,20-Mar-2014,1026.60
NIFTY 500 - TRI,21-Mar-2014,1041.51
NIFTY 500 - TRI,24-Mar-2014,1044.06
NIFTY 500 - TRI,25-Mar-2014,1046.71
NIFTY 500 - TRI,26-Mar-2014,1050.22
NIFTY 500 - TRI,27-Mar-2014,1047.06
NIFTY 500 - TRI,28-Mar-2014,1057.10
NIFTY 500 - TRI,31-Mar-2014,1042.73
NIFTY 500 - TRI,01-Apr-2014,1053.59
NIFTY 500 - TRI,02-Apr-2014,1067.40
NIFTY 500 - TRI,03-Apr-2014,1065.36
NIFTY 500 - TRI,04-Apr-2014,1063.03
NIFTY 500 - TRI,07-Apr-2014,1056.37
NIFTY 500 - TRI,08-Apr-2014,1043.23
NIFTY 500 - TRI,09-Apr-2014,1050.77
NIFTY 500 - TRI,10-Apr-2014,1042.67
NIFTY 500 - TRI,11-Apr-2014,1058.64
NIFTY 500 - TRI,14-Apr-2014,1083.02
NIFTY 500 - TRI,15-Apr-2014,1084.26
NIFTY 500 - TRI,16-Apr-2014,1103.83
NIFTY 500 - TRI,17-Apr-2014,1119.73
NIFTY 500 - TRI,18-Apr-2014,1122.95
NIFTY 500 - TRI,21-Apr-2014,1120.29
NIFTY 500 - TRI,22-Apr-2014,1105.61
NIFTY 500 - TRI,23-Apr-2014,1098.82
NIFTY 500 - TRI,24-Apr-2014,1093.65
NIFTY 500 - TRI,25-Apr-2014,1097.19
NIFTY 500 - TRI,28-Apr-2014,1097.27
NIFTY 500 - TRI,29-Apr-2014,1093.26
NIFTY 500 - TRI,30-Apr-2014,1083.30
NIFTY 500 - TRI,01-May-2014,1072.59
NIFTY 500 - TRI,02-May-2014,1054.85
NIFTY 500 - TRI,05-May-2014,1060.76
NIFTY 500 - TRI,06-May-2014,1065.58
NIFTY 500 - TRI,07-May-2014,1068.74
NIFTY 500 - TRI,08-May-2014,1084.80
NIFTY 500 - TRI,09-May-2014,1097.85
NIFTY 500 - TRI,12-May-2014,1100.42
NIFTY 500 - TRI,13-May-2014,1110.41
NIFTY 500 - TRI,14-May-2014,1076.73
NIFTY 500 - TRI,15-May-2014,1080.40
NIFTY 500 - TRI,16-May-2014,1075.33
NIFTY 500 - TRI,19-May-2014,1069.65
NIFTY 500 - TRI,20-May-2014,1060.41
NIFTY 500 - TRI,21-May-2014,1056.72
NIFTY 500 - TRI,22-May-2014,1060.01
NIFTY 500 - TRI,23-May-2014,1083.64
NIFTY 500 - TRI,26-May-2014,1075.36
NIFTY 500 - TRI,27-May-2014,1069.05
NIFTY 500 - TRI,28-May-2014,1071.52
NIFTY 500 - TRI,29-May-2014,1050.16
NIFTY 500 - TRI,30-May-2014,1065.28
NIFTY 500 - TRI,02-Jun-2014,1070.99
NIFTY 500 - TRI,03-Jun-2014,1066.39
NIFTY 500 - TRI,04-Jun-2014,1064.68
NIFTY 500 - TRI,05-Jun-2014,1074.23
NIFTY 500 - TRI,06-Jun-2014,1087.75
NIFTY 500 - TRI,09-Jun-2014,1083.84
NIFTY 500 - TRI,10-Jun-2014,1082.97
NIFTY 500 - TRI,11-Jun-2014,1066.73
NIFTY 500 - TRI,12-Jun-2014,1074.50
NIFTY 500 - TRI,13-Jun-2014,1058.16
NIFTY 500 - TRI,16-Jun-2014,1074.72
NIFTY 500 - TRI,17-Jun-2014,1072.12
NIFTY 500 - TRI,18-Jun-2014,1065.46
NIFTY 500 - TRI,19-Jun-2014,1078.39
NIFTY 500 - TRI,20-Jun-2014,1095.88
NIFTY 500 - TRI,23-Jun-2014,1110.15
NIFTY 500 - TRI,24-Jun-2014,1108.58
NIFTY 500 - TRI,25-Jun-2014,1110.53
NIFTY 500 - TRI,26-Jun-2014,1119.27
NIFTY 500 - TRI,27-Jun-2014,1129.24
NIFTY 500 - TRI,30-Jun-2014,1126.01
NIFTY 500 - TRI,01-Jul-2014,1138.63
NIFTY 500 - TRI,02-Jul-2014,1150.28
NIFTY 500 - TRI,03-Jul-2014,1167.49
NIFTY 500 - TRI,04-Jul-2014,1169.37
NIFTY 500 - TRI,07-Jul-2014,1169.33
NIFTY 500 - TRI,08-Jul-2014,1168.18
NIFTY 500 - TRI,09-Jul-2014,1162.33
NIFTY 500 - TRI,10-Jul-2014,1155.00
NIFTY 500 - TRI,11-Jul-2014,1160.24
NIFTY 500 - TRI,14-Jul-2014,1152.29
NIFTY 500 - TRI,15-Jul-2014,1154.53
NIFTY 500 - TRI,16-Jul-2014,1156.98
NIFTY 500 - TRI,17-Jul-2014,1154.10
NIFTY 500 - TRI,18-Jul-2014,1167.39
NIFTY 500 - TRI,21-Jul-2014,1177.54
NIFTY 500 - TRI,22-Jul-2014,1185.01
NIFTY 500 - TRI,23-Jul-2014,1173.23
NIFTY 500 - TRI,24-Jul-2014,1169.04
NIFTY 500 - TRI,25-Jul-2014,1177.78
NIFTY 500 - TRI,28-Jul-2014,1174.32
NIFTY 500 - TRI,29-Jul-2014,1183.64
NIFTY 500 - TRI,30-Jul-2014,1173.64
NIFTY 500 - TRI,31-Jul-2014,1183.26
NIFTY 500 - TRI,01-Aug-2014,1190.88
NIFTY 500 - TRI,04-Aug-2014,1194.91
NIFTY 500 - TRI,05-Aug-2014,1198.85
NIFTY 500 - TRI,06-Aug-2014,1196.07
NIFTY 500 - TRI,07-Aug-2014,1197.44
NIFTY 500 - TRI,08-Aug-2014,1184.02
NIFTY 500 - TRI,11-Aug-2014,1191.75
NIFTY 500 - TRI,12-Aug-2014,1183.65
NIFTY 500 - TRI,13-Aug-2014,1172.12
NIFTY 500 - TRI,14-Aug-2014,1191.25
NIFTY 500 - TRI,15-Aug-2014,1186.27
NIFTY 500 - TRI,18-Aug-2014,1180.16
NIFTY 500 - TRI,19-Aug-2014,1181.70
NIFTY 500 - TRI,20-Aug-2014,1195.50
NIFTY 500 - TRI,21-Aug-2014,1189.52
NIFTY 500 - TRI,22-Aug-2014,1194.90
NIFTY 500 - TRI,25-Aug-2014,1200.05
NIFTY 500 - TRI,26-Aug-2014,1210.80
NIFTY 500 - TRI,27-Aug-2014,1218.29
NIFTY 500 - TRI,28-Aug-2014,1206.99
NIFTY 500 - TRI,29-Aug-2014,1203.71
NIFTY 500 - TRI,01-Sep-2014,1214.52
NIFTY 500 - TRI,02-Sep-2014,1229.46
NIFTY 500 - TRI,03-Sep-2014,1249.07
NIFTY 500 - TRI,04-Sep-2014,1238.03
NIFTY 500 - TRI,05-Sep-2014,1240.19
NIFTY 500 - TRI,08-Sep-2014,1230.43
NIFTY 500 - TRI,09-Sep-2014,1234.76
NIFTY 500 - TRI,10-Sep-2014,1245.61
NIFTY 500 - TRI,11-Sep-2014,1259.63
NIFTY 500 - TRI,12-Sep-2014,1259.86
NIFTY 500 - TRI,15-Sep-2014,1264.17
NIFTY 500 - TRI,16-Sep-2014,1269.42
NIFTY 500 - TRI,17-Sep-2014,1273.89
NIFTY 500 - TRI,18-Sep-2014,1279.35
NIFTY 500 - TRI,19-Sep-2014,1271.61
NIFTY 500 - TRI,22-Sep-2014,1270.23
NIFTY 500 - TRI,23-Sep-2014,1271.07
NIFTY 500 - TRI,24-Sep-2014,1252.15
NIFTY 500 - TRI,25-Sep-2014,1245.55
NIFTY 500 - TRI,26-Sep-2014,1255.45
NIFTY 500 - TRI,29-Sep-2014,1238.92
NIFTY 500 - TRI,30-Sep-2014,1246.33
NIFTY 500 - TRI,01-Oct-2014,1270.27
NIFTY 500 - TRI,02-Oct-2014,1285.02
NIFTY 500 - TRI,03-Oct-2014,1292.10
NIFTY 500 - TRI,06-Oct-2014,1303.82
NIFTY 500 - TRI,07-Oct-2014,1299.27
NIFTY 500 - TRI,08-Oct-2014,1324.69
NIFTY 500 - TRI,09-Oct-2014,1301.27
NIFTY 500 - TRI,10-Oct-2014,1287.78
NIFTY 500 - TRI,13-Oct-2014,1299.13
NIFTY 500 - TRI,14-Oct-2014,1303.57
NIFTY 500 - TRI,15-Oct-2014,1304.11
NIFTY 500 - TRI,16-Oct-2014,1315.03
NIFTY 500 - TRI,17-Oct-2014,1294.79
NIFTY 500 - TRI,20-Oct-2014,1298.95
NIFTY 500 - TRI,21-Oct-2014,1318.81
NIFTY 500 - TRI,22-Oct-2014,1315.24
NIFTY 500 - TRI,23-Oct-2014,1312.83
NIFTY 500 - TRI,24-Oct-2014,1319.19
NIFTY 500 - TRI,27-Oct-2014,1347.25
NIFTY 500 - TRI,28-Oct-2014,1348.14
NIFTY 500 - TRI,29-Oct-2014,1347.59
NIFTY 500 - TRI,30-Oct-2014,1339.21
NIFTY 500 - TRI,31-Oct-2014,1319.38
NIFTY 500 - TRI,03-Nov-2014,1298.70
NIFTY 500 - TRI,04-Nov-2014,1292.89
NIFTY 500 - TRI,05-Nov-2014,1294.91
NIFTY 500 - TRI,06-Nov-2014,1310.46
NIFTY 500 - TRI,07-Nov-2014,1299.25
NIFTY 500 - TRI,10-Nov-2014,1310.66
NIFTY 500 - TRI,11-Nov-2014,1322.17
NIFTY 500 - TRI,12-Nov-2014,1338.06
NIFTY 500 - TRI,13-Nov-2014,1319.89
NIFTY 500 - TRI,14-Nov-2014,1311.46
NIFTY 500 - TRI,17-Nov-2014,1313.23
NIFTY 500 - TRI,18-Nov-2014,1315.72
NIFTY 500 - TRI,19-Nov-2014,1343.93
NIFTY 500 - TRI,20-Nov-2014,1339.35
NIFTY 500 - TRI,21-Nov-2014,1326.31
NIFTY 500 - TRI,24-Nov-2014,1324.88
NIFTY 500 - TRI,25-Nov-2014,1308.41
NIFTY 500 - TRI,26-Nov-2014,1324.68
NIFTY 500 - TRI,27-Nov-2014,1332.12
NIFTY 500 - TRI,28-Nov-2014,1349.52
NIFTY 500 - TRI,01-Dec-2014,1336.00
NIFTY 500 - TRI,02-Dec-2014,1338.68
NIFTY 500 - TRI,03-Dec-2014,1334.42
NIFTY 500 - TRI,04-Dec-2014,1354.48
NIFTY 500 - TRI,05-Dec-2014,1367.70
NIFTY 500 - TRI,08-Dec-2014,1367.89
NIFTY 500 - TRI,09-Dec-2014,1364.92
NIFTY 500 - TRI,10-Dec-2014,1374.51
NIFTY 500 - TRI,11-Dec-2014,1394.39
NIFTY 500 - TRI,12-Dec-2014,1405.77
NIFTY 500 - TRI,15-Dec-2014,1446.05
NIFTY 500 - TRI,16-Dec-2014,1435.12
NIFTY 500 - TRI,17-Dec-2014,1445.78
NIFTY 500 - TRI,18-Dec-2014,1449.94
NIFTY 500 - TRI,19-Dec-2014,1456.73
NIFTY 500 - TRI,22-Dec-2014,1449.05
NIFTY 500 - TRI,23-Dec-2014,1481.99
NIFTY 500 - TRI,24-Dec-2014,1489.04
NIFTY 500 - TRI,25-Dec-2014,1489.95
NIFTY 500 - TRI,26-Dec-2014,1506.80
NIFTY 500 - TRI,29-Dec-2014,1502.33
NIFTY 500 - TRI,30-Dec-2014,1496.12
NIFTY 500 - TRI,31-Dec-2014,1491.01
NIFTY 500 - TRI,01-Jan-2015,1485.26
NIFTY 500 - TRI,02-Jan-2015,1488.92
NIFTY 500 - TRI,05-Jan-2015,1459.58
NIFTY 500 - TRI,06-Jan-2015,1466.13
NIFTY 500 - TRI,07-Jan-2015,1471.78
NIFTY 500 - TRI,08-Jan-2015,1465.55
NIFTY 500 - TRI,09-Jan-2015,1457.37
NIFTY 500 - TRI,12-Jan-2015,1492.59
NIFTY 500 - TRI,13-Jan-2015,1488.00
NIFTY 500 - TRI,14-Jan-2015,1484.40
NIFTY 500 - TRI,15-Jan-2015,1471.79
NIFTY 500 - TRI,16-Jan-2015,1484.84
NIFTY 500 - TRI,19-Jan-2015,1471.80
NIFTY 500 - TRI,20-Jan-2015,1468.62
NIFTY 500 - TRI,21-Jan-2015,1472.99
NIFTY 500 - TRI,22-Jan-2015,1465.55
NIFTY 500 - TRI,23-Jan-2015,1481.34
NIFTY 500 - TRI,26-Jan-2015,1488.55
NIFTY 500 - TRI,27-Jan-2015,1472.78
NIFTY 500 - TRI,28-Jan-2015,1481.14
NIFTY 500 - TRI,29-Jan-2015,1478.98
NIFTY 500 - TRI,30-Jan-2015,1466.62
NIFTY 500 - TRI,02-Feb-2015,1452.86
NIFTY 500 - TRI,03-Feb-2015,1452.40
NIFTY 500 - TRI,04-Feb-2015,1463.02
NIFTY 500 - TRI,05-Feb-2015,1456.26
NIFTY 500 - TRI,06-Feb-2015,1448.03
NIFTY 500 - TRI,09-Feb-2015,1459.83
NIFTY 500 - TRI,10-Feb-2015,1468.80
NIFTY 500 - TRI,11-Feb-2015,1482.88
NIFTY 500 - TRI,12-Feb-2015,1478.09
NIFTY 500 - TRI,13-Feb-2015,1496.28
NIFTY 500 - TRI,16-Feb-2015,1487.85
NIFTY 500 - TRI,17-Feb-2015,1500.75
NIFTY 500 - TRI,18-Feb-2015,1512.39
NIFTY 500 - TRI,19-Feb-2015,1506.81
NIFTY 500 - TRI,20-Feb-2015,1523.41
NIFTY 500 - TRI,23-Feb-2015,1546.97
NIFTY 500 - TRI,24-Feb-2015,1527.86
NIFTY 500 - TRI,25-Feb-2015,1544.48
NIFTY 500 - TRI,26-Feb-2015,1543.79
NIFTY 500 - TRI,27-Feb-2015,1558.68
NIFTY 500 - TRI,02-Mar-2015,1597.89
NIFTY 500 - TRI,03-Mar-2015,1599.65
NIFTY 500 - TRI,04-Mar-2015,1589.92
NIFTY 500 - TRI,05-Mar-2015,1597.07
NIFTY 500 - TRI,06-Mar-2015,1583.26
NIFTY 500 - TRI,09-Mar-2015,1593.24
NIFTY 500 - TRI,10-Mar-2015,1602.60
NIFTY 500 - TRI,11-Mar-2015,1572.11
NIFTY 500 - TRI,12-Mar-2015,1562.81
NIFTY 500 - TRI,13-Mar-2015,1555.36
NIFTY 500 - TRI,16-Mar-2015,1551.29
NIFTY 500 - TRI,17-Mar-2015,1576.97
NIFTY 500 - TRI,18-Mar-2015,1567.43
NIFTY 500 - TRI,19-Mar-2015,1568.31
NIFTY 500 - TRI,20-Mar-2015,1592.42
NIFTY 500 - TRI,23-Mar-2015,1572.99
NIFTY 500 - TRI,24-Mar-2015,1597.52
NIFTY 500 - TRI,25-Mar-2015,1644.16
NIFTY 500 - TRI,26-Mar-2015,1607.24
NIFTY 500 - TRI,27-Mar-2015,1602.52
NIFTY 500 - TRI,30-Mar-2015,1605.56
NIFTY 500 - TRI,31-Mar-2015,1612.94
NIFTY 500 - TRI,01-Apr-2015,1606.48
NIFTY 500 - TRI,02-Apr-2015,1626.53
NIFTY 500 - TRI,03-Apr-2015,1619.68
NIFTY 500 - TRI,06-Apr-2015,1614.12
NIFTY 500 - TRI,07-Apr-2015,1636.72
NIFTY 500 - TRI,08-Apr-2015,1636.37
NIFTY 500 - TRI,09-Apr-2015,1605.17
NIFTY 500 - TRI,10-Apr-2015,1587.72
NIFTY 500 - TRI,13-Apr-2015,1590.63
NIFTY 500 - TRI,14-Apr-2015,1575.19
NIFTY 500 - TRI,15-Apr-2015,1591.77
NIFTY 500 - TRI,16-Apr-2015,1619.99
NIFTY 500 - TRI,17-Apr-2015,1619.43
NIFTY 500 - TRI,20-Apr-2015,1630.44
NIFTY 500 - TRI,21-Apr-2015,1645.26
NIFTY 500 - TRI,22-Apr-2015,1642.24
NIFTY 500 - TRI,23-Apr-2015,1614.10
NIFTY 500 - TRI,24-Apr-2015,1609.50
NIFTY 500 - TRI,27-Apr-2015,1611.03
NIFTY 500 - TRI,28-Apr-2015,1604.19
NIFTY 500 - TRI,29-Apr-2015,1604.38
NIFTY 500 - TRI,30-Apr-2015,1615.44
NIFTY 500 - TRI,01-May-2015,1622.43
NIFTY 500 - TRI,04-May-2015,1623.98
NIFTY 500 - TRI,05-May-2015,1610.53
NIFTY 500 - TRI,06-May-2015,1623.16
NIFTY 500 - TRI,07-May-2015,1645.09
NIFTY 500 - TRI,08-May-2015,1655.64
NIFTY 500 - TRI,11-May-2015,1657.88
NIFTY 500 - TRI,12-May-2015,1663.24
NIFTY 500 - TRI,13-May-2015,1660.71
NIFTY 500 - TRI,14-May-2015,1640.14
NIFTY 500 - TRI,15-May-2015,1644.53
NIFTY 500 - TRI,18-May-2015,1665.18
NIFTY 500 - TRI,19-May-2015,1682.55
NIFTY 500 - TRI,20-May-2015,1665.68
NIFTY 500 - TRI,21-May-2015,1650.18
NIFTY 500 - TRI,22-May-2015,1692.32
NIFTY 500 - TRI,25-May-2015,1697.88
NIFTY 500 - TRI,26-May-2015,1694.23
NIFTY 500 - TRI,27-May-2015,1654.77
NIFTY 500 - TRI,28-May-2015,1645.03
NIFTY 500 - TRI,29-May-2015,1649.54
NIFTY 500 - TRI,01-Jun-2015,1662.35
NIFTY 500 - TRI,02-Jun-2015,1651.46
NIFTY 500 - TRI,03-Jun-2015,1648.78
NIFTY 500 - TRI,04-Jun-2015,1665.75
NIFTY 500 - TRI,05-Jun-2015,1656.60
NIFTY 500 - TRI,08-Jun-2015,1658.97
NIFTY 500 - TRI,09-Jun-2015,1657.53
NIFTY 500 - TRI,10-Jun-2015,1656.07
NIFTY 500 - TRI,11-Jun-2015,1652.70
NIFTY 500 - TRI,12-Jun-2015,1653.71
NIFTY 500 - TRI,15-Jun-2015,1642.85
NIFTY 500 - TRI,16-Jun-2015,1661.04
NIFTY 500 - TRI,17-Jun-2015,1665.24
NIFTY 500 - TRI,18-Jun-2015,1668.16
NIFTY 500 - TRI,19-Jun-2015,1696.95
NIFTY 500 - TRI,22-Jun-2015,1708.08
NIFTY 500 - TRI,23-Jun-2015,1707.32
NIFTY 500 - TRI,24-Jun-2015,1689.22
NIFTY 500 - TRI,25-Jun-2015,1702.94
NIFTY 500 - TRI,26-Jun-2015,1691.05
NIFTY 500 - TRI,29-Jun-2015,1711.37
NIFTY 500 - TRI,30-Jun-2015,1739.21
NIFTY 500 - TRI,01-Jul-2015,1730.49
NIFTY 500 - TRI,02-Jul-2015,1740.30
NIFTY 500 - TRI,03-Jul-2015,1714.27
NIFTY 500 - TRI,06-Jul-2015,1752.30
NIFTY 500 - TRI,07-Jul-2015,1777.95
NIFTY 500 - TRI,08-Jul-2015,1785.22
NIFTY 500 - TRI,09-Jul-2015,1795.24
NIFTY 500 - TRI,10-Jul-2015,1805.46
NIFTY 500 - TRI,13-Jul-2015,1781.27
NIFTY 500 - TRI,14-Jul-2015,1754.39
NIFTY 500 - TRI,15-Jul-2015,1764.57
NIFTY 500 - TRI,16-Jul-2015,1737.05
NIFTY 500 - TRI,17-Jul-2015,1777.68
NIFTY 500 - TRI,20-Jul-2015,1773.85
NIFTY 500 - TRI,21-Jul-2015,1782.02
NIFTY 500 - TRI,22-Jul-2015,1780.69
NIFTY 500 - TRI,23-Jul-2015,1759.11
NIFTY 500 - TRI,24-Jul-2015,1747.56
NIFTY 500 - TRI,27-Jul-2015,1744.50
NIFTY 500 - TRI,28-Jul-2015,1764.82
NIFTY 500 - TRI,29-Jul-2015,1764.74
NIFTY 500 - TRI,30-Jul-2015,1786.07
NIFTY 500 - TRI,31-Jul-2015,1796.45
NIFTY 500 - TRI,03-Aug-2015,1814.86
NIFTY 500 - TRI,04-Aug-2015,1828.57
NIFTY 500 - TRI,05-Aug-2015,1800.44
NIFTY 500 - TRI,06-Aug-2015,1801.32
NIFTY 500 - TRI,07-Aug-2015,1802.23
NIFTY 500 - TRI,10-Aug-2015,1813.91
NIFTY 500 - TRI,11-Aug-2015,1839.09
NIFTY 500 - TRI,12-Aug-2015,1806.35
NIFTY 500 - TRI,13-Aug-2015,1772.14
NIFTY 500 - TRI,14-Aug-2015,1795.68
NIFTY 500 - TRI,17-Aug-2015,1833.68
NIFTY 500 - TRI,18-Aug-2015,1847.02
NIFTY 500 - TRI,19-Aug-2015,1851.07
NIFTY 500 - TRI,20-Aug-2015,1867.75
NIFTY 500 - TRI,21-Aug-2015,1888.63
NIFTY 500 - TRI,24-Aug-2015,1892.48
NIFTY 500 - TRI,25-Aug-2015,1887.26
NIFTY 500 - TRI,26-Aug-2015,1869.43
NIFTY 500 - TRI,27-Aug-2015,1873.52
NIFTY 500 - TRI,28-Aug-2015,1866.43
NIFTY 500 - TRI,31-Aug-2015,1850.44
NIFTY 500 - TRI,01-Sep-2015,1864.57
NIFTY 500 - TRI,02-Sep-2015,1891.44
NIFTY 500 - TRI,03-Sep-2015,1898.85
NIFTY 500 - TRI,04-Sep-2015,1925.23
NIFTY 500 - TRI,07-Sep-2015,1908.76
NIFTY 500 - TRI,08-Sep-2015,1914.99
NIFTY 500 - TRI,09-Sep-2015,1914.48
NIFTY 500 - TRI,10-Sep-2015,1921.04
NIFTY 500 - TRI,11-Sep-2015,1927.26
NIFTY 500 - TRI,14-Sep-2015,1954.44
NIFTY 500 - TRI,15-Sep-2015,1964.82
NIFTY 500 - TRI,16-Sep-2015,1980.96
NIFTY 500 - TRI,17-Sep-2015,1989.70
NIFTY 500 - TRI,18-Sep-2015,1992.37
NIFTY 500 - TRI,21-Sep-2015,1964.54
NIFTY 500 - TRI,22-Sep-2015,1996.54
NIFTY 500 - TRI,23-Sep-2015,1974.69
NIFTY 500 - TRI,24-Sep-2015,1965.64
NIFTY 500 - TRI,25-Sep-2015,1952.47
NIFTY 500 - TRI,28-Sep-2015,1941.54
NIFTY 500 - TRI,29-Sep-2015,1920.05
NIFTY 500 - TRI,30-Sep-2015,1923.39
NIFTY 500 - TRI,01-Oct-2015,1898.86
NIFTY 500 - TRI,02-Oct-2015,1935.77
NIFTY 500 - TRI,05-Oct-2015,1955.54
NIFTY 500 - TRI,06-Oct-2015,1969.08
NIFTY 500 - TRI,07-Oct-2015,1969.12
NIFTY 500 - TRI,08-Oct-2015,1976.62
NIFTY 500 - TRI,09-Oct-2015,1975.21
NIFTY 500 - TRI,12-Oct-2015,1995.37
NIFTY 500 - TRI,13-Oct-2015,2000.03
NIFTY 500 - TRI,14-Oct-2015,2012.99
NIFTY 500 - TRI,15-Oct-2015,1997.02
NIFTY 500 - TRI,16-Oct-2015,2005.84
NIFTY 500 - TRI,19-Oct-2015,2047.56
NIFTY 500 - TRI,20-Oct-2015,2009.77
NIFTY 500 - TRI,21-Oct-2015,2052.81
NIFTY 500 - TRI,22-Oct-2015,2041.47
NIFTY 500 - TRI,23-Oct-2015,1989.21
NIFTY 500 - TRI,26-Oct-2015,1971.01
NIFTY 500 - TRI,27-Oct-2015,1954.86
NIFTY 500 - TRI,28-Oct-2015,1971.71
NIFTY 500 - TRI,29-Oct-2015,1957.37
NIFTY 500 - TRI,30-Oct-2015,1980.04
NIFTY 500 - TRI,02-Nov-2015,1979.30
NIFTY 500 - TRI,03-Nov-2015,1966.70
NIFTY 500 - TRI,04-Nov-2015,1959.92
NIFTY 500 - TRI,05-Nov-2015,1934.63
NIFTY 500 - TRI,06-Nov-2015,1938.31
NIFTY 500 - TRI,09-Nov-2015,1977.10
NIFTY 500 - TRI,10-Nov-2015,1973.07
NIFTY 500 - TRI,11-Nov-2015,1950.29
NIFTY 500 - TRI,12-Nov-2015,2001.70
NIFTY 500 - TRI,13-Nov-2015,2008.94
NIFTY 500 - TRI,16-Nov-2015,2011.89
NIFTY 500 - TRI,17-Nov-2015,2054.23
NIFTY 500 - TRI,18-Nov-2015,2079.96
NIFTY 500 - TRI,19-Nov-2015,2084.03
NIFTY 500 - TRI,20-Nov-2015,2077.94
NIFTY 500 - TRI,23-Nov-2015,2064.46
NIFTY 500 - TRI,24-Nov-2015,2066.94
NIFTY 500 - TRI,25-Nov-2015,2074.20
NIFTY 500 - TRI,26-Nov-2015,2077.12
NIFTY 500 - TRI,27-Nov-2015,2075.21
NIFTY 500 - TRI,30-Nov-2015,2087.01
NIFTY 500 - TRI,01-Dec-2015,2084.75
NIFTY 500 - TRI,02-Dec-2015,2068.71
NIFTY 500 - TRI,03-Dec-2015,2046.78
NIFTY 500 - TRI,04-Dec-2015,2038.04
NIFTY 500 - TRI,07-Dec-2015,2043.09
NIFTY 500 - TRI,08-Dec-2015,2035.56
NIFTY 500 - TRI,09-Dec-2015,1997.99
NIFTY 500 - TRI,10-Dec-2015,1957.15
NIFTY 500 - TRI,11-Dec-2015,1949.95
NIFTY 500 - TRI,14-Dec-2015,1953.60
NIFTY 500 - TRI,15-Dec-2015,1956.07
NIFTY 500 - TRI,16-Dec-2015,1959.49
NIFTY 500 - TRI,17-Dec-2015,1990.07
NIFTY 500 - TRI,18-Dec-2015,2014.18
NIFTY 500 - TRI,21-Dec-2015,1985.10
NIFTY 500 - TRI,22-Dec-2015,1988.42
NIFTY 500 - TRI,23-Dec-2015,1980.47
NIFTY 500 - TRI,24-Dec-2015,1987.30
NIFTY 500 - TRI,25-Dec-2015,1977.31
NIFTY 500 - TRI,28-Dec-2015,1973.66
NIFTY 500 - TRI,29-Dec-2015,1992.73
NIFTY 500 - TRI,30-Dec-2015,1999.14
NIFTY 500 - TRI,31-Dec-2015,2002.22
NIFTY 500 - TRI,01-Jan-2016,1993.26
NIFTY 500 - TRI,04-Jan-2016,2014.51
NIFTY 500 - TRI,05-Jan-2016,2039.09
NIFTY 500 - TRI,06-Jan-2016,2044.09
NIFTY 500 - TRI,07-Jan-2016,2064.32
NIFTY 500 - TRI,08-Jan-2016,2054.42
NIFTY 500 - TRI,11-Jan-2016,2042.72
NIFTY 500 - TRI,12-Jan-2016,2043.97
NIFTY 500 - TRI,13-Jan-2016,2062.29
NIFTY 500 - TRI,14-Jan-2016,2096.84
NIFTY 500 - TRI,15-Jan-2016,2110.01
NIFTY 500 - TRI,18-Jan-2016,2104.98
NIFTY 500 - TRI,19-Jan-2016,2109.18
NIFTY 500 - TRI,20-Jan-2016,2086.24
NIFTY 500 - TRI,21-Jan-2016,2069.77
NIFTY 500 - TRI,22-Jan-2016,2086.60
NIFTY 500 - TRI,25-Jan-2016,2089.50
NIFTY 500 - TRI,26-Jan-2016,2083.29
NIFTY 500 - TRI,27-Jan-2016,2114.52
NIFTY 500 - TRI,28-Jan-2016,2113.39
NIFTY 500 - TRI,29-Jan-2016,2125.41
NIFTY 500 - TRI,01-Feb-2016,2115.25
NIFTY 500 - TRI,02-Feb-2016,2118.75
NIFTY 500 - TRI,03-Feb-2016,2102.95
NIFTY 500 - TRI,04-Feb-2016,2070.07
NIFTY 500 - TRI,05-Feb-2016,2055.64
NIFTY 500 - TRI,08-Feb-2016,2100.42
NIFTY 500 - TRI,09-Feb-2016,2095.52
NIFTY 500 - TRI,10-Feb-2016,2125.88
NIFTY 500 - TRI,11-Feb-2016,2103.20
NIFTY 500 - TRI,12-Feb-2016,2103.65
NIFTY 500 - TRI,15-Feb-2016,2098.06
NIFTY 500 - TRI,16-Feb-2016,2089.74
NIFTY 500 - TRI,17-Feb-2016,2084.38
NIFTY 500 - TRI,18-Feb-2016,2070.94
NIFTY 500 - TRI,19-Feb-2016,2061.38
NIFTY 500 - TRI,22-Feb-2016,2058.75
NIFTY 500 - TRI,23-Feb-2016,2070.68
NIFTY 500 - TRI,24-Feb-2016,2044.42
NIFTY 500 - TRI,25-Feb-2016,2086.54
NIFTY 500 - TRI,26-Feb-2016,2091.26
NIFTY 500 - TRI,29-Feb-2016,2094.39
NIFTY 500 - TRI,01-Mar-2016,2077.35
NIFTY 500 - TRI,02-Mar-2016,2081.06
NIFTY 500 - TRI,03-Mar-2016,2105.72
NIFTY 500 - TRI,04-Mar-2016,2092.95
NIFTY 500 - TRI,07-Mar-2016,2072.86
NIFTY 500 - TRI,08-Mar-2016,2062.04
NIFTY 500 - TRI,09-Mar-2016,2072.53
NIFTY 500 - TRI,10-Mar-2016,2080.19
NIFTY 500 - TRI,11-Mar-2016,2081.42
NIFTY 500 - TRI,14-Mar-2016,2073.61
NIFTY 500 - TRI,15-Mar-2016,2065.13
NIFTY 500 - TRI,16-Mar-2016,2056.11
NIFTY 500 - TRI,17-Mar-2016,2044.10
NIFTY 500 - TRI,18-Mar-2016,2062.60
NIFTY 500 - TRI,21-Mar-2016,2049.49
NIFTY 500 - TRI,22-Mar-2016,2034.01
NIFTY 500 - TRI,23-Mar-2016,2027.53
NIFTY 500 - TRI,24-Mar-2016,2037.18
NIFTY 500 - TRI,25-Mar-2016,2025.45
NIFTY 500 - TRI,28-Mar-2016,2046.41
NIFTY 500 - TRI,29-Mar-2016,2056.78
NIFTY 500 - TRI,30-Mar-2016,2067.19
NIFTY 500 - TRI,31-Mar-2016,2058.11
NIFTY 500 - TRI,01-Apr-2016,2032.82
NIFTY 500 - TRI,04-Apr-2016,2036.24
NIFTY 500 - TRI,05-Apr-2016,2044.34
NIFTY 500 - TRI,06-Apr-2016,2050.38
NIFTY 500 - TRI,07-Apr-2016,2017.23
NIFTY 500 - TRI,08-Apr-2016,2033.96
NIFTY 500 - TRI,11-Apr-2016,2047.35
NIFTY 500 - TRI,12-Apr-2016,2031.25
NIFTY 500 - TRI,13-Apr-2016,2050.77
NIFTY 500 - TRI,14-Apr-2016,2030.24
NIFTY 500 - TRI,15-Apr-2016,1986.63
NIFTY 500 - TRI,18-Apr-2016,1971.63
NIFTY 500 - TRI,19-Apr-2016,1995.19
NIFTY 500 - TRI,20-Apr-2016,1986.52
NIFTY 500 - TRI,21-Apr-2016,1967.16
NIFTY 500 - TRI,22-Apr-2016,1974.41
NIFTY 500 - TRI,25-Apr-2016,1977.19
NIFTY 500 - TRI,26-Apr-2016,1936.80
NIFTY 500 - TRI,27-Apr-2016,1902.83
NIFTY 500 - TRI,28-Apr-2016,1922.55
NIFTY 500 - TRI,29-Apr-2016,1904.38
NIFTY 500 - TRI,02-May-2016,1899.85
NIFTY 500 - TRI,03-May-2016,1934.99
NIFTY 500 - TRI,04-May-2016,1930.73
NIFTY 500 - TRI,05-May-2016,1975.73
NIFTY 500 - TRI,06-May-2016,1971.49
NIFTY 500 - TRI,09-May-2016,1937.21
NIFTY 500 - TRI,10-May-2016,1916.20
NIFTY 500 - TRI,11-May-2016,1907.08
NIFTY 500 - TRI,12-May-2016,1906.23
NIFTY 500 - TRI,13-May-2016,1916.64
NIFTY 500 - TRI,16-May-2016,1918.96
NIFTY 500 - TRI,17-May-2016,1958.58
NIFTY 500 - TRI,18-May-2016,1960.92
NIFTY 500 - TRI,19-May-2016,1954.25
NIFTY 500 - TRI,20-May-2016,1938.60
NIFTY 500 - TRI,23-May-2016,1929.18
NIFTY 500 - TRI,24-May-2016,1899.60
NIFTY 500 - TRI,25-May-2016,1893.92
NIFTY 500 - TRI,26-May-2016,1902.94
NIFTY 500 - TRI,27-May-2016,1901.09
NIFTY 500 - TRI,30-May-2016,1883.07
NIFTY 500 - TRI,31-May-2016,1859.75
NIFTY 500 - TRI,01-Jun-2016,1873.28
NIFTY 500 - TRI,02-Jun-2016,1895.04
NIFTY 500 - TRI,03-Jun-2016,1871.47
NIFTY 500 - TRI,06-Jun-2016,1844.82
NIFTY 500 - TRI,07-Jun-2016,1842.59
NIFTY 500 - TRI,08-Jun-2016,1827.55
NIFTY 500 - TRI,09-Jun-2016,1816.43
NIFTY 500 - TRI,10-Jun-2016,1823.59
NIFTY 500 - TRI,13-Jun-2016,1845.07
NIFTY 500 - TRI,14-Jun-2016,1853.09
NIFTY 500 - TRI,15-Jun-2016,1861.78
NIFTY 500 - TRI,16-Jun-2016,1848.56
NIFTY 500 - TRI,17-Jun-2016,1840.54
NIFTY 500 - TRI,20-Jun-2016,1848.79
NIFTY 500 - TRI,21-Jun-2016,1853.85
NIFTY 500 - TRI,22-Jun-2016,1861.44
NIFTY 500 - TRI,23-Jun-2016,1852.23
NIFTY 500 - TRI,24-Jun-2016,1840.05
NIFTY 500 - TRI,27-Jun-2016,1841.09
NIFTY 500 - TRI,28-Jun-2016,1823.24
NIFTY 500 - TRI,29-Jun-2016,1840.45
NIFTY 500 - TRI,30-Jun-2016,1842.79
NIFTY 500 - TRI,01-Jul-2016,1796.05
NIFTY 500 - TRI,04-Jul-2016,1807.85
NIFTY 500 - TRI,05-Jul-2016,1822.14
NIFTY 500 - TRI,06-Jul-2016,1813.21
NIFTY 500 - TRI,07-Jul-2016,1812.73
NIFTY 500 - TRI,08-Jul-2016,1806.78
NIFTY 500 - TRI,11-Jul-2016,1805.58
NIFTY 500 - TRI,12-Jul-2016,1793.67
NIFTY 500 - TRI,13-Jul-2016,1812.64
NIFTY 500 - TRI,14-Jul-2016,1772.53
NIFTY 500 - TRI,15-Jul-2016,1774.61
NIFTY 500 - TRI,18-Jul-2016,1765.15
NIFTY 500 - TRI,19-Jul-2016,1771.21
NIFTY 500 - TRI,20-Jul-2016,1766.47
NIFTY 500 - TRI,21-Jul-2016,1774.81
NIFTY 500 - TRI,22-Jul-2016,1783.61
NIFTY 500 - TRI,25-Jul-2016,1780.54
NIFTY 500 - TRI,26-Jul-2016,1769.03
NIFTY 500 - TRI,27-Jul-2016,1787.37
NIFTY 500 - TRI,28-Jul-2016,1784.63
NIFTY 500 - TRI,29-Jul-2016,1786.32
NIFTY 500 - TRI,01-Aug-2016,1794.89
NIFTY 500 - TRI,02-Aug-2016,1797.72
NIFTY 500 - TRI,03-Aug-2016,1817.95
NIFTY 500 - TRI,04-Aug-2016,1821.07
NIFTY 500 - TRI,05-Aug-2016,1804.32
NIFTY 500 - TRI,08-Aug-2016,1793.38
NIFTY 500 - TRI,09-Aug-2016,1780.28
NIFTY 500 - TRI,10-Aug-2016,1772.76
NIFTY 500 - TRI,11-Aug-2016,1753.72
NIFTY 500 - TRI,12-Aug-2016,1760.32
NIFTY 500 - TRI,15-Aug-2016,1750.01
NIFTY 500 - TRI,16-Aug-2016,1777.80
NIFTY 500 - TRI,17-Aug-2016,1754.51
NIFTY 500 - TRI,18-Aug-2016,1749.69
NIFTY 500 - TRI,19-Aug-2016,1770.08
NIFTY 500 - TRI,22-Aug-2016,1747.73
NIFTY 500 - TRI,23-Aug-2016,1756.53
NIFTY 500 - TRI,24-Aug-2016,1749.92
NIFTY 500 - TRI,25-Aug-2016,1769.85
NIFTY 500 - TRI,26-Aug-2016,1758.09
NIFTY 500 - TRI,29-Aug-2016,1781.87
NIFTY 500 - TRI,30-Aug-2016,1763.28
NIFTY 500 - TRI,31-Aug-2016,1762.10
NIFTY 500 - TRI,01-Sep-2016,1767.21
NIFTY 500 - TRI,02-Sep-2016,1770.13
NIFTY 500 - TRI,05-Sep-2016,1778.55
NIFTY 500 - TRI,06-Sep-2016,1760.76
NIFTY 500 - TRI,07-Sep-2016,1786.47
NIFTY 500 - TRI,08-Sep-2016,1777.95
NIFTY 500 - TRI,09-Sep-2016,1764.60
NIFTY 500 - TRI,12-Sep-2016,1770.63
NIFTY 500 - TRI,13-Sep-2016,1771.16
NIFTY 500 - TRI,14-Sep-2016,1769.99
NIFTY 500 - TRI,15-Sep-2016,1753.13
NIFTY 500 - TRI,16-Sep-2016,1750.35
NIFTY 500 - TRI,19-Sep-2016,1756.74
NIFTY 500 - TRI,20-Sep-2016,1751.16
NIFTY 500 - TRI,21-Sep-2016,1752.97
NIFTY 500 - TRI,22-Sep-2016,1743.81
NIFTY 500 - TRI,23-Sep-2016,1779.38
NIFTY 500 - TRI,26-Sep-2016,1808.88
NIFTY 500 - TRI,27-Sep-2016,1795.02
NIFTY 500 - TRI,28-Sep-2016,1796.85
NIFTY 500 - TRI,29-Sep-2016,1808.14
NIFTY 500 - TRI,30-Sep-2016,1807.56
NIFTY 500 - TRI,03-Oct-2016,1796.69
NIFTY 500 - TRI,04-Oct-2016,1795.48
NIFTY 500 - TRI,05-Oct-2016,1799.13
NIFTY 500 - TRI,06-Oct-2016,1796.14
NIFTY 500 - TRI,07-Oct-2016,1768.71
NIFTY 500 - TRI,10-Oct-2016,1777.19
NIFTY 500 - TRI,11-Oct-2016,1773.29
NIFTY 500 - TRI,12-Oct-2016,1766.34
NIFTY 500 - TRI,13-Oct-2016,1784.16
NIFTY 500 - TRI,14-Oct-2016,1776.16
NIFTY 500 - TRI,17-Oct-2016,1795.52
NIFTY 500 - TRI,18-Oct-2016,1799.27
NIFTY 500 - TRI,19-Oct-2016,1802.73
NIFTY 500 - TRI,20-Oct-2016,1802.31
NIFTY 500 - TRI,21-Oct-2016,1787.80
NIFTY 500 - TRI,24-Oct-2016,1796.52
NIFTY 500 - TRI,25-Oct-2016,1797.20
NIFTY 500 - TRI,26-Oct-2016,1778.53
NIFTY 500 - TRI,27-Oct-2016,1793.68
NIFTY 500 - TRI,28-Oct-2016,1790.75
NIFTY 500 - TRI,31-Oct-2016,1782.36
NIFTY 500 - TRI,01-Nov-2016,1766.90
NIFTY 500 - TRI,02-Nov-2016,1758.99
NIFTY 500 - TRI,03-Nov-2016,1731.81
NIFTY 500 - TRI,04-Nov-2016,1725.41
NIFTY 500 - TRI,07-Nov-2016,1736.89
NIFTY 500 - TRI,08-Nov-2016,1757.29
NIFTY 500 - TRI,09-Nov-2016,1743.90
NIFTY 500 - TRI,10-Nov-2016,1723.60
NIFTY 500 - TRI,11-Nov-2016,1747.85
NIFTY 500 - TRI,14-Nov-2016,1755.49
NIFTY 500 - TRI,15-Nov-2016,1751.51
NIFTY 500 - TRI,16-Nov-2016,1752.57
NIFTY 500 - TRI,17-Nov-2016,1750.67
NIFTY 500 - TRI,18-Nov-2016,1786.90
NIFTY 500 - TRI,21-Nov-2016,1803.29
NIFTY 500 - TRI,22-Nov-2016,1798.15
NIFTY 500 - TRI,23-Nov-2016,1769.34
NIFTY 500 - TRI,24-Nov-2016,1770.70
NIFTY 500 - TRI,25-Nov-2016,1782.19
NIFTY 500 - TRI,28-Nov-2016,1778.75
NIFTY 500 - TRI,29-Nov-2016,1769.79
NIFTY 500 - TRI,30-Nov-2016,1761.20
NIFTY 500 - TRI,01-Dec-2016,1757.76
NIFTY 500 - TRI,02-Dec-2016,1751.43
NIFTY 500 - TRI,05-Dec-2016,1759.87
NIFTY 500 - TRI,06-Dec-2016,1725.95
NIFTY 500 - TRI,07-Dec-2016,1723.33
NIFTY 500 - TRI,08-Dec-2016,1752.17
NIFTY 500 - TRI,09-Dec-2016,1718.47
NIFTY 500 - TRI,12-Dec-2016,1681.41
NIFTY 500 - TRI,13-Dec-2016,1696.28
NIFTY 500 - TRI,14-Dec-2016,1707.41
NIFTY 500 - TRI,15-Dec-2016,1711.48
NIFTY 500 - TRI,16-Dec-2016,1720.15
NIFTY 500 - TRI,19-Dec-2016,1711.79
NIFTY 500 - TRI,20-Dec-2016,1676.00
NIFTY 500 - TRI,21-Dec-2016,1662.19
NIFTY 500 - TRI,22-Dec-2016,1637.82
NIFTY 500 - TRI,23-Dec-2016,1615.74
NIFTY 500 - TRI,26-Dec-2016,1625.40
NIFTY 500 - TRI,27-Dec-2016,1607.22
NIFTY 500 - TRI,28-Dec-2016,1581.92
NIFTY 500 - TRI,29-Dec-2016,1580.03
NIFTY 500 - TRI,30-Dec-2016,1621.57
NIFTY 500 - TRI,02-Jan-2017,1633.28
NIFTY 500 - TRI,03-Jan-2017,1629.27
NIFTY 500 - TRI,04-Jan-2017,1630.70
NIFTY 500 - TRI,05-Jan-2017,1610.77
NIFTY 500 - TRI,06-Jan-2017,1591.58
NIFTY 500 - TRI,09-Jan-2017,1593.68
NIFTY 500 - TRI,10-Jan-2017,1599.27
NIFTY 500 - TRI,11-Jan-2017,1618.28
NIFTY 500 - TRI,12-Jan-2017,1637.60
NIFTY 500 - TRI,13-Jan-2017,1640.88
NIFTY 500 - TRI,16-Jan-2017,1637.04
NIFTY 500 - TRI,17-Jan-2017,1619.81
NIFTY 500 - TRI,18-Jan-2017,1612.36
NIFTY 500 - TRI,19-Jan-2017,1604.27
NIFTY 500 - TRI,20-Jan-2017,1595.37
NIFTY 500 - TRI,23-Jan-2017,1609.18
NIFTY 500 - TRI,24-Jan-2017,1603.33
NIFTY 500 - TRI,25-Jan-2017,1609.61
NIFTY 500 - TRI,26-Jan-2017,1609.25
NIFTY 500 - TRI,27-Jan-2017,1611.18
NIFTY 500 - TRI,30-Jan-2017,1603.42
NIFTY 500 - TRI,31-Jan-2017,1603.61
NIFTY 500 - TRI,01-Feb-2017,1598.06
NIFTY 500 - TRI,02-Feb-2017,1620.87
NIFTY 500 - TRI,03-Feb-2017,1603.45
NIFTY 500 - TRI,06-Feb-2017,1599.42
NIFTY 500 - TRI,07-Feb-2017,1588.46
NIFTY 500 - TRI,08-Feb-2017,1604.17
NIFTY 500 - TRI,09-Feb-2017,1604.36
NIFTY 500 - TRI,10-Feb-2017,1609.13
NIFTY 500 - TRI,13-Feb-2017,1622.09
NIFTY 500 - TRI,14-Feb-2017,1626.06
NIFTY 500 - TRI,15-Feb-2017,1648.85
NIFTY 500 - TRI,16-Feb-2017,1648.96
NIFTY 500 - TRI,17-Feb-2017,1631.63
NIFTY 500 - TRI,20-Feb-2017,1629.27
NIFTY 500 - TRI,21-Feb-2017,1625.11
NIFTY 500 - TRI,22-Feb-2017,1601.72
NIFTY 500 - TRI,23-Feb-2017,1602.58
NIFTY 500 - TRI,24-Feb-2017,1604.99
NIFTY 500 - TRI,27-Feb-2017,1575.88
NIFTY 500 - TRI,28-Feb-2017,1572.83
NIFTY 500 - TRI,01-Mar-2017,1582.83
NIFTY 500 - TRI,02-Mar-2017,1573.28
NIFTY 500 - TRI,03-Mar-2017,1549.46
NIFTY 500 - TRI,06-Mar-2017,1526.37
NIFTY 500 - TRI,07-Mar-2017,1530.01
NIFTY 500 - TRI,08-Mar-2017,1539.95
NIFTY 500 - TRI,09-Mar-2017,1514.43
NIFTY 500 - TRI,10-Mar-2017,1517.34
NIFTY 500 - TRI,13-Mar-2017,1512.33
NIFTY 500 - TRI,14-Mar-2017,1535.80
NIFTY 500 - TRI,15-Mar-2017,1545.26
NIFTY 500 - TRI,16-Mar-2017,1522.47
NIFTY 500 - TRI,17-Mar-2017,1512.74
NIFTY 500 - TRI,20-Mar-2017,1517.12
NIFTY 500 - TRI,21-Mar-2017,1513.88
NIFTY 500 - TRI,22-Mar-2017,1518.83
NIFTY 500 - TRI,23-Mar-2017,1528.09
NIFTY 500 - TRI,24-Mar-2017,1531.99
NIFTY 500 - TRI,27-Mar-2017,1524.59
NIFTY 500 - TRI,28-Mar-2017,1533.58
NIFTY 500 - TRI,29-Mar-2017,1540.59
NIFTY 500 - TRI,30-Mar-2017,1542.79
NIFTY 500 - TRI,31-Mar-2017,1536.59
NIFTY 500 - TRI,03-Apr-2017,1544.68
NIFTY 500 - TRI,04-Apr-2017,1540.92
NIFTY 500 - TRI,05-Apr-2017,1531.43
NIFTY 500 - TRI,06-Apr-2017,1522.65
NIFTY 500 - TRI,07-Apr-2017,1524.15
NIFTY 500 - TRI,10-Apr-2017,1524.50
NIFTY 500 - TRI,11-Apr-2017,1533.69
NIFTY 500 - TRI,12-Apr-2017,1524.71
NIFTY 500 - TRI,13-Apr-2017,1532.60
NIFTY 500 - TRI,14-Apr-2017,1532.26
NIFTY 500 - TRI,17-Apr-2017,1513.62
NIFTY 500 - TRI,18-Apr-2017,1513.90
NIFTY 500 - TRI,19-Apr-2017,1493.73
NIFTY 500 - TRI,20-Apr-2017,1481.94
NIFTY 500 - TRI,21-Apr-2017,1494.86
NIFTY 500 - TRI,24-Apr-2017,1505.54
NIFTY 500 - TRI,25-Apr-2017,1492.72
NIFTY 500 - TRI,26-Apr-2017,1458.74
NIFTY 500 - TRI,27-Apr-2017,1474.71
NIFTY 500 - TRI,28-Apr-2017,1475.33
NIFTY 500 - TRI,01-May-2017,1479.35
NIFTY 500 - TRI,02-May-2017,1466.71
NIFTY 500 - TRI,03-May-2017,1441.07
NIFTY 500 - TRI,04-May-2017,1442.51
NIFTY 500 - TRI,05-May-2017,1461.30
NIFTY 500 - TRI,08-May-2017,1458.40
NIFTY 500 - TRI,09-May-2017,1479.94
NIFTY 500 - TRI,10-May-2017,1486.40
NIFTY 500 - TRI,11-May-2017,1493.77
NIFTY 500 - TRI,12-May-2017,1479.21
NIFTY 500 - TRI,15-May-2017,1476.03
NIFTY 500 - TRI,16-May-2017,1475.13
NIFTY 500 - TRI,17-May-2017,1461.02
NIFTY 500 - TRI,18-May-2017,1470.48
NIFTY 500 - TRI,19-May-2017,1501.49
NIFTY 500 - TRI,22-May-2017,1488.64
NIFTY 500 - TRI,23-May-2017,1489.11
NIFTY 500 - TRI,24-May-2017,1508.67
NIFTY 500 - TRI,25-May-2017,1511.70
NIFTY 500 - TRI,26-May-2017,1523.93
NIFTY 500 - TRI,29-May-2017,1523.27
NIFTY 500 - TRI,30-May-2017,1499.96
NIFTY 500 - TRI,31-May-2017,1488.34
NIFTY 500 - TRI,01-Jun-2017,1498.41
NIFTY 500 - TRI,02-Jun-2017,1480.40
NIFTY 500 - TRI,05-Jun-2017,1473.85
NIFTY 500 - TRI,06-Jun-2017,1493.46
NIFTY 500 - TRI,07-Jun-2017,1500.75
NIFTY 500 - TRI,08-Jun-2017,1510.63
NIFTY 500 - TRI,09-Jun-2017,1541.37
NIFTY 500 - TRI,12-Jun-2017,1563.71
NIFTY 500 - TRI,13-Jun-2017,1573.74
NIFTY 500 - TRI,14-Jun-2017,1565.30
NIFTY 500 - TRI,15-Jun-2017,1578.64
NIFTY 500 - TRI,16-Jun-2017,1595.39
NIFTY 500 - TRI,19-Jun-2017,1597.25
NIFTY 500 - TRI,20-Jun-2017,1613.61
NIFTY 500 - TRI,21-Jun-2017,1612.73
NIFTY 500 - TRI,22-Jun-2017,1597.72
NIFTY 500 - TRI,23-Jun-2017,1605.48
NIFTY 500 - TRI,26-Jun-2017,1588.62
NIFTY 500 - TRI,27-Jun-2017,1592.59
NIFTY 500 - TRI,28-Jun-2017,1601.15
NIFTY 500 - TRI,29-Jun-2017,1596.07
NIFTY 500 - TRI,30-Jun-2017,1598.29
NIFTY 500 - TRI,03-Jul-2017,1579.64
NIFTY 500 - TRI,04-Jul-2017,1610.22
NIFTY 500 - TRI,05-Jul-2017,1622.62
NIFTY 500 - TRI,06-Jul-2017,1633.05
NIFTY 500 - TRI,07-Jul-2017,1644.41
NIFTY 500 - TRI,10-Jul-2017,1646.05
NIFTY 500 - TRI,11-Jul-2017,1658.88
NIFTY 500 - TRI,12-Jul-2017,1681.22
NIFTY 500 - TRI,13-Jul-2017,1679.81
NIFTY 500 - TRI,14-Jul-2017,1698.27
NIFTY 500 - TRI,17-Jul-2017,1713.89
NIFTY 500 - TRI,18-Jul-2017,1701.78
NIFTY 500 - TRI,19-Jul-2017,1697.83
NIFTY 500 - TRI,20-Jul-2017,1696.65
NIFTY 500 - TRI,21-Jul-2017,1701.99
NIFTY 500 - TRI,24-Jul-2017,1694.88
NIFTY 500 - TRI,25-Jul-2017,1715.61
NIFTY 500 - TRI,26-Jul-2017,1703.44
NIFTY 500 - TRI,27-Jul-2017,1707.61
NIFTY 500 - TRI,28-Jul-2017,1709.84
NIFTY 500 - TRI,31-Jul-2017,1707.54
NIFTY 500 - TRI,01-Aug-2017,1730.95
NIFTY 500 - TRI,02-Aug-2017,1759.87
NIFTY 500 - TRI,03-Aug-2017,1759.43
NIFTY 500 - TRI,04-Aug-2017,1766.84
NIFTY 500 - TRI,07-Aug-2017,1767.74
NIFTY 500 - TRI,08-Aug-2017,1759.12
NIFTY 500 - TRI,09-Aug-2017,1775.54
NIFTY 500 - TRI,10-Aug-2017,1800.29
NIFTY 500 - TRI,11-Aug-2017,1808.24
NIFTY 500 - TRI,14-Aug-2017,1782.50
NIFTY 500 - TRI,15-Aug-2017,1804.36
NIFTY 500 - TRI,16-Aug-2017,1803.54
NIFTY 500 - TRI,17-Aug-2017,1829.35
NIFTY 500 - TRI,18-Aug-2017,1852.03
NIFTY 500 - TRI,21-Aug-2017,1888.59
NIFTY 500 - TRI,22-Aug-2017,1880.20
NIFTY 500 - TRI,23-Aug-2017,1875.13
NIFTY 500 - TRI,24-Aug-2017,1880.94
NIFTY 500 - TRI,25-Aug-2017,1898.04
NIFTY 500 - TRI,28-Aug-2017,1891.44
NIFTY 500 - TRI,29-Aug-2017,1897.42
NIFTY 500 - TRI,30-Aug-2017,1869.74
NIFTY 500 - TRI,31-Aug-2017,1885.37
NIFTY 500 - TRI,01-Sep-2017,1907.44
NIFTY 500 - TRI,04-Sep-2017,1915.78
NIFTY 500 - TRI,05-Sep-2017,1912.82
NIFTY 500 - TRI,06-Sep-2017,1867.35
NIFTY 500 - TRI,07-Sep-2017,1892.56
NIFTY 500 - TRI,08-Sep-2017,1894.04
NIFTY 500 - TRI,11-Sep-2017,1892.13
NIFTY 500 - TRI,12-Sep-2017,1901.60
NIFTY 500 - TRI,13-Sep-2017,1911.90
NIFTY 500 - TRI,14-Sep-2017,1915.68
NIFTY 500 - TRI,15-Sep-2017,1931.08
NIFTY 500 - TRI,18-Sep-2017,1927.71
NIFTY 500 - TRI,19-Sep-2017,1946.96
NIFTY 500 - TRI,20-Sep-2017,1953.43
NIFTY 500 - TRI,21-Sep-2017,1951.25
NIFTY 500 - TRI,22-Sep-2017,1948.81
NIFTY 500 - TRI,25-Sep-2017,1918.72
NIFTY 500 - TRI,26-Sep-2017,1913.12
NIFTY 500 - TRI,27-Sep-2017,1919.24
NIFTY 500 - TRI,28-Sep-2017,1975.26
NIFTY 500 - TRI,29-Sep-2017,1940.44
NIFTY 500 - TRI,02-Oct-2017,1948.28
NIFTY 500 - TRI,03-Oct-2017,1938.90
NIFTY 500 - TRI,04-Oct-2017,1959.41
NIFTY 500 - TRI,05-Oct-2017,1977.51
NIFTY 500 - TRI,06-Oct-2017,2016.60
NIFTY 500 - TRI,09-Oct-2017,2023.46
NIFTY 500 - TRI,10-Oct-2017,2066.51
NIFTY 500 - TRI,11-Oct-2017,2103.55
NIFTY 500 - TRI,12-Oct-2017,2131.96
NIFTY 500 - TRI,13-Oct-2017,2145.47
NIFTY 500 - TRI,16-Oct-2017,2151.20
NIFTY 500 - TRI,17-Oct-2017,2179.59
NIFTY 500 - TRI,18-Oct-2017,2198.89
NIFTY 500 - TRI,19-Oct-2017,2200.01
NIFTY 500 - TRI,20-Oct-2017,2208.31
NIFTY 500 - TRI,23-Oct-2017,2231.54
NIFTY 500 - TRI,24-Oct-2017,2243.63
NIFTY 500 - TRI,25-Oct-2017,2251.97
NIFTY 500 - TRI,26-Oct-2017,2231.11
NIFTY 500 - TRI,27-Oct-2017,2201.67
NIFTY 500 - TRI,30-Oct-2017,2165.71
NIFTY 500 - TRI,31-Oct-2017,2163.73
NIFTY 500 - TRI,01-Nov-2017,2167.26
NIFTY 500 - TRI,02-Nov-2017,2157.98
NIFTY 500 - TRI,03-Nov-2017,2128.57
NIFTY 500 - TRI,06-Nov-2017,2130.91
NIFTY 500 - TRI,07-Nov-2017,2150.10
NIFTY 500 - TRI,08-Nov-2017,2180.66
NIFTY 500 - TRI,09-Nov-2017,2181.91
NIFTY 500 - TRI,10-Nov-2017,2182.56
NIFTY 500 - TRI,13-Nov-2017,2192.51
NIFTY 500 - TRI,14-Nov-2017,2237.69
NIFTY 500 - TRI,15-Nov-2017,2221.43
NIFTY 500 - TRI,16-Nov-2017,2221.99
NIFTY 500 - TRI,17-Nov-2017,2234.47
NIFTY 500 - TRI,20-Nov-2017,2289.52
NIFTY 500 - TRI,21-Nov-2017,2290.61
NIFTY 500 - TRI,22-Nov-2017,2332.77
NIFTY 500 - TRI,23-Nov-2017,2362.16
NIFTY 500 - TRI,24-Nov-2017,2366.66
NIFTY 500 - TRI,27-Nov-2017,2357.18
NIFTY 500 - TRI,28-Nov-2017,2371.79
NIFTY 500 - TRI,29-Nov-2017,2358.04
NIFTY 500 - TRI,30-Nov-2017,2366.31
NIFTY 500 - TRI,01-Dec-2017,2333.38
NIFTY 500 - TRI,04-Dec-2017,2322.40
NIFTY 500 - TRI,05-Dec-2017,2325.96
NIFTY 500 - TRI,06-Dec-2017,2300.11
NIFTY 500 - TRI,07-Dec-2017,2334.06
NIFTY 500 - TRI,08-Dec-2017,2361.51
NIFTY 500 - TRI,11-Dec-2017,2364.34
NIFTY 500 - TRI,12-Dec-2017,2379.79
NIFTY 500 - TRI,13-Dec-2017,2384.96
NIFTY 500 - TRI,14-Dec-2017,2389.14
NIFTY 500 - TRI,15-Dec-2017,2381.08
NIFTY 500 - TRI,18-Dec-2017,2404.59
NIFTY 500 - TRI,19-Dec-2017,2417.55
NIFTY 500 - TRI,20-Dec-2017,2460.25
NIFTY 500 - TRI,21-Dec-2017,2466.92
NIFTY 500 - TRI,22-Dec-2017,2487.79
NIFTY 500 - TRI,25-Dec-2017,2541.42
NIFTY 500 - TRI,26-Dec-2017,2533.23
NIFTY 500 - TRI,27-Dec-2017,2592.01
NIFTY 500 - TRI,28-Dec-2017,2564.25
NIFTY 500 - TRI,29-Dec-2017,2560.59
NIFTY 500 - TRI,01-Jan-2018,2587.68
NIFTY 500 - TRI,02-Jan-2018,2547.27
NIFTY 500 - TRI,03-Jan-2018,2549.37
NIFTY 500 - TRI,04-Jan-2018,2582.45
NIFTY 500 - TRI,05-Jan-2018,2570.15
NIFTY 500 - TRI,08-Jan-2018,2575.93
NIFTY 500 - TRI,09-Jan-2018,2587.72
NIFTY 500 - TRI,10-Jan-2018,2602.11
NIFTY 500 - TRI,11-Jan-2018,2587.07
NIFTY 500 - TRI,12-Jan-2018,2590.52
NIFTY 500 - TRI,15-Jan-2018,2566.72
NIFTY 500 - TRI,16-Jan-2018,2576.35
NIFTY 500 - TRI,17-Jan-2018,2640.04
NIFTY 500 - TRI,18-Jan-2018,2639.04
NIFTY 500 - TRI,19-Jan-2018,2659.43
NIFTY 500 - TRI,22-Jan-2018,2665.74
NIFTY 500 - TRI,23-Jan-2018,2696.23
NIFTY 500 - TRI,24-Jan-2018,2714.98
NIFTY 500 - TRI,25-Jan-2018,2699.98
NIFTY 500 - TRI,26-Jan-2018,2724.14
NIFTY 500 - TRI,29-Jan-2018,2745.95
NIFTY 500 - TRI,30-Jan-2018,2775.99
NIFTY 500 - TRI,31-Jan-2018,2768.56
NIFTY 500 - TRI,01-Feb-2018,2745.21
NIFTY 500 - TRI,02-Feb-2018,2734.16
NIFTY 500 - TRI,05-Feb-2018,2769.70
NIFTY 500 - TRI,06-Feb-2018,2771.26
NIFTY 500 - TRI,07-Feb-2018,2791.64
NIFTY 500 - TRI,08-Feb-2018,2801.24
NIFTY 500 - TRI,09-Feb-2018,2805.38
NIFTY 500 - TRI,12-Feb-2018,2840.46
NIFTY 500 - TRI,13-Feb-2018,2828.94
NIFTY 500 - TRI,14-Feb-2018,2813.68
NIFTY 500 - TRI,15-Feb-2018,2775.70
NIFTY 500 - TRI,16-Feb-2018,2731.88
NIFTY 500 - TRI,19-Feb-2018,2701.10
NIFTY 500 - TRI,20-Feb-2018,2660.14
NIFTY 500 - TRI,21-Feb-2018,2693.28
NIFTY 500 - TRI,22-Feb-2018,2714.73
NIFTY 500 - TRI,23-Feb-2018,2679.17
NIFTY 500 - TRI,26-Feb-2018,2634.85
NIFTY 500 - TRI,27-Feb-2018,2603.18
NIFTY 500 - TRI,28-Feb-2018,2601.53
NIFTY 500 - TRI,01-Mar-2018,2582.47
NIFTY 500 - TRI,02-Mar-2018,2556.10
NIFTY 500 - TRI,05-Mar-2018,2544.88
NIFTY 500 - TRI,06-Mar-2018,2518.63
NIFTY 500 - TRI,07-Mar-2018,2530.52
NIFTY 500 - TRI,08-Mar-2018,2506.50
NIFTY 500 - TRI,09-Mar-2018,2526.84
NIFTY 500 - TRI,12-Mar-2018,2526.04
NIFTY 500 - TRI,13-Mar-2018,2555.32
NIFTY 500 - TRI,14-Mar-2018,2522.53
NIFTY 500 - TRI,15-Mar-2018,2541.59
NIFTY 500 - TRI,16-Mar-2018,2504.01
NIFTY 500 - TRI,19-Mar-2018,2518.92
NIFTY 500 - TRI,20-Mar-2018,2570.10
NIFTY 500 - TRI,21-Mar-2018,2600.14
NIFTY 500 - TRI,22-Mar-2018,2552.08
NIFTY 500 - TRI,23-Mar-2018,2514.30
NIFTY 500 - TRI,26-Mar-2018,2564.78
NIFTY 500 - TRI,27-Mar-2018,2561.24
NIFTY 500 - TRI,28-Mar-2018,2556.42
NIFTY 500 - TRI,29-Mar-2018,2569.35
NIFTY 500 - TRI,30-Mar-2018,2605.80
NIFTY 500 - TRI,02-Apr-2018,2595.45
NIFTY 500 - TRI,03-Apr-2018,2611.85
NIFTY 500 - TRI,04-Apr-2018,2624.15
NIFTY 500 - TRI,05-Apr-2018,2628.72
NIFTY 500 - TRI,06-Apr-2018,2599.97
NIFTY 500 - TRI,09-Apr-2018,2627.60
NIFTY 500 - TRI,10-Apr-2018,2641.87
NIFTY 500 - TRI,11-Apr-2018,2660.43
NIFTY 500 - TRI,12-Apr-2018,2621.26
NIFTY 500 - TRI,13-Apr-2018,2601.33
NIFTY 500 - TRI,16-Apr-2018,2586.12
NIFTY 500 - TRI,17-Apr-2018,2607.01
NIFTY 500 - TRI,18-Apr-2018,2589.28
NIFTY 500 - TRI,19-Apr-2018,2533.53
NIFTY 500 - TRI,20-Apr-2018,2530.49
NIFTY 500 - TRI,23-Apr-2018,2537.22
NIFTY 500 - TRI,24-Apr-2018,2524.20
NIFTY 500 - TRI,25-Apr-2018,2555.65
NIFTY 500 - TRI,26-Apr-2018,2571.56
NIFTY 500 - TRI,27-Apr-2018,2562.41
NIFTY 500 - TRI,30-Apr-2018,2560.82
NIFTY 500 - TRI,01-May-2018,2539.69
NIFTY 500 - TRI,02-May-2018,2577.42
NIFTY 500 - TRI,03-May-2018,2605.13
NIFTY 500 - TRI,04-May-2018,2577.19
NIFTY 500 - TRI,07-May-2018,2533.69
NIFTY 500 - TRI,08-May-2018,2544.94
NIFTY 500 - TRI,09-May-2018,2544.62
NIFTY 500 - TRI,10-May-2018,2579.67
NIFTY 500 - TRI,11-May-2018,2529.11
NIFTY 500 - TRI,14-May-2018,2526.30
NIFTY 500 - TRI,15-May-2018,2555.17
NIFTY 500 - TRI,16-May-2018,2561.46
NIFTY 500 - TRI,17-May-2018,2574.36
NIFTY 500 - TRI,18-May-2018,2555.13
NIFTY 500 - TRI,21-May-2018,2552.06
NIFTY 500 - TRI,22-May-2018,2558.59
NIFTY 500 - TRI,23-May-2018,2563.77
NIFTY 500 - TRI,24-May-2018,2542.44
NIFTY 500 - TRI,25-May-2018,2564.45
NIFTY 500 - TRI,28-May-2018,2617.12
NIFTY 500 - TRI,29-May-2018,2604.28
NIFTY 500 - TRI,30-May-2018,2608.52
NIFTY 500 - TRI,31-May-2018,2614.19
NIFTY 500 - TRI,01-Jun-2018,2642.02
NIFTY 500 - TRI,04-Jun-2018,2677.06
NIFTY 500 - TRI,05-Jun-2018,2649.55
NIFTY 500 - TRI,06-Jun-2018,2641.18
NIFTY 500 - TRI,07-Jun-2018,2649.90
NIFTY 500 - TRI,08-Jun-2018,2679.51
NIFTY 500 - TRI,11-Jun-2018,2666.53
NIFTY 500 - TRI,12-Jun-2018,2684.38
NIFTY 500 - TRI,13-Jun-2018,2700.80
NIFTY 500 - TRI,14-Jun-2018,2723.10
NIFTY 500 - TRI,15-Jun-2018,2677.38
NIFTY 500 - TRI,18-Jun-2018,2678.81
NIFTY 500 - TRI,19-Jun-2018,2706.00
NIFTY 500 - TRI,20-Jun-2018,2691.20
NIFTY 500 - TRI,21-Jun-2018,2710.08
NIFTY 500 - TRI,22-Jun-2018,2685.47
NIFTY 500 - TRI,25-Jun-2018,2692.26
NIFTY 500 - TRI,26-Jun-2018,2693.99
NIFTY 500 - TRI,27-Jun-2018,2701.96
NIFTY 500 - TRI,28-Jun-2018,2690.74
NIFTY 500 - TRI,29-Jun-2018,2675.24
NIFTY 500 - TRI,02-Jul-2018,2649.73
NIFTY 500 - TRI,03-Jul-2018,2661.90
NIFTY 500 - TRI,04-Jul-2018,2643.99
NIFTY 500 - TRI,05-Jul-2018,2642.84
NIFTY 500 - TRI,06-Jul-2018,2667.80
NIFTY 500 - TRI,09-Jul-2018,2677.56
NIFTY 500 - TRI,10-Jul-2018,2692.42
NIFTY 500 - TRI,11-Jul-2018,2708.61
NIFTY 500 - TRI,12-Jul-2018,2725.54
NIFTY 500 - TRI,13-Jul-2018,2703.46
NIFTY 500 - TRI,16-Jul-2018,2734.59
NIFTY 500 - TRI,17-Jul-2018,2784.78
NIFTY 500 - TRI,18-Jul-2018,2805.37
NIFTY 500 - TRI,19-Jul-2018,2836.30
NIFTY 500 - TRI,20-Jul-2018,2839.91
NIFTY 500 - TRI,23-Jul-2018,2848.75
NIFTY 500 - TRI,24-Jul-2018,2827.36
NIFTY 500 - TRI,25-Jul-2018,2854.53
NIFTY 500 - TRI,26-Jul-2018,2832.69
NIFTY 500 - TRI,27-Jul-2018,2896.18
NIFTY 500 - TRI,30-Jul-2018,2917.93
NIFTY 500 - TRI,31-Jul-2018,2895.58
NIFTY 500 - TRI,01-Aug-2018,2902.26
NIFTY 500 - TRI,02-Aug-2018,2919.08
NIFTY 500 - TRI,03-Aug-2018,2923.14
NIFTY 500 - TRI,06-Aug-2018,2896.53
NIFTY 500 - TRI,07-Aug-2018,2868.24
NIFTY 500 - TRI,08-Aug-2018,2889.10
NIFTY 500 - TRI,09-Aug-2018,2949.76
NIFTY 500 - TRI,10-Aug-2018,2925.78
NIFTY 500 - TRI,13-Aug-2018,2953.39
NIFTY 500 - TRI,14-Aug-2018,2927.95
NIFTY 500 - TRI,15-Aug-2018,2889.49
NIFTY 500 - TRI,16-Aug-2018,2911.84
NIFTY 500 - TRI,17-Aug-2018,2912.61
NIFTY 500 - TRI,20-Aug-2018,2899.88
NIFTY 500 - TRI,21-Aug-2018,2877.97
NIFTY 500 - TRI,22-Aug-2018,2861.68
NIFTY 500 - TRI,23-Aug-2018,2852.04
NIFTY 500 - TRI,24-Aug-2018,2869.43
NIFTY 500 - TRI,27-Aug-2018,2875.75
NIFTY 500 - TRI,28-Aug-2018,2893.02
NIFTY 500 - TRI,29-Aug-2018,2936.82
NIFTY 500 - TRI,30-Aug-2018,2943.59
NIFTY 500 - TRI,31-Aug-2018,2909.00
NIFTY 500 - TRI,03-Sep-2018,2952.35
NIFTY 500 - TRI,04-Sep-2018,2976.22
NIFTY 500 - TRI,05-Sep-2018,3018.17
NIFTY 500 - TRI,06-Sep-2018,3050.81
NIFTY 500 - TRI,07-Sep-2018,3023.01
NIFTY 500 - TRI,10-Sep-2018,3021.87
NIFTY 500 - TRI,11-Sep-2018,2983.41
NIFTY 500 - TRI,12-Sep-2018,2962.15
NIFTY 500 - TRI,13-Sep-2018,2966.39
NIFTY 500 - TRI,14-Sep-2018,2993.00
NIFTY 500 - TRI,17-Sep-2018,2958.13
NIFTY 500 - TRI,18-Sep-2018,2921.40
NIFTY 500 - TRI,19-Sep-2018,2902.05
NIFTY 500 - TRI,20-Sep-2018,2865.87
NIFTY 500 - TRI,21-Sep-2018,2826.63
NIFTY 500 - TRI,24-Sep-2018,2832.16
NIFTY 500 - TRI,25-Sep-2018,2839.08
NIFTY 500 - TRI,26-Sep-2018,2814.40
NIFTY 500 - TRI,27-Sep-2018,2835.91
NIFTY 500 - TRI,28-Sep-2018,2808.89
NIFTY 500 - TRI,01-Oct-2018,2872.33
NIFTY 500 - TRI,02-Oct-2018,2882.54
NIFTY 500 - TRI,03-Oct-2018,2849.81
NIFTY 500 - TRI,04-Oct-2018,2839.08
NIFTY 500 - TRI,05-Oct-2018,2822.65
NIFTY 500 - TRI,08-Oct-2018,2841.92
NIFTY 500 - TRI,09-Oct-2018,2824.92
NIFTY 500 - TRI,10-Oct-2018,2814.61
NIFTY 500 - TRI,11-Oct-2018,2843.93
NIFTY 500 - TRI,12-Oct-2018,2817.56
NIFTY 500 - TRI,15-Oct-2018,2784.96
NIFTY 500 - TRI,16-Oct-2018,2758.88
NIFTY 500 - TRI,17-Oct-2018,2770.79
NIFTY 500 - TRI,18-Oct-2018,2751.44
NIFTY 500 - TRI,19-Oct-2018,2776.48
NIFTY 500 - TRI,22-Oct-2018,2764.74
NIFTY 500 - TRI,23-Oct-2018,2754.63
NIFTY 500 - TRI,24-Oct-2018,2712.71
NIFTY 500 - TRI,25-Oct-2018,2727.53
NIFTY 500 - TRI,26-Oct-2018,2737.59
NIFTY 500 - TRI,29-Oct-2018,2752.61
NIFTY 500 - TRI,30-Oct-2018,2761.50
NIFTY 500 - TRI,31-Oct-2018,2772.87
NIFTY 500 - TRI,01-Nov-2018,2772.48
NIFTY 500 - TRI,02-Nov-2018,2805.56
NIFTY 500 - TRI,05-Nov-2018,2783.42
NIFTY 500 - TRI,06-Nov-2018,2735.19
NIFTY 500 - TRI,07-Nov-2018,2725.01
NIFTY 500 - TRI,08-Nov-2018,2754.06
NIFTY 500 - TRI,09-Nov-2018,2784.19
NIFTY 500 - TRI,12-Nov-2018,2791.54
NIFTY 500 - TRI,13-Nov-2018,2796.69
NIFTY 500 - TRI,14-Nov-2018,2805.96
NIFTY 500 - TRI,15-Nov-2018,2818.89
NIFTY 500 - TRI,16-Nov-2018,2881.05
NIFTY 500 - TRI,19-Nov-2018,2854.01
NIFTY 500 - TRI,20-Nov-2018,2853.83
NIFTY 500 - TRI,21-Nov-2018,2864.93
NIFTY 500 - TRI,22-Nov-2018,2866.26
NIFTY 500 - TRI,23-Nov-2018,2847.54
NIFTY 500 - TRI,26-Nov-2018,2802.77
NIFTY 500 - TRI,27-Nov-2018,2816.54
NIFTY 500 - TRI,28-Nov-2018,2833.13
NIFTY 500 - TRI,29-Nov-2018,2818.50
NIFTY 500 - TRI,30-Nov-2018,2804.74
NIFTY 500 - TRI,03-Dec-2018,2723.82
NIFTY 500 - TRI,04-Dec-2018,2711.78
NIFTY 500 - TRI,05-Dec-2018,2692.84
NIFTY 500 - TRI,06-Dec-2018,2671.90
NIFTY 500 - TRI,07-Dec-2018,2631.38
NIFTY 500 - TRI,10-Dec-2018,2620.11
NIFTY 500 - TRI,11-Dec-2018,2606.70
NIFTY 500 - TRI,12-Dec-2018,2590.87
NIFTY 500 - TRI,13-Dec-2018,2533.93
NIFTY 500 - TRI,14-Dec-2018,2556.55
NIFTY 500 - TRI,17-Dec-2018,2565.22
NIFTY 500 - TRI,18-Dec-2018,2579.23
NIFTY 500 - TRI,19-Dec-2018,2524.62
NIFTY 500 - TRI,20-Dec-2018,2515.85
NIFTY 500 - TRI,21-Dec-2018,2498.39
NIFTY 500 - TRI,24-Dec-2018,2467.97
NIFTY 500 - TRI,25-Dec-2018,2462.35
NIFTY 500 - TRI,26-Dec-2018,2405.97
NIFTY 500 - TRI,27-Dec-2018,2371.64
NIFTY 500 - TRI,28-Dec-2018,2369.02
NIFTY 500 - TRI,31-Dec-2018,2352.45
NIFTY 500 - TRI,01-Jan-2019,2345.46
NIFTY 500 - TRI,02-Jan-2019,2337.87
NIFTY 500 - TRI,03-Jan-2019,2367.57
NIFTY 500 - TRI,04-Jan-2019,2321.40
NIFTY 500 - TRI,07-Jan-2019,2345.38
NIFTY 500 - TRI,08-Jan-2019,2341.83
NIFTY 500 - TRI,09-Jan-2019,2350.86
NIFTY 500 - TRI,10-Jan-2019,2365.47
NIFTY 500 - TRI,11-Jan-2019,2346.40
NIFTY 500 - TRI,14-Jan-2019,2366.06
NIFTY 500 - TRI,15-Jan-2019,2364.87
NIFTY 500 - TRI,16-Jan-2019,2397.04
NIFTY 500 - TRI,17-Jan-2019,2391.76
NIFTY 500 - TRI,18-Jan-2019,2437.78
NIFTY 500 - TRI,21-Jan-2019,2443.47
NIFTY 500 - TRI,22-Jan-2019,2472.44
NIFTY 500 - TRI,23-Jan-2019,2498.20
NIFTY 500 - TRI,24-Jan-2019,2543.49
NIFTY 500 - TRI,25-Jan-2019,2568.89
NIFTY 500 - TRI,28-Jan-2019,2584.67
NIFTY 500 - TRI,29-Jan-2019,2578.48
NIFTY 500 - TRI,30-Jan-2019,2562.36
NIFTY 500 - TRI,31-Jan-2019,2568.28
NIFTY 500 - TRI,01-Feb-2019,2545.25
NIFTY 500 - TRI,04-Feb-2019,2555.85
NIFTY 500 - TRI,05-Feb-2019,2538.27
NIFTY 500 - TRI,06-Feb-2019,2540.39
NIFTY 500 - TRI,07-Feb-2019,2521.23
NIFTY 500 - TRI,08-Feb-2019,2525.98
NIFTY 500 - TRI,11-Feb-2019,2555.15
NIFTY 500 - TRI,12-Feb-2019,2532.47
NIFTY 500 - TRI,13-Feb-2019,2536.73
NIFTY 500 - TRI,14-Feb-2019,2510.75
NIFTY 500 - TRI,15-Feb-2019,2539.86
NIFTY 500 - TRI,18-Feb-2019,2547.67
NIFTY 500 - TRI,19-Feb-2019,2505.46
NIFTY 500 - TRI,20-Feb-2019,2502.09
NIFTY 500 - TRI,21-Feb-2019,2520.81
NIFTY 500 - TRI,22-Feb-2019,2495.60
NIFTY 500 - TRI,25-Feb-2019,2493.17
NIFTY 500 - TRI,26-Feb-2019,2490.71
NIFTY 500 - TRI,27-Feb-2019,2495.70
NIFTY 500 - TRI,28-Feb-2019,2474.51
NIFTY 500 - TRI,01-Mar-2019,2509.54
NIFTY 500 - TRI,04-Mar-2019,2525.15
NIFTY 500 - TRI,05-Mar-2019,2531.89
NIFTY 500 - TRI,06-Mar-2019,2502.46
NIFTY 500 - TRI,07-Mar-2019,2511.13
NIFTY 500 - TRI,08-Mar-2019,2505.78
NIFTY 500 - TRI,11-Mar-2019,2509.12
NIFTY 500 - TRI,12-Mar-2019,2527.17
NIFTY 500 - TRI,13-Mar-2019,2516.13
NIFTY 500 - TRI,14-Mar-2019,2530.14
NIFTY 500 - TRI,15-Mar-2019,2549.52
NIFTY 500 - TRI,18-Mar-2019,2579.40
NIFTY 500 - TRI,19-Mar-2019,2530.03
NIFTY 500 - TRI,20-Mar-2019,2530.90
NIFTY 500 - TRI,21-Mar-2019,2555.78
NIFTY 500 - TRI,22-Mar-2019,2580.29
NIFTY 500 - TRI,25-Mar-2019,2548.45
NIFTY 500 - TRI,26-Mar-2019,2581.38
NIFTY 500 - TRI,27-Mar-2019,2547.02
NIFTY 500 - TRI,28-Mar-2019,2560.68
NIFTY 500 - TRI,29-Mar-2019,2524.14
NIFTY 500 - TRI,01-Apr-2019,2515.46
NIFTY 500 - TRI,02-Apr-2019,2501.57
NIFTY 500 - TRI,03-Apr-2019,2517.13
NIFTY 500 - TRI,04-Apr-2019,2497.99
NIFTY 500 - TRI,05-Apr-2019,2520.07
NIFTY 500 - TRI,08-Apr-2019,2514.97
NIFTY 500 - TRI,09-Apr-2019,2525.61
NIFTY 500 - TRI,10-Apr-2019,2538.52
NIFTY 500 - TRI,11-Apr-2019,2554.98
NIFTY 500 - TRI,12-Apr-2019,2566.78
NIFTY 500 - TRI,15-Apr-2019,2611.00
NIFTY 500 - TRI,16-Apr-2019,2609.70
NIFTY 500 - TRI,17-Apr-2019,2636.26
NIFTY 500 - TRI,18-Apr-2019,2602.12
NIFTY 500 - TRI,19-Apr-2019,2589.97
NIFTY 500 - TRI,22-Apr-2019,2619.21
NIFTY 500 - TRI,23-Apr-2019,2553.69
NIFTY 500 - TRI,24-Apr-2019,2554.44
NIFTY 500 - TRI,25-Apr-2019,2602.20
NIFTY 500 - TRI,26-Apr-2019,2578.49
NIFTY 500 - TRI,29-Apr-2019,2586.95
NIFTY 500 - TRI,30-Apr-2019,2610.40
NIFTY 500 - TRI,01-May-2019,2618.30
NIFTY 500 - TRI,02-May-2019,2590.34
NIFTY 500 - TRI,03-May-2019,2578.66
NIFTY 500 - TRI,06-May-2019,2585.44
NIFTY 500 - TRI,07-May-2019,2578.28
NIFTY 500 - TRI,08-May-2019,2607.18
NIFTY 500 - TRI,09-May-2019,2623.40
NIFTY 500 - TRI,10-May-2019,2615.68
NIFTY 500 - TRI,13-May-2019,2618.98
NIFTY 500 - TRI,14-May-2019,2635.72
NIFTY 500 - TRI,15-May-2019,2663.59
NIFTY 500 - TRI,16-May-2019,2621.54
NIFTY 500 - TRI,17-May-2019,2603.81
NIFTY 500 - TRI,20-May-2019,2598.65
NIFTY 500 - TRI,21-May-2019,2628.69
NIFTY 500 - TRI,22-May-2019,2645.93
NIFTY 500 - TRI,23-May-2019,2622.43
NIFTY 500 - TRI,24-May-2019,2617.84
NIFTY 500 - TRI,27-May-2019,2635.47
NIFTY 500 - TRI,28-May-2019,2684.84
NIFTY 500 - TRI,29-May-2019,2722.99
NIFTY 500 - TRI,30-May-2019,2692.06
NIFTY 500 - TRI,31-May-2019,2661.44
NIFTY 500 - TRI,03-Jun-2019,2660.33
NIFTY 500 - TRI,04-Jun-2019,2716.47
NIFTY 500 - TRI,05-Jun-2019,2731.83
NIFTY 500 - TRI,06-Jun-2019,2727.80
NIFTY 500 - TRI,07-Jun-2019,2694.25
NIFTY 500 - TRI,10-Jun-2019,2718.29
NIFTY 500 - TRI,11-Jun-2019,2684.90
NIFTY 500 - TRI,12-Jun-2019,2690.97
NIFTY 500 - TRI,13-Jun-2019,2617.83
NIFTY 500 - TRI,14-Jun-2019,2645.42
NIFTY 500 - TRI,17-Jun-2019,2646.84
NIFTY 500 - TRI,18-Jun-2019,2630.39
NIFTY 500 - TRI,19-Jun-2019,2621.30
NIFTY 500 - TRI,20-Jun-2019,2591.27
NIFTY 500 - TRI,21-Jun-2019,2567.54
NIFTY 500 - TRI,24-Jun-2019,2569.87
NIFTY 500 - TRI,25-Jun-2019,2555.13
NIFTY 500 - TRI,26-Jun-2019,2537.48
NIFTY 500 - TRI,27-Jun-2019,2505.08
NIFTY 500 - TRI,28-Jun-2019,2460.32
NIFTY 500 - TRI,01-Jul-2019,2449.83
NIFTY 500 - TRI,02-Jul-2019,2491.70
NIFTY 500 - TRI,03-Jul-2019,2487.57
NIFTY 500 - TRI,04-Jul-2019,2490.48
NIFTY 500 - TRI,05-Jul-2019,2511.55
NIFTY 500 - TRI,08-Jul-2019,2509.52
NIFTY 500 - TRI,09-Jul-2019,2514.64
NIFTY 500 - TRI,10-Jul-2019,2527.57
NIFTY 500 - TRI,11-Jul-2019,2544.14
NIFTY 500 - TRI,12-Jul-2019,2550.35
NIFTY 500 - TRI,15-Jul-2019,2552.68
NIFTY 500 - TRI,16-Jul-2019,2534.77
NIFTY 500 - TRI,17-Jul-2019,2528.00
NIFTY 500 - TRI,18-Jul-2019,2524.30
NIFTY 500 - TRI,19-Jul-2019,2530.36
NIFTY 500 - TRI,22-Jul-2019,2530.06
NIFTY 500 - TRI,23-Jul-2019,2574.04
NIFTY 500 - TRI,24-Jul-2019,2607.96
NIFTY 500 - TRI,25-Jul-2019,2608.87
NIFTY 500 - TRI,26-Jul-2019,2589.14
NIFTY 500 - TRI,29-Jul-2019,2592.18
NIFTY 500 - TRI,30-Jul-2019,2562.22
NIFTY 500 - TRI,31-Jul-2019,2588.76
NIFTY 500 - TRI,01-Aug-2019,2610.68
NIFTY 500 - TRI,02-Aug-2019,2553.93
NIFTY 500 - TRI,05-Aug-2019,2547.83
NIFTY 500 - TRI,06-Aug-2019,2585.85
NIFTY 500 - TRI,07-Aug-2019,2609.48
NIFTY 500 - TRI,08-Aug-2019,2590.04
NIFTY 500 - TRI,09-Aug-2019,2593.99
NIFTY 500 - TRI,12-Aug-2019,2591.96
NIFTY 500 - TRI,13-Aug-2019,2637.82
NIFTY 500 - TRI,14-Aug-2019,2666.22
NIFTY 500 - TRI,15-Aug-2019,2684.02
NIFTY 500 - TRI,16-Aug-2019,2715.21
NIFTY 500 - TRI,19-Aug-2019,2721.49
NIFTY 500 - TRI,20-Aug-2019,2750.94
NIFTY 500 - TRI,21-Aug-2019,2757.56
NIFTY 500 - TRI,22-Aug-2019,2796.14
NIFTY 500 - TRI,23-Aug-2019,2790.67
NIFTY 500 - TRI,26-Aug-2019,2794.68
NIFTY 500 - TRI,27-Aug-2019,2831.64
NIFTY 500 - TRI,28-Aug-2019,2806.04
NIFTY 500 - TRI,29-Aug-2019,2791.70
NIFTY 500 - TRI,30-Aug-2019,2770.16
NIFTY 500 - TRI,02-Sep-2019,2798.70
NIFTY 500 - TRI,03-Sep-2019,2797.87
NIFTY 500 - TRI,04-Sep-2019,2804.63
NIFTY 500 - TRI,05-Sep-2019,2835.22
NIFTY 500 - TRI,06-Sep-2019,2873.98
NIFTY 500 - TRI,09-Sep-2019,2885.85
NIFTY 500 - TRI,10-Sep-2019,2866.83
NIFTY 500 - TRI,11-Sep-2019,2884.16
NIFTY 500 - TRI,12-Sep-2019,2865.21
NIFTY 500 - TRI,13-Sep-2019,2893.97
NIFTY 500 - TRI,16-Sep-2019,2871.91
NIFTY 500 - TRI,17-Sep-2019,2870.26
NIFTY 500 - TRI,18-Sep-2019,2856.19
NIFTY 500 - TRI,19-Sep-2019,2835.40
NIFTY 500 - TRI,20-Sep-2019,2830.99
NIFTY 500 - TRI,23-Sep-2019,2838.12
NIFTY 500 - TRI,24-Sep-2019,2838.34
NIFTY 500 - TRI,25-Sep-2019,2830.68
NIFTY 500 - TRI,26-Sep-2019,2854.51
NIFTY 500 - TRI,27-Sep-2019,2844.82
NIFTY 500 - TRI,30-Sep-2019,2864.85
NIFTY 500 - TRI,01-Oct-2019,2805.34
NIFTY 500 - TRI,02-Oct-2019,2824.12
NIFTY 500 - TRI,03-Oct-2019,2837.42
NIFTY 500 - TRI,04-Oct-2019,2831.09
NIFTY 500 - TRI,07-Oct-2019,2851.19
NIFTY 500 - TRI,08-Oct-2019,2820.93
NIFTY 500 - TRI,09-Oct-2019,2813.69
NIFTY 500 - TRI,10-Oct-2019,2782.64
NIFTY 500 - TRI,11-Oct-2019,2827.46
NIFTY 500 - TRI,14-Oct-2019,2773.19
NIFTY 500 - TRI,15-Oct-2019,2805.76
NIFTY 500 - TRI,16-Oct-2019,2820.62
NIFTY 500 - TRI,17-Oct-2019,2796.54
NIFTY 500 - TRI,18-Oct-2019,2822.49
NIFTY 500 - TRI,21-Oct-2019,2803.00
NIFTY 500 - TRI,22-Oct-2019,2818.69
NIFTY 500 - TRI,23-Oct-2019,2818.22
NIFTY 500 - TRI,24-Oct-2019,2815.46
NIFTY 500 - TRI,25-Oct-2019,2846.41
NIFTY 500 - TRI,28-Oct-2019,2831.30
NIFTY 500 - TRI,29-Oct-2019,2823.98
NIFTY 500 - TRI,30-Oct-2019,2835.48
NIFTY 500 - TRI,31-Oct-2019,2865.05
NIFTY 500 - TRI,01-Nov-2019,2855.24
NIFTY 500 - TRI,04-Nov-2019,2890.23
NIFTY 500 - TRI,05-Nov-2019,2923.23
NIFTY 500 - TRI,06-Nov-2019,2909.85
NIFTY 500 - TRI,07-Nov-2019,2905.84
NIFTY 500 - TRI,08-Nov-2019,2838.46
NIFTY 500 - TRI,11-Nov-2019,2857.09
NIFTY 500 - TRI,12-Nov-2019,2872.85
NIFTY 500 - TRI,13-Nov-2019,2921.35
NIFTY 500 - TRI,14-Nov-2019,2919.00
NIFTY 500 - TRI,15-Nov-2019,2941.68
NIFTY 500 - TRI,18-Nov-2019,2962.11
NIFTY 500 - TRI,19-Nov-2019,2972.04
NIFTY 500 - TRI,20-Nov-2019,2949.69
NIFTY 500 - TRI,21-Nov-2019,2933.49
NIFTY 500 - TRI,22-Nov-2019,2972.59
NIFTY 500 - TRI,25-Nov-2019,2998.35
NIFTY 500 - TRI,26-Nov-2019,2999.17
NIFTY 500 - TRI,27-Nov-2019,3039.62
NIFTY 500 - TRI,28-Nov-2019,3047.23
NIFTY 500 - TRI,29-Nov-2019,3025.41
NIFTY 500 - TRI,02-Dec-2019,3076.80
NIFTY 500 - TRI,03-Dec-2019,3063.89
NIFTY 500 - TRI,04-Dec-2019,3071.40
NIFTY 500 - TRI,05-Dec-2019,3044.73
NIFTY 500 - TRI,06-Dec-2019,3066.02
NIFTY 500 - TRI,09-Dec-2019,3058.05
NIFTY 500 - TRI,10-Dec-2019,3097.53
NIFTY 500 - TRI,11-Dec-2019,3011.16
NIFTY 500 - TRI,12-Dec-2019,3039.21
NIFTY 500 - TRI,13-Dec-2019,3074.28
NIFTY 500 - TRI,16-Dec-2019,3086.80
NIFTY 500 - TRI,17-Dec-2019,3122.77
NIFTY 500 - TRI,18-Dec-2019,3121.32
NIFTY 500 - TRI,19-Dec-2019,3135.64
NIFTY 500 - TRI,20-Dec-2019,3202.20
NIFTY 500 - TRI,23-Dec-2019,3212.59
NIFTY 500 - TRI,24-Dec-2019,3134.17
NIFTY 500 - TRI,25-Dec-2019,3172.69
NIFTY 500 - TRI,26-Dec-2019,3227.60
NIFTY 500 - TRI,27-Dec-2019,3222.97
NIFTY 500 - TRI,30-Dec-2019,3198.13
NIFTY 500 - TRI,31-Dec-2019,3221.72
NIFTY 500 - TRI,01-Jan-2020,3267.18
NIFTY 500 - TRI,02-Jan-2020,3259.48
NIFTY 500 - TRI,03-Jan-2020,3246.62
NIFTY 500 - TRI,06-Jan-2020,3220.10
NIFTY 500 - TRI,07-Jan-2020,3197.26
NIFTY 500 - TRI,08-Jan-2020,3156.24
NIFTY 500 - TRI,09-Jan-2020,3146.54
NIFTY 500 - TRI,10-Jan-2020,3134.76
NIFTY 500 - TRI,13-Jan-2020,3136.09
NIFTY 500 - TRI,14-Jan-2020,3162.14
NIFTY 500 - TRI,15-Jan-2020,3125.11
NIFTY 500 - TRI,16-Jan-2020,3145.95
NIFTY 500 - TRI,17-Jan-2020,3137.98
NIFTY 500 - TRI,20-Jan-2020,3102.44
NIFTY 500 - TRI,21-Jan-2020,3088.43
NIFTY 500 - TRI,22-Jan-2020,3073.68
NIFTY 500 - TRI,23-Jan-2020,3130.80
NIFTY 500 - TRI,24-Jan-2020,3135.84
NIFTY 500 - TRI,27-Jan-2020,3107.33
NIFTY 500 - TRI,28-Jan-2020,3089.59
NIFTY 500 - TRI,29-Jan-2020,3104.01
NIFTY 500 - TRI,30-Jan-2020,3133.94
NIFTY 500 - TRI,31-Jan-2020,3150.39
NIFTY 500 - TRI,03-Feb-2020,3182.25
NIFTY 500 - TRI,04-Feb-2020,3209.44
NIFTY 500 - TRI,05-Feb-2020,3210.55
NIFTY 500 - TRI,06-Feb-2020,3213.03
NIFTY 500 - TRI,07-Feb-2020,3209.59
NIFTY 500 - TRI,10-Feb-2020,3203.16
NIFTY 500 - TRI,11-Feb-2020,3207.80
NIFTY 500 - TRI,12-Feb-2020,3230.53
NIFTY 500 - TRI,13-Feb-2020,3248.71
NIFTY 500 - TRI,14-Feb-2020,3255.03
NIFTY 500 - TRI,17-Feb-2020,3226.24
NIFTY 500 - TRI,18-Feb-2020,3166.73
NIFTY 500 - TRI,19-Feb-2020,3132.67
NIFTY 500 - TRI,20-Feb-2020,3131.82
NIFTY 500 - TRI,21-Feb-2020,3155.51
NIFTY 500 - TRI,24-Feb-2020,3175.30
NIFTY 500 - TRI,25-Feb-2020,3181.28
NIFTY 500 - TRI,26-Feb-2020,3183.46
NIFTY 500 - TRI,27-Feb-2020,3156.80
NIFTY 500 - TRI,28-Feb-2020,3166.23
NIFTY 500 - TRI,02-Mar-2020,3127.73
NIFTY 500 - TRI,03-Mar-2020,3060.01
NIFTY 500 - TRI,04-Mar-2020,3096.73
NIFTY 500 - TRI,05-Mar-2020,3055.07
NIFTY 500 - TRI,06-Mar-2020,3069.81
NIFTY 500 - TRI,09-Mar-2020,3074.92
NIFTY 500 - TRI,10-Mar-2020,3044.29
NIFTY 500 - TRI,11-Mar-2020,3019.48
NIFTY 500 - TRI,12-Mar-2020,2989.23
NIFTY 500 - TRI,13-Mar-2020,3013.88
NIFTY 500 - TRI,16-Mar-2020,3030.20
NIFTY 500 - TRI,17-Mar-2020,3078.72
NIFTY 500 - TRI,18-Mar-2020,3078.17
NIFTY 500 - TRI,19-Mar-2020,3065.00
NIFTY 500 - TRI,20-Mar-2020,3041.02
NIFTY 500 - TRI,23-Mar-2020,3016.98
NIFTY 500 - TRI,24-Mar-2020,3039.02
NIFTY 500 - TRI,25-Mar-2020,3045.33
NIFTY 500 - TRI,26-Mar-2020,3000.54
NIFTY 500 - TRI,27-Mar-2020,2962.31
NIFTY 500 - TRI,30-Mar-2020,2944.94
NIFTY 500 - TRI,31-Mar-2020,2918.65
NIFTY 500 - TRI,01-Apr-2020,2927.49
NIFTY 500 - TRI,02-Apr-2020,2948.02
NIFTY 500 - TRI,03-Apr-2020,2974.02
NIFTY 500 - TRI,06-Apr-2020,2988.75
NIFTY 500 - TRI,07-Apr-2020,2977.82
NIFTY 500 - TRI,08-Apr-2020,2968.97
NIFTY 500 - TRI,09-Apr-2020,2958.56
NIFTY 500 - TRI,10-Apr-2020,3045.26
NIFTY 500 - TRI,13-Apr-2020,3034.83
NIFTY 500 - TRI,14-Apr-2020,3037.42
NIFTY 500 - TRI,15-Apr-2020,3006.15
NIFTY 500 - TRI,16-Apr-2020,3001.53
NIFTY 500 - TRI,17-Apr-2020,2978.71
NIFTY 500 - TRI,20-Apr-2020,2990.24
NIFTY 500 - TRI,21-Apr-2020,2998.19
NIFTY 500 - TRI,22-Apr-2020,2978.22
NIFTY 500 - TRI,23-Apr-2020,3002.12
NIFTY 500 - TRI,24-Apr-2020,2999.28
NIFTY 500 - TRI,27-Apr-2020,2946.68
NIFTY 500 - TRI,28-Apr-2020,2933.37
NIFTY 500 - TRI,29-Apr-2020,2985.84
NIFTY 500 - TRI,30-Apr-2020,2969.06
NIFTY 500 - TRI,01-May-2020,2994.32
NIFTY 500 - TRI,04-May-2020,2998.65
NIFTY 500 - TRI,05-May-2020,3012.36
NIFTY 500 - TRI,06-May-2020,3006.31
NIFTY 500 - TRI,07-May-2020,2985.19
NIFTY 500 - TRI,08-May-2020,3062.15
NIFTY 500 - TRI,11-May-2020,3055.16
NIFTY 500 - TRI,12-May-2020,3054.18
NIFTY 500 - TRI,13-May-2020,3016.20
NIFTY 500 - TRI,14-May-2020,2994.94
NIFTY 500 - TRI,15-May-2020,2967.03
NIFTY 500 - TRI,18-May-2020,2911.30
NIFTY 500 - TRI,19-May-2020,2879.90
NIFTY 500 - TRI,20-May-2020,2890.59
NIFTY 500 - TRI,21-May-2020,2902.95
NIFTY 500 - TRI,22-May-2020,2916.29
NIFTY 500 - TRI,25-May-2020,2922.03
NIFTY 500 - TRI,26-May-2020,2958.16
NIFTY 500 - TRI,27-May-2020,2942.49
NIFTY 500 - TRI,28-May-2020,2984.71
NIFTY 500 - TRI,29-May-2020,2967.76
NIFTY 500 - TRI,01-Jun-2020,2979.17
NIFTY 500 - TRI,02-Jun-2020,3025.89
NIFTY 500 - TRI,03-Jun-2020,2977.43
NIFTY 500 - TRI,04-Jun-2020,2984.91
NIFTY 500 - TRI,05-Jun-2020,3016.19
NIFTY 500 - TRI,08-Jun-2020,3007.97
NIFTY 500 - TRI,09-Jun-2020,2964.00
NIFTY 500 - TRI,10-Jun-2020,2932.24
NIFTY 500 - TRI,11-Jun-2020,2968.82
NIFTY 500 - TRI,12-Jun-2020,3017.50
NIFTY 500 - TRI,15-Jun-2020,3043.82
NIFTY 500 - TRI,16-Jun-2020,3045.59
NIFTY 500 - TRI,17-Jun-2020,3043.47
NIFTY 500 - TRI,18-Jun-2020,3029.81
NIFTY 500 - TRI,19-Jun-2020,3045.74
NIFTY 500 - TRI,22-Jun-2020,3079.32
NIFTY 500 - TRI,23-Jun-2020,3094.77
NIFTY 500 - TRI,24-Jun-2020,3137.21
NIFTY 500 - TRI,25-Jun-2020,3143.15
NIFTY 500 - TRI,26-Jun-2020,3137.83
NIFTY 500 - TRI,29-Jun-2020,3131.33
NIFTY 500 - TRI,30-Jun-2020,3157.58
NIFTY 500 - TRI,01-Jul-2020,3131.52
NIFTY 500 - TRI,02-Jul-2020,3122.50
NIFTY 500 - TRI,03-Jul-2020,3086.44
NIFTY 500 - TRI,06-Jul-2020,3126.88
NIFTY 500 - TRI,07-Jul-2020,3090.45
NIFTY 500 - TRI,08-Jul-2020,3088.24
NIFTY 500 - TRI,09-Jul-2020,3076.88
NIFTY 500 - TRI,10-Jul-2020,3023.16
NIFTY 500 - TRI,13-Jul-2020,2998.75
NIFTY 500 - TRI,14-Jul-2020,3006.01
NIFTY 500 - TRI,15-Jul-2020,3059.68
NIFTY 500 - TRI,16-Jul-2020,3087.59
NIFTY 500 - TRI,17-Jul-2020,3065.54
NIFTY 500 - TRI,20-Jul-2020,3072.70
NIFTY 500 - TRI,21-Jul-2020,3093.65
NIFTY 500 - TRI,22-Jul-2020,3129.72
NIFTY 500 - TRI,23-Jul-2020,3146.08
NIFTY 500 - TRI,24-Jul-2020,3182.82
NIFTY 500 - TRI,27-Jul-2020,3204.72
NIFTY 500 - TRI,28-Jul-2020,3229.54
NIFTY 500 - TRI,29-Jul-2020,3247.63
NIFTY 500 - TRI,30-Jul-2020,3251.99
NIFTY 500 - TRI,31-Jul-2020,3236.68
NIFTY 500 - TRI,03-Aug-2020,3244.90
NIFTY 500 - TRI,04-Aug-2020,3223.42
NIFTY 500 - TRI,05-Aug-2020,3199.59
NIFTY 500 - TRI,06-Aug-2020,3171.78
NIFTY 500 - TRI,07-Aug-2020,3154.57
NIFTY 500 - TRI,10-Aug-2020,3077.23
NIFTY 500 - TRI,11-Aug-2020,3071.99
NIFTY 500 - TRI,12-Aug-2020,3059.85
NIFTY 500 - TRI,13-Aug-2020,3060.94
NIFTY 500 - TRI,14-Aug-2020,3030.95
NIFTY 500 - TRI,17-Aug-2020,3019.66
NIFTY 500 - TRI,18-Aug-2020,3046.82
NIFTY 500 - TRI,19-Aug-2020,3059.28
NIFTY 500 - TRI,20-Aug-2020,3063.85
NIFTY 500 - TRI,21-Aug-2020,3076.07
NIFTY 500 - TRI,24-Aug-2020,3033.39
NIFTY 500 - TRI,25-Aug-2020,3066.07
NIFTY 500 - TRI,26-Aug-2020,3034.61
NIFTY 500 - TRI,27-Aug-2020,3056.24
NIFTY 500 - TRI,28-Aug-2020,3064.22
NIFTY 500 - TRI,31-Aug-2020,3064.97
NIFTY 500 - TRI,01-Sep-2020,3072.96
NIFTY 500 - TRI,02-Sep-2020,3080.65
NIFTY 500 - TRI,03-Sep-2020,3084.47
NIFTY 500 - TRI,04-Sep-2020,3075.09
NIFTY 500 - TRI,07-Sep-2020,3081.09
NIFTY 500 - TRI,08-Sep-2020,3059.88
NIFTY 500 - TRI,09-Sep-2020,3062.18
NIFTY 500 - TRI,10-Sep-2020,3037.79
NIFTY 500 - TRI,11-Sep-2020,3016.35
NIFTY 500 - TRI,14-Sep-2020,3032.19
NIFTY 500 - TRI,15-Sep-2020,2989.64
NIFTY 500 - TRI,16-Sep-2020,2973.82
NIFTY 500 - TRI,17-Sep-2020,2986.54
NIFTY 500 - TRI,18-Sep-2020,2969.76
NIFTY 500 - TRI,21-Sep-2020,2987.25
NIFTY 500 - TRI,22-Sep-2020,2996.14
NIFTY 500 - TRI,23-Sep-2020,2990.12
NIFTY 500 - TRI,24-Sep-2020,2984.11
NIFTY 500 - TRI,25-Sep-2020,2977.42
NIFTY 500 - TRI,28-Sep-2020,2998.61
NIFTY 500 - TRI,29-Sep-2020,2995.20
NIFTY 500 - TRI,30-Sep-2020,2993.56
NIFTY 500 - TRI,01-Oct-2020,2980.89
NIFTY 500 - TRI,02-Oct-2020,2968.00
NIFTY 500 - TRI,05-Oct-2020,2971.18
NIFTY 500 - TRI,06-Oct-2020,2942.45
NIFTY 500 - TRI,07-Oct-2020,2949.99
NIFTY 500 - TRI,08-Oct-2020,2963.75
NIFTY 500 - TRI,09-Oct-2020,2952.14
NIFTY 500 - TRI,12-Oct-2020,2974.63
NIFTY 500 - TRI,13-Oct-2020,2982.82
NIFTY 500 - TRI,14-Oct-2020,2996.66
NIFTY 500 - TRI,15-Oct-2020,3048.83
NIFTY 500 - TRI,16-Oct-2020,3046.91
NIFTY 500 - TRI,19-Oct-2020,3024.70
NIFTY 500 - TRI,20-Oct-2020,3014.13
NIFTY 500 - TRI,21-Oct-2020,3011.51
NIFTY 500 - TRI,22-Oct-2020,3007.69
NIFTY 500 - TRI,23-Oct-2020,2933.46
NIFTY 500 - TRI,26-Oct-2020,2967.61
NIFTY 500 - TRI,27-Oct-2020,2930.57
NIFTY 500 - TRI,28-Oct-2020,2975.72
NIFTY 500 - TRI,29-Oct-2020,2981.29
NIFTY 500 - TRI,30-Oct-2020,2960.30
NIFTY 500 - TRI,02-Nov-2020,2978.84
NIFTY 500 - TRI,03-Nov-2020,2968.32
NIFTY 500 - TRI,04-Nov-2020,2975.28
NIFTY 500 - TRI,05-Nov-2020,3022.73
NIFTY 500 - TRI,06-Nov-2020,3017.11
NIFTY 500 - TRI,09-Nov-2020,3016.42
NIFTY 500 - TRI,10-Nov-2020,2996.17
NIFTY 500 - TRI,11-Nov-2020,2993.12
NIFTY 500 - TRI,12-Nov-2020,3053.28
NIFTY 500 - TRI,13-Nov-2020,3011.73
NIFTY 500 - TRI,16-Nov-2020,2968.03
NIFTY 500 - TRI,17-Nov-2020,3035.10
NIFTY 500 - TRI,18-Nov-2020,3016.20
NIFTY 500 - TRI,19-Nov-2020,3050.01
NIFTY 500 - TRI,20-Nov-2020,3032.42
NIFTY 500 - TRI,23-Nov-2020,3010.47
NIFTY 500 - TRI,24-Nov-2020,2978.21
NIFTY 500 - TRI,25-Nov-2020,3019.40
NIFTY 500 - TRI,26-Nov-2020,3013.90
NIFTY 500 - TRI,27-Nov-2020,2971.14
NIFTY 500 - TRI,30-Nov-2020,2993.70
NIFTY 500 - TRI,01-Dec-2020,2938.75
NIFTY 500 - TRI,02-Dec-2020,2967.87
NIFTY 500 - TRI,03-Dec-2020,2976.95
NIFTY 500 - TRI,04-Dec-2020,2979.56
NIFTY 500 - TRI,07-Dec-2020,2961.55
NIFTY 500 - TRI,08-Dec-2020,3016.84
NIFTY 500 - TRI,09-Dec-2020,3029.95
NIFTY 500 - TRI,10-Dec-2020,3029.45
NIFTY 500 - TRI,11-Dec-2020,3026.59
NIFTY 500 - TRI,14-Dec-2020,3100.72
NIFTY 500 - TRI,15-Dec-2020,3104.93
NIFTY 500 - TRI,16-Dec-2020,3095.32
NIFTY 500 - TRI,17-Dec-2020,3093.65
NIFTY 500 - TRI,18-Dec-2020,3092.45
NIFTY 500 - TRI,21-Dec-2020,3128.89
NIFTY 500 - TRI,22-Dec-2020,3196.33
NIFTY 500 - TRI,23-Dec-2020,3190.58
NIFTY 500 - TRI,24-Dec-2020,3147.80
NIFTY 500 - TRI,25-Dec-2020,3140.72
NIFTY 500 - TRI,28-Dec-2020,3157.93
NIFTY 500 - TRI,29-Dec-2020,3190.39
NIFTY 500 - TRI,30-Dec-2020,3218.24
NIFTY 500 - TRI,31-Dec-2020,3258.61
NIFTY 500 - TRI,01-Jan-2021,3287.98
NIFTY 500 - TRI,04-Jan-2021,3285.20
NIFTY 500 - TRI,05-Jan-2021,3261.13
NIFTY 500 - TRI,06-Jan-2021,3303.81
NIFTY 500 - TRI,07-Jan-2021,3299.95
NIFTY 500 - TRI,08-Jan-2021,3299.37
NIFTY 500 - TRI,11-Jan-2021,3313.83
NIFTY 500 - TRI,12-Jan-2021,3312.20
NIFTY 500 - TRI,13-Jan-2021,3318.48
NIFTY 500 - TRI,14-Jan-2021,3289.33
NIFTY 500 - TRI,15-Jan-2021,3284.76
NIFTY 500 - TRI,18-Jan-2021,3205.50
NIFTY 500 - TRI,19-Jan-2021,3173.27
NIFTY 500 - TRI,20-Jan-2021,3184.54
NIFTY 500 - TRI,21-Jan-2021,3105.58
NIFTY 500 - TRI,22-Jan-2021,3131.44
NIFTY 500 - TRI,25-Jan-2021,3143.71
NIFTY 500 - TRI,26-Jan-2021,3164.06
NIFTY 500 - TRI,27-Jan-2021,3201.31
NIFTY 500 - TRI,28-Jan-2021,3200.91
NIFTY 500 - TRI,29-Jan-2021,3225.18
NIFTY 500 - TRI,01-Feb-2021,3231.35
NIFTY 500 - TRI,02-Feb-2021,3254.12
NIFTY 500 - TRI,03-Feb-2021,3265.72
NIFTY 500 - TRI,04-Feb-2021,3253.96
NIFTY 500 - TRI,05-Feb-2021,3214.42
NIFTY 500 - TRI,08-Feb-2021,3221.45
NIFTY 500 - TRI,09-Feb-2021,3213.66
NIFTY 500 - TRI,10-Feb-2021,3205.19
NIFTY 500 - TRI,11-Feb-2021,3192.85
NIFTY 500 - TRI,12-Feb-2021,3238.87
NIFTY 500 - TRI,15-Feb-2021,3260.81
NIFTY 500 - TRI,16-Feb-2021,3309.67
NIFTY 500 - TRI,17-Feb-2021,3311.73
NIFTY 500 - TRI,18-Feb-2021,3310.48
NIFTY 500 - TRI,19-Feb-2021,3271.63
NIFTY 500 - TRI,22-Feb-2021,3283.48
NIFTY 500 - TRI,23-Feb-2021,3208.68
NIFTY 500 - TRI,24-Feb-2021,3198.07
NIFTY 500 - TRI,25-Feb-2021,3191.71
NIFTY 500 - TRI,26-Feb-2021,3177.63
NIFTY 500 - TRI,01-Mar-2021,3152.96
NIFTY 500 - TRI,02-Mar-2021,3180.89
NIFTY 500 - TRI,03-Mar-2021,3195.07
NIFTY 500 - TRI,04-Mar-2021,3207.47
NIFTY 500 - TRI,05-Mar-2021,3133.59
NIFTY 500 - TRI,08-Mar-2021,3169.42
NIFTY 500 - TRI,09-Mar-2021,3173.00
NIFTY 500 - TRI,10-Mar-2021,3156.00
NIFTY 500 - TRI,11-Mar-2021,3169.26
NIFTY 500 - TRI,12-Mar-2021,3178.48
NIFTY 500 - TRI,15-Mar-2021,3179.60
NIFTY 500 - TRI,16-Mar-2021,3206.31
NIFTY 500 - TRI,17-Mar-2021,3193.98
NIFTY 500 - TRI,18-Mar-2021,3149.93
NIFTY 500 - TRI,19-Mar-2021,3134.03
NIFTY 500 - TRI,22-Mar-2021,3092.03
NIFTY 500 - TRI,23-Mar-2021,3094.17
NIFTY 500 - TRI,24-Mar-2021,3070.50
NIFTY 500 - TRI,25-Mar-2021,3036.77
NIFTY 500 - TRI,26-Mar-2021,3060.68
NIFTY 500 - TRI,29-Mar-2021,3057.43
NIFTY 500 - TRI,30-Mar-2021,3071.26
NIFTY 500 - TRI,31-Mar-2021,3060.93
NIFTY 500 - TRI,01-Apr-2021,3123.65
NIFTY 500 - TRI,02-Apr-2021,3139.43
NIFTY 500 - TRI,05-Apr-2021,3143.73
NIFTY 500 - TRI,06-Apr-2021,3149.32
NIFTY 500 - TRI,07-Apr-2021,3159.00
NIFTY 500 - TRI,08-Apr-2021,3183.50
NIFTY 500 - TRI,09-Apr-2021,3156.93
NIFTY 500 - TRI,12-Apr-2021,3086.96
NIFTY 500 - TRI,13-Apr-2021,3080.85
NIFTY 500 - TRI,14-Apr-2021,3083.48
NIFTY 500 - TRI,15-Apr-2021,3096.20
NIFTY 500 - TRI,16-Apr-2021,3142.81
NIFTY 500 - TRI,19-Apr-2021,3184.92
NIFTY 500 - TRI,20-Apr-2021,3233.51
NIFTY 500 - TRI,21-Apr-2021,3246.46
NIFTY 500 - TRI,22-Apr-2021,3236.69
NIFTY 500 - TRI,23-Apr-2021,3220.56
NIFTY 500 - TRI,26-Apr-2021,3249.60
NIFTY 500 - TRI,27-Apr-2021,3291.64
NIFTY 500 - TRI,28-Apr-2021,3292.09
NIFTY 500 - TRI,29-Apr-2021,3363.68
NIFTY 500 - TRI,30-Apr-2021,3387.00
NIFTY 500 - TRI,03-May-2021,3386.64
NIFTY 500 - TRI,04-May-2021,3364.73
NIFTY 500 - TRI,05-May-2021,3362.84
NIFTY 500 - TRI,06-May-2021,3312.94
NIFTY 500 - TRI,07-May-2021,3330.11
NIFTY 500 - TRI,10-May-2021,3355.84
NIFTY 500 - TRI,11-May-2021,3343.80
NIFTY 500 - TRI,12-May-2021,3330.48
NIFTY 500 - TRI,13-May-2021,3358.95
NIFTY 500 - TRI,14-May-2021,3308.31
NIFTY 500 - TRI,17-May-2021,3255.19
NIFTY 500 - TRI,18-May-2021,3230.00
NIFTY 500 - TRI,19-May-2021,3283.40
NIFTY 500 - TRI,20-May-2021,3339.59
NIFTY 500 - TRI,21-May-2021,3305.14
NIFTY 500 - TRI,24-May-2021,3249.46
NIFTY 500 - TRI,25-May-2021,3278.92
NIFTY 500 - TRI,26-May-2021,3306.37
NIFTY 500 - TRI,27-May-2021,3245.89
NIFTY 500 - TRI,28-May-2021,3221.19
NIFTY 500 - TRI,31-May-2021,3228.42
NIFTY 500 - TRI,01-Jun-2021,3286.52
NIFTY 500 - TRI,02-Jun-2021,3316.85
NIFTY 500 - TRI,03-Jun-2021,3293.07
NIFTY 500 - TRI,04-Jun-2021,3282.77
NIFTY 500 - TRI,07-Jun-2021,3284.77
NIFTY 500 - TRI,08-Jun-2021,3320.49
NIFTY 500 - TRI,09-Jun-2021,3264.22
NIFTY 500 - TRI,10-Jun-2021,3301.72
NIFTY 500 - TRI,11-Jun-2021,3296.17
NIFTY 500 - TRI,14-Jun-2021,3301.70
NIFTY 500 - TRI,15-Jun-2021,3239.90
NIFTY 500 - TRI,16-Jun-2021,3256.95
NIFTY 500 - TRI,17-Jun-2021,3256.70
NIFTY 500 - TRI,18-Jun-2021,3267.05
NIFTY 500 - TRI,21-Jun-2021,3308.14
NIFTY 500 - TRI,22-Jun-2021,3289.70
NIFTY 500 - TRI,23-Jun-2021,3274.94
NIFTY 500 - TRI,24-Jun-2021,3304.34
NIFTY 500 - TRI,25-Jun-2021,3336.96
NIFTY 500 - TRI,28-Jun-2021,3327.57
NIFTY 500 - TRI,29-Jun-2021,3293.02
NIFTY 500 - TRI,30-Jun-2021,3300.31
NIFTY 500 - TRI,01-Jul-2021,3265.15
NIFTY 500 - TRI,02-Jul-2021,3299.53
NIFTY 500 - TRI,05-Jul-2021,3264.91
NIFTY 500 - TRI,06-Jul-2021,3296.01
NIFTY 500 - TRI,07-Jul-2021,3298.40
NIFTY 500 - TRI,08-Jul-2021,3302.83
NIFTY 500 - TRI,09-Jul-2021,3308.33
NIFTY 500 - TRI,12-Jul-2021,3306.27
NIFTY 500 - TRI,13-Jul-2021,3356.38
NIFTY 500 - TRI,14-Jul-2021,3333.43
NIFTY 500 - TRI,15-Jul-2021,3319.38
NIFTY 500 - TRI,16-Jul-2021,3346.90
NIFTY 500 - TRI,19-Jul-2021,3347.25
NIFTY 500 - TRI,20-Jul-2021,3358.22
NIFTY 500 - TRI,21-Jul-2021,3359.31
NIFTY 500 - TRI,22-Jul-2021,3345.20
NIFTY 500 - TRI,23-Jul-2021,3389.94
NIFTY 500 - TRI,26-Jul-2021,3418.68
NIFTY 500 - TRI,27-Jul-2021,3441.70
NIFTY 500 - TRI,28-Jul-2021,3372.18
NIFTY 500 - TRI,29-Jul-2021,3366.46
NIFTY 500 - TRI,30-Jul-2021,3379.15
NIFTY 500 - TRI,02-Aug-2021,3320.76
NIFTY 500 - TRI,03-Aug-2021,3345.61
NIFTY 500 - TRI,04-Aug-2021,3390.37
NIFTY 500 - TRI,05-Aug-2021,3424.77
NIFTY 500 - TRI,06-Aug-2021,3402.10
NIFTY 500 - TRI,09-Aug-2021,3402.87
NIFTY 500 - TRI,10-Aug-2021,3379.80
NIFTY 500 - TRI,11-Aug-2021,3394.97
NIFTY 500 - TRI,12-Aug-2021,3407.55
NIFTY 500 - TRI,13-Aug-2021,3448.30
NIFTY 500 - TRI,16-Aug-2021,3518.87
NIFTY 500 - TRI,17-Aug-2021,3462.36
NIFTY 500 - TRI,18-Aug-2021,3465.72
NIFTY 500 - TRI,19-Aug-2021,3452.98
NIFTY 500 - TRI,20-Aug-2021,3406.67
NIFTY 500 - TRI,23-Aug-2021,3450.98
NIFTY 500 - TRI,24-Aug-2021,3503.33
NIFTY 500 - TRI,25-Aug-2021,3506.24
NIFTY 500 - TRI,26-Aug-2021,3494.93
NIFTY 500 - TRI,27-Aug-2021,3506.45
NIFTY 500 - TRI,30-Aug-2021,3515.27
NIFTY 500 - TRI,31-Aug-2021,3551.70
NIFTY 500 - TRI,01-Sep-2021,3506.04
NIFTY 500 - TRI,02-Sep-2021,3496.30
NIFTY 500 - TRI,03-Sep-2021,3568.78
NIFTY 500 - TRI,06-Sep-2021,3600.90
NIFTY 500 - TRI,07-Sep-2021,3579.58
NIFTY 500 - TRI,08-Sep-2021,3575.27
NIFTY 500 - TRI,09-Sep-2021,3582.89
NIFTY 500 - TRI,10-Sep-2021,3605.22
NIFTY 500 - TRI,13-Sep-2021,3632.13
NIFTY 500 - TRI,14-Sep-2021,3630.16
NIFTY 500 - TRI,15-Sep-2021,3635.82
NIFTY 500 - TRI,16-Sep-2021,3635.31
NIFTY 500 - TRI,17-Sep-2021,3668.48
NIFTY 500 - TRI,20-Sep-2021,3663.27
NIFTY 500 - TRI,21-Sep-2021,3647.49
NIFTY 500 - TRI,22-Sep-2021,3666.01
NIFTY 500 - TRI,23-Sep-2021,3683.38
NIFTY 500 - TRI,24-Sep-2021,3753.30
NIFTY 500 - TRI,27-Sep-2021,3737.29
NIFTY 500 - TRI,28-Sep-2021,3728.13
NIFTY 500 - TRI,29-Sep-2021,3705.30
NIFTY 500 - TRI,30-Sep-2021,3690.17
NIFTY 500 - TRI,01-Oct-2021,3685.98
NIFTY 500 - TRI,04-Oct-2021,3709.72
NIFTY 500 - TRI,05-Oct-2021,3757.60
NIFTY 500 - TRI,06-Oct-2021,3729.39
NIFTY 500 - TRI,07-Oct-2021,3746.48
NIFTY 500 - TRI,08-Oct-2021,3771.03
NIFTY 500 - TRI,11-Oct-2021,3731.34
NIFTY 500 - TRI,12-Oct-2021,3713.80
NIFTY 500 - TRI,13-Oct-2021,3725.43
NIFTY 500 - TRI,14-Oct-2021,3727.58
NIFTY 500 - TRI,15-Oct-2021,3709.33
NIFTY 500 - TRI,18-Oct-2021,3716.96
NIFTY 500 - TRI,19-Oct-2021,3720.21
NIFTY 500 - TRI,20-Oct-2021,3731.69
NIFTY 500 - TRI,21-Oct-2021,3704.82
NIFTY 500 - TRI,22-Oct-2021,3723.27
NIFTY 500 - TRI,25-Oct-2021,3681.72
NIFTY 500 - TRI,26-Oct-2021,3661.14
NIFTY 500 - TRI,27-Oct-2021,3587.87
NIFTY 500 - TRI,28-Oct-2021,3562.25
NIFTY 500 - TRI,29-Oct-2021,3556.67
NIFTY 500 - TRI,01-Nov-2021,3508.49
NIFTY 500 - TRI,02-Nov-2021,3528.29
NIFTY 500 - TRI,03-Nov-2021,3506.88
NIFTY 500 - TRI,04-Nov-2021,3474.71
NIFTY 500 - TRI,05-Nov-2021,3480.05
NIFTY 500 - TRI,08-Nov-2021,3458.73
NIFTY 500 - TRI,09-Nov-2021,3417.06
NIFTY 500 - TRI,10-Nov-2021,3417.18
NIFTY 500 - TRI,11-Nov-2021,3411.37
NIFTY 500 - TRI,12-Nov-2021,3413.49
NIFTY 500 - TRI,15-Nov-2021,3430.61
NIFTY 500 - TRI,16-Nov-2021,3427.11
NIFTY 500 - TRI,17-Nov-2021,3407.45
NIFTY 500 - TRI,18-Nov-2021,3384.27
NIFTY 500 - TRI,19-Nov-2021,3400.51
NIFTY 500 - TRI,22-Nov-2021,3397.66
NIFTY 500 - TRI,23-Nov-2021,3400.17
NIFTY 500 - TRI,24-Nov-2021,3401.63
NIFTY 500 - TRI,25-Nov-2021,3396.81
NIFTY 500 - TRI,26-Nov-2021,3488.46
NIFTY 500 - TRI,29-Nov-2021,3510.93
NIFTY 500 - TRI,30-Nov-2021,3460.06
NIFTY 500 - TRI,01-Dec-2021,3454.42
NIFTY 500 - TRI,02-Dec-2021,3536.92
NIFTY 500 - TRI,03-Dec-2021,3543.20
NIFTY 500 - TRI,06-Dec-2021,3548.39
NIFTY 500 - TRI,07-Dec-2021,3582.98
NIFTY 500 - TRI,08-Dec-2021,3576.03
NIFTY 500 - TRI,09-Dec-2021,3607.44
NIFTY 500 - TRI,10-Dec-2021,3654.30
NIFTY 500 - TRI,13-Dec-2021,3672.26
NIFTY 500 - TRI,14-Dec-2021,3670.93
NIFTY 500 - TRI,15-Dec-2021,3731.29
NIFTY 500 - TRI,16-Dec-2021,3700.01
NIFTY 500 - TRI,17-Dec-2021,3660.06
NIFTY 500 - TRI,20-Dec-2021,3613.30
NIFTY 500 - TRI,21-Dec-2021,3624.53
NIFTY 500 - TRI,22-Dec-2021,3616.95
NIFTY 500 - TRI,23-Dec-2021,3640.04
NIFTY 500 - TRI,24-Dec-2021,3615.60
NIFTY 500 - TRI,27-Dec-2021,3683.44
NIFTY 500 - TRI,28-Dec-2021,3723.76
NIFTY 500 - TRI,29-Dec-2021,3663.81
NIFTY 500 - TRI,30-Dec-2021,3717.29
NIFTY 500 - TRI,31-Dec-2021,3697.62
NIFTY 500 - TRI,03-Jan-2022,3719.65
NIFTY 500 - TRI,04-Jan-2022,3695.65
NIFTY 500 - TRI,05-Jan-2022,3730.07
NIFTY 500 - TRI,06-Jan-2022,3664.56
NIFTY 500 - TRI,07-Jan-2022,3713.60
NIFTY 500 - TRI,10-Jan-2022,3725.73
NIFTY 500 - TRI,11-Jan-2022,3711.88
NIFTY 500 - TRI,12-Jan-2022,3734.54
NIFTY 500 - TRI,13-Jan-2022,3723.13
NIFTY 500 - TRI,14-Jan-2022,3686.44
NIFTY 500 - TRI,17-Jan-2022,3659.87
NIFTY 500 - TRI,18-Jan-2022,3635.70
NIFTY 500 - TRI,19-Jan-2022,3660.85
NIFTY 500 - TRI,20-Jan-2022,3716.97
NIFTY 500 - TRI,21-Jan-2022,3662.89
NIFTY 500 - TRI,24-Jan-2022,3646.39
NIFTY 500 - TRI,25-Jan-2022,3680.18
NIFTY 500 - TRI,26-Jan-2022,3689.72
NIFTY 500 - TRI,27-Jan-2022,3682.00
NIFTY 500 - TRI,28-Jan-2022,3663.40
NIFTY 500 - TRI,31-Jan-2022,3693.16
NIFTY 500 - TRI,01-Feb-2022,3689.35
NIFTY 500 - TRI,02-Feb-2022,3641.05
NIFTY 500 - TRI,03-Feb-2022,3665.57
NIFTY 500 - TRI,04-Feb-2022,3649.76
NIFTY 500 - TRI,07-Feb-2022,3644.13
NIFTY 500 - TRI,08-Feb-2022,3615.57
NIFTY 500 - TRI,09-Feb-2022,3660.89
NIFTY 500 - TRI,10-Feb-2022,3708.28
NIFTY 500 - TRI,11-Feb-2022,3666.58
NIFTY 500 - TRI,14-Feb-2022,3671.76
NIFTY 500 - TRI,15-Feb-2022,3655.84
NIFTY 500 - TRI,16-Feb-2022,3632.11
NIFTY 500 - TRI,17-Feb-2022,3583.50
NIFTY 500 - TRI,18-Feb-2022,3569.85
NIFTY 500 - TRI,21-Feb-2022,3570.84
NIFTY 500 - TRI,22-Feb-2022,3584.87
NIFTY 500 - TRI,23-Feb-2022,3596.55
NIFTY 500 - TRI,24-Feb-2022,3617.15
NIFTY 500 - TRI,25-Feb-2022,3618.23
NIFTY 500 - TRI,28-Feb-2022,3673.43
NIFTY 500 - TRI,01-Mar-2022,3672.13
NIFTY 500 - TRI,02-Mar-2022,3671.53
NIFTY 500 - TRI,03-Mar-2022,3671.93
NIFTY 500 - TRI,04-Mar-2022,3682.54
NIFTY 500 - TRI,07-Mar-2022,3649.92
NIFTY 500 - TRI,08-Mar-2022,3659.23
NIFTY 500 - TRI,09-Mar-2022,3655.07
NIFTY 500 - TRI,10-Mar-2022,3674.63
NIFTY 500 - TRI,11-Mar-2022,3700.39
NIFTY 500 - TRI,14-Mar-2022,3757.93
NIFTY 500 - TRI,15-Mar-2022,3774.77
NIFTY 500 - TRI,16-Mar-2022,3807.15
NIFTY 500 - TRI,17-Mar-2022,3842.43
NIFTY 500 - TRI,18-Mar-2022,3832.82
NIFTY 500 - TRI,21-Mar-2022,3818.46
NIFTY 500 - TRI,22-Mar-2022,3872.90
NIFTY 500 - TRI,23-Mar-2022,3901.57
NIFTY 500 - TRI,24-Mar-2022,3947.31
NIFTY 500 - TRI,25-Mar-2022,3972.09
NIFTY 500 - TRI,28-Mar-2022,3947.73
NIFTY 500 - TRI,29-Mar-2022,3872.76
NIFTY 500 - TRI,30-Mar-2022,3877.52
NIFTY 500 - TRI,31-Mar-2022,3902.19
NIFTY 500 - TRI,01-Apr-2022,3922.45
NIFTY 500 - TRI,04-Apr-2022,3917.94
NIFTY 500 - TRI,05-Apr-2022,3874.00
NIFTY 500 - TRI,06-Apr-2022,3911.14
NIFTY 500 - TRI,07-Apr-2022,3927.35
NIFTY 500 - TRI,08-Apr-2022,3901.25
NIFTY 500 - TRI,11-Apr-2022,3898.21
NIFTY 500 - TRI,12-Apr-2022,3872.21
NIFTY 500 - TRI,13-Apr-2022,3821.54
NIFTY 500 - TRI,14-Apr-2022,3909.21
NIFTY 500 - TRI,15-Apr-2022,3933.82
NIFTY 500 - TRI,18-Apr-2022,3900.89
NIFTY 500 - TRI,19-Apr-2022,3869.22
NIFTY 500 - TRI,20-Apr-2022,3882.95
NIFTY 500 - TRI,21-Apr-2022,3936.43
NIFTY 500 - TRI,22-Apr-2022,3970.21
NIFTY 500 - TRI,25-Apr-2022,4049.46
NIFTY 500 - TRI,26-Apr-2022,4001.97
NIFTY 500 - TRI,27-Apr-2022,4078.98
NIFTY 500 - TRI,28-Apr-2022,4158.38
NIFTY 500 - TRI,29-Apr-2022,4131.00
NIFTY 500 - TRI,02-May-2022,4053.61
NIFTY 500 - TRI,03-May-2022,4018.22
NIFTY 500 - TRI,04-May-2022,4008.29
NIFTY 500 - TRI,05-May-2022,3953.10
NIFTY 500 - TRI,06-May-2022,3951.81
NIFTY 500 - TRI,09-May-2022,3900.19
NIFTY 500 - TRI,10-May-2022,3914.08
NIFTY 500 - TRI,11-May-2022,3847.29
NIFTY 500 - TRI,12-May-2022,3888.58
NIFTY 500 - TRI,13-May-2022,3857.96
NIFTY 500 - TRI,16-May-2022,3832.22
NIFTY 500 - TRI,17-May-2022,3799.46
NIFTY 500 - TRI,18-May-2022,3852.96
NIFTY 500 - TRI,19-May-2022,3856.24
NIFTY 500 - TRI,20-May-2022,3846.55
NIFTY 500 - TRI,23-May-2022,3830.45
NIFTY 500 - TRI,24-May-2022,3842.57
NIFTY 500 - TRI,25-May-2022,3849.25
NIFTY 500 - TRI,26-May-2022,3864.85
NIFTY 500 - TRI,27-May-2022,3814.50
NIFTY 500 - TRI,30-May-2022,3854.10
NIFTY 500 - TRI,31-May-2022,3856.34
NIFTY 500 - TRI,01-Jun-2022,3855.43
NIFTY 500 - TRI,02-Jun-2022,3854.50
NIFTY 500 - TRI,03-Jun-2022,3804.88
NIFTY 500 - TRI,06-Jun-2022,3805.84
NIFTY 500 - TRI,07-Jun-2022,3773.78
NIFTY 500 - TRI,08-Jun-2022,3767.15
NIFTY 500 - TRI,09-Jun-2022,3780.35
NIFTY 500 - TRI,10-Jun-2022,3822.38
NIFTY 500 - TRI,13-Jun-2022,3846.26
NIFTY 500 - TRI,14-Jun-2022,3884.94
NIFTY 500 - TRI,15-Jun-2022,3885.60
NIFTY 500 - TRI,16-Jun-2022,3837.70
NIFTY 500 - TRI,17-Jun-2022,3799.90
NIFTY 500 - TRI,20-Jun-2022,3814.57
NIFTY 500 - TRI,21-Jun-2022,3838.15
NIFTY 500 - TRI,22-Jun-2022,3853.11
NIFTY 500 - TRI,23-Jun-2022,3898.40
NIFTY 500 - TRI,24-Jun-2022,3865.97
NIFTY 500 - TRI,27-Jun-2022,3854.44
NIFTY 500 - TRI,28-Jun-2022,3862.64
NIFTY 500 - TRI,29-Jun-2022,3852.24
NIFTY 500 - TRI,30-Jun-2022,3845.62
NIFTY 500 - TRI,01-Jul-2022,3882.32
NIFTY 500 - TRI,04-Jul-2022,3913.28
NIFTY 500 - TRI,05-Jul-2022,3908.20
NIFTY 500 - TRI,06-Jul-2022,3900.78
NIFTY 500 - TRI,07-Jul-2022,3952.16
NIFTY 500 - TRI,08-Jul-2022,3959.31
NIFTY 500 - TRI,11-Jul-2022,4016.53
NIFTY 500 - TRI,12-Jul-2022,3989.32
NIFTY 500 - TRI,13-Jul-2022,3992.61
NIFTY 500 - TRI,14-Jul-2022,4053.36
NIFTY 500 - TRI,15-Jul-2022,4045.03
NIFTY 500 - TRI,18-Jul-2022,4035.75
NIFTY 500 - TRI,19-Jul-2022,3989.90
NIFTY 500 - TRI,20-Jul-2022,3973.82
NIFTY 500 - TRI,21-Jul-2022,3990.83
NIFTY 500 - TRI,22-Jul-2022,4000.31
NIFTY 500 - TRI,25-Jul-2022,4007.78
NIFTY 500 - TRI,26-Jul-2022,3952.28
NIFTY 500 - TRI,27-Jul-2022,3855.99
NIFTY 500 - TRI,28-Jul-2022,3870.17
NIFTY 500 - TRI,29-Jul-2022,3869.82
NIFTY 500 - TRI,01-Aug-2022,3860.50
NIFTY 500 - TRI,02-Aug-2022,3888.27
NIFTY 500 - TRI,03-Aug-2022,3889.78
NIFTY 500 - TRI,04-Aug-2022,3942.35
NIFTY 500 - TRI,05-Aug-2022,4049.12
NIFTY 500 - TRI,08-Aug-2022,4108.00
NIFTY 500 - TRI,09-Aug-2022,4090.36
NIFTY 500 - TRI,10-Aug-2022,4066.44
NIFTY 500 - TRI,11-Aug-2022,4072.13
NIFTY 500 - TRI,12-Aug-2022,4000.00
NIFTY 500 - TRI,15-Aug-2022,3984.25
NIFTY 500 - TRI,16-Aug-2022,3987.44
NIFTY 500 - TRI,17-Aug-2022,3988.43
NIFTY 500 - TRI,18-Aug-2022,4058.68
NIFTY 500 - TRI,19-Aug-2022,3997.51
NIFTY 500 - TRI,22-Aug-2022,3996.09
NIFTY 500 - TRI,23-Aug-2022,3996.06
NIFTY 500 - TRI,24-Aug-2022,4005.64
NIFTY 500 - TRI,25-Aug-2022,3941.69
NIFTY 500 - TRI,26-Aug-2022,3968.99
NIFTY 500 - TRI,29-Aug-2022,3946.63
NIFTY 500 - TRI,30-Aug-2022,4019.03
NIFTY 500 - TRI,31-Aug-2022,3981.07
NIFTY 500 - TRI,01-Sep-2022,3986.77
NIFTY 500 - TRI,02-Sep-2022,3990.84
NIFTY 500 - TRI,05-Sep-2022,4002.03
NIFTY 500 - TRI,06-Sep-2022,4066.93
NIFTY 500 - TRI,07-Sep-2022,4154.05
NIFTY 500 - TRI,08-Sep-2022,4177.24
NIFTY 500 - TRI,09-Sep-2022,4135.84
NIFTY 500 - TRI,12-Sep-2022,4103.77
NIFTY 500 - TRI,13-Sep-2022,4134.58
NIFTY 500 - TRI,14-Sep-2022,4163.00
NIFTY 500 - TRI,15-Sep-2022,4150.82
NIFTY 500 - TRI,16-Sep-2022,4148.36
NIFTY 500 - TRI,19-Sep-2022,4156.59
NIFTY 500 - TRI,20-Sep-2022,4148.04
NIFTY 500 - TRI,21-Sep-2022,4110.69
NIFTY 500 - TRI,22-Sep-2022,4100.74
NIFTY 500 - TRI,23-Sep-2022,4079.04
NIFTY 500 - TRI,26-Sep-2022,4068.09
NIFTY 500 - TRI,27-Sep-2022,4118.95
NIFTY 500 - TRI,28-Sep-2022,4099.22
NIFTY 500 - TRI,29-Sep-2022,4040.43
NIFTY 500 - TRI,30-Sep-2022,4003.70
NIFTY 500 - TRI,03-Oct-2022,3971.10
NIFTY 500 - TRI,04-Oct-2022,3902.98
NIFTY 500 - TRI,05-Oct-2022,3847.43
NIFTY 500 - TRI,06-Oct-2022,3839.76
NIFTY 500 - TRI,07-Oct-2022,3845.72
NIFTY 500 - TRI,10-Oct-2022,3868.31
NIFTY 500 - TRI,11-Oct-2022,3869.51
NIFTY 500 - TRI,12-Oct-2022,3860.92
NIFTY 500 - TRI,13-Oct-2022,3891.19
NIFTY 500 - TRI,14-Oct-2022,3870.62
NIFTY 500 - TRI,17-Oct-2022,3945.85
NIFTY 500 - TRI,18-Oct-2022,3962.42
NIFTY 500 - TRI,19-Oct-2022,3992.60
NIFTY 500 - TRI,20-Oct-2022,3997.38
NIFTY 500 - TRI,21-Oct-2022,3958.31
NIFTY 500 - TRI,24-Oct-2022,3954.15
NIFTY 500 - TRI,25-Oct-2022,3926.80
NIFTY 500 - TRI,26-Oct-2022,3896.60
NIFTY 500 - TRI,27-Oct-2022,3886.37
NIFTY 500 - TRI,28-Oct-2022,3867.74
NIFTY 500 - TRI,31-Oct-2022,3857.91
NIFTY 500 - TRI,01-Nov-2022,3874.64
NIFTY 500 - TRI,02-Nov-2022,3916.54
NIFTY 500 - TRI,03-Nov-2022,3829.11
NIFTY 500 - TRI,04-Nov-2022,3886.21
NIFTY 500 - TRI,07-Nov-2022,3830.95
NIFTY 500 - TRI,08-Nov-2022,3844.69
NIFTY 500 - TRI,09-Nov-2022,3827.40
NIFTY 500 - TRI,10-Nov-2022,3791.02
NIFTY 500 - TRI,11-Nov-2022,3781.36
NIFTY 500 - TRI,14-Nov-2022,3753.87
NIFTY 500 - TRI,15-Nov-2022,3757.34
NIFTY 500 - TRI,16-Nov-2022,3771.15
NIFTY 500 - TRI,17-Nov-2022,3726.22
NIFTY 500 - TRI,18-Nov-2022,3794.12
NIFTY 500 - TRI,21-Nov-2022,3740.10
NIFTY 500 - TRI,22-Nov-2022,3780.21
NIFTY 500 - TRI,23-Nov-2022,3752.85
NIFTY 500 - TRI,24-Nov-2022,3738.09
NIFTY 500 - TRI,25-Nov-2022,3671.92
NIFTY 500 - TRI,28-Nov-2022,3708.49
NIFTY 500 - TRI,29-Nov-2022,3635.23
NIFTY 500 - TRI,30-Nov-2022,3637.79
NIFTY 500 - TRI,01-Dec-2022,3681.67
NIFTY 500 - TRI,02-Dec-2022,3732.31
NIFTY 500 - TRI,05-Dec-2022,3724.64
NIFTY 500 - TRI,06-Dec-2022,3666.32
NIFTY 500 - TRI,07-Dec-2022,3633.93
NIFTY 500 - TRI,08-Dec-2022,3573.32
NIFTY 500 - TRI,09-Dec-2022,3576.97
NIFTY 500 - TRI,12-Dec-2022,3536.68
NIFTY 500 - TRI,13-Dec-2022,3520.78
NIFTY 500 - TRI,14-Dec-2022,3564.14
NIFTY 500 - TRI,15-Dec-2022,3544.75
NIFTY 500 - TRI,16-Dec-2022,3605.17
NIFTY 500 - TRI,19-Dec-2022,3550.22
NIFTY 500 - TRI,20-Dec-2022,3581.63
NIFTY 500 - TRI,21-Dec-2022,3533.48
NIFTY 500 - TRI,22-Dec-2022,3514.54
NIFTY 500 - TRI,23-Dec-2022,3491.84
NIFTY 500 - TRI,26-Dec-2022,3449.62
NIFTY 500 - TRI,27-Dec-2022,3494.10
NIFTY 500 - TRI,28-Dec-2022,3545.40
NIFTY 500 - TRI,29-Dec-2022,3532.74
NIFTY 500 - TRI,30-Dec-2022,3556.62
NIFTY 500 - TRI,02-Jan-2023,3508.60
NIFTY 500 - TRI,03-Jan-2023,3582.66
NIFTY 500 - TRI,04-Jan-2023,3594.10
NIFTY 500 - TRI,05-Jan-2023,3570.89
NIFTY 500 - TRI,06-Jan-2023,3558.92
NIFTY 500 - TRI,09-Jan-2023,3562.04
NIFTY 500 - TRI,10-Jan-2023,3547.17
NIFTY 500 - TRI,11-Jan-2023,3632.69
NIFTY 500 - TRI,12-Jan-2023,3679.36
NIFTY 500 - TRI,13-Jan-2023,3705.07
NIFTY 500 - TRI,16-Jan-2023,3678.13
NIFTY 500 - TRI,17-Jan-2023,3664.75
NIFTY 500 - TRI,18-Jan-2023,3651.59
NIFTY 500 - TRI,19-Jan-2023,3665.48
NIFTY 500 - TRI,20-Jan-2023,3672.58
NIFTY 500 - TRI,23-Jan-2023,3704.92
NIFTY 500 - TRI,24-Jan-2023,3752.95
NIFTY 500 - TRI,25-Jan-2023,3776.43
NIFTY 500 - TRI,26-Jan-2023,3755.96
NIFTY 500 - TRI,27-Jan-2023,3768.68
NIFTY 500 - TRI,30-Jan-2023,3758.13
NIFTY 500 - TRI,31-Jan-2023,3767.91
NIFTY 500 - TRI,01-Feb-2023,3763.57
NIFTY 500 - TRI,02-Feb-2023,3786.69
NIFTY 500 - TRI,03-Feb-2023,3820.68
NIFTY 500 - TRI,06-Feb-2023,3856.63
NIFTY 500 - TRI,07-Feb-2023,3891.79
NIFTY 500 - TRI,08-Feb-2023,3928.90
NIFTY 500 - TRI,09-Feb-2023,3951.75
NIFTY 500 - TRI,10-Feb-2023,4000.47
NIFTY 500 - TRI,13-Feb-2023,3967.25
NIFTY 500 - TRI,14-Feb-2023,4008.32
NIFTY 500 - TRI,15-Feb-2023,4000.25
NIFTY 500 - TRI,16-Feb-2023,3969.94
NIFTY 500 - TRI,17-Feb-2023,3972.10
NIFTY 500 - TRI,20-Feb-2023,4015.61
NIFTY 500 - TRI,21-Feb-2023,4065.90
NIFTY 500 - TRI,22-Feb-2023,4029.09
NIFTY 500 - TRI,23-Feb-2023,4011.61
NIFTY 500 - TRI,24-Feb-2023,4010.53
NIFTY 500 - TRI,27-Feb-2023,3965.19
NIFTY 500 - TRI,28-Feb-2023,3972.51
NIFTY 500 - TRI,01-Mar-2023,4004.31
NIFTY 500 - TRI,02-Mar-2023,3987.59
NIFTY 500 - TRI,03-Mar-2023,4052.77
NIFTY 500 - TRI,06-Mar-2023,4074.67
NIFTY 500 - TRI,07-Mar-2023,4085.97
NIFTY 500 - TRI,08-Mar-2023,4022.96
NIFTY 500 - TRI,09-Mar-2023,3998.34
NIFTY 500 - TRI,10-Mar-2023,4007.96
NIFTY 500 - TRI,13-Mar-2023,3967.11
NIFTY 500 - TRI,14-Mar-2023,3978.77
NIFTY 500 - TRI,15-Mar-2023,3970.15
NIFTY 500 - TRI,16-Mar-2023,3931.36
NIFTY 500 - TRI,17-Mar-2023,3962.33
NIFTY 500 - TRI,20-Mar-2023,3939.07
NIFTY 500 - TRI,21-Mar-2023,3973.50
NIFTY 500 - TRI,22-Mar-2023,3993.30
NIFTY 500 - TRI,23-Mar-2023,3995.26
NIFTY 500 - TRI,24-Mar-2023,3987.82
NIFTY 500 - TRI,27-Mar-2023,4009.43
NIFTY 500 - TRI,28-Mar-2023,3982.11
NIFTY 500 - TRI,29-Mar-2023,3969.27
NIFTY 500 - TRI,30-Mar-2023,3924.88
NIFTY 500 - TRI,31-Mar-2023,3962.33
NIFTY 500 - TRI,03-Apr-2023,3970.51
NIFTY 500 - TRI,04-Apr-2023,3932.61
NIFTY 500 - TRI,05-Apr-2023,3921.67
NIFTY 500 - TRI,06-Apr-2023,3893.24
NIFTY 500 - TRI,07-Apr-2023,3865.75
NIFTY 500 - TRI,10-Apr-2023,3883.61
NIFTY 500 - TRI,11-Apr-2023,3909.72
NIFTY 500 - TRI,12-Apr-2023,3961.96
NIFTY 500 - TRI,13-Apr-2023,3969.59
NIFTY 500 - TRI,14-Apr-2023,4026.97
NIFTY 500 - TRI,17-Apr-2023,4013.49
NIFTY 500 - TRI,18-Apr-2023,3947.84
NIFTY 500 - TRI,19-Apr-2023,3981.00
NIFTY 500 - TRI,20-Apr-2023,3974.37
NIFTY 500 - TRI,21-Apr-2023,3916.55
NIFTY 500 - TRI,24-Apr-2023,3960.26
NIFTY 500 - TRI,25-Apr-2023,3977.14
NIFTY 500 - TRI,26-Apr-2023,3998.40
NIFTY 500 - TRI,27-Apr-2023,4061.58
NIFTY 500 - TRI,28-Apr-2023,4175.09
NIFTY 500 - TRI,01-May-2023,4109.19
NIFTY 500 - TRI,02-May-2023,4149.88
NIFTY 500 - TRI,03-May-2023,4142.58
NIFTY 500 - TRI,04-May-2023,4162.53
NIFTY 500 - TRI,05-May-2023,4124.62
NIFTY 500 - TRI,08-May-2023,4139.88
NIFTY 500 - TRI,09-May-2023,4139.42
NIFTY 500 - TRI,10-May-2023,4179.54
NIFTY 500 - TRI,11-May-2023,4124.20
NIFTY 500 - TRI,12-May-2023,4091.12
NIFTY 500 - TRI,15-May-2023,4159.90
NIFTY 500 - TRI,16-May-2023,4134.02
NIFTY 500 - TRI,17-May-2023,4125.24
NIFTY 500 - TRI,18-May-2023,4096.66
NIFTY 500 - TRI,19-May-2023,4104.64
NIFTY 500 - TRI,22-May-2023,4037.00
NIFTY 500 - TRI,23-May-2023,4059.20
NIFTY 500 - TRI,24-May-2023,4116.23
NIFTY 500 - TRI,25-May-2023,4107.68
NIFTY 500 - TRI,26-May-2023,4155.95
NIFTY 500 - TRI,29-May-2023,4157.25
NIFTY 500 - TRI,30-May-2023,4164.35
NIFTY 500 - TRI,31-May-2023,4224.96
NIFTY 500 - TRI,01-Jun-2023,4251.58
NIFTY 500 - TRI,02-Jun-2023,4280.66
NIFTY 500 - TRI,05-Jun-2023,4249.56
NIFTY 500 - TRI,06-Jun-2023,4249.68
NIFTY 500 - TRI,07-Jun-2023,4230.32
NIFTY 500 - TRI,08-Jun-2023,4138.14
NIFTY 500 - TRI,09-Jun-2023,4176.63
NIFTY 500 - TRI,12-Jun-2023,4120.18
NIFTY 500 - TRI,13-Jun-2023,4209.69
NIFTY 500 - TRI,14-Jun-2023,4231.04
NIFTY 500 - TRI,15-Jun-2023,4200.43
NIFTY 500 - TRI,16-Jun-2023,4218.11
NIFTY 500 - TRI,19-Jun-2023,4275.99
NIFTY 500 - TRI,20-Jun-2023,4304.56
NIFTY 500 - TRI,21-Jun-2023,4290.72
NIFTY 500 - TRI,22-Jun-2023,4290.32
NIFTY 500 - TRI,23-Jun-2023,4305.22
NIFTY 500 - TRI,26-Jun-2023,4326.01
NIFTY 500 - TRI,27-Jun-2023,4339.18
NIFTY 500 - TRI,28-Jun-2023,4354.70
NIFTY 500 - TRI,29-Jun-2023,4278.32
NIFTY 500 - TRI,30-Jun-2023,4289.38
NIFTY 500 - TRI,03-Jul-2023,4325.97
NIFTY 500 - TRI,04-Jul-2023,4408.02
NIFTY 500 - TRI,05-Jul-2023,4391.02
NIFTY 500 - TRI,06-Jul-2023,4331.63
NIFTY 500 - TRI,07-Jul-2023,4334.72
NIFTY 500 - TRI,10-Jul-2023,4302.95
NIFTY 500 - TRI,11-Jul-2023,4309.41
NIFTY 500 - TRI,12-Jul-2023,4326.72
NIFTY 500 - TRI,13-Jul-2023,4390.66
NIFTY 500 - TRI,14-Jul-2023,4429.00
NIFTY 500 - TRI,17-Jul-2023,4444.86
NIFTY 500 - TRI,18-Jul-2023,4475.68
NIFTY 500 - TRI,19-Jul-2023,4539.41
NIFTY 500 - TRI,20-Jul-2023,4436.49
NIFTY 500 - TRI,21-Jul-2023,4368.08
NIFTY 500 - TRI,24-Jul-2023,4409.56
NIFTY 500 - TRI,25-Jul-2023,4453.87
NIFTY 500 - TRI,26-Jul-2023,4469.53
NIFTY 500 - TRI,27-Jul-2023,4414.29
NIFTY 500 - TRI,28-Jul-2023,4484.52
NIFTY 500 - TRI,31-Jul-2023,4449.85
NIFTY 500 - TRI,01-Aug-2023,4418.92
NIFTY 500 - TRI,02-Aug-2023,4464.69
NIFTY 500 - TRI,03-Aug-2023,4515.72
NIFTY 500 - TRI,04-Aug-2023,4470.29
NIFTY 500 - TRI,07-Aug-2023,4494.69
NIFTY 500 - TRI,08-Aug-2023,4534.53
NIFTY 500 - TRI,09-Aug-2023,4557.85
NIFTY 500 - TRI,10-Aug-2023,4558.44
NIFTY 500 - TRI,11-Aug-2023,4585.98
NIFTY 500 - TRI,14-Aug-2023,4599.87
NIFTY 500 - TRI,15-Aug-2023,4651.98
NIFTY 500 - TRI,16-Aug-2023,4603.33
NIFTY 500 - TRI,17-Aug-2023,4486.56
NIFTY 500 - TRI,18-Aug-2023,4483.97
NIFTY 500 - TRI,21-Aug-2023,4525.20
NIFTY 500 - TRI,22-Aug-2023,4485.58
NIFTY 500 - TRI,23-Aug-2023,4474.65
NIFTY 500 - TRI,24-Aug-2023,4487.21
NIFTY 500 - TRI,25-Aug-2023,4458.56
NIFTY 500 - TRI,28-Aug-2023,4538.38
NIFTY 500 - TRI,29-Aug-2023,4447.96
NIFTY 500 - TRI,30-Aug-2023,4494.55
NIFTY 500 - TRI,31-Aug-2023,4495.94
NIFTY 500 - TRI,01-Sep-2023,4559.01
NIFTY 500 - TRI,04-Sep-2023,4536.29
NIFTY 500 - TRI,05-Sep-2023,4579.67
NIFTY 500 - TRI,06-Sep-2023,4601.36
NIFTY 500 - TRI,07-Sep-2023,4573.13
NIFTY 500 - TRI,08-Sep-2023,4598.57
NIFTY 500 - TRI,11-Sep-2023,4584.91
NIFTY 500 - TRI,12-Sep-2023,4630.58
NIFTY 500 - TRI,13-Sep-2023,4654.09
NIFTY 500 - TRI,14-Sep-2023,4705.52
NIFTY 500 - TRI,15-Sep-2023,4686.79
NIFTY 500 - TRI,18-Sep-2023,4779.58
NIFTY 500 - TRI,19-Sep-2023,4773.25
NIFTY 500 - TRI,20-Sep-2023,4786.15
NIFTY 500 - TRI,21-Sep-2023,4875.39
NIFTY 500 - TRI,22-Sep-2023,4834.97
NIFTY 500 - TRI,25-Sep-2023,4861.27
NIFTY 500 - TRI,26-Sep-2023,4884.99
NIFTY 500 - TRI,27-Sep-2023,4865.21
NIFTY 500 - TRI,28-Sep-2023,4857.85
NIFTY 500 - TRI,29-Sep-2023,4755.24
NIFTY 500 - TRI,02-Oct-2023,4740.11
NIFTY 500 - TRI,03-Oct-2023,4741.81
NIFTY 500 - TRI,04-Oct-2023,4767.86
NIFTY 500 - TRI,05-Oct-2023,4787.16
NIFTY 500 - TRI,06-Oct-2023,4932.64
NIFTY 500 - TRI,09-Oct-2023,4929.82
NIFTY 500 - TRI,10-Oct-2023,4849.22
NIFTY 500 - TRI,11-Oct-2023,4808.41
NIFTY 500 - TRI,12-Oct-2023,4754.38
NIFTY 500 - TRI,13-Oct-2023,4769.28
NIFTY 500 - TRI,16-Oct-2023,4831.41
NIFTY 500 - TRI,17-Oct-2023,4815.48
NIFTY 500 - TRI,18-Oct-2023,4814.13
NIFTY 500 - TRI,19-Oct-2023,4888.20
NIFTY 500 - TRI,20-Oct-2023,4869.68
NIFTY 500 - TRI,23-Oct-2023,4961.76
NIFTY 500 - TRI,24-Oct-2023,4983.16
NIFTY 500 - TRI,25-Oct-2023,5052.36
NIFTY 500 - TRI,26-Oct-2023,5097.91
NIFTY 500 - TRI,27-Oct-2023,5081.64
NIFTY 500 - TRI,30-Oct-2023,5090.92
NIFTY 500 - TRI,31-Oct-2023,5035.53
NIFTY 500 - TRI,01-Nov-2023,5031.13
NIFTY 500 - TRI,02-Nov-2023,5013.96
NIFTY 500 - TRI,03-Nov-2023,4978.64
NIFTY 500 - TRI,06-Nov-2023,4962.13
NIFTY 500 - TRI,07-Nov-2023,4939.95
NIFTY 500 - TRI,08-Nov-2023,4859.89
NIFTY 500 - TRI,09-Nov-2023,4814.54
NIFTY 500 - TRI,10-Nov-2023,4794.39
NIFTY 500 - TRI,13-Nov-2023,4825.15
NIFTY 500 - TRI,14-Nov-2023,4847.24
NIFTY 500 - TRI,15-Nov-2023,4835.06
NIFTY 500 - TRI,16-Nov-2023,4845.15
NIFTY 500 - TRI,17-Nov-2023,4818.69
NIFTY 500 - TRI,20-Nov-2023,4785.86
NIFTY 500 - TRI,21-Nov-2023,4905.83
NIFTY 500 - TRI,22-Nov-2023,4839.72
NIFTY 500 - TRI,23-Nov-2023,4840.84
NIFTY 500 - TRI,24-Nov-2023,4842.72
NIFTY 500 - TRI,27-Nov-2023,4892.94
NIFTY 500 - TRI,28-Nov-2023,4882.13
NIFTY 500 - TRI,29-Nov-2023,4826.53
NIFTY 500 - TRI,30-Nov-2023,4773.00
NIFTY 500 - TRI,01-Dec-2023,4835.24
NIFTY 500 - TRI,04-Dec-2023,4909.52
NIFTY 500 - TRI,05-Dec-2023,4897.32
NIFTY 500 - TRI,06-Dec-2023,4955.36
NIFTY 500 - TRI,07-Dec-2023,4908.37
NIFTY 500 - TRI,08-Dec-2023,4830.82
NIFTY 500 - TRI,11-Dec-2023,4869.94
NIFTY 500 - TRI,12-Dec-2023,4869.22
NIFTY 500 - TRI,13-Dec-2023,4965.43
NIFTY 500 - TRI,14-Dec-2023,4972.65
NIFTY 500 - TRI,15-Dec-2023,4929.20
NIFTY 500 - TRI,18-Dec-2023,4965.45
NIFTY 500 - TRI,19-Dec-2023,4987.97
NIFTY 500 - TRI,20-Dec-2023,4952.59
NIFTY 500 - TRI,21-Dec-2023,5000.82
NIFTY 500 - TRI,22-Dec-2023,4950.99
NIFTY 500 - TRI,25-Dec-2023,5030.99
NIFTY 500 - TRI,26-Dec-2023,5018.77
NIFTY 500 - TRI,27-Dec-2023,5010.27
NIFTY 500 - TRI,28-Dec-2023,4900.73
NIFTY 500 - TRI,29-Dec-2023,4935.39
NIFTY 500 - TRI,01-Jan-2024,4983.11
NIFTY 500 - TRI,02-Jan-2024,4961.06
NIFTY 500 - TRI,03-Jan-2024,4900.81
NIFTY 500 - TRI,04-Jan-2024,4892.50
NIFTY 500 - TRI,05-Jan-2024,4892.61
NIFTY 500 - TRI,08-Jan-2024,4914.37
NIFTY 500 - TRI,09-Jan-2024,4889.01
NIFTY 500 - TRI,10-Jan-2024,4858.65
NIFTY 500 - TRI,11-Jan-2024,4837.71
NIFTY 500 - TRI,12-Jan-2024,4761.52
NIFTY 500 - TRI,15-Jan-2024,4746.64
NIFTY 500 - TRI,16-Jan-2024,4779.06
NIFTY 500 - TRI,17-Jan-2024,4779.68
NIFTY 500 - TRI,18-Jan-2024,4768.44
NIFTY 500 - TRI,19-Jan-2024,4760.26
NIFTY 500 - TRI,22-Jan-2024,4757.09
NIFTY 500 - TRI,23-Jan-2024,4806.89
NIFTY 500 - TRI,24-Jan-2024,4745.16
NIFTY 500 - TRI,25-Jan-2024,4755.18
NIFTY 500 - TRI,26-Jan-2024,4672.78
NIFTY 500 - TRI,29-Jan-2024,4610.65
NIFTY 500 - TRI,30-Jan-2024,4603.28
NIFTY 500 - TRI,31-Jan-2024,4640.60
NIFTY 500 - TRI,01-Feb-2024,4649.11
NIFTY 500 - TRI,02-Feb-2024,4604.57
NIFTY 500 - TRI,05-Feb-2024,4617.25
NIFTY 500 - TRI,06-Feb-2024,4602.21
NIFTY 500 - TRI,07-Feb-2024,4627.50
NIFTY 500 - TRI,08-Feb-2024,4559.29
NIFTY 500 - TRI,09-Feb-2024,4504.70
NIFTY 500 - TRI,12-Feb-2024,4564.27
NIFTY 500 - TRI,13-Feb-2024,4556.31
NIFTY 500 - TRI,14-Feb-2024,4613.25
NIFTY 500 - TRI,15-Feb-2024,4715.16
NIFTY 500 - TRI,16-Feb-2024,4739.41
NIFTY 500 - TRI,19-Feb-2024,4680.40
NIFTY 500 - TRI,20-Feb-2024,4689.92
NIFTY 500 - TRI,21-Feb-2024,4620.53
NIFTY 500 - TRI,22-Feb-2024,4593.97
NIFTY 500 - TRI,23-Feb-2024,4586.37
NIFTY 500 - TRI,26-Feb-2024,4510.18
NIFTY 500 - TRI,27-Feb-2024,4535.57
NIFTY 500 - TRI,28-Feb-2024,4554.78
NIFTY 500 - TRI,29-Feb-2024,4585.10
NIFTY 500 - TRI,01-Mar-2024,4608.08
NIFTY 500 - TRI,04-Mar-2024,4582.76
NIFTY 500 - TRI,05-Mar-2024,4607.15
NIFTY 500 - TRI,06-Mar-2024,4578.86
NIFTY 500 - TRI,07-Mar-2024,4544.07
NIFTY 500 - TRI,08-Mar-2024,4588.19
NIFTY 500 - TRI,11-Mar-2024,4574.03
NIFTY 500 - TRI,12-Mar-2024,4590.81
NIFTY 500 - TRI,13-Mar-2024,4664.06
NIFTY 500 - TRI,14-Mar-2024,4682.72
NIFTY 500 - TRI,15-Mar-2024,4670.29
NIFTY 500 - TRI,18-Mar-2024,4743.30
NIFTY 500 - TRI,19-Mar-2024,4757.97
NIFTY 500 - TRI,20-Mar-2024,4789.52
NIFTY 500 - TRI,21-Mar-2024,4807.18
NIFTY 500 - TRI,22-Mar-2024,4739.84
NIFTY 500 - TRI,25-Mar-2024,4765.07
NIFTY 500 - TRI,26-Mar-2024,4741.38
NIFTY 500 - TRI,27-Mar-2024,4741.93
NIFTY 500 - TRI,28-Mar-2024,4684.61
NIFTY 500 - TRI,29-Mar-2024,4686.98
NIFTY 500 - TRI,01-Apr-2024,4663.20
NIFTY 500 - TRI,02-Apr-2024,4740.77
NIFTY 500 - TRI,03-Apr-2024,4711.53
NIFTY 500 - TRI,04-Apr-2024,4773.82
NIFTY 500 - TRI,05-Apr-2024,4784.61
NIFTY 500 - TRI,08-Apr-2024,4786.69
NIFTY 500 - TRI,09-Apr-2024,4753.16
NIFTY 500 - TRI,10-Apr-2024,4774.38
NIFTY 500 - TRI,11-Apr-2024,4856.70
NIFTY 500 - TRI,12-Apr-2024,4867.00
NIFTY 500 - TRI,15-Apr-2024,4898.11
NIFTY 500 - TRI,16-Apr-2024,4884.40
NIFTY 500 - TRI,17-Apr-2024,4926.21
NIFTY 500 - TRI,18-Apr-2024,4847.17
NIFTY 500 - TRI,19-Apr-2024,4849.03
NIFTY 500 - TRI,22-Apr-2024,4881.39
NIFTY 500 - TRI,23-Apr-2024,4869.61
NIFTY 500 - TRI,24-Apr-2024,4887.95
NIFTY 500 - TRI,25-Apr-2024,4897.78
NIFTY 500 - TRI,26-Apr-2024,4917.16
NIFTY 500 - TRI,29-Apr-2024,4926.09
NIFTY 500 - TRI,30-Apr-2024,4831.82
NIFTY 500 - TRI,01-May-2024,4852.49
NIFTY 500 - TRI,02-May-2024,4829.46
NIFTY 500 - TRI,03-May-2024,4837.69
NIFTY 500 - TRI,06-May-2024,4809.29
NIFTY 500 - TRI,07-May-2024,4853.98
NIFTY 500 - TRI,08-May-2024,4798.56
NIFTY 500 - TRI,09-May-2024,4814.12
NIFTY 500 - TRI,10-May-2024,4800.62
NIFTY 500 - TRI,13-May-2024,4829.26
NIFTY 500 - TRI,14-May-2024,4768.55
NIFTY 500 - TRI,15-May-2024,4743.36
NIFTY 500 - TRI,16-May-2024,4706.55
NIFTY 500 - TRI,17-May-2024,4709.20
NIFTY 500 - TRI,20-May-2024,4741.71
NIFTY 500 - TRI,21-May-2024,4784.71
NIFTY 500 - TRI,22-May-2024,4821.31
NIFTY 500 - TRI,23-May-2024,4828.33
NIFTY 500 - TRI,24-May-2024,4846.58
NIFTY 500 - TRI,27-May-2024,4823.32
NIFTY 500 - TRI,28-May-2024,4891.02
NIFTY 500 - TRI,29-May-2024,4859.95
NIFTY 500 - TRI,30-May-2024,4852.75
NIFTY 500 - TRI,31-May-2024,4969.19
NIFTY 500 - TRI,03-Jun-2024,4922.50
NIFTY 500 - TRI,04-Jun-2024,4920.28
NIFTY 500 - TRI,05-Jun-2024,4923.59
NIFTY 500 - TRI,06-Jun-2024,4952.60
NIFTY 500 - TRI,07-Jun-2024,4969.43
NIFTY 500 - TRI,10-Jun-2024,4941.26
NIFTY 500 - TRI,11-Jun-2024,5015.55
NIFTY 500 - TRI,12-Jun-2024,5006.89
NIFTY 500 - TRI,13-Jun-2024,5040.79
NIFTY 500 - TRI,14-Jun-2024,5130.62
NIFTY 500 - TRI,17-Jun-2024,5050.45
NIFTY 500 - TRI,18-Jun-2024,5052.69
NIFTY 500 - TRI,19-Jun-2024,5069.71
NIFTY 500 - TRI,20-Jun-2024,5031.00
NIFTY 500 - TRI,21-Jun-2024,4986.69
NIFTY 500 - TRI,24-Jun-2024,5004.20
NIFTY 500 - TRI,25-Jun-2024,5037.52
NIFTY 500 - TRI,26-Jun-2024,5038.56
NIFTY 500 - TRI,27-Jun-2024,5082.16
NIFTY 500 - TRI,28-Jun-2024,5123.14
NIFTY 500 - TRI,01-Jul-2024,5088.80
NIFTY 500 - TRI,02-Jul-2024,5088.52
NIFTY 500 - TRI,03-Jul-2024,5108.58
NIFTY 500 - TRI,04-Jul-2024,5141.10
NIFTY 500 - TRI,05-Jul-2024,5093.22
NIFTY 500 - TRI,08-Jul-2024,5019.60
NIFTY 500 - TRI,09-Jul-2024,5103.36
NIFTY 500 - TRI,10-Jul-2024,5208.58
NIFTY 500 - TRI,11-Jul-2024,5154.12
NIFTY 500 - TRI,12-Jul-2024,5193.74
NIFTY 500 - TRI,15-Jul-2024,5262.86
NIFTY 500 - TRI,16-Jul-2024,5293.22
NIFTY 500 - TRI,17-Jul-2024,5258.94
NIFTY 500 - TRI,18-Jul-2024,5264.22
NIFTY 500 - TRI,19-Jul-2024,5278.66
NIFTY 500 - TRI,22-Jul-2024,5266.59
NIFTY 500 - TRI,23-Jul-2024,5225.45
NIFTY 500 - TRI,24-Jul-2024,5272.33
NIFTY 500 - TRI,25-Jul-2024,5252.02
NIFTY 500 - TRI,26-Jul-2024,5177.64
NIFTY 500 - TRI,29-Jul-2024,5088.33
NIFTY 500 - TRI,30-Jul-2024,4980.36
NIFTY 500 - TRI,31-Jul-2024,4981.96
NIFTY 500 - TRI,01-Aug-2024,5036.64
NIFTY 500 - TRI,02-Aug-2024,4972.19
NIFTY 500 - TRI,05-Aug-2024,4983.20
NIFTY 500 - TRI,06-Aug-2024,4943.13
NIFTY 500 - TRI,07-Aug-2024,4931.98
NIFTY 500 - TRI,08-Aug-2024,4972.72
NIFTY 500 - TRI,09-Aug-2024,5076.37
NIFTY 500 - TRI,12-Aug-2024,5108.94
NIFTY 500 - TRI,13-Aug-2024,5071.26
NIFTY 500 - TRI,14-Aug-2024,5152.07
NIFTY 500 - TRI,15-Aug-2024,5216.45
NIFTY 500 - TRI,16-Aug-2024,5246.20
NIFTY 500 - TRI,19-Aug-2024,5274.98
NIFTY 500 - TRI,20-Aug-2024,5283.49
NIFTY 500 - TRI,21-Aug-2024,5231.05
NIFTY 500 - TRI,22-Aug-2024,5284.26
NIFTY 500 - TRI,23-Aug-2024,5298.33
NIFTY 500 - TRI,26-Aug-2024,5283.13
NIFTY 500 - TRI,27-Aug-2024,5428.33
NIFTY 500 - TRI,28-Aug-2024,5389.49
NIFTY 500 - TRI,29-Aug-2024,5304.95
NIFTY 500 - TRI,30-Aug-2024,5288.18
NIFTY 500 - TRI,02-Sep-2024,5261.60
NIFTY 500 - TRI,03-Sep-2024,5347.16
NIFTY 500 - TRI,04-Sep-2024,5301.35
NIFTY 500 - TRI,05-Sep-2024,5301.70
NIFTY 500 - TRI,06-Sep-2024,5268.97
NIFTY 500 - TRI,09-Sep-2024,5249.45
NIFTY 500 - TRI,10-Sep-2024,5214.38
NIFTY 500 - TRI,11-Sep-2024,5229.64
NIFTY 500 - TRI,12-Sep-2024,5251.04
NIFTY 500 - TRI,13-Sep-2024,5284.45
NIFTY 500 - TRI,16-Sep-2024,5235.00
NIFTY 500 - TRI,17-Sep-2024,5270.54
NIFTY 500 - TRI,18-Sep-2024,5196.92
NIFTY 500 - TRI,19-Sep-2024,5173.47
NIFTY 500 - TRI,20-Sep-2024,5181.33
NIFTY 500 - TRI,23-Sep-2024,5236.62
NIFTY 500 - TRI,24-Sep-2024,5212.14
NIFTY 500 - TRI,25-Sep-2024,5219.22
NIFTY 500 - TRI,26-Sep-2024,5247.81
NIFTY 500 - TRI,27-Sep-2024,5287.22
NIFTY 500 - TRI,30-Sep-2024,5287.17
NIFTY 500 - TRI,01-Oct-2024,5291.41
NIFTY 500 - TRI,02-Oct-2024,5351.80
NIFTY 500 - TRI,03-Oct-2024,5296.01
NIFTY 500 - TRI,04-Oct-2024,5288.26
NIFTY 500 - TRI,07-Oct-2024,5242.10
NIFTY 500 - TRI,08-Oct-2024,5240.06
NIFTY 500 - TRI,09-Oct-2024,5302.94
NIFTY 500 - TRI,10-Oct-2024,5235.71
NIFTY 500 - TRI,11-Oct-2024,5274.36
NIFTY 500 - TRI,14-Oct-2024,5161.79
NIFTY 500 - TRI,15-Oct-2024,5185.89
NIFTY 500 - TRI,16-Oct-2024,5211.34
NIFTY 500 - TRI,17-Oct-2024,5255.81
NIFTY 500 - TRI,18-Oct-2024,5264.15
NIFTY 500 - TRI,21-Oct-2024,5215.29
NIFTY 500 - TRI,22-Oct-2024,5266.18
NIFTY 500 - TRI,23-Oct-2024,5312.94
NIFTY 500 - TRI,24-Oct-2024,5226.53
NIFTY 500 - TRI,25-Oct-2024,5187.72
NIFTY 500 - TRI,28-Oct-2024,5145.74
NIFTY 500 - TRI,29-Oct-2024,5091.22
NIFTY 500 - TRI,30-Oct-2024,5142.09
NIFTY 500 - TRI,31-Oct-2024,5123.86
NIFTY 500 - TRI,01-Nov-2024,5194.44
NIFTY 500 - TRI,04-Nov-2024,5321.44
NIFTY 500 - TRI,05-Nov-2024,5268.89
NIFTY 500 - TRI,06-Nov-2024,5305.65
NIFTY 500 - TRI,07-Nov-2024,5256.13
NIFTY 500 - TRI,08-Nov-2024,5309.19
NIFTY 500 - TRI,11-Nov-2024,5270.05
NIFTY 500 - TRI,12-Nov-2024,5311.91
NIFTY 500 - TRI,13-Nov-2024,5375.66
NIFTY 500 - TRI,14-Nov-2024,5397.44
NIFTY 500 - TRI,15-Nov-2024,5454.59
NIFTY 500 - TRI,18-Nov-2024,5357.47
NIFTY 500 - TRI,19-Nov-2024,5351.92
NIFTY 500 - TRI,20-Nov-2024,5378.14
NIFTY 500 - TRI,21-Nov-2024,5297.24
NIFTY 500 - TRI,22-Nov-2024,5288.54
NIFTY 500 - TRI,25-Nov-2024,5280.67
NIFTY 500 - TRI,26-Nov-2024,5350.37
NIFTY 500 - TRI,27-Nov-2024,5339.97
NIFTY 500 - TRI,28-Nov-2024,5374.39
NIFTY 500 - TRI,29-Nov-2024,5523.46
NIFTY 500 - TRI,02-Dec-2024,5606.40
NIFTY 500 - TRI,03-Dec-2024,5622.61
NIFTY 500 - TRI,04-Dec-2024,5572.03
NIFTY 500 - TRI,05-Dec-2024,5552.07
NIFTY 500 - TRI,06-Dec-2024,5572.56
NIFTY 500 - TRI,09-Dec-2024,5484.49
NIFTY 500 - TRI,10-Dec-2024,5473.70
NIFTY 500 - TRI,11-Dec-2024,5431.42
NIFTY 500 - TRI,12-Dec-2024,5404.95
NIFTY 500 - TRI,13-Dec-2024,5472.76
NIFTY 500 - TRI,16-Dec-2024,5506.50
NIFTY 500 - TRI,17-Dec-2024,5482.13
NIFTY 500 - TRI,18-Dec-2024,5480.36
NIFTY 500 - TRI,19-Dec-2024,5533.20
NIFTY 500 - TRI,20-Dec-2024,5590.35
NIFTY 500 - TRI,23-Dec-2024,5538.43
NIFTY 500 - TRI,24-Dec-2024,5523.30
NIFTY 500 - TRI,25-Dec-2024,5512.67
NIFTY 500 - TRI,26-Dec-2024,5552.18
NIFTY 500 - TRI,27-Dec-2024,5603.96
NIFTY 500 - TRI,30-Dec-2024,5560.72
NIFTY 500 - TRI,31-Dec-2024,5591.02
NIFTY 500 - TRI,01-Jan-2025,5620.09
NIFTY 500 - TRI,02-Jan-2025,5565.75
NIFTY 500 - TRI,03-Jan-2025,5568.42
NIFTY 500 - TRI,06-Jan-2025,5607.17
NIFTY 500 - TRI,07-Jan-2025,5634.55
NIFTY 500 - TRI,08-Jan-2025,5602.87
NIFTY 500 - TRI,09-Jan-2025,5615.21
NIFTY 500 - TRI,10-Jan-2025,5612.97
NIFTY 500 - TRI,13-Jan-2025,5553.54
NIFTY 500 - TRI,14-Jan-2025,5391.19
NIFTY 500 - TRI,15-Jan-2025,5415.24
NIFTY 500 - TRI,16-Jan-2025,5395.29
NIFTY 500 - TRI,17-Jan-2025,5316.53
NIFTY 500 - TRI,20-Jan-2025,5277.27
NIFTY 500 - TRI,21-Jan-2025,5218.37
NIFTY 500 - TRI,22-Jan-2025,5256.78
NIFTY 500 - TRI,23-Jan-2025,5259.24
NIFTY 500 - TRI,24-Jan-2025,5328.80
NIFTY 500 - TRI,27-Jan-2025,5483.34
NIFTY 500 - TRI,28-Jan-2025,5488.92
NIFTY 500 - TRI,29-Jan-2025,5473.46
NIFTY 500 - TRI,30-Jan-2025,5406.81
NIFTY 500 - TRI,31-Jan-2025,5454.99
NIFTY 500 - TRI,03-Feb-2025,5402.04
NIFTY 500 - TRI,04-Feb-2025,5381.44
NIFTY 500 - TRI,05-Feb-2025,5346.02
NIFTY 500 - TRI,06-Feb-2025,5302.65
NIFTY 500 - TRI,07-Feb-2025,5310.05
NIFTY 500 - TRI,10-Feb-2025,5335.22
NIFTY 500 - TRI,11-Feb-2025,5286.90
NIFTY 500 - TRI,12-Feb-2025,5280.41
NIFTY 500 - TRI,13-Feb-2025,5341.36
NIFTY 500 - TRI,14-Feb-2025,5378.44
NIFTY 500 - TRI,17-Feb-2025,5388.58
NIFTY 500 - TRI,18-Feb-2025,5411.84
NIFTY 500 - TRI,19-Feb-2025,5458.14
NIFTY 500 - TRI,20-Feb-2025,5365.44
NIFTY 500 - TRI,21-Feb-2025,5338.87
NIFTY 500 - TRI,24-Feb-2025,5350.80
NIFTY 500 - TRI,25-Feb-2025,5313.31
NIFTY 500 - TRI,26-Feb-2025,5286.58
NIFTY 500 - TRI,27-Feb-2025,5280.93
NIFTY 500 - TRI,28-Feb-2025,5351.39
NIFTY 500 - TRI,03-Mar-2025,5326.81
NIFTY 500 - TRI,04-Mar-2025,5321.68
NIFTY 500 - TRI,05-Mar-2025,5199.18
NIFTY 500 - TRI,06-Mar-2025,5185.14
NIFTY 500 - TRI,07-Mar-2025,5154.70
NIFTY 500 - TRI,10-Mar-2025,5149.42
NIFTY 500 - TRI,11-Mar-2025,5225.06
NIFTY 500 - TRI,12-Mar-2025,5143.42
NIFTY 500 - TRI,13-Mar-2025,5135.80
NIFTY 500 - TRI,14-Mar-2025,5202.08
NIFTY 500 - TRI,17-Mar-2025,5117.16
NIFTY 500 - TRI,18-Mar-2025,5135.29
NIFTY 500 - TRI,19-Mar-2025,5071.76
NIFTY 500 - TRI,20-Mar-2025,5056.59
NIFTY 500 - TRI,21-Mar-2025,5080.74
NIFTY 500 - TRI,24-Mar-2025,5023.93
NIFTY 500 - TRI,25-Mar-2025,5056.73
NIFTY 500 - TRI,26-Mar-2025,5075.39
NIFTY 500 - TRI,27-Mar-2025,5138.88
NIFTY 500 - TRI,28-Mar-2025,5210.14
NIFTY 500 - TRI,31-Mar-2025,5235.88
NIFTY 500 - TRI,01-Apr-2025,5181.69
NIFTY 500 - TRI,02-Apr-2025,5216.08
NIFTY 500 - TRI,03-Apr-2025,5173.64
NIFTY 500 - TRI,04-Apr-2025,5138.59
NIFTY 500 - TRI,07-Apr-2025,5055.30
NIFTY 500 - TRI,08-Apr-2025,5017.26
NIFTY 500 - TRI,09-Apr-2025,5033.68
NIFTY 500 - TRI,10-Apr-2025,5042.67
NIFTY 500 - TRI,11-Apr-2025,5127.78
NIFTY 500 - TRI,14-Apr-2025,5144.00
NIFTY 500 - TRI,15-Apr-2025,5159.35
NIFTY 500 - TRI,16-Apr-2025,5187.16
NIFTY 500 - TRI,17-Apr-2025,5265.68
NIFTY 500 - TRI,18-Apr-2025,5297.30
NIFTY 500 - TRI,21-Apr-2025,5316.96
NIFTY 500 - TRI,22-Apr-2025,5247.72
NIFTY 500 - TRI,23-Apr-2025,5250.56
NIFTY 500 - TRI,24-Apr-2025,5249.82
NIFTY 500 - TRI,25-Apr-2025,5275.88
NIFTY 500 - TRI,28-Apr-2025,5273.77
NIFTY 500 - TRI,29-Apr-2025,5347.35
NIFTY 500 - TRI,30-Apr-2025,5345.91
NIFTY 500 - TRI,01-May-2025,5434.24
NIFTY 500 - TRI,02-May-2025,5435.83
NIFTY 500 - TRI,05-May-2025,5497.65
NIFTY 500 - TRI,06-May-2025,5470.10
NIFTY 500 - TRI,07-May-2025,5462.51
NIFTY 500 - TRI,08-May-2025,5531.22
NIFTY 500 - TRI,09-May-2025,5589.47
NIFTY 500 - TRI,12-May-2025,5532.63
NIFTY 500 - TRI,13-May-2025,5562.03
NIFTY 500 - TRI,14-May-2025,5553.34
NIFTY 500 - TRI,15-May-2025,5537.59
NIFTY 500 - TRI,16-May-2025,5542.45
NIFTY 500 - TRI,19-May-2025,5535.66
NIFTY 500 - TRI,20-May-2025,5649.66
NIFTY 500 - TRI,21-May-2025,5681.43
NIFTY 500 - TRI,22-May-2025,5702.36
NIFTY 500 - TRI,23-May-2025,5705.48
NIFTY 500 - TRI,26-May-2025,5716.97
NIFTY 500 - TRI,27-May-2025,5687.38
NIFTY 500 - TRI,28-May-2025,5703.11
NIFTY 500 - TRI,29-May-2025,5799.34
NIFTY 500 - TRI,30-May-2025,5666.04
NIFTY 500 - TRI,02-Jun-2025,5680.94
NIFTY 500 - TRI,03-Jun-2025,5682.45
NIFTY 500 - TRI,04-Jun-2025,5642.41
NIFTY 500 - TRI,05-Jun-2025,5549.13
NIFTY 500 - TRI,06-Jun-2025,5596.46
NIFTY 500 - TRI,09-Jun-2025,5542.99
NIFTY 500 - TRI,10-Jun-2025,5563.67
NIFTY 500 - TRI,11-Jun-2025,5530.43
NIFTY 500 - TRI,12-Jun-2025,5499.48
NIFTY 500 - TRI,13-Jun-2025,5472.38
NIFTY 500 - TRI,16-Jun-2025,5411.68
NIFTY 500 - TRI,17-Jun-2025,5373.34
NIFTY 500 - TRI,18-Jun-2025,5308.31
NIFTY 500 - TRI,19-Jun-2025,5321.79
NIFTY 500 - TRI,20-Jun-2025,5336.55
NIFTY 500 - TRI,23-Jun-2025,5327.74
NIFTY 500 - TRI,24-Jun-2025,5311.60
NIFTY 500 - TRI,25-Jun-2025,5207.02
NIFTY 500 - TRI,26-Jun-2025,5210.71
NIFTY 500 - TRI,27-Jun-2025,5171.30
NIFTY 500 - TRI,30-Jun-2025,5241.92
NIFTY 500 - TRI,01-Jul-2025,5209.23
NIFTY 500 - TRI,02-Jul-2025,5276.14
NIFTY 500 - TRI,03-Jul-2025,5250.40
NIFTY 500 - TRI,04-Jul-2025,5274.45
NIFTY 500 - TRI,07-Jul-2025,5215.32
NIFTY 500 - TRI,08-Jul-2025,5286.11
NIFTY 500 - TRI,09-Jul-2025,5281.92
NIFTY 500 - TRI,10-Jul-2025,5247.74
NIFTY 500 - TRI,11-Jul-2025,5228.41
NIFTY 500 - TRI,14-Jul-2025,5221.40
NIFTY 500 - TRI,15-Jul-2025,5174.77
NIFTY 500 - TRI,16-Jul-2025,5170.15
NIFTY 500 - TRI,17-Jul-2025,5221.68
NIFTY 500 - TRI,18-Jul-2025,5252.72
NIFTY 500 - TRI,21-Jul-2025,5259.55
NIFTY 500 - TRI,22-Jul-2025,5183.29
NIFTY 500 - TRI,23-Jul-2025,5168.99
NIFTY 500 - TRI,24-Jul-2025,5168.62
NIFTY 500 - TRI,25-Jul-2025,5171.89
NIFTY 500 - TRI,28-Jul-2025,5190.89
NIFTY 500 - TRI,29-Jul-2025,5186.97
NIFTY 500 - TRI,30-Jul-2025,5172.92
NIFTY 500 - TRI,31-Jul-2025,5136.23
NIFTY 500 - TRI,01-Aug-2025,5088.23
NIFTY 500 - TRI,04-Aug-2025,5049.78
NIFTY 500 - TRI,05-Aug-2025,5031.82
NIFTY 500 - TRI,06-Aug-2025,5107.02
NIFTY 500 - TRI,07-Aug-2025,5150.62
NIFTY 500 - TRI,08-Aug-2025,5194.41
NIFTY 500 - TRI,11-Aug-2025,5151.50
NIFTY 500 - TRI,12-Aug-2025,5150.20
NIFTY 500 - TRI,13-Aug-2025,5110.86
NIFTY 500 - TRI,14-Aug-2025,5094.57
NIFTY 500 - TRI,15-Aug-2025,5072.25
NIFTY 500 - TRI,18-Aug-2025,5024.13
NIFTY 500 - TRI,19-Aug-2025,5040.09
NIFTY 500 - TRI,20-Aug-2025,5020.64
NIFTY 500 - TRI,21-Aug-2025,5060.57
NIFTY 500 - TRI,22-Aug-2025,5036.47
NIFTY 500 - TRI,25-Aug-2025,5037.60
NIFTY 500 - TRI,26-Aug-2025,4996.16
NIFTY 500 - TRI,27-Aug-2025,4987.74
NIFTY 500 - TRI,28-Aug-2025,5079.90
NIFTY 500 - TRI,29-Aug-2025,5128.78
NIFTY 500 - TRI,01-Sep-2025,5125.62
NIFTY 500 - TRI,02-Sep-2025,5195.20
NIFTY 500 - TRI,03-Sep-2025,5240.13
NIFTY 500 - TRI,04-Sep-2025,5182.26
NIFTY 500 - TRI,05-Sep-2025,5243.76
NIFTY 500 - TRI,08-Sep-2025,5324.01
NIFTY 500 - TRI,09-Sep-2025,5279.86
NIFTY 500 - TRI,10-Sep-2025,5247.84
NIFTY 500 - TRI,11-Sep-2025,5206.87
NIFTY 500 - TRI,12-Sep-2025,5201.95
NIFTY 500 - TRI,15-Sep-2025,5098.09
NIFTY 500 - TRI,16-Sep-2025,5101.26
NIFTY 500 - TRI,17-Sep-2025,5069.19
NIFTY 500 - TRI,18-Sep-2025,5067.52
NIFTY 500 - TRI,19-Sep-2025,5077.28
NIFTY 500 - TRI,22-Sep-2025,5049.63
NIFTY 500 - TRI,23-Sep-2025,4987.23
NIFTY 500 - TRI,24-Sep-2025,5019.78
NIFTY 500 - TRI,25-Sep-2025,5028.21
NIFTY 500 - TRI,26-Sep-2025,5026.46
NIFTY 500 - TRI,29-Sep-2025,5024.27
NIFTY 500 - TRI,30-Sep-2025,5015.65
NIFTY 500 - TRI,01-Oct-2025,4980.81
NIFTY 500 - TRI,02-Oct-2025,4920.58
NIFTY 500 - TRI,03-Oct-2025,4909.20
NIFTY 500 - TRI,06-Oct-2025,4999.00
NIFTY 500 - TRI,07-Oct-2025,5001.87
NIFTY 500 - TRI,08-Oct-2025,4958.68
NIFTY 500 - TRI,09-Oct-2025,4998.17
NIFTY 500 - TRI,10-Oct-2025,4974.00
NIFTY 500 - TRI,13-Oct-2025,4988.37
NIFTY 500 - TRI,14-Oct-2025,4885.62
NIFTY 500 - TRI,15-Oct-2025,4975.75
NIFTY 500 - TRI,16-Oct-2025,4934.17
NIFTY 500 - TRI,17-Oct-2025,4983.45
NIFTY 500 - TRI,20-Oct-2025,4983.17
NIFTY 500 - TRI,21-Oct-2025,4954.58
NIFTY 500 - TRI,22-Oct-2025,4935.92
NIFTY 500 - TRI,23-Oct-2025,4831.49
NIFTY 500 - TRI,24-Oct-2025,4789.36
NIFTY 500 - TRI,27-Oct-2025,4818.86
NIFTY 500 - TRI,28-Oct-2025,4729.06
NIFTY 500 - TRI,29-Oct-2025,4720.21
NIFTY 500 - TRI,30-Oct-2025,4698.29
NIFTY 500 - TRI,31-Oct-2025,4724.36
NIFTY 500 - TRI,03-Nov-2025,4823.67
NIFTY 500 - TRI,04-Nov-2025,4833.99
NIFTY 500 - TRI,05-Nov-2025,4886.03
NIFTY 500 - TRI,06-Nov-2025,4976.95
NIFTY 500 - TRI,07-Nov-2025,4944.31
NIFTY 500 - TRI,10-Nov-2025,4929.33
NIFTY 500 - TRI,11-Nov-2025,4935.21
NIFTY 500 - TRI,12-Nov-2025,4932.62
NIFTY 500 - TRI,13-Nov-2025,4971.75
NIFTY 500 - TRI,14-Nov-2025,5082.80
NIFTY 500 - TRI,17-Nov-2025,5086.79
NIFTY 500 - TRI,18-Nov-2025,5126.55
NIFTY 500 - TRI,19-Nov-2025,5169.46
NIFTY 500 - TRI,20-Nov-2025,5114.77
NIFTY 500 - TRI,21-Nov-2025,5215.47
NIFTY 500 - TRI,24-Nov-2025,5158.56
NIFTY 500 - TRI,25-Nov-2025,5159.97
NIFTY 500 - TRI,26-Nov-2025,5161.38
NIFTY 500 - TRI,27-Nov-2025,5109.90
NIFTY 500 - TRI,28-Nov-2025,5159.93
NIFTY 500 - TRI,01-Dec-2025,5120.27
NIFTY 500 - TRI,02-Dec-2025,5131.84
NIFTY 500 - TRI,03-Dec-2025,5146.92
NIFTY 500 - TRI,04-Dec-2025,5165.87
NIFTY 500 - TRI,05-Dec-2025,5153.71
NIFTY 500 - TRI,08-Dec-2025,5145.95
NIFTY 500 - TRI,09-Dec-2025,5029.96
NIFTY 500 - TRI,10-Dec-2025,5036.12
NIFTY 500 - TRI,11-Dec-2025,5086.90
NIFTY 500 - TRI,12-Dec-2025,5115.06
NIFTY 500 - TRI,15-Dec-2025,5098.78
NIFTY 500 - TRI,16-Dec-2025,5151.70
NIFTY 500 - TRI,17-Dec-2025,5212.00
NIFTY 500 - TRI,18-Dec-2025,5171.45
NIFTY 500 - TRI,19-Dec-2025,5169.97
NIFTY 500 - TRI,22-Dec-2025,5183.76
NIFTY 500 - TRI,23-Dec-2025,5232.25
NIFTY 500 - TRI,24-Dec-2025,5222.44
NIFTY 500 - TRI,25-Dec-2025,5138.50
NIFTY 500 - TRI,26-Dec-2025,5242.68
NIFTY 500 - TRI,29-Dec-2025,5322.74
NIFTY 500 - TRI,30-Dec-2025,5252.37
NIFTY 500 - TRI,31-Dec-2025,5238.37
