Index Name,Date,Total Returns Index
NIFTY200 MOMENTUM 30 - TRI,01-Jan-2009,1000.00
NIFTY200 MOMENTUM 30 - TRI,02-Jan-2009,985.99
NIFTY200 MOMENTUM 30 - TRI,05-Jan-2009,978.03
NIFTY200 MOMENTUM 30 - TRI,06-Jan-2009,993.82
NIFTY200 MOMENTUM 30 - TRI,07-Jan-2009,998.52
NIFTY200 MOMENTUM 30 - TRI,08-Jan-2009,992.16
NIFTY200 MOMENTUM 30 - TRI,09-Jan-2009,1018.42
NIFTY200 MOMENTUM 30 - TRI,12-Jan-2009,1011.93
NIFTY200 MOMENTUM 30 - TRI,13-Jan-2009,1002.34
NIFTY200 MOMENTUM 30 - TRI,14-Jan-2009,996.12
NIFTY200 MOMENTUM 30 - TRI,15-Jan-2009,1003.10
NIFTY200 MOMENTUM 30 - TRI,16-Jan-2009,985.78
NIFTY200 MOMENTUM 30 - TRI,19-Jan-2009,986.48
NIFTY200 MOMENTUM 30 - TRI,20-Jan-2009,986.98
NIFTY200 MOMENTUM 30 - TRI,21-Jan-2009,977.45
NIFTY200 MOMENTUM 30 - TRI,22-Jan-2009,1001.99
NIFTY200 MOMENTUM 30 - TRI,23-Jan-2009,1019.13
NIFTY200 MOMENTUM 30 - TRI,26-Jan-2009,1017.89
NIFTY200 MOMENTUM 30 - TRI,27-Jan-2009,1027.01
NIFTY200 MOMENTUM 30 - TRI,28-Jan-2009,1024.40
NIFTY200 MOMENTUM 30 - TRI,29-Jan-2009,1018.82
NIFTY200 MOMENTUM 30 - TRI,30-Jan-2009,1012.30
NIFTY200 MOMENTUM 30 - TRI,02-Feb-2009,999.11
NIFTY200 MOMENTUM 30 - TRI,03-Feb-2009,988.06
NIFTY200 MOMENTUM 30 - TRI,04-Feb-2009,1001.56
NIFTY200 MOMENTUM 30 - TRI,05-Feb-2009,992.37
NIFTY200 MOMENTUM 30 - TRI,06-Feb-2009,985.46
NIFTY200 MOMENTUM 30 - TRI,09-Feb-2009,1000.25
NIFTY200 MOMENTUM 30 - TRI,10-Feb-2009,1014.60
NIFTY200 MOMENTUM 30 - TRI,11-Feb-2009,1017.61
NIFTY200 MOMENTUM 30 - TRI,12-Feb-2009,1028.82
NIFTY200 MOMENTUM 30 - TRI,13-Feb-2009,1031.95
NIFTY200 MOMENTUM 30 - TRI,16-Feb-2009,1037.09
NIFTY200 MOMENTUM 30 - TRI,17-Feb-2009,1024.01
NIFTY200 MOMENTUM 30 - TRI,18-Feb-2009,1020.38
NIFTY200 MOMENTUM 30 - TRI,19-Feb-2009,1027.84
NIFTY200 MOMENTUM 30 - TRI,20-Feb-2009,1035.35
NIFTY200 MOMENTUM 30 - TRI,23-Feb-2009,1037.70
NIFTY200 MOMENTUM 30 - TRI,24-Feb-2009,1043.18
NIFTY200 MOMENTUM 30 - TRI,25-Feb-2009,1042.61
NIFTY200 MOMENTUM 30 - TRI,26-Feb-2009,1036.67
NIFTY200 MOMENTUM 30 - TRI,27-Feb-2009,1033.99
NIFTY200 MOMENTUM 30 - TRI,02-Mar-2009,1017.60
NIFTY200 MOMENTUM 30 - TRI,03-Mar-2009,1029.15
NIFTY200 MOMENTUM 30 - TRI,04-Mar-2009,1011.56
NIFTY200 MOMENTUM 30 - TRI,05-Mar-2009,988.76
NIFTY200 MOMENTUM 30 - TRI,06-Mar-2009,992.60
NIFTY200 MOMENTUM 30 - TRI,09-Mar-2009,1010.74
NIFTY200 MOMENTUM 30 - TRI,10-Mar-2009,1021.62
NIFTY200 MOMENTUM 30 - TRI,11-Mar-2009,1006.58
NIFTY200 MOMENTUM 30 - TRI,12-Mar-2009,961.29
NIFTY200 MOMENTUM 30 - TRI,13-Mar-2009,975.20
NIFTY200 MOMENTUM 30 - TRI,16-Mar-2009,991.62
NIFTY200 MOMENTUM 30 - TRI,17-Mar-2009,996.77
NIFTY200 MOMENTUM 30 - TRI,18-Mar-2009,996.32
NIFTY200 MOMENTUM 30 - TRI,19-Mar-2009,967.55
NIFTY200 MOMENTUM 30 - TRI,20-Mar-2009,971.55
NIFTY200 MOMENTUM 30 - TRI,23-Mar-2009,959.09
NIFTY200 MOMENTUM 30 - TRI,24-Mar-2009,977.30
NIFTY200 MOMENTUM 30 - TRI,25-Mar-2009,982.77
NIFTY200 MOMENTUM 30 - TRI,26-Mar-2009,986.03
NIFTY200 MOMENTUM 30 - TRI,27-Mar-2009,991.14
NIFTY200 MOMENTUM 30 - TRI,30-Mar-2009,982.94
NIFTY200 MOMENTUM 30 - TRI,31-Mar-2009,957.70
NIFTY200 MOMENTUM 30 - TRI,01-Apr-2009,972.76
NIFTY200 MOMENTUM 30 - TRI,02-Apr-2009,978.22
NIFTY200 MOMENTUM 30 - TRI,03-Apr-2009,980.65
NIFTY200 MOMENTUM 30 - TRI,06-Apr-2009,978.46
NIFTY200 MOMENTUM 30 - TRI,07-Apr-2009,972.26
NIFTY200 MOMENTUM 30 - TRI,08-Apr-2009,959.37
NIFTY200 MOMENTUM 30 - TRI,09-Apr-2009,998.83
NIFTY200 MOMENTUM 30 - TRI,10-Apr-2009,1001.23
NIFTY200 MOMENTUM 30 - TRI,13-Apr-2009,1024.64
NIFTY200 MOMENTUM 30 - TRI,14-Apr-2009,1041.28
NIFTY200 MOMENTUM 30 - TRI,15-Apr-2009,1057.75
NIFTY200 MOMENTUM 30 - TRI,16-Apr-2009,1092.93
NIFTY200 MOMENTUM 30 - TRI,17-Apr-2009,1115.36
NIFTY200 MOMENTUM 30 - TRI,20-Apr-2009,1106.33
NIFTY200 MOMENTUM 30 - TRI,21-Apr-2009,1107.72
NIFTY200 MOMENTUM 30 - TRI,22-Apr-2009,1122.50
NIFTY200 MOMENTUM 30 - TRI,23-Apr-2009,1081.41
NIFTY200 MOMENTUM 30 - TRI,24-Apr-2009,1080.07
NIFTY200 MOMENTUM 30 - TRI,27-Apr-2009,1072.06
NIFTY200 MOMENTUM 30 - TRI,28-Apr-2009,1098.02
NIFTY200 MOMENTUM 30 - TRI,29-Apr-2009,1102.94
NIFTY200 MOMENTUM 30 - TRI,30-Apr-2009,1114.23
NIFTY200 MOMENTUM 30 - TRI,01-May-2009,1118.40
NIFTY200 MOMENTUM 30 - TRI,04-May-2009,1120.75
NIFTY200 MOMENTUM 30 - TRI,05-May-2009,1136.65
NIFTY200 MOMENTUM 30 - TRI,06-May-2009,1132.03
NIFTY200 MOMENTUM 30 - TRI,07-May-2009,1142.82
NIFTY200 MOMENTUM 30 - TRI,08-May-2009,1125.08
NIFTY200 MOMENTUM 30 - TRI,11-May-2009,1136.72
NIFTY200 MOMENTUM 30 - TRI,12-May-2009,1136.43
NIFTY200 MOMENTUM 30 - TRI,13-May-2009,1122.67
NIFTY200 MOMENTUM 30 - TRI,14-May-2009,1101.99
NIFTY200 MOMENTUM 30 - TRI,15-May-2009,1082.19
NIFTY200 MOMENTUM 30 - TRI,18-May-2009,1057.56
NIFTY200 MOMENTUM 30 - TRI,19-May-2009,1076.58
NIFTY200 MOMENTUM 30 - TRI,20-May-2009,1072.97
NIFTY200 MOMENTUM 30 - TRI,21-May-2009,1068.35
NIFTY200 MOMENTUM 30 - TRI,22-May-2009,1046.88
NIFTY200 MOMENTUM 30 - TRI,25-May-2009,1042.54
NIFTY200 MOMENTUM 30 - TRI,26-May-2009,1036.66
NIFTY200 MOMENTUM 30 - TRI,27-May-2009,1043.20
NIFTY200 MOMENTUM 30 - TRI,28-May-2009,1042.27
NIFTY200 MOMENTUM 30 - TRI,29-May-2009,1026.78
NIFTY200 MOMENTUM 30 - TRI,01-Jun-2009,1017.01
NIFTY200 MOMENTUM 30 - TRI,02-Jun-2009,1003.01
NIFTY200 MOMENTUM 30 - TRI,03-Jun-2009,1004.16
NIFTY200 MOMENTUM 30 - TRI,04-Jun-2009,994.90
NIFTY200 MOMENTUM 30 - TRI,05-Jun-2009,1007.43
NIFTY200 MOMENTUM 30 - TRI,08-Jun-2009,1009.99
NIFTY200 MOMENTUM 30 - TRI,09-Jun-2009,1003.34
NIFTY200 MOMENTUM 30 - TRI,10-Jun-2009,987.44
NIFTY200 MOMENTUM 30 - TRI,11-Jun-2009,1003.21
NIFTY200 MOMENTUM 30 - TRI,12-Jun-2009,1000.85
NIFTY200 MOMENTUM 30 - TRI,15-Jun-2009,995.48
NIFTY200 MOMENTUM 30 - TRI,16-Jun-2009,986.39
NIFTY200 MOMENTUM 30 - TRI,17-Jun-2009,969.88
NIFTY200 MOMENTUM 30 - TRI,18-Jun-2009,977.16
NIFTY200 MOMENTUM 30 - TRI,19-Jun-2009,970.47
NIFTY200 MOMENTUM 30 - TRI,22-Jun-2009,979.26
NIFTY200 MOMENTUM 30 - TRI,23-Jun-2009,967.60
NIFTY200 MOMENTUM 30 - TRI,24-Jun-2009,950.28
NIFTY200 MOMENTUM 30 - TRI,25-Jun-2009,965.32
NIFTY200 MOMENTUM 30 - TRI,26-Jun-2009,958.20
NIFTY200 MOMENTUM 30 - TRI,29-Jun-2009,949.59
NIFTY200 MOMENTUM 30 - TRI,30-Jun-2009,971.73
NIFTY200 MOMENTUM 30 - TRI,01-Jul-2009,955.12
NIFTY200 MOMENTUM 30 - TRI,02-Jul-2009,951.89
NIFTY200 MOMENTUM 30 - TRI,03-Jul-2009,951.80
NIFTY200 MOMENTUM 30 - TRI,06-Jul-2009,960.12
NIFTY200 MOMENTUM 30 - TRI,07-Jul-2009,971.05
NIFTY200 MOMENTUM 30 - TRI,08-Jul-2009,974.71
NIFTY200 MOMENTUM 30 - TRI,09-Jul-2009,997.20
NIFTY200 MOMENTUM 30 - TRI,10-Jul-2009,977.19
NIFTY200 MOMENTUM 30 - TRI,13-Jul-2009,973.85
NIFTY200 MOMENTUM 30 - TRI,14-Jul-2009,954.63
NIFTY200 MOMENTUM 30 - TRI,15-Jul-2009,941.02
NIFTY200 MOMENTUM 30 - TRI,16-Jul-2009,955.35
NIFTY200 MOMENTUM 30 - TRI,17-Jul-2009,965.37
NIFTY200 MOMENTUM 30 - TRI,20-Jul-2009,959.81
NIFTY200 MOMENTUM 30 - TRI,21-Jul-2009,964.42
NIFTY200 MOMENTUM 30 - TRI,22-Jul-2009,950.22
NIFTY200 MOMENTUM 30 - TRI,23-Jul-2009,956.53
NIFTY200 MOMENTUM 30 - TRI,24-Jul-2009,942.13
NIFTY200 MOMENTUM 30 - TRI,27-Jul-2009,926.75
NIFTY200 MOMENTUM 30 - TRI,28-Jul-2009,906.44
NIFTY200 MOMENTUM 30 - TRI,29-Jul-2009,916.35
NIFTY200 MOMENTUM 30 - TRI,30-Jul-2009,931.26
NIFTY200 MOMENTUM 30 - TRI,31-Jul-2009,928.97
NIFTY200 MOMENTUM 30 - TRI,03-Aug-2009,949.01
NIFTY200 MOMENTUM 30 - TRI,04-Aug-2009,957.60
NIFTY200 MOMENTUM 30 - TRI,05-Aug-2009,975.49
NIFTY200 MOMENTUM 30 - TRI,06-Aug-2009,973.34
NIFTY200 MOMENTUM 30 - TRI,07-Aug-2009,1004.58
NIFTY200 MOMENTUM 30 - TRI,10-Aug-2009,1027.66
NIFTY200 MOMENTUM 30 - TRI,11-Aug-2009,1024.07
NIFTY200 MOMENTUM 30 - TRI,12-Aug-2009,1044.27
NIFTY200 MOMENTUM 30 - TRI,13-Aug-2009,1031.06
NIFTY200 MOMENTUM 30 - TRI,14-Aug-2009,1029.63
NIFTY200 MOMENTUM 30 - TRI,17-Aug-2009,1000.02
NIFTY200 MOMENTUM 30 - TRI,18-Aug-2009,1003.64
NIFTY200 MOMENTUM 30 - TRI,19-Aug-2009,1006.36
NIFTY200 MOMENTUM 30 - TRI,20-Aug-2009,1005.91
NIFTY200 MOMENTUM 30 - TRI,21-Aug-2009,998.53
NIFTY200 MOMENTUM 30 - TRI,24-Aug-2009,990.92
NIFTY200 MOMENTUM 30 - TRI,25-Aug-2009,972.80
NIFTY200 MOMENTUM 30 - TRI,26-Aug-2009,972.04
NIFTY200 MOMENTUM 30 - TRI,27-Aug-2009,976.55
NIFTY200 MOMENTUM 30 - TRI,28-Aug-2009,990.32
NIFTY200 MOMENTUM 30 - TRI,31-Aug-2009,1002.07
NIFTY200 MOMENTUM 30 - TRI,01-Sep-2009,995.70
NIFTY200 MOMENTUM 30 - TRI,02-Sep-2009,996.86
NIFTY200 MOMENTUM 30 - TRI,03-Sep-2009,987.53
NIFTY200 MOMENTUM 30 - TRI,04-Sep-2009,988.93
NIFTY200 MOMENTUM 30 - TRI,07-Sep-2009,977.13
NIFTY200 MOMENTUM 30 - TRI,08-Sep-2009,990.43
NIFTY200 MOMENTUM 30 - TRI,09-Sep-2009,998.03
NIFTY200 MOMENTUM 30 - TRI,10-Sep-2009,1001.21
NIFTY200 MOMENTUM 30 - TRI,11-Sep-2009,1007.98
NIFTY200 MOMENTUM 30 - TRI,14-Sep-2009,995.49
NIFTY200 MOMENTUM 30 - TRI,15-Sep-2009,978.98
NIFTY200 MOMENTUM 30 - TRI,16-Sep-2009,967.69
NIFTY200 MOMENTUM 30 - TRI,17-Sep-2009,978.23
NIFTY200 MOMENTUM 30 - TRI,18-Sep-2009,956.84
NIFTY200 MOMENTUM 30 - TRI,21-Sep-2009,959.93
NIFTY200 MOMENTUM 30 - TRI,22-Sep-2009,973.60
NIFTY200 MOMENTUM 30 - TRI,23-Sep-2009,980.33
NIFTY200 MOMENTUM 30 - TRI,24-Sep-2009,997.03
NIFTY200 MOMENTUM 30 - TRI,25-Sep-2009,996.19
NIFTY200 MOMENTUM 30 - TRI,28-Sep-2009,982.51
NIFTY200 MOMENTUM 30 - TRI,29-Sep-2009,975.29
NIFTY200 MOMENTUM 30 - TRI,30-Sep-2009,983.53
NIFTY200 MOMENTUM 30 - TRI,01-Oct-2009,1003.05
NIFTY200 MOMENTUM 30 - TRI,02-Oct-2009,1006.34
NIFTY200 MOMENTUM 30 - TRI,05-Oct-2009,1006.31
NIFTY200 MOMENTUM 30 - TRI,06-Oct-2009,1018.07
NIFTY200 MOMENTUM 30 - TRI,07-Oct-2009,1021.51
NIFTY200 MOMENTUM 30 - TRI,08-Oct-2009,1033.16
NIFTY200 MOMENTUM 30 - TRI,09-Oct-2009,1034.35
NIFTY200 MOMENTUM 30 - TRI,12-Oct-2009,1037.39
NIFTY200 MOMENTUM 30 - TRI,13-Oct-2009,1039.15
NIFTY200 MOMENTUM 30 - TRI,14-Oct-2009,1023.43
NIFTY200 MOMENTUM 30 - TRI,15-Oct-2009,1020.83
NIFTY200 MOMENTUM 30 - TRI,16-Oct-2009,1004.80
NIFTY200 MOMENTUM 30 - TRI,19-Oct-2009,996.06
NIFTY200 MOMENTUM 30 - TRI,20-Oct-2009,1008.01
NIFTY200 MOMENTUM 30 - TRI,21-Oct-2009,985.36
NIFTY200 MOMENTUM 30 - TRI,22-Oct-2009,1007.00
NIFTY200 MOMENTUM 30 - TRI,23-Oct-2009,1018.15
NIFTY200 MOMENTUM 30 - TRI,26-Oct-2009,1021.21
NIFTY200 MOMENTUM 30 - TRI,27-Oct-2009,1015.57
NIFTY200 MOMENTUM 30 - TRI,28-Oct-2009,1018.81
NIFTY200 MOMENTUM 30 - TRI,29-Oct-2009,1040.39
NIFTY200 MOMENTUM 30 - TRI,30-Oct-2009,1042.39
NIFTY200 MOMENTUM 30 - TRI,02-Nov-2009,1037.79
NIFTY200 MOMENTUM 30 - TRI,03-Nov-2009,1005.23
NIFTY200 MOMENTUM 30 - TRI,04-Nov-2009,997.53
NIFTY200 MOMENTUM 30 - TRI,05-Nov-2009,1000.16
NIFTY200 MOMENTUM 30 - TRI,06-Nov-2009,965.77
NIFTY200 MOMENTUM 30 - TRI,09-Nov-2009,972.16
NIFTY200 MOMENTUM 30 - TRI,10-Nov-2009,986.99
NIFTY200 MOMENTUM 30 - TRI,11-Nov-2009,995.48
NIFTY200 MOMENTUM 30 - TRI,12-Nov-2009,986.03
NIFTY200 MOMENTUM 30 - TRI,13-Nov-2009,998.65
NIFTY200 MOMENTUM 30 - TRI,16-Nov-2009,992.00
NIFTY200 MOMENTUM 30 - TRI,17-Nov-2009,972.16
NIFTY200 MOMENTUM 30 - TRI,18-Nov-2009,988.60
NIFTY200 MOMENTUM 30 - TRI,19-Nov-2009,1000.12
NIFTY200 MOMENTUM 30 - TRI,20-Nov-2009,973.18
NIFTY200 MOMENTUM 30 - TRI,23-Nov-2009,1003.73
NIFTY200 MOMENTUM 30 - TRI,24-Nov-2009,1006.89
NIFTY200 MOMENTUM 30 - TRI,25-Nov-2009,999.62
NIFTY200 MOMENTUM 30 - TRI,26-Nov-2009,992.36
NIFTY200 MOMENTUM 30 - TRI,27-Nov-2009,1009.04
NIFTY200 MOMENTUM 30 - TRI,30-Nov-2009,1013.16
NIFTY200 MOMENTUM 30 - TRI,01-Dec-2009,1005.52
NIFTY200 MOMENTUM 30 - TRI,02-Dec-2009,1005.71
NIFTY200 MOMENTUM 30 - TRI,03-Dec-2009,1033.51
NIFTY200 MOMENTUM 30 - TRI,04-Dec-2009,1015.89
NIFTY200 MOMENTUM 30 - TRI,07-Dec-2009,1034.56
NIFTY200 MOMENTUM 30 - TRI,08-Dec-2009,1043.36
NIFTY200 MOMENTUM 30 - TRI,09-Dec-2009,1049.73
NIFTY200 MOMENTUM 30 - TRI,10-Dec-2009,1022.95
NIFTY200 MOMENTUM 30 - TRI,11-Dec-2009,1018.10
NIFTY200 MOMENTUM 30 - TRI,14-Dec-2009,1021.86
NIFTY200 MOMENTUM 30 - TRI,15-Dec-2009,1027.31
NIFTY200 MOMENTUM 30 - TRI,16-Dec-2009,1034.40
NIFTY200 MOMENTUM 30 - TRI,17-Dec-2009,1041.01
NIFTY200 MOMENTUM 30 - TRI,18-Dec-2009,1061.58
NIFTY200 MOMENTUM 30 - TRI,21-Dec-2009,1081.61
NIFTY200 MOMENTUM 30 - TRI,22-Dec-2009,1080.70
NIFTY200 MOMENTUM 30 - TRI,23-Dec-2009,1094.66
NIFTY200 MOMENTUM 30 - TRI,24-Dec-2009,1107.26
NIFTY200 MOMENTUM 30 - TRI,25-Dec-2009,1107.66
NIFTY200 MOMENTUM 30 - TRI,28-Dec-2009,1108.65
NIFTY200 MOMENTUM 30 - TRI,29-Dec-2009,1112.64
NIFTY200 MOMENTUM 30 - TRI,30-Dec-2009,1101.12
NIFTY200 MOMENTUM 30 - TRI,31-Dec-2009,1121.36
NIFTY200 MOMENTUM 30 - TRI,01-Jan-2010,1102.57
NIFTY200 MOMENTUM 30 - TRI,04-Jan-2010,1117.27
NIFTY200 MOMENTUM 30 - TRI,05-Jan-2010,1139.45
NIFTY200 MOMENTUM 30 - TRI,06-Jan-2010,1129.68
NIFTY200 MOMENTUM 30 - TRI,07-Jan-2010,1131.31
NIFTY200 MOMENTUM 30 - TRI,08-Jan-2010,1141.75
NIFTY200 MOMENTUM 30 - TRI,11-Jan-2010,1140.92
NIFTY200 MOMENTUM 30 - TRI,12-Jan-2010,1163.36
NIFTY200 MOMENTUM 30 - TRI,13-Jan-2010,1158.38
NIFTY200 MOMENTUM 30 - TRI,14-Jan-2010,1179.97
NIFTY200 MOMENTUM 30 - TRI,15-Jan-2010,1168.95
NIFTY200 MOMENTUM 30 - TRI,18-Jan-2010,1194.66
NIFTY200 MOMENTUM 30 - TRI,19-Jan-2010,1191.74
NIFTY200 MOMENTUM 30 - TRI,20-Jan-2010,1185.98
NIFTY200 MOMENTUM 30 - TRI,21-Jan-2010,1186.94
NIFTY200 MOMENTUM 30 - TRI,22-Jan-2010,1181.67
NIFTY200 MOMENTUM 30 - TRI,25-Jan-2010,1192.87
NIFTY200 MOMENTUM 30 - TRI,26-Jan-2010,1192.88
NIFTY200 MOMENTUM 30 - TRI,27-Jan-2010,1195.57
NIFTY200 MOMENTUM 30 - TRI,28-Jan-2010,1183.48
NIFTY200 MOMENTUM 30 - TRI,29-Jan-2010,1192.43
NIFTY200 MOMENTUM 30 - TRI,01-Feb-2010,1169.60
NIFTY200 MOMENTUM 30 - TRI,02-Feb-2010,1147.41
NIFTY200 MOMENTUM 30 - TRI,03-Feb-2010,1148.87
NIFTY200 MOMENTUM 30 - TRI,04-Feb-2010,1137.58
NIFTY200 MOMENTUM 30 - TRI,05-Feb-2010,1136.42
NIFTY200 MOMENTUM 30 - TRI,08-Feb-2010,1150.32
NIFTY200 MOMENTUM 30 - TRI,09-Feb-2010,1170.37
NIFTY200 MOMENTUM 30 - TRI,10-Feb-2010,1166.09
NIFTY200 MOMENTUM 30 - TRI,11-Feb-2010,1190.58
NIFTY200 MOMENTUM 30 - TRI,12-Feb-2010,1183.21
NIFTY200 MOMENTUM 30 - TRI,15-Feb-2010,1190.85
NIFTY200 MOMENTUM 30 - TRI,16-Feb-2010,1200.55
NIFTY200 MOMENTUM 30 - TRI,17-Feb-2010,1203.10
NIFTY200 MOMENTUM 30 - TRI,18-Feb-2010,1195.97
NIFTY200 MOMENTUM 30 - TRI,19-Feb-2010,1202.81
NIFTY200 MOMENTUM 30 - TRI,22-Feb-2010,1203.35
NIFTY200 MOMENTUM 30 - TRI,23-Feb-2010,1234.33
NIFTY200 MOMENTUM 30 - TRI,24-Feb-2010,1264.13
NIFTY200 MOMENTUM 30 - TRI,25-Feb-2010,1248.22
NIFTY200 MOMENTUM 30 - TRI,26-Feb-2010,1249.48
NIFTY200 MOMENTUM 30 - TRI,01-Mar-2010,1222.94
NIFTY200 MOMENTUM 30 - TRI,02-Mar-2010,1208.64
NIFTY200 MOMENTUM 30 - TRI,03-Mar-2010,1214.20
NIFTY200 MOMENTUM 30 - TRI,04-Mar-2010,1196.94
NIFTY200 MOMENTUM 30 - TRI,05-Mar-2010,1215.16
NIFTY200 MOMENTUM 30 - TRI,08-Mar-2010,1239.75
NIFTY200 MOMENTUM 30 - TRI,09-Mar-2010,1231.45
NIFTY200 MOMENTUM 30 - TRI,10-Mar-2010,1223.37
NIFTY200 MOMENTUM 30 - TRI,11-Mar-2010,1248.53
NIFTY200 MOMENTUM 30 - TRI,12-Mar-2010,1231.84
NIFTY200 MOMENTUM 30 - TRI,15-Mar-2010,1221.61
NIFTY200 MOMENTUM 30 - TRI,16-Mar-2010,1210.74
NIFTY200 MOMENTUM 30 - TRI,17-Mar-2010,1233.14
NIFTY200 MOMENTUM 30 - TRI,18-Mar-2010,1247.61
NIFTY200 MOMENTUM 30 - TRI,19-Mar-2010,1264.88
NIFTY200 MOMENTUM 30 - TRI,22-Mar-2010,1269.47
NIFTY200 MOMENTUM 30 - TRI,23-Mar-2010,1264.27
NIFTY200 MOMENTUM 30 - TRI,24-Mar-2010,1260.26
NIFTY200 MOMENTUM 30 - TRI,25-Mar-2010,1271.08
NIFTY200 MOMENTUM 30 - TRI,26-Mar-2010,1260.50
NIFTY200 MOMENTUM 30 - TRI,29-Mar-2010,1249.14
NIFTY200 MOMENTUM 30 - TRI,30-Mar-2010,1253.62
NIFTY200 MOMENTUM 30 - TRI,31-Mar-2010,1265.82
NIFTY200 MOMENTUM 30 - TRI,01-Apr-2010,1279.86
NIFTY200 MOMENTUM 30 - TRI,02-Apr-2010,1266.77
NIFTY200 MOMENTUM 30 - TRI,05-Apr-2010,1252.66
NIFTY200 MOMENTUM 30 - TRI,06-Apr-2010,1232.22
NIFTY200 MOMENTUM 30 - TRI,07-Apr-2010,1235.74
NIFTY200 MOMENTUM 30 - TRI,08-Apr-2010,1243.49
NIFTY200 MOMENTUM 30 - TRI,09-Apr-2010,1231.51
NIFTY200 MOMENTUM 30 - TRI,12-Apr-2010,1244.12
NIFTY200 MOMENTUM 30 - TRI,13-Apr-2010,1242.85
NIFTY200 MOMENTUM 30 - TRI,14-Apr-2010,1260.11
NIFTY200 MOMENTUM 30 - TRI,15-Apr-2010,1244.01
NIFTY200 MOMENTUM 30 - TRI,16-Apr-2010,1235.13
NIFTY200 MOMENTUM 30 - TRI,19-Apr-2010,1248.67
NIFTY200 MOMENTUM 30 - TRI,20-Apr-2010,1245.98
NIFTY200 MOMENTUM 30 - TRI,21-Apr-2010,1250.66
NIFTY200 MOMENTUM 30 - TRI,22-Apr-2010,1249.58
NIFTY200 MOMENTUM 30 - TRI,23-Apr-2010,1246.65
NIFTY200 MOMENTUM 30 - TRI,26-Apr-2010,1263.60
NIFTY200 MOMENTUM 30 - TRI,27-Apr-2010,1290.37
NIFTY200 MOMENTUM 30 - TRI,28-Apr-2010,1271.30
NIFTY200 MOMENTUM 30 - TRI,29-Apr-2010,1283.94
NIFTY200 MOMENTUM 30 - TRI,30-Apr-2010,1265.52
NIFTY200 MOMENTUM 30 - TRI,03-May-2010,1281.94
NIFTY200 MOMENTUM 30 - TRI,04-May-2010,1292.78
NIFTY200 MOMENTUM 30 - TRI,05-May-2010,1289.25
NIFTY200 MOMENTUM 30 - TRI,06-May-2010,1291.47
NIFTY200 MOMENTUM 30 - TRI,07-May-2010,1297.42
NIFTY200 MOMENTUM 30 - TRI,10-May-2010,1301.27
NIFTY200 MOMENTUM 30 - TRI,11-May-2010,1321.47
NIFTY200 MOMENTUM 30 - TRI,12-May-2010,1312.31
NIFTY200 MOMENTUM 30 - TRI,13-May-2010,1320.00
NIFTY200 MOMENTUM 30 - TRI,14-May-2010,1339.32
NIFTY200 MOMENTUM 30 - TRI,17-May-2010,1347.87
NIFTY200 MOMENTUM 30 - TRI,18-May-2010,1338.19
NIFTY200 MOMENTUM 30 - TRI,19-May-2010,1358.73
NIFTY200 MOMENTUM 30 - TRI,20-May-2010,1341.00
NIFTY200 MOMENTUM 30 - TRI,21-May-2010,1338.46
NIFTY200 MOMENTUM 30 - TRI,24-May-2010,1334.64
NIFTY200 MOMENTUM 30 - TRI,25-May-2010,1325.60
NIFTY200 MOMENTUM 30 - TRI,26-May-2010,1318.25
NIFTY200 MOMENTUM 30 - TRI,27-May-2010,1330.03
NIFTY200 MOMENTUM 30 - TRI,28-May-2010,1354.10
NIFTY200 MOMENTUM 30 - TRI,31-May-2010,1356.04
NIFTY200 MOMENTUM 30 - TRI,01-Jun-2010,1374.14
NIFTY200 MOMENTUM 30 - TRI,02-Jun-2010,1387.53
NIFTY200 MOMENTUM 30 - TRI,03-Jun-2010,1401.79
NIFTY200 MOMENTUM 30 - TRI,04-Jun-2010,1395.40
NIFTY200 MOMENTUM 30 - TRI,07-Jun-2010,1390.55
NIFTY200 MOMENTUM 30 - TRI,08-Jun-2010,1396.01
NIFTY200 MOMENTUM 30 - TRI,09-Jun-2010,1399.44
NIFTY200 MOMENTUM 30 - TRI,10-Jun-2010,1393.56
NIFTY200 MOMENTUM 30 - TRI,11-Jun-2010,1412.31
NIFTY200 MOMENTUM 30 - TRI,14-Jun-2010,1416.81
NIFTY200 MOMENTUM 30 - TRI,15-Jun-2010,1426.41
NIFTY200 MOMENTUM 30 - TRI,16-Jun-2010,1425.71
NIFTY200 MOMENTUM 30 - TRI,17-Jun-2010,1423.60
NIFTY200 MOMENTUM 30 - TRI,18-Jun-2010,1422.37
NIFTY200 MOMENTUM 30 - TRI,21-Jun-2010,1428.82
NIFTY200 MOMENTUM 30 - TRI,22-Jun-2010,1420.32
NIFTY200 MOMENTUM 30 - TRI,23-Jun-2010,1395.05
NIFTY200 MOMENTUM 30 - TRI,24-Jun-2010,1399.82
NIFTY200 MOMENTUM 30 - TRI,25-Jun-2010,1397.63
NIFTY200 MOMENTUM 30 - TRI,28-Jun-2010,1358.93
NIFTY200 MOMENTUM 30 - TRI,29-Jun-2010,1356.57
NIFTY200 MOMENTUM 30 - TRI,30-Jun-2010,1364.28
NIFTY200 MOMENTUM 30 - TRI,01-Jul-2010,1373.90
NIFTY200 MOMENTUM 30 - TRI,02-Jul-2010,1340.87
NIFTY200 MOMENTUM 30 - TRI,05-Jul-2010,1357.18
NIFTY200 MOMENTUM 30 - TRI,06-Jul-2010,1362.20
NIFTY200 MOMENTUM 30 - TRI,07-Jul-2010,1358.37
NIFTY200 MOMENTUM 30 - TRI,08-Jul-2010,1344.76
NIFTY200 MOMENTUM 30 - TRI,09-Jul-2010,1338.87
NIFTY200 MOMENTUM 30 - TRI,12-Jul-2010,1337.46
NIFTY200 MOMENTUM 30 - TRI,13-Jul-2010,1311.93
NIFTY200 MOMENTUM 30 - TRI,14-Jul-2010,1312.14
NIFTY200 MOMENTUM 30 - TRI,15-Jul-2010,1276.54
NIFTY200 MOMENTUM 30 - TRI,16-Jul-2010,1277.13
NIFTY200 MOMENTUM 30 - TRI,19-Jul-2010,1286.41
NIFTY200 MOMENTUM 30 - TRI,20-Jul-2010,1301.68
NIFTY200 MOMENTUM 30 - TRI,21-Jul-2010,1311.62
NIFTY200 MOMENTUM 30 - TRI,22-Jul-2010,1315.46
NIFTY200 MOMENTUM 30 - TRI,23-Jul-2010,1314.23
NIFTY200 MOMENTUM 30 - TRI,26-Jul-2010,1337.07
NIFTY200 MOMENTUM 30 - TRI,27-Jul-2010,1352.96
NIFTY200 MOMENTUM 30 - TRI,28-Jul-2010,1337.37
NIFTY200 MOMENTUM 30 - TRI,29-Jul-2010,1351.51
NIFTY200 MOMENTUM 30 - TRI,30-Jul-2010,1323.06
NIFTY200 MOMENTUM 30 - TRI,02-Aug-2010,1324.88
NIFTY200 MOMENTUM 30 - TRI,03-Aug-2010,1320.05
NIFTY200 MOMENTUM 30 - TRI,04-Aug-2010,1278.93
NIFTY200 MOMENTUM 30 - TRI,05-Aug-2010,1282.84
NIFTY200 MOMENTUM 30 - TRI,06-Aug-2010,1281.21
NIFTY200 MOMENTUM 30 - TRI,09-Aug-2010,1298.58
NIFTY200 MOMENTUM 30 - TRI,10-Aug-2010,1305.06
NIFTY200 MOMENTUM 30 - TRI,11-Aug-2010,1310.97
NIFTY200 MOMENTUM 30 - TRI,12-Aug-2010,1323.04
NIFTY200 MOMENTUM 30 - TRI,13-Aug-2010,1331.17
NIFTY200 MOMENTUM 30 - TRI,16-Aug-2010,1319.44
NIFTY200 MOMENTUM 30 - TRI,17-Aug-2010,1280.42
NIFTY200 MOMENTUM 30 - TRI,18-Aug-2010,1281.85
NIFTY200 MOMENTUM 30 - TRI,19-Aug-2010,1315.11
NIFTY200 MOMENTUM 30 - TRI,20-Aug-2010,1314.16
NIFTY200 MOMENTUM 30 - TRI,23-Aug-2010,1318.89
NIFTY200 MOMENTUM 30 - TRI,24-Aug-2010,1303.96
NIFTY200 MOMENTUM 30 - TRI,25-Aug-2010,1329.02
NIFTY200 MOMENTUM 30 - TRI,26-Aug-2010,1340.32
NIFTY200 MOMENTUM 30 - TRI,27-Aug-2010,1327.12
NIFTY200 MOMENTUM 30 - TRI,30-Aug-2010,1343.66
NIFTY200 MOMENTUM 30 - TRI,31-Aug-2010,1331.65
NIFTY200 MOMENTUM 30 - TRI,01-Sep-2010,1338.13
NIFTY200 MOMENTUM 30 - TRI,02-Sep-2010,1342.27
NIFTY200 MOMENTUM 30 - TRI,03-Sep-2010,1329.26
NIFTY200 MOMENTUM 30 - TRI,06-Sep-2010,1314.36
NIFTY200 MOMENTUM 30 - TRI,07-Sep-2010,1326.34
NIFTY200 MOMENTUM 30 - TRI,08-Sep-2010,1323.78
NIFTY200 MOMENTUM 30 - TRI,09-Sep-2010,1356.07
NIFTY200 MOMENTUM 30 - TRI,10-Sep-2010,1348.72
NIFTY200 MOMENTUM 30 - TRI,13-Sep-2010,1333.09
NIFTY200 MOMENTUM 30 - TRI,14-Sep-2010,1351.56
NIFTY200 MOMENTUM 30 - TRI,15-Sep-2010,1350.81
NIFTY200 MOMENTUM 30 - TRI,16-Sep-2010,1359.59
NIFTY200 MOMENTUM 30 - TRI,17-Sep-2010,1388.16
NIFTY200 MOMENTUM 30 - TRI,20-Sep-2010,1389.47
NIFTY200 MOMENTUM 30 - TRI,21-Sep-2010,1421.34
NIFTY200 MOMENTUM 30 - TRI,22-Sep-2010,1405.71
NIFTY200 MOMENTUM 30 - TRI,23-Sep-2010,1422.52
NIFTY200 MOMENTUM 30 - TRI,24-Sep-2010,1414.46
NIFTY200 MOMENTUM 30 - TRI,27-Sep-2010,1415.82
NIFTY200 MOMENTUM 30 - TRI,28-Sep-2010,1420.82
NIFTY200 MOMENTUM 30 - TRI,29-Sep-2010,1434.85
NIFTY200 MOMENTUM 30 - TRI,30-Sep-2010,1446.67
NIFTY200 MOMENTUM 30 - TRI,01-Oct-2010,1463.68
NIFTY200 MOMENTUM 30 - TRI,04-Oct-2010,1454.73
NIFTY200 MOMENTUM 30 - TRI,05-Oct-2010,1483.07
NIFTY200 MOMENTUM 30 - TRI,06-Oct-2010,1481.74
NIFTY200 MOMENTUM 30 - TRI,07-Oct-2010,1478.69
NIFTY200 MOMENTUM 30 - TRI,08-Oct-2010,1509.46
NIFTY200 MOMENTUM 30 - TRI,11-Oct-2010,1487.04
NIFTY200 MOMENTUM 30 - TRI,12-Oct-2010,1523.25
NIFTY200 MOMENTUM 30 - TRI,13-Oct-2010,1515.53
NIFTY200 MOMENTUM 30 - TRI,14-Oct-2010,1501.98
NIFTY200 MOMENTUM 30 - TRI,15-Oct-2010,1517.28
NIFTY200 MOMENTUM 30 - TRI,18-Oct-2010,1497.91
NIFTY200 MOMENTUM 30 - TRI,19-Oct-2010,1485.18
NIFTY200 MOMENTUM 30 - TRI,20-Oct-2010,1500.88
NIFTY200 MOMENTUM 30 - TRI,21-Oct-2010,1488.13
NIFTY200 MOMENTUM 30 - TRI,22-Oct-2010,1465.70
NIFTY200 MOMENTUM 30 - TRI,25-Oct-2010,1500.82
NIFTY200 MOMENTUM 30 - TRI,26-Oct-2010,1487.68
NIFTY200 MOMENTUM 30 - TRI,27-Oct-2010,1502.40
NIFTY200 MOMENTUM 30 - TRI,28-Oct-2010,1504.58
NIFTY200 MOMENTUM 30 - TRI,29-Oct-2010,1485.69
NIFTY200 MOMENTUM 30 - TRI,01-Nov-2010,1475.46
NIFTY200 MOMENTUM 30 - TRI,02-Nov-2010,1472.96
NIFTY200 MOMENTUM 30 - TRI,03-Nov-2010,1463.94
NIFTY200 MOMENTUM 30 - TRI,04-Nov-2010,1467.67
NIFTY200 MOMENTUM 30 - TRI,05-Nov-2010,1461.96
NIFTY200 MOMENTUM 30 - TRI,08-Nov-2010,1474.85
NIFTY200 MOMENTUM 30 - TRI,09-Nov-2010,1495.59
NIFTY200 MOMENTUM 30 - TRI,10-Nov-2010,1475.62
NIFTY200 MOMENTUM 30 - TRI,11-Nov-2010,1506.22
NIFTY200 MOMENTUM 30 - TRI,12-Nov-2010,1534.18
NIFTY200 MOMENTUM 30 - TRI,15-Nov-2010,1547.62
NIFTY200 MOMENTUM 30 - TRI,16-Nov-2010,1533.84
NIFTY200 MOMENTUM 30 - TRI,17-Nov-2010,1508.39
NIFTY200 MOMENTUM 30 - TRI,18-Nov-2010,1512.53
NIFTY200 MOMENTUM 30 - TRI,19-Nov-2010,1532.24
NIFTY200 MOMENTUM 30 - TRI,22-Nov-2010,1554.41
NIFTY200 MOMENTUM 30 - TRI,23-Nov-2010,1576.55
NIFTY200 MOMENTUM 30 - TRI,24-Nov-2010,1603.11
NIFTY200 MOMENTUM 30 - TRI,25-Nov-2010,1614.31
NIFTY200 MOMENTUM 30 - TRI,26-Nov-2010,1635.60
NIFTY200 MOMENTUM 30 - TRI,29-Nov-2010,1632.73
NIFTY200 MOMENTUM 30 - TRI,30-Nov-2010,1680.65
NIFTY200 MOMENTUM 30 - TRI,01-Dec-2010,1665.72
NIFTY200 MOMENTUM 30 - TRI,02-Dec-2010,1645.82
NIFTY200 MOMENTUM 30 - TRI,03-Dec-2010,1620.55
NIFTY200 MOMENTUM 30 - TRI,06-Dec-2010,1628.82
NIFTY200 MOMENTUM 30 - TRI,07-Dec-2010,1614.08
NIFTY200 MOMENTUM 30 - TRI,08-Dec-2010,1674.67
NIFTY200 MOMENTUM 30 - TRI,09-Dec-2010,1650.10
NIFTY200 MOMENTUM 30 - TRI,10-Dec-2010,1607.35
NIFTY200 MOMENTUM 30 - TRI,13-Dec-2010,1606.36
NIFTY200 MOMENTUM 30 - TRI,14-Dec-2010,1601.35
NIFTY200 MOMENTUM 30 - TRI,15-Dec-2010,1574.91
NIFTY200 MOMENTUM 30 - TRI,16-Dec-2010,1592.74
NIFTY200 MOMENTUM 30 - TRI,17-Dec-2010,1575.36
NIFTY200 MOMENTUM 30 - TRI,20-Dec-2010,1585.90
NIFTY200 MOMENTUM 30 - TRI,21-Dec-2010,1628.80
NIFTY200 MOMENTUM 30 - TRI,22-Dec-2010,1622.03
NIFTY200 MOMENTUM 30 - TRI,23-Dec-2010,1633.70
NIFTY200 MOMENTUM 30 - TRI,24-Dec-2010,1616.88
NIFTY200 MOMENTUM 30 - TRI,27-Dec-2010,1641.85
NIFTY200 MOMENTUM 30 - TRI,28-Dec-2010,1623.93
NIFTY200 MOMENTUM 30 - TRI,29-Dec-2010,1578.94
NIFTY200 MOMENTUM 30 - TRI,30-Dec-2010,1564.02
NIFTY200 MOMENTUM 30 - TRI,31-Dec-2010,1535.34
NIFTY200 MOMENTUM 30 - TRI,03-Jan-2011,1529.82
NIFTY200 MOMENTUM 30 - TRI,04-Jan-2011,1545.38
NIFTY200 MOMENTUM 30 - TRI,05-Jan-2011,1522.84
NIFTY200 MOMENTUM 30 - TRI,06-Jan-2011,1513.66
NIFTY200 MOMENTUM 30 - TRI,07-Jan-2011,1506.09
NIFTY200 MOMENTUM 30 - TRI,10-Jan-2011,1543.68
NIFTY200 MOMENTUM 30 - TRI,11-Jan-2011,1542.17
NIFTY200 MOMENTUM 30 - TRI,12-Jan-2011,1579.94
NIFTY200 MOMENTUM 30 - TRI,13-Jan-2011,1602.27
NIFTY200 MOMENTUM 30 - TRI,14-Jan-2011,1578.10
NIFTY200 MOMENTUM 30 - TRI,17-Jan-2011,1571.99
NIFTY200 MOMENTUM 30 - TRI,18-Jan-2011,1577.97
NIFTY200 MOMENTUM 30 - TRI,19-Jan-2011,1594.33
NIFTY200 MOMENTUM 30 - TRI,20-Jan-2011,1617.01
NIFTY200 MOMENTUM 30 - TRI,21-Jan-2011,1640.81
NIFTY200 MOMENTUM 30 - TRI,24-Jan-2011,1650.08
NIFTY200 MOMENTUM 30 - TRI,25-Jan-2011,1642.61
NIFTY200 MOMENTUM 30 - TRI,26-Jan-2011,1628.47
NIFTY200 MOMENTUM 30 - TRI,27-Jan-2011,1632.05
NIFTY200 MOMENTUM 30 - TRI,28-Jan-2011,1625.13
NIFTY200 MOMENTUM 30 - TRI,31-Jan-2011,1633.61
NIFTY200 MOMENTUM 30 - TRI,01-Feb-2011,1625.55
NIFTY200 MOMENTUM 30 - TRI,02-Feb-2011,1593.57
NIFTY200 MOMENTUM 30 - TRI,03-Feb-2011,1625.71
NIFTY200 MOMENTUM 30 - TRI,04-Feb-2011,1630.23
NIFTY200 MOMENTUM 30 - TRI,07-Feb-2011,1618.82
NIFTY200 MOMENTUM 30 - TRI,08-Feb-2011,1619.31
NIFTY200 MOMENTUM 30 - TRI,09-Feb-2011,1634.88
NIFTY200 MOMENTUM 30 - TRI,10-Feb-2011,1623.03
NIFTY200 MOMENTUM 30 - TRI,11-Feb-2011,1609.12
NIFTY200 MOMENTUM 30 - TRI,14-Feb-2011,1616.07
NIFTY200 MOMENTUM 30 - TRI,15-Feb-2011,1610.50
NIFTY200 MOMENTUM 30 - TRI,16-Feb-2011,1669.00
NIFTY200 MOMENTUM 30 - TRI,17-Feb-2011,1682.78
NIFTY200 MOMENTUM 30 - TRI,18-Feb-2011,1652.48
NIFTY200 MOMENTUM 30 - TRI,21-Feb-2011,1665.97
NIFTY200 MOMENTUM 30 - TRI,22-Feb-2011,1630.03
NIFTY200 MOMENTUM 30 - TRI,23-Feb-2011,1634.55
NIFTY200 MOMENTUM 30 - TRI,24-Feb-2011,1628.02
NIFTY200 MOMENTUM 30 - TRI,25-Feb-2011,1623.88
NIFTY200 MOMENTUM 30 - TRI,28-Feb-2011,1615.79
NIFTY200 MOMENTUM 30 - TRI,01-Mar-2011,1640.04
NIFTY200 MOMENTUM 30 - TRI,02-Mar-2011,1665.32
NIFTY200 MOMENTUM 30 - TRI,03-Mar-2011,1655.72
NIFTY200 MOMENTUM 30 - TRI,04-Mar-2011,1635.07
NIFTY200 MOMENTUM 30 - TRI,07-Mar-2011,1617.59
NIFTY200 MOMENTUM 30 - TRI,08-Mar-2011,1630.98
NIFTY200 MOMENTUM 30 - TRI,09-Mar-2011,1673.98
NIFTY200 MOMENTUM 30 - TRI,10-Mar-2011,1645.85
NIFTY200 MOMENTUM 30 - TRI,11-Mar-2011,1662.02
NIFTY200 MOMENTUM 30 - TRI,14-Mar-2011,1671.63
NIFTY200 MOMENTUM 30 - TRI,15-Mar-2011,1701.24
NIFTY200 MOMENTUM 30 - TRI,16-Mar-2011,1696.32
NIFTY200 MOMENTUM 30 - TRI,17-Mar-2011,1715.02
NIFTY200 MOMENTUM 30 - TRI,18-Mar-2011,1720.60
NIFTY200 MOMENTUM 30 - TRI,21-Mar-2011,1738.81
NIFTY200 MOMENTUM 30 - TRI,22-Mar-2011,1758.67
NIFTY200 MOMENTUM 30 - TRI,23-Mar-2011,1752.80
NIFTY200 MOMENTUM 30 - TRI,24-Mar-2011,1778.90
NIFTY200 MOMENTUM 30 - TRI,25-Mar-2011,1781.90
NIFTY200 MOMENTUM 30 - TRI,28-Mar-2011,1775.29
NIFTY200 MOMENTUM 30 - TRI,29-Mar-2011,1775.37
NIFTY200 MOMENTUM 30 - TRI,30-Mar-2011,1754.86
NIFTY200 MOMENTUM 30 - TRI,31-Mar-2011,1752.91
NIFTY200 MOMENTUM 30 - TRI,01-Apr-2011,1751.01
NIFTY200 MOMENTUM 30 - TRI,04-Apr-2011,1757.56
NIFTY200 MOMENTUM 30 - TRI,05-Apr-2011,1741.03
NIFTY200 MOMENTUM 30 - TRI,06-Apr-2011,1748.88
NIFTY200 MOMENTUM 30 - TRI,07-Apr-2011,1706.19
NIFTY200 MOMENTUM 30 - TRI,08-Apr-2011,1724.17
NIFTY200 MOMENTUM 30 - TRI,11-Apr-2011,1749.17
NIFTY200 MOMENTUM 30 - TRI,12-Apr-2011,1756.18
NIFTY200 MOMENTUM 30 - TRI,13-Apr-2011,1748.16
NIFTY200 MOMENTUM 30 - TRI,14-Apr-2011,1751.14
NIFTY200 MOMENTUM 30 - TRI,15-Apr-2011,1769.01
NIFTY200 MOMENTUM 30 - TRI,18-Apr-2011,1729.79
NIFTY200 MOMENTUM 30 - TRI,19-Apr-2011,1652.28
NIFTY200 MOMENTUM 30 - TRI,20-Apr-2011,1646.81
NIFTY200 MOMENTUM 30 - TRI,21-Apr-2011,1682.62
NIFTY200 MOMENTUM 30 - TRI,22-Apr-2011,1632.18
NIFTY200 MOMENTUM 30 - TRI,25-Apr-2011,1628.55
NIFTY200 MOMENTUM 30 - TRI,26-Apr-2011,1632.10
NIFTY200 MOMENTUM 30 - TRI,27-Apr-2011,1666.43
NIFTY200 MOMENTUM 30 - TRI,28-Apr-2011,1647.99
NIFTY200 MOMENTUM 30 - TRI,29-Apr-2011,1631.04
NIFTY200 MOMENTUM 30 - TRI,02-May-2011,1628.56
NIFTY200 MOMENTUM 30 - TRI,03-May-2011,1637.47
NIFTY200 MOMENTUM 30 - TRI,04-May-2011,1647.39
NIFTY200 MOMENTUM 30 - TRI,05-May-2011,1647.39
NIFTY200 MOMENTUM 30 - TRI,06-May-2011,1637.74
NIFTY200 MOMENTUM 30 - TRI,09-May-2011,1651.93
NIFTY200 MOMENTUM 30 - TRI,10-May-2011,1640.36
NIFTY200 MOMENTUM 30 - TRI,11-May-2011,1618.96
NIFTY200 MOMENTUM 30 - TRI,12-May-2011,1643.04
NIFTY200 MOMENTUM 30 - TRI,13-May-2011,1674.37
NIFTY200 MOMENTUM 30 - TRI,16-May-2011,1623.86
NIFTY200 MOMENTUM 30 - TRI,17-May-2011,1622.01
NIFTY200 MOMENTUM 30 - TRI,18-May-2011,1602.69
NIFTY200 MOMENTUM 30 - TRI,19-May-2011,1628.05
NIFTY200 MOMENTUM 30 - TRI,20-May-2011,1634.92
NIFTY200 MOMENTUM 30 - TRI,23-May-2011,1609.34
NIFTY200 MOMENTUM 30 - TRI,24-May-2011,1596.21
NIFTY200 MOMENTUM 30 - TRI,25-May-2011,1626.56
NIFTY200 MOMENTUM 30 - TRI,26-May-2011,1615.25
NIFTY200 MOMENTUM 30 - TRI,27-May-2011,1614.96
NIFTY200 MOMENTUM 30 - TRI,30-May-2011,1626.17
NIFTY200 MOMENTUM 30 - TRI,31-May-2011,1597.07
NIFTY200 MOMENTUM 30 - TRI,01-Jun-2011,1592.04
NIFTY200 MOMENTUM 30 - TRI,02-Jun-2011,1599.71
NIFTY200 MOMENTUM 30 - TRI,03-Jun-2011,1610.62
NIFTY200 MOMENTUM 30 - TRI,06-Jun-2011,1657.13
NIFTY200 MOMENTUM 30 - TRI,07-Jun-2011,1655.77
NIFTY200 MOMENTUM 30 - TRI,08-Jun-2011,1615.51
NIFTY200 MOMENTUM 30 - TRI,09-Jun-2011,1563.20
NIFTY200 MOMENTUM 30 - TRI,10-Jun-2011,1566.80
NIFTY200 MOMENTUM 30 - TRI,13-Jun-2011,1552.65
NIFTY200 MOMENTUM 30 - TRI,14-Jun-2011,1515.36
NIFTY200 MOMENTUM 30 - TRI,15-Jun-2011,1511.95
NIFTY200 MOMENTUM 30 - TRI,16-Jun-2011,1534.38
NIFTY200 MOMENTUM 30 - TRI,17-Jun-2011,1546.52
NIFTY200 MOMENTUM 30 - TRI,20-Jun-2011,1542.07
NIFTY200 MOMENTUM 30 - TRI,21-Jun-2011,1552.62
NIFTY200 MOMENTUM 30 - TRI,22-Jun-2011,1526.60
NIFTY200 MOMENTUM 30 - TRI,23-Jun-2011,1493.28
NIFTY200 MOMENTUM 30 - TRI,24-Jun-2011,1503.12
NIFTY200 MOMENTUM 30 - TRI,27-Jun-2011,1463.65
NIFTY200 MOMENTUM 30 - TRI,28-Jun-2011,1473.66
NIFTY200 MOMENTUM 30 - TRI,29-Jun-2011,1451.84
NIFTY200 MOMENTUM 30 - TRI,30-Jun-2011,1461.98
NIFTY200 MOMENTUM 30 - TRI,01-Jul-2011,1470.82
NIFTY200 MOMENTUM 30 - TRI,04-Jul-2011,1481.32
NIFTY200 MOMENTUM 30 - TRI,05-Jul-2011,1473.46
NIFTY200 MOMENTUM 30 - TRI,06-Jul-2011,1498.57
NIFTY200 MOMENTUM 30 - TRI,07-Jul-2011,1491.38
NIFTY200 MOMENTUM 30 - TRI,08-Jul-2011,1498.87
NIFTY200 MOMENTUM 30 - TRI,11-Jul-2011,1512.54
NIFTY200 MOMENTUM 30 - TRI,12-Jul-2011,1498.58
NIFTY200 MOMENTUM 30 - TRI,13-Jul-2011,1518.29
NIFTY200 MOMENTUM 30 - TRI,14-Jul-2011,1518.09
NIFTY200 MOMENTUM 30 - TRI,15-Jul-2011,1564.03
NIFTY200 MOMENTUM 30 - TRI,18-Jul-2011,1583.87
NIFTY200 MOMENTUM 30 - TRI,19-Jul-2011,1567.78
NIFTY200 MOMENTUM 30 - TRI,20-Jul-2011,1586.26
NIFTY200 MOMENTUM 30 - TRI,21-Jul-2011,1598.61
NIFTY200 MOMENTUM 30 - TRI,22-Jul-2011,1597.08
NIFTY200 MOMENTUM 30 - TRI,25-Jul-2011,1585.42
NIFTY200 MOMENTUM 30 - TRI,26-Jul-2011,1571.94
NIFTY200 MOMENTUM 30 - TRI,27-Jul-2011,1576.30
NIFTY200 MOMENTUM 30 - TRI,28-Jul-2011,1549.59
NIFTY200 MOMENTUM 30 - TRI,29-Jul-2011,1557.36
NIFTY200 MOMENTUM 30 - TRI,01-Aug-2011,1565.59
NIFTY200 MOMENTUM 30 - TRI,02-Aug-2011,1550.57
NIFTY200 MOMENTUM 30 - TRI,03-Aug-2011,1538.27
NIFTY200 MOMENTUM 30 - TRI,04-Aug-2011,1535.05
NIFTY200 MOMENTUM 30 - TRI,05-Aug-2011,1508.96
NIFTY200 MOMENTUM 30 - TRI,08-Aug-2011,1517.71
NIFTY200 MOMENTUM 30 - TRI,09-Aug-2011,1499.52
NIFTY200 MOMENTUM 30 - TRI,10-Aug-2011,1530.57
NIFTY200 MOMENTUM 30 - TRI,11-Aug-2011,1552.90
NIFTY200 MOMENTUM 30 - TRI,12-Aug-2011,1520.37
NIFTY200 MOMENTUM 30 - TRI,15-Aug-2011,1530.50
NIFTY200 MOMENTUM 30 - TRI,16-Aug-2011,1542.94
NIFTY200 MOMENTUM 30 - TRI,17-Aug-2011,1540.27
NIFTY200 MOMENTUM 30 - TRI,18-Aug-2011,1555.89
NIFTY200 MOMENTUM 30 - TRI,19-Aug-2011,1545.03
NIFTY200 MOMENTUM 30 - TRI,22-Aug-2011,1543.93
NIFTY200 MOMENTUM 30 - TRI,23-Aug-2011,1548.36
NIFTY200 MOMENTUM 30 - TRI,24-Aug-2011,1528.62
NIFTY200 MOMENTUM 30 - TRI,25-Aug-2011,1538.53
NIFTY200 MOMENTUM 30 - TRI,26-Aug-2011,1540.55
NIFTY200 MOMENTUM 30 - TRI,29-Aug-2011,1582.03
NIFTY200 MOMENTUM 30 - TRI,30-Aug-2011,1610.47
NIFTY200 MOMENTUM 30 - TRI,31-Aug-2011,1637.24
NIFTY200 MOMENTUM 30 - TRI,01-Sep-2011,1629.29
NIFTY200 MOMENTUM 30 - TRI,02-Sep-2011,1650.33
NIFTY200 MOMENTUM 30 - TRI,05-Sep-2011,1634.85
NIFTY200 MOMENTUM 30 - TRI,06-Sep-2011,1626.10
NIFTY200 MOMENTUM 30 - TRI,07-Sep-2011,1603.17
NIFTY200 MOMENTUM 30 - TRI,08-Sep-2011,1584.83
NIFTY200 MOMENTUM 30 - TRI,09-Sep-2011,1589.59
NIFTY200 MOMENTUM 30 - TRI,12-Sep-2011,1572.32
NIFTY200 MOMENTUM 30 - TRI,13-Sep-2011,1536.21
NIFTY200 MOMENTUM 30 - TRI,14-Sep-2011,1536.65
NIFTY200 MOMENTUM 30 - TRI,15-Sep-2011,1532.42
NIFTY200 MOMENTUM 30 - TRI,16-Sep-2011,1549.06
NIFTY200 MOMENTUM 30 - TRI,19-Sep-2011,1560.47
NIFTY200 MOMENTUM 30 - TRI,20-Sep-2011,1547.78
NIFTY200 MOMENTUM 30 - TRI,21-Sep-2011,1551.15
NIFTY200 MOMENTUM 30 - TRI,22-Sep-2011,1559.22
NIFTY200 MOMENTUM 30 - TRI,23-Sep-2011,1537.38
NIFTY200 MOMENTUM 30 - TRI,26-Sep-2011,1564.65
NIFTY200 MOMENTUM 30 - TRI,27-Sep-2011,1547.69
NIFTY200 MOMENTUM 30 - TRI,28-Sep-2011,1535.25
NIFTY200 MOMENTUM 30 - TRI,29-Sep-2011,1538.49
NIFTY200 MOMENTUM 30 - TRI,30-Sep-2011,1555.76
NIFTY200 MOMENTUM 30 - TRI,03-Oct-2011,1556.52
NIFTY200 MOMENTUM 30 - TRI,04-Oct-2011,1517.01
NIFTY200 MOMENTUM 30 - TRI,05-Oct-2011,1517.90
NIFTY200 MOMENTUM 30 - TRI,06-Oct-2011,1477.75
NIFTY200 MOMENTUM 30 - TRI,07-Oct-2011,1475.34
NIFTY200 MOMENTUM 30 - TRI,10-Oct-2011,1478.70
NIFTY200 MOMENTUM 30 - TRI,11-Oct-2011,1477.07
NIFTY200 MOMENTUM 30 - TRI,12-Oct-2011,1468.41
NIFTY200 MOMENTUM 30 - TRI,13-Oct-2011,1456.59
NIFTY200 MOMENTUM 30 - TRI,14-Oct-2011,1474.32
NIFTY200 MOMENTUM 30 - TRI,17-Oct-2011,1516.95
NIFTY200 MOMENTUM 30 - TRI,18-Oct-2011,1472.58
NIFTY200 MOMENTUM 30 - TRI,19-Oct-2011,1445.39
NIFTY200 MOMENTUM 30 - TRI,20-Oct-2011,1466.89
NIFTY200 MOMENTUM 30 - TRI,21-Oct-2011,1434.02
NIFTY200 MOMENTUM 30 - TRI,24-Oct-2011,1397.00
NIFTY200 MOMENTUM 30 - TRI,25-Oct-2011,1373.48
NIFTY200 MOMENTUM 30 - TRI,26-Oct-2011,1381.80
NIFTY200 MOMENTUM 30 - TRI,27-Oct-2011,1377.99
NIFTY200 MOMENTUM 30 - TRI,28-Oct-2011,1365.75
NIFTY200 MOMENTUM 30 - TRI,31-Oct-2011,1388.25
NIFTY200 MOMENTUM 30 - TRI,01-Nov-2011,1392.09
NIFTY200 MOMENTUM 30 - TRI,02-Nov-2011,1404.43
NIFTY200 MOMENTUM 30 - TRI,03-Nov-2011,1398.49
NIFTY200 MOMENTUM 30 - TRI,04-Nov-2011,1356.00
NIFTY200 MOMENTUM 30 - TRI,07-Nov-2011,1324.22
NIFTY200 MOMENTUM 30 - TRI,08-Nov-2011,1308.80
NIFTY200 MOMENTUM 30 - TRI,09-Nov-2011,1295.80
NIFTY200 MOMENTUM 30 - TRI,10-Nov-2011,1310.79
NIFTY200 MOMENTUM 30 - TRI,11-Nov-2011,1304.93
NIFTY200 MOMENTUM 30 - TRI,14-Nov-2011,1292.88
NIFTY200 MOMENTUM 30 - TRI,15-Nov-2011,1285.51
NIFTY200 MOMENTUM 30 - TRI,16-Nov-2011,1289.98
NIFTY200 MOMENTUM 30 - TRI,17-Nov-2011,1284.01
NIFTY200 MOMENTUM 30 - TRI,18-Nov-2011,1274.26
NIFTY200 MOMENTUM 30 - TRI,21-Nov-2011,1298.78
NIFTY200 MOMENTUM 30 - TRI,22-Nov-2011,1308.20
NIFTY200 MOMENTUM 30 - TRI,23-Nov-2011,1335.00
NIFTY200 MOMENTUM 30 - TRI,24-Nov-2011,1327.14
NIFTY200 MOMENTUM 30 - TRI,25-Nov-2011,1304.21
NIFTY200 MOMENTUM 30 - TRI,28-Nov-2011,1272.40
NIFTY200 MOMENTUM 30 - TRI,29-Nov-2011,1258.78
NIFTY200 MOMENTUM 30 - TRI,30-Nov-2011,1268.76
NIFTY200 MOMENTUM 30 - TRI,01-Dec-2011,1271.04
NIFTY200 MOMENTUM 30 - TRI,02-Dec-2011,1268.65
NIFTY200 MOMENTUM 30 - TRI,05-Dec-2011,1267.82
NIFTY200 MOMENTUM 30 - TRI,06-Dec-2011,1309.97
NIFTY200 MOMENTUM 30 - TRI,07-Dec-2011,1290.77
NIFTY200 MOMENTUM 30 - TRI,08-Dec-2011,1314.61
NIFTY200 MOMENTUM 30 - TRI,09-Dec-2011,1295.38
NIFTY200 MOMENTUM 30 - TRI,12-Dec-2011,1296.32
NIFTY200 MOMENTUM 30 - TRI,13-Dec-2011,1291.83
NIFTY200 MOMENTUM 30 - TRI,14-Dec-2011,1323.55
NIFTY200 MOMENTUM 30 - TRI,15-Dec-2011,1330.78
NIFTY200 MOMENTUM 30 - TRI,16-Dec-2011,1316.10
NIFTY200 MOMENTUM 30 - TRI,19-Dec-2011,1344.65
NIFTY200 MOMENTUM 30 - TRI,20-Dec-2011,1346.25
NIFTY200 MOMENTUM 30 - TRI,21-Dec-2011,1348.80
NIFTY200 MOMENTUM 30 - TRI,22-Dec-2011,1379.06
NIFTY200 MOMENTUM 30 - TRI,23-Dec-2011,1421.20
NIFTY200 MOMENTUM 30 - TRI,26-Dec-2011,1387.34
NIFTY200 MOMENTUM 30 - TRI,27-Dec-2011,1394.36
NIFTY200 MOMENTUM 30 - TRI,28-Dec-2011,1390.60
NIFTY200 MOMENTUM 30 - TRI,29-Dec-2011,1402.82
NIFTY200 MOMENTUM 30 - TRI,30-Dec-2011,1405.51
NIFTY200 MOMENTUM 30 - TRI,02-Jan-2012,1412.45
NIFTY200 MOMENTUM 30 - TRI,03-Jan-2012,1421.97
NIFTY200 MOMENTUM 30 - TRI,04-Jan-2012,1437.10
NIFTY200 MOMENTUM 30 - TRI,05-Jan-2012,1467.64
NIFTY200 MOMENTUM 30 - TRI,06-Jan-2012,1464.30
NIFTY200 MOMENTUM 30 - TRI,09-Jan-2012,1448.96
NIFTY200 MOMENTUM 30 - TRI,10-Jan-2012,1425.46
NIFTY200 MOMENTUM 30 - TRI,11-Jan-2012,1428.07
NIFTY200 MOMENTUM 30 - TRI,12-Jan-2012,1427.19
NIFTY200 MOMENTUM 30 - TRI,13-Jan-2012,1399.24
NIFTY200 MOMENTUM 30 - TRI,16-Jan-2012,1396.70
NIFTY200 MOMENTUM 30 - TRI,17-Jan-2012,1427.57
NIFTY200 MOMENTUM 30 - TRI,18-Jan-2012,1420.02
NIFTY200 MOMENTUM 30 - TRI,19-Jan-2012,1425.59
NIFTY200 MOMENTUM 30 - TRI,20-Jan-2012,1423.52
NIFTY200 MOMENTUM 30 - TRI,23-Jan-2012,1423.30
NIFTY200 MOMENTUM 30 - TRI,24-Jan-2012,1417.94
NIFTY200 MOMENTUM 30 - TRI,25-Jan-2012,1420.65
NIFTY200 MOMENTUM 30 - TRI,26-Jan-2012,1415.98
NIFTY200 MOMENTUM 30 - TRI,27-Jan-2012,1403.94
NIFTY200 MOMENTUM 30 - TRI,30-Jan-2012,1405.33
NIFTY200 MOMENTUM 30 - TRI,31-Jan-2012,1424.75
NIFTY200 MOMENTUM 30 - TRI,01-Feb-2012,1408.58
NIFTY200 MOMENTUM 30 - TRI,02-Feb-2012,1434.74
NIFTY200 MOMENTUM 30 - TRI,03-Feb-2012,1501.96
NIFTY200 MOMENTUM 30 - TRI,06-Feb-2012,1511.97
NIFTY200 MOMENTUM 30 - TRI,07-Feb-2012,1511.38
NIFTY200 MOMENTUM 30 - TRI,08-Feb-2012,1519.20
NIFTY200 MOMENTUM 30 - TRI,09-Feb-2012,1524.54
NIFTY200 MOMENTUM 30 - TRI,10-Feb-2012,1507.86
NIFTY200 MOMENTUM 30 - TRI,13-Feb-2012,1514.09
NIFTY200 MOMENTUM 30 - TRI,14-Feb-2012,1476.76
NIFTY200 MOMENTUM 30 - TRI,15-Feb-2012,1479.94
NIFTY200 MOMENTUM 30 - TRI,16-Feb-2012,1507.58
NIFTY200 MOMENTUM 30 - TRI,17-Feb-2012,1531.93
NIFTY200 MOMENTUM 30 - TRI,20-Feb-2012,1522.02
NIFTY200 MOMENTUM 30 - TRI,21-Feb-2012,1539.22
NIFTY200 MOMENTUM 30 - TRI,22-Feb-2012,1506.44
NIFTY200 MOMENTUM 30 - TRI,23-Feb-2012,1544.10
NIFTY200 MOMENTUM 30 - TRI,24-Feb-2012,1529.78
NIFTY200 MOMENTUM 30 - TRI,27-Feb-2012,1536.03
NIFTY200 MOMENTUM 30 - TRI,28-Feb-2012,1547.29
NIFTY200 MOMENTUM 30 - TRI,29-Feb-2012,1515.38
NIFTY200 MOMENTUM 30 - TRI,01-Mar-2012,1534.00
NIFTY200 MOMENTUM 30 - TRI,02-Mar-2012,1581.18
NIFTY200 MOMENTUM 30 - TRI,05-Mar-2012,1561.16
NIFTY200 MOMENTUM 30 - TRI,06-Mar-2012,1558.98
NIFTY200 MOMENTUM 30 - TRI,07-Mar-2012,1584.08
NIFTY200 MOMENTUM 30 - TRI,08-Mar-2012,1557.47
NIFTY200 MOMENTUM 30 - TRI,09-Mar-2012,1555.86
NIFTY200 MOMENTUM 30 - TRI,12-Mar-2012,1568.47
NIFTY200 MOMENTUM 30 - TRI,13-Mar-2012,1543.22
NIFTY200 MOMENTUM 30 - TRI,14-Mar-2012,1557.54
NIFTY200 MOMENTUM 30 - TRI,15-Mar-2012,1570.51
NIFTY200 MOMENTUM 30 - TRI,16-Mar-2012,1563.84
NIFTY200 MOMENTUM 30 - TRI,19-Mar-2012,1562.43
NIFTY200 MOMENTUM 30 - TRI,20-Mar-2012,1577.41
NIFTY200 MOMENTUM 30 - TRI,21-Mar-2012,1581.74
NIFTY200 MOMENTUM 30 - TRI,22-Mar-2012,1605.82
NIFTY200 MOMENTUM 30 - TRI,23-Mar-2012,1596.72
NIFTY200 MOMENTUM 30 - TRI,26-Mar-2012,1594.60
NIFTY200 MOMENTUM 30 - TRI,27-Mar-2012,1623.35
NIFTY200 MOMENTUM 30 - TRI,28-Mar-2012,1617.33
NIFTY200 MOMENTUM 30 - TRI,29-Mar-2012,1606.17
NIFTY200 MOMENTUM 30 - TRI,30-Mar-2012,1622.44
NIFTY200 MOMENTUM 30 - TRI,02-Apr-2012,1604.71
NIFTY200 MOMENTUM 30 - TRI,03-Apr-2012,1620.57
NIFTY200 MOMENTUM 30 - TRI,04-Apr-2012,1628.91
NIFTY200 MOMENTUM 30 - TRI,05-Apr-2012,1644.27
NIFTY200 MOMENTUM 30 - TRI,06-Apr-2012,1628.76
NIFTY200 MOMENTUM 30 - TRI,09-Apr-2012,1631.47
NIFTY200 MOMENTUM 30 - TRI,10-Apr-2012,1610.77
NIFTY200 MOMENTUM 30 - TRI,11-Apr-2012,1602.64
NIFTY200 MOMENTUM 30 - TRI,12-Apr-2012,1619.92
NIFTY200 MOMENTUM 30 - TRI,13-Apr-2012,1639.00
NIFTY200 MOMENTUM 30 - TRI,16-Apr-2012,1648.32
NIFTY200 MOMENTUM 30 - TRI,17-Apr-2012,1645.48
NIFTY200 MOMENTUM 30 - TRI,18-Apr-2012,1632.51
NIFTY200 MOMENTUM 30 - TRI,19-Apr-2012,1624.33
NIFTY200 MOMENTUM 30 - TRI,20-Apr-2012,1651.78
NIFTY200 MOMENTUM 30 - TRI,23-Apr-2012,1668.45
NIFTY200 MOMENTUM 30 - TRI,24-Apr-2012,1639.85
NIFTY200 MOMENTUM 30 - TRI,25-Apr-2012,1639.49
NIFTY200 MOMENTUM 30 - TRI,26-Apr-2012,1634.36
NIFTY200 MOMENTUM 30 - TRI,27-Apr-2012,1628.34
NIFTY200 MOMENTUM 30 - TRI,30-Apr-2012,1640.35
NIFTY200 MOMENTUM 30 - TRI,01-May-2012,1614.80
NIFTY200 MOMENTUM 30 - TRI,02-May-2012,1604.31
NIFTY200 MOMENTUM 30 - TRI,03-May-2012,1600.30
NIFTY200 MOMENTUM 30 - TRI,04-May-2012,1608.75
NIFTY200 MOMENTUM 30 - TRI,07-May-2012,1594.51
NIFTY200 MOMENTUM 30 - TRI,08-May-2012,1595.87
NIFTY200 MOMENTUM 30 - TRI,09-May-2012,1578.53
NIFTY200 MOMENTUM 30 - TRI,10-May-2012,1562.95
NIFTY200 MOMENTUM 30 - TRI,11-May-2012,1563.47
NIFTY200 MOMENTUM 30 - TRI,14-May-2012,1534.86
NIFTY200 MOMENTUM 30 - TRI,15-May-2012,1510.00
NIFTY200 MOMENTUM 30 - TRI,16-May-2012,1539.93
NIFTY200 MOMENTUM 30 - TRI,17-May-2012,1528.88
NIFTY200 MOMENTUM 30 - TRI,18-May-2012,1491.57
NIFTY200 MOMENTUM 30 - TRI,21-May-2012,1494.50
NIFTY200 MOMENTUM 30 - TRI,22-May-2012,1451.61
NIFTY200 MOMENTUM 30 - TRI,23-May-2012,1464.98
NIFTY200 MOMENTUM 30 - TRI,24-May-2012,1491.79
NIFTY200 MOMENTUM 30 - TRI,25-May-2012,1504.55
NIFTY200 MOMENTUM 30 - TRI,28-May-2012,1492.63
NIFTY200 MOMENTUM 30 - TRI,29-May-2012,1476.16
NIFTY200 MOMENTUM 30 - TRI,30-May-2012,1492.03
NIFTY200 MOMENTUM 30 - TRI,31-May-2012,1482.14
NIFTY200 MOMENTUM 30 - TRI,01-Jun-2012,1474.46
NIFTY200 MOMENTUM 30 - TRI,04-Jun-2012,1449.90
NIFTY200 MOMENTUM 30 - TRI,05-Jun-2012,1440.19
NIFTY200 MOMENTUM 30 - TRI,06-Jun-2012,1427.22
NIFTY200 MOMENTUM 30 - TRI,07-Jun-2012,1442.43
NIFTY200 MOMENTUM 30 - TRI,08-Jun-2012,1415.25
NIFTY200 MOMENTUM 30 - TRI,11-Jun-2012,1420.79
NIFTY200 MOMENTUM 30 - TRI,12-Jun-2012,1448.83
NIFTY200 MOMENTUM 30 - TRI,13-Jun-2012,1450.93
NIFTY200 MOMENTUM 30 - TRI,14-Jun-2012,1445.83
NIFTY200 MOMENTUM 30 - TRI,15-Jun-2012,1443.70
NIFTY200 MOMENTUM 30 - TRI,18-Jun-2012,1463.79
NIFTY200 MOMENTUM 30 - TRI,19-Jun-2012,1445.56
NIFTY200 MOMENTUM 30 - TRI,20-Jun-2012,1463.38
NIFTY200 MOMENTUM 30 - TRI,21-Jun-2012,1476.90
NIFTY200 MOMENTUM 30 - TRI,22-Jun-2012,1473.12
NIFTY200 MOMENTUM 30 - TRI,25-Jun-2012,1479.07
NIFTY200 MOMENTUM 30 - TRI,26-Jun-2012,1465.12
NIFTY200 MOMENTUM 30 - TRI,27-Jun-2012,1485.81
NIFTY200 MOMENTUM 30 - TRI,28-Jun-2012,1513.97
NIFTY200 MOMENTUM 30 - TRI,29-Jun-2012,1535.02
NIFTY200 MOMENTUM 30 - TRI,02-Jul-2012,1518.23
NIFTY200 MOMENTUM 30 - TRI,03-Jul-2012,1532.98
NIFTY200 MOMENTUM 30 - TRI,04-Jul-2012,1538.12
NIFTY200 MOMENTUM 30 - TRI,05-Jul-2012,1532.19
NIFTY200 MOMENTUM 30 - TRI,06-Jul-2012,1536.53
NIFTY200 MOMENTUM 30 - TRI,09-Jul-2012,1543.59
NIFTY200 MOMENTUM 30 - TRI,10-Jul-2012,1582.01
NIFTY200 MOMENTUM 30 - TRI,11-Jul-2012,1612.37
NIFTY200 MOMENTUM 30 - TRI,12-Jul-2012,1601.42
NIFTY200 MOMENTUM 30 - TRI,13-Jul-2012,1579.12
NIFTY200 MOMENTUM 30 - TRI,16-Jul-2012,1547.38
NIFTY200 MOMENTUM 30 - TRI,17-Jul-2012,1557.37
NIFTY200 MOMENTUM 30 - TRI,18-Jul-2012,1560.56
NIFTY200 MOMENTUM 30 - TRI,19-Jul-2012,1554.15
NIFTY200 MOMENTUM 30 - TRI,20-Jul-2012,1546.80
NIFTY200 MOMENTUM 30 - TRI,23-Jul-2012,1570.44
NIFTY200 MOMENTUM 30 - TRI,24-Jul-2012,1559.19
NIFTY200 MOMENTUM 30 - TRI,25-Jul-2012,1598.07
NIFTY200 MOMENTUM 30 - TRI,26-Jul-2012,1603.15
NIFTY200 MOMENTUM 30 - TRI,27-Jul-2012,1626.59
NIFTY200 MOMENTUM 30 - TRI,30-Jul-2012,1629.27
NIFTY200 MOMENTUM 30 - TRI,31-Jul-2012,1615.56
NIFTY200 MOMENTUM 30 - TRI,01-Aug-2012,1592.70
NIFTY200 MOMENTUM 30 - TRI,02-Aug-2012,1595.02
NIFTY200 MOMENTUM 30 - TRI,03-Aug-2012,1600.30
NIFTY200 MOMENTUM 30 - TRI,06-Aug-2012,1627.57
NIFTY200 MOMENTUM 30 - TRI,07-Aug-2012,1624.13
NIFTY200 MOMENTUM 30 - TRI,08-Aug-2012,1638.75
NIFTY200 MOMENTUM 30 - TRI,09-Aug-2012,1669.19
NIFTY200 MOMENTUM 30 - TRI,10-Aug-2012,1666.95
NIFTY200 MOMENTUM 30 - TRI,13-Aug-2012,1627.00
NIFTY200 MOMENTUM 30 - TRI,14-Aug-2012,1626.14
NIFTY200 MOMENTUM 30 - TRI,15-Aug-2012,1621.26
NIFTY200 MOMENTUM 30 - TRI,16-Aug-2012,1610.30
NIFTY200 MOMENTUM 30 - TRI,17-Aug-2012,1639.24
NIFTY200 MOMENTUM 30 - TRI,20-Aug-2012,1655.47
NIFTY200 MOMENTUM 30 - TRI,21-Aug-2012,1635.34
NIFTY200 MOMENTUM 30 - TRI,22-Aug-2012,1639.86
NIFTY200 MOMENTUM 30 - TRI,23-Aug-2012,1652.24
NIFTY200 MOMENTUM 30 - TRI,24-Aug-2012,1673.43
NIFTY200 MOMENTUM 30 - TRI,27-Aug-2012,1693.58
NIFTY200 MOMENTUM 30 - TRI,28-Aug-2012,1702.65
NIFTY200 MOMENTUM 30 - TRI,29-Aug-2012,1686.68
NIFTY200 MOMENTUM 30 - TRI,30-Aug-2012,1678.27
NIFTY200 MOMENTUM 30 - TRI,31-Aug-2012,1693.20
NIFTY200 MOMENTUM 30 - TRI,03-Sep-2012,1691.28
NIFTY200 MOMENTUM 30 - TRI,04-Sep-2012,1710.50
NIFTY200 MOMENTUM 30 - TRI,05-Sep-2012,1698.60
NIFTY200 MOMENTUM 30 - TRI,06-Sep-2012,1701.67
NIFTY200 MOMENTUM 30 - TRI,07-Sep-2012,1693.07
NIFTY200 MOMENTUM 30 - TRI,10-Sep-2012,1673.60
NIFTY200 MOMENTUM 30 - TRI,11-Sep-2012,1682.36
NIFTY200 MOMENTUM 30 - TRI,12-Sep-2012,1675.12
NIFTY200 MOMENTUM 30 - TRI,13-Sep-2012,1666.53
NIFTY200 MOMENTUM 30 - TRI,14-Sep-2012,1684.26
NIFTY200 MOMENTUM 30 - TRI,17-Sep-2012,1701.58
NIFTY200 MOMENTUM 30 - TRI,18-Sep-2012,1690.72
NIFTY200 MOMENTUM 30 - TRI,19-Sep-2012,1675.38
NIFTY200 MOMENTUM 30 - TRI,20-Sep-2012,1664.23
NIFTY200 MOMENTUM 30 - TRI,21-Sep-2012,1656.64
NIFTY200 MOMENTUM 30 - TRI,24-Sep-2012,1640.27
NIFTY200 MOMENTUM 30 - TRI,25-Sep-2012,1625.54
NIFTY200 MOMENTUM 30 - TRI,26-Sep-2012,1633.03
NIFTY200 MOMENTUM 30 - TRI,27-Sep-2012,1634.35
NIFTY200 MOMENTUM 30 - TRI,28-Sep-2012,1634.78
NIFTY200 MOMENTUM 30 - TRI,01-Oct-2012,1619.21
NIFTY200 MOMENTUM 30 - TRI,02-Oct-2012,1644.53
NIFTY200 MOMENTUM 30 - TRI,03-Oct-2012,1669.73
NIFTY200 MOMENTUM 30 - TRI,04-Oct-2012,1635.83
NIFTY200 MOMENTUM 30 - TRI,05-Oct-2012,1643.80
NIFTY200 MOMENTUM 30 - TRI,08-Oct-2012,1647.72
NIFTY200 MOMENTUM 30 - TRI,09-Oct-2012,1636.62
NIFTY200 MOMENTUM 30 - TRI,10-Oct-2012,1639.40
NIFTY200 MOMENTUM 30 - TRI,11-Oct-2012,1638.15
NIFTY200 MOMENTUM 30 - TRI,12-Oct-2012,1635.32
NIFTY200 MOMENTUM 30 - TRI,15-Oct-2012,1665.23
NIFTY200 MOMENTUM 30 - TRI,16-Oct-2012,1682.40
NIFTY200 MOMENTUM 30 - TRI,17-Oct-2012,1714.65
NIFTY200 MOMENTUM 30 - TRI,18-Oct-2012,1713.37
NIFTY200 MOMENTUM 30 - TRI,19-Oct-2012,1732.35
NIFTY200 MOMENTUM 30 - TRI,22-Oct-2012,1728.87
NIFTY200 MOMENTUM 30 - TRI,23-Oct-2012,1703.42
NIFTY200 MOMENTUM 30 - TRI,24-Oct-2012,1692.41
NIFTY200 MOMENTUM 30 - TRI,25-Oct-2012,1692.94
NIFTY200 MOMENTUM 30 - TRI,26-Oct-2012,1669.58
NIFTY200 MOMENTUM 30 - TRI,29-Oct-2012,1685.19
NIFTY200 MOMENTUM 30 - TRI,30-Oct-2012,1708.25
NIFTY200 MOMENTUM 30 - TRI,31-Oct-2012,1718.50
NIFTY200 MOMENTUM 30 - TRI,01-Nov-2012,1699.07
NIFTY200 MOMENTUM 30 - TRI,02-Nov-2012,1749.89
NIFTY200 MOMENTUM 30 - TRI,05-Nov-2012,1723.19
NIFTY200 MOMENTUM 30 - TRI,06-Nov-2012,1708.04
NIFTY200 MOMENTUM 30 - TRI,07-Nov-2012,1681.43
NIFTY200 MOMENTUM 30 - TRI,08-Nov-2012,1676.14
NIFTY200 MOMENTUM 30 - TRI,09-Nov-2012,1683.13
NIFTY200 MOMENTUM 30 - TRI,12-Nov-2012,1690.66
NIFTY200 MOMENTUM 30 - TRI,13-Nov-2012,1707.90
NIFTY200 MOMENTUM 30 - TRI,14-Nov-2012,1710.29
NIFTY200 MOMENTUM 30 - TRI,15-Nov-2012,1692.64
NIFTY200 MOMENTUM 30 - TRI,16-Nov-2012,1687.71
NIFTY200 MOMENTUM 30 - TRI,19-Nov-2012,1670.51
NIFTY200 MOMENTUM 30 - TRI,20-Nov-2012,1686.28
NIFTY200 MOMENTUM 30 - TRI,21-Nov-2012,1673.86
NIFTY200 MOMENTUM 30 - TRI,22-Nov-2012,1635.99
NIFTY200 MOMENTUM 30 - TRI,23-Nov-2012,1645.24
NIFTY200 MOMENTUM 30 - TRI,26-Nov-2012,1643.72
NIFTY200 MOMENTUM 30 - TRI,27-Nov-2012,1667.81
NIFTY200 MOMENTUM 30 - TRI,28-Nov-2012,1674.12
NIFTY200 MOMENTUM 30 - TRI,29-Nov-2012,1680.81
NIFTY200 MOMENTUM 30 - TRI,30-Nov-2012,1692.20
NIFTY200 MOMENTUM 30 - TRI,03-Dec-2012,1657.23
NIFTY200 MOMENTUM 30 - TRI,04-Dec-2012,1619.42
NIFTY200 MOMENTUM 30 - TRI,05-Dec-2012,1611.32
NIFTY200 MOMENTUM 30 - TRI,06-Dec-2012,1588.09
NIFTY200 MOMENTUM 30 - TRI,07-Dec-2012,1618.22
NIFTY200 MOMENTUM 30 - TRI,10-Dec-2012,1632.95
NIFTY200 MOMENTUM 30 - TRI,11-Dec-2012,1632.27
NIFTY200 MOMENTUM 30 - TRI,12-Dec-2012,1649.36
NIFTY200 MOMENTUM 30 - TRI,13-Dec-2012,1621.04
NIFTY200 MOMENTUM 30 - TRI,14-Dec-2012,1585.80
NIFTY200 MOMENTUM 30 - TRI,17-Dec-2012,1573.84
NIFTY200 MOMENTUM 30 - TRI,18-Dec-2012,1547.95
NIFTY200 MOMENTUM 30 - TRI,19-Dec-2012,1544.95
NIFTY200 MOMENTUM 30 - TRI,20-Dec-2012,1562.93
NIFTY200 MOMENTUM 30 - TRI,21-Dec-2012,1554.44
NIFTY200 MOMENTUM 30 - TRI,24-Dec-2012,1540.03
NIFTY200 MOMENTUM 30 - TRI,25-Dec-2012,1541.85
NIFTY200 MOMENTUM 30 - TRI,26-Dec-2012,1532.27
NIFTY200 MOMENTUM 30 - TRI,27-Dec-2012,1515.03
NIFTY200 MOMENTUM 30 - TRI,28-Dec-2012,1525.74
NIFTY200 MOMENTUM 30 - TRI,31-Dec-2012,1503.61
NIFTY200 MOMENTUM 30 - TRI,01-Jan-2013,1479.42
NIFTY200 MOMENTUM 30 - TRI,02-Jan-2013,1489.22
NIFTY200 MOMENTUM 30 - TRI,03-Jan-2013,1495.85
NIFTY200 MOMENTUM 30 - TRI,04-Jan-2013,1487.27
NIFTY200 MOMENTUM 30 - TRI,07-Jan-2013,1492.22
NIFTY200 MOMENTUM 30 - TRI,08-Jan-2013,1491.30
NIFTY200 MOMENTUM 30 - TRI,09-Jan-2013,1492.21
NIFTY200 MOMENTUM 30 - TRI,10-Jan-2013,1492.61
NIFTY200 MOMENTUM 30 - TRI,11-Jan-2013,1477.00
NIFTY200 MOMENTUM 30 - TRI,14-Jan-2013,1459.20
NIFTY200 MOMENTUM 30 - TRI,15-Jan-2013,1468.56
NIFTY200 MOMENTUM 30 - TRI,16-Jan-2013,1438.78
NIFTY200 MOMENTUM 30 - TRI,17-Jan-2013,1434.64
NIFTY200 MOMENTUM 30 - TRI,18-Jan-2013,1446.98
NIFTY200 MOMENTUM 30 - TRI,21-Jan-2013,1460.59
NIFTY200 MOMENTUM 30 - TRI,22-Jan-2013,1454.89
NIFTY200 MOMENTUM 30 - TRI,23-Jan-2013,1443.11
NIFTY200 MOMENTUM 30 - TRI,24-Jan-2013,1431.34
NIFTY200 MOMENTUM 30 - TRI,25-Jan-2013,1419.34
NIFTY200 MOMENTUM 30 - TRI,28-Jan-2013,1424.18
NIFTY200 MOMENTUM 30 - TRI,29-Jan-2013,1444.52
NIFTY200 MOMENTUM 30 - TRI,30-Jan-2013,1462.01
NIFTY200 MOMENTUM 30 - TRI,31-Jan-2013,1467.29
NIFTY200 MOMENTUM 30 - TRI,01-Feb-2013,1443.18
NIFTY200 MOMENTUM 30 - TRI,04-Feb-2013,1435.57
NIFTY200 MOMENTUM 30 - TRI,05-Feb-2013,1428.79
NIFTY200 MOMENTUM 30 - TRI,06-Feb-2013,1430.02
NIFTY200 MOMENTUM 30 - TRI,07-Feb-2013,1435.49
NIFTY200 MOMENTUM 30 - TRI,08-Feb-2013,1403.90
NIFTY200 MOMENTUM 30 - TRI,11-Feb-2013,1390.75
NIFTY200 MOMENTUM 30 - TRI,12-Feb-2013,1386.07
NIFTY200 MOMENTUM 30 - TRI,13-Feb-2013,1388.65
NIFTY200 MOMENTUM 30 - TRI,14-Feb-2013,1394.43
NIFTY200 MOMENTUM 30 - TRI,15-Feb-2013,1386.18
NIFTY200 MOMENTUM 30 - TRI,18-Feb-2013,1399.00
NIFTY200 MOMENTUM 30 - TRI,19-Feb-2013,1398.88
NIFTY200 MOMENTUM 30 - TRI,20-Feb-2013,1392.87
NIFTY200 MOMENTUM 30 - TRI,21-Feb-2013,1387.42
NIFTY200 MOMENTUM 30 - TRI,22-Feb-2013,1379.08
NIFTY200 MOMENTUM 30 - TRI,25-Feb-2013,1382.81
NIFTY200 MOMENTUM 30 - TRI,26-Feb-2013,1384.18
NIFTY200 MOMENTUM 30 - TRI,27-Feb-2013,1389.65
NIFTY200 MOMENTUM 30 - TRI,28-Feb-2013,1365.68
NIFTY200 MOMENTUM 30 - TRI,01-Mar-2013,1353.50
NIFTY200 MOMENTUM 30 - TRI,04-Mar-2013,1374.16
NIFTY200 MOMENTUM 30 - TRI,05-Mar-2013,1375.75
NIFTY200 MOMENTUM 30 - TRI,06-Mar-2013,1390.55
NIFTY200 MOMENTUM 30 - TRI,07-Mar-2013,1353.44
NIFTY200 MOMENTUM 30 - TRI,08-Mar-2013,1379.42
NIFTY200 MOMENTUM 30 - TRI,11-Mar-2013,1385.04
NIFTY200 MOMENTUM 30 - TRI,12-Mar-2013,1412.06
NIFTY200 MOMENTUM 30 - TRI,13-Mar-2013,1414.23
NIFTY200 MOMENTUM 30 - TRI,14-Mar-2013,1428.62
NIFTY200 MOMENTUM 30 - TRI,15-Mar-2013,1436.08
NIFTY200 MOMENTUM 30 - TRI,18-Mar-2013,1449.95
NIFTY200 MOMENTUM 30 - TRI,19-Mar-2013,1439.53
NIFTY200 MOMENTUM 30 - TRI,20-Mar-2013,1429.37
NIFTY200 MOMENTUM 30 - TRI,21-Mar-2013,1438.13
NIFTY200 MOMENTUM 30 - TRI,22-Mar-2013,1426.53
NIFTY200 MOMENTUM 30 - TRI,25-Mar-2013,1446.93
NIFTY200 MOMENTUM 30 - TRI,26-Mar-2013,1438.83
NIFTY200 MOMENTUM 30 - TRI,27-Mar-2013,1481.60
NIFTY200 MOMENTUM 30 - TRI,28-Mar-2013,1501.12
NIFTY200 MOMENTUM 30 - TRI,29-Mar-2013,1507.45
NIFTY200 MOMENTUM 30 - TRI,01-Apr-2013,1500.67
NIFTY200 MOMENTUM 30 - TRI,02-Apr-2013,1513.15
NIFTY200 MOMENTUM 30 - TRI,03-Apr-2013,1463.30
NIFTY200 MOMENTUM 30 - TRI,04-Apr-2013,1456.43
NIFTY200 MOMENTUM 30 - TRI,05-Apr-2013,1437.21
NIFTY200 MOMENTUM 30 - TRI,08-Apr-2013,1429.01
NIFTY200 MOMENTUM 30 - TRI,09-Apr-2013,1434.56
NIFTY200 MOMENTUM 30 - TRI,10-Apr-2013,1421.21
NIFTY200 MOMENTUM 30 - TRI,11-Apr-2013,1429.35
NIFTY200 MOMENTUM 30 - TRI,12-Apr-2013,1421.62
NIFTY200 MOMENTUM 30 - TRI,15-Apr-2013,1421.75
NIFTY200 MOMENTUM 30 - TRI,16-Apr-2013,1442.42
NIFTY200 MOMENTUM 30 - TRI,17-Apr-2013,1459.57
NIFTY200 MOMENTUM 30 - TRI,18-Apr-2013,1472.11
NIFTY200 MOMENTUM 30 - TRI,19-Apr-2013,1451.96
NIFTY200 MOMENTUM 30 - TRI,22-Apr-2013,1456.86
NIFTY200 MOMENTUM 30 - TRI,23-Apr-2013,1453.77
NIFTY200 MOMENTUM 30 - TRI,24-Apr-2013,1443.70
NIFTY200 MOMENTUM 30 - TRI,25-Apr-2013,1419.56
NIFTY200 MOMENTUM 30 - TRI,26-Apr-2013,1423.71
NIFTY200 MOMENTUM 30 - TRI,29-Apr-2013,1402.20
NIFTY200 MOMENTUM 30 - TRI,30-Apr-2013,1399.92
NIFTY200 MOMENTUM 30 - TRI,01-May-2013,1384.33
NIFTY200 MOMENTUM 30 - TRI,02-May-2013,1380.92
NIFTY200 MOMENTUM 30 - TRI,03-May-2013,1397.57
NIFTY200 MOMENTUM 30 - TRI,06-May-2013,1418.48
NIFTY200 MOMENTUM 30 - TRI,07-May-2013,1402.11
NIFTY200 MOMENTUM 30 - TRI,08-May-2013,1394.73
NIFTY200 MOMENTUM 30 - TRI,09-May-2013,1404.25
NIFTY200 MOMENTUM 30 - TRI,10-May-2013,1409.57
NIFTY200 MOMENTUM 30 - TRI,13-May-2013,1417.64
NIFTY200 MOMENTUM 30 - TRI,14-May-2013,1404.99
NIFTY200 MOMENTUM 30 - TRI,15-May-2013,1402.52
NIFTY200 MOMENTUM 30 - TRI,16-May-2013,1414.05
NIFTY200 MOMENTUM 30 - TRI,17-May-2013,1399.82
NIFTY200 MOMENTUM 30 - TRI,20-May-2013,1416.78
NIFTY200 MOMENTUM 30 - TRI,21-May-2013,1427.36
NIFTY200 MOMENTUM 30 - TRI,22-May-2013,1447.22
NIFTY200 MOMENTUM 30 - TRI,23-May-2013,1434.94
NIFTY200 MOMENTUM 30 - TRI,24-May-2013,1430.72
NIFTY200 MOMENTUM 30 - TRI,27-May-2013,1419.82
NIFTY200 MOMENTUM 30 - TRI,28-May-2013,1425.99
NIFTY200 MOMENTUM 30 - TRI,29-May-2013,1416.86
NIFTY200 MOMENTUM 30 - TRI,30-May-2013,1393.73
NIFTY200 MOMENTUM 30 - TRI,31-May-2013,1414.68
NIFTY200 MOMENTUM 30 - TRI,03-Jun-2013,1428.84
NIFTY200 MOMENTUM 30 - TRI,04-Jun-2013,1422.08
NIFTY200 MOMENTUM 30 - TRI,05-Jun-2013,1403.17
NIFTY200 MOMENTUM 30 - TRI,06-Jun-2013,1412.63
NIFTY200 MOMENTUM 30 - TRI,07-Jun-2013,1405.19
NIFTY200 MOMENTUM 30 - TRI,10-Jun-2013,1419.93
NIFTY200 MOMENTUM 30 - TRI,11-Jun-2013,1445.41
NIFTY200 MOMENTUM 30 - TRI,12-Jun-2013,1428.19
NIFTY200 MOMENTUM 30 - TRI,13-Jun-2013,1424.30
NIFTY200 MOMENTUM 30 - TRI,14-Jun-2013,1425.10
NIFTY200 MOMENTUM 30 - TRI,17-Jun-2013,1404.46
NIFTY200 MOMENTUM 30 - TRI,18-Jun-2013,1420.99
NIFTY200 MOMENTUM 30 - TRI,19-Jun-2013,1424.58
NIFTY200 MOMENTUM 30 - TRI,20-Jun-2013,1417.14
NIFTY200 MOMENTUM 30 - TRI,21-Jun-2013,1418.67
NIFTY200 MOMENTUM 30 - TRI,24-Jun-2013,1433.68
NIFTY200 MOMENTUM 30 - TRI,25-Jun-2013,1435.25
NIFTY200 MOMENTUM 30 - TRI,26-Jun-2013,1433.80
NIFTY200 MOMENTUM 30 - TRI,27-Jun-2013,1473.68
NIFTY200 MOMENTUM 30 - TRI,28-Jun-2013,1475.38
NIFTY200 MOMENTUM 30 - TRI,01-Jul-2013,1493.44
NIFTY200 MOMENTUM 30 - TRI,02-Jul-2013,1481.49
NIFTY200 MOMENTUM 30 - TRI,03-Jul-2013,1472.90
NIFTY200 MOMENTUM 30 - TRI,04-Jul-2013,1468.69
NIFTY200 MOMENTUM 30 - TRI,05-Jul-2013,1498.12
NIFTY200 MOMENTUM 30 - TRI,08-Jul-2013,1451.71
NIFTY200 MOMENTUM 30 - TRI,09-Jul-2013,1418.01
NIFTY200 MOMENTUM 30 - TRI,10-Jul-2013,1408.09
NIFTY200 MOMENTUM 30 - TRI,11-Jul-2013,1417.85
NIFTY200 MOMENTUM 30 - TRI,12-Jul-2013,1429.93
NIFTY200 MOMENTUM 30 - TRI,15-Jul-2013,1423.50
NIFTY200 MOMENTUM 30 - TRI,16-Jul-2013,1410.60
NIFTY200 MOMENTUM 30 - TRI,17-Jul-2013,1405.90
NIFTY200 MOMENTUM 30 - TRI,18-Jul-2013,1409.32
NIFTY200 MOMENTUM 30 - TRI,19-Jul-2013,1404.82
NIFTY200 MOMENTUM 30 - TRI,22-Jul-2013,1414.39
NIFTY200 MOMENTUM 30 - TRI,23-Jul-2013,1398.71
NIFTY200 MOMENTUM 30 - TRI,24-Jul-2013,1425.99
NIFTY200 MOMENTUM 30 - TRI,25-Jul-2013,1429.44
NIFTY200 MOMENTUM 30 - TRI,26-Jul-2013,1411.18
NIFTY200 MOMENTUM 30 - TRI,29-Jul-2013,1434.69
NIFTY200 MOMENTUM 30 - TRI,30-Jul-2013,1400.57
NIFTY200 MOMENTUM 30 - TRI,31-Jul-2013,1401.53
NIFTY200 MOMENTUM 30 - TRI,01-Aug-2013,1396.29
NIFTY200 MOMENTUM 30 - TRI,02-Aug-2013,1360.40
NIFTY200 MOMENTUM 30 - TRI,05-Aug-2013,1341.65
NIFTY200 MOMENTUM 30 - TRI,06-Aug-2013,1315.79
NIFTY200 MOMENTUM 30 - TRI,07-Aug-2013,1327.47
NIFTY200 MOMENTUM 30 - TRI,08-Aug-2013,1336.39
NIFTY200 MOMENTUM 30 - TRI,09-Aug-2013,1348.17
NIFTY200 MOMENTUM 30 - TRI,12-Aug-2013,1341.27
NIFTY200 MOMENTUM 30 - TRI,13-Aug-2013,1333.52
NIFTY200 MOMENTUM 30 - TRI,14-Aug-2013,1342.76
NIFTY200 MOMENTUM 30 - TRI,15-Aug-2013,1333.54
NIFTY200 MOMENTUM 30 - TRI,16-Aug-2013,1320.79
NIFTY200 MOMENTUM 30 - TRI,19-Aug-2013,1307.73
NIFTY200 MOMENTUM 30 - TRI,20-Aug-2013,1330.98
NIFTY200 MOMENTUM 30 - TRI,21-Aug-2013,1323.40
NIFTY200 MOMENTUM 30 - TRI,22-Aug-2013,1331.73
NIFTY200 MOMENTUM 30 - TRI,23-Aug-2013,1340.52
NIFTY200 MOMENTUM 30 - TRI,26-Aug-2013,1360.39
NIFTY200 MOMENTUM 30 - TRI,27-Aug-2013,1355.47
NIFTY200 MOMENTUM 30 - TRI,28-Aug-2013,1347.74
NIFTY200 MOMENTUM 30 - TRI,29-Aug-2013,1359.67
NIFTY200 MOMENTUM 30 - TRI,30-Aug-2013,1361.06
NIFTY200 MOMENTUM 30 - TRI,02-Sep-2013,1349.62
NIFTY200 MOMENTUM 30 - TRI,03-Sep-2013,1320.83
NIFTY200 MOMENTUM 30 - TRI,04-Sep-2013,1318.69
NIFTY200 MOMENTUM 30 - TRI,05-Sep-2013,1286.36
NIFTY200 MOMENTUM 30 - TRI,06-Sep-2013,1280.47
NIFTY200 MOMENTUM 30 - TRI,09-Sep-2013,1242.31
NIFTY200 MOMENTUM 30 - TRI,10-Sep-2013,1234.82
NIFTY200 MOMENTUM 30 - TRI,11-Sep-2013,1218.59
NIFTY200 MOMENTUM 30 - TRI,12-Sep-2013,1209.29
NIFTY200 MOMENTUM 30 - TRI,13-Sep-2013,1196.83
NIFTY200 MOMENTUM 30 - TRI,16-Sep-2013,1170.63
NIFTY200 MOMENTUM 30 - TRI,17-Sep-2013,1190.57
NIFTY200 MOMENTUM 30 - TRI,18-Sep-2013,1198.44
NIFTY200 MOMENTUM 30 - TRI,19-Sep-2013,1196.64
NIFTY200 MOMENTUM 30 - TRI,20-Sep-2013,1180.06
NIFTY200 MOMENTUM 30 - TRI,23-Sep-2013,1166.18
NIFTY200 MOMENTUM 30 - TRI,24-Sep-2013,1165.33
NIFTY200 MOMENTUM 30 - TRI,25-Sep-2013,1194.16
NIFTY200 MOMENTUM 30 - TRI,26-Sep-2013,1225.08
NIFTY200 MOMENTUM 30 - TRI,27-Sep-2013,1210.19
NIFTY200 MOMENTUM 30 - TRI,30-Sep-2013,1208.38
NIFTY200 MOMENTUM 30 - TRI,01-Oct-2013,1215.91
NIFTY200 MOMENTUM 30 - TRI,02-Oct-2013,1250.39
NIFTY200 MOMENTUM 30 - TRI,03-Oct-2013,1254.31
NIFTY200 MOMENTUM 30 - TRI,04-Oct-2013,1253.62
NIFTY200 MOMENTUM 30 - TRI,07-Oct-2013,1253.21
NIFTY200 MOMENTUM 30 - TRI,08-Oct-2013,1248.15
NIFTY200 MOMENTUM 30 - TRI,09-Oct-2013,1286.24
NIFTY200 MOMENTUM 30 - TRI,10-Oct-2013,1288.91
NIFTY200 MOMENTUM 30 - TRI,11-Oct-2013,1311.43
NIFTY200 MOMENTUM 30 - TRI,14-Oct-2013,1332.82
NIFTY200 MOMENTUM 30 - TRI,15-Oct-2013,1325.47
NIFTY200 MOMENTUM 30 - TRI,16-Oct-2013,1345.00
NIFTY200 MOMENTUM 30 - TRI,17-Oct-2013,1365.53
NIFTY200 MOMENTUM 30 - TRI,18-Oct-2013,1386.40
NIFTY200 MOMENTUM 30 - TRI,21-Oct-2013,1348.97
NIFTY200 MOMENTUM 30 - TRI,22-Oct-2013,1373.32
NIFTY200 MOMENTUM 30 - TRI,23-Oct-2013,1385.91
NIFTY200 MOMENTUM 30 - TRI,24-Oct-2013,1402.78
NIFTY200 MOMENTUM 30 - TRI,25-Oct-2013,1406.15
NIFTY200 MOMENTUM 30 - TRI,28-Oct-2013,1419.75
NIFTY200 MOMENTUM 30 - TRI,29-Oct-2013,1428.14
NIFTY200 MOMENTUM 30 - TRI,30-Oct-2013,1428.48
NIFTY200 MOMENTUM 30 - TRI,31-Oct-2013,1427.66
NIFTY200 MOMENTUM 30 - TRI,01-Nov-2013,1460.23
NIFTY200 MOMENTUM 30 - TRI,04-Nov-2013,1475.82
NIFTY200 MOMENTUM 30 - TRI,05-Nov-2013,1453.25
NIFTY200 MOMENTUM 30 - TRI,06-Nov-2013,1413.42
NIFTY200 MOMENTUM 30 - TRI,07-Nov-2013,1409.65
NIFTY200 MOMENTUM 30 - TRI,08-Nov-2013,1399.36
NIFTY200 MOMENTUM 30 - TRI,11-Nov-2013,1419.58
NIFTY200 MOMENTUM 30 - TRI,12-Nov-2013,1447.61
NIFTY200 MOMENTUM 30 - TRI,13-Nov-2013,1441.91
NIFTY200 MOMENTUM 30 - TRI,14-Nov-2013,1466.35
NIFTY200 MOMENTUM 30 - TRI,15-Nov-2013,1467.95
NIFTY200 MOMENTUM 30 - TRI,18-Nov-2013,1457.76
NIFTY200 MOMENTUM 30 - TRI,19-Nov-2013,1421.82
NIFTY200 MOMENTUM 30 - TRI,20-Nov-2013,1436.46
NIFTY200 MOMENTUM 30 - TRI,21-Nov-2013,1424.42
NIFTY200 MOMENTUM 30 - TRI,22-Nov-2013,1437.39
NIFTY200 MOMENTUM 30 - TRI,25-Nov-2013,1420.64
NIFTY200 MOMENTUM 30 - TRI,26-Nov-2013,1439.08
NIFTY200 MOMENTUM 30 - TRI,27-Nov-2013,1461.40
NIFTY200 MOMENTUM 30 - TRI,28-Nov-2013,1466.98
NIFTY200 MOMENTUM 30 - TRI,29-Nov-2013,1453.50
NIFTY200 MOMENTUM 30 - TRI,02-Dec-2013,1468.11
NIFTY200 MOMENTUM 30 - TRI,03-Dec-2013,1464.54
NIFTY200 MOMENTUM 30 - TRI,04-Dec-2013,1457.93
NIFTY200 MOMENTUM 30 - TRI,05-Dec-2013,1429.83
NIFTY200 MOMENTUM 30 - TRI,06-Dec-2013,1444.57
NIFTY200 MOMENTUM 30 - TRI,09-Dec-2013,1418.34
NIFTY200 MOMENTUM 30 - TRI,10-Dec-2013,1398.58
NIFTY200 MOMENTUM 30 - TRI,11-Dec-2013,1443.92
NIFTY200 MOMENTUM 30 - TRI,12-Dec-2013,1444.70
NIFTY200 MOMENTUM 30 - TRI,13-Dec-2013,1434.11
NIFTY200 MOMENTUM 30 - TRI,16-Dec-2013,1448.51
NIFTY200 MOMENTUM 30 - TRI,17-Dec-2013,1395.92
NIFTY200 MOMENTUM 30 - TRI,18-Dec-2013,1393.44
NIFTY200 MOMENTUM 30 - TRI,19-Dec-2013,1426.05
NIFTY200 MOMENTUM 30 - TRI,20-Dec-2013,1459.20
NIFTY200 MOMENTUM 30 - TRI,23-Dec-2013,1427.16
NIFTY200 MOMENTUM 30 - TRI,24-Dec-2013,1454.24
NIFTY200 MOMENTUM 30 - TRI,25-Dec-2013,1484.91
NIFTY200 MOMENTUM 30 - TRI,26-Dec-2013,1508.60
NIFTY200 MOMENTUM 30 - TRI,27-Dec-2013,1561.17
NIFTY200 MOMENTUM 30 - TRI,30-Dec-2013,1610.15
NIFTY200 MOMENTUM 30 - TRI,31-Dec-2013,1640.32
NIFTY200 MOMENTUM 30 - TRI,01-Jan-2014,1644.30
NIFTY200 MOMENTUM 30 - TRI,02-Jan-2014,1622.01
NIFTY200 MOMENTUM 30 - TRI,03-Jan-2014,1606.57
NIFTY200 MOMENTUM 30 - TRI,06-Jan-2014,1627.25
NIFTY200 MOMENTUM 30 - TRI,07-Jan-2014,1590.46
NIFTY200 MOMENTUM 30 - TRI,08-Jan-2014,1557.53
NIFTY200 MOMENTUM 30 - TRI,09-Jan-2014,1535.72
NIFTY200 MOMENTUM 30 - TRI,10-Jan-2014,1519.86
NIFTY200 MOMENTUM 30 - TRI,13-Jan-2014,1513.46
NIFTY200 MOMENTUM 30 - TRI,14-Jan-2014,1491.45
NIFTY200 MOMENTUM 30 - TRI,15-Jan-2014,1533.03
NIFTY200 MOMENTUM 30 - TRI,16-Jan-2014,1533.13
NIFTY200 MOMENTUM 30 - TRI,17-Jan-2014,1525.55
NIFTY200 MOMENTUM 30 - TRI,20-Jan-2014,1520.59
NIFTY200 MOMENTUM 30 - TRI,21-Jan-2014,1507.82
NIFTY200 MOMENTUM 30 - TRI,22-Jan-2014,1512.95
NIFTY200 MOMENTUM 30 - TRI,23-Jan-2014,1494.86
NIFTY200 MOMENTUM 30 - TRI,24-Jan-2014,1502.59
NIFTY200 MOMENTUM 30 - TRI,27-Jan-2014,1516.95
NIFTY200 MOMENTUM 30 - TRI,28-Jan-2014,1515.73
NIFTY200 MOMENTUM 30 - TRI,29-Jan-2014,1531.41
NIFTY200 MOMENTUM 30 - TRI,30-Jan-2014,1509.97
NIFTY200 MOMENTUM 30 - TRI,31-Jan-2014,1498.58
NIFTY200 MOMENTUM 30 - TRI,03-Feb-2014,1487.28
NIFTY200 MOMENTUM 30 - TRI,04-Feb-2014,1480.98
NIFTY200 MOMENTUM 30 - TRI,05-Feb-2014,1481.10
NIFTY200 MOMENTUM 30 - TRI,06-Feb-2014,1517.09
NIFTY200 MOMENTUM 30 - TRI,07-Feb-2014,1528.48
NIFTY200 MOMENTUM 30 - TRI,10-Feb-2014,1511.33
NIFTY200 MOMENTUM 30 - TRI,11-Feb-2014,1506.49
NIFTY200 MOMENTUM 30 - TRI,12-Feb-2014,1501.47
NIFTY200 MOMENTUM 30 - TRI,13-Feb-2014,1507.98
NIFTY200 MOMENTUM 30 - TRI,14-Feb-2014,1548.02
NIFTY200 MOMENTUM 30 - TRI,17-Feb-2014,1565.92
NIFTY200 MOMENTUM 30 - TRI,18-Feb-2014,1543.46
NIFTY200 MOMENTUM 30 - TRI,19-Feb-2014,1529.95
NIFTY200 MOMENTUM 30 - TRI,20-Feb-2014,1532.72
NIFTY200 MOMENTUM 30 - TRI,21-Feb-2014,1546.57
NIFTY200 MOMENTUM 30 - TRI,24-Feb-2014,1557.44
NIFTY200 MOMENTUM 30 - TRI,25-Feb-2014,1605.19
NIFTY200 MOMENTUM 30 - TRI,26-Feb-2014,1586.87
NIFTY200 MOMENTUM 30 - TRI,27-Feb-2014,1597.38
NIFTY200 MOMENTUM 30 - TRI,28-Feb-2014,1610.67
NIFTY200 MOMENTUM 30 - TRI,03-Mar-2014,1596.76
NIFTY200 MOMENTUM 30 - TRI,04-Mar-2014,1608.89
NIFTY200 MOMENTUM 30 - TRI,05-Mar-2014,1625.74
NIFTY200 MOMENTUM 30 - TRI,06-Mar-2014,1624.51
NIFTY200 MOMENTUM 30 - TRI,07-Mar-2014,1637.86
NIFTY200 MOMENTUM 30 - TRI,10-Mar-2014,1625.08
NIFTY200 MOMENTUM 30 - TRI,11-Mar-2014,1620.09
NIFTY200 MOMENTUM 30 - TRI,12-Mar-2014,1611.00
NIFTY200 MOMENTUM 30 - TRI,13-Mar-2014,1641.48
NIFTY200 MOMENTUM 30 - TRI,14-Mar-2014,1663.29
NIFTY200 MOMENTUM 30 - TRI,17-Mar-2014,1661.97
NIFTY200 MOMENTUM 30 - TRI,18-Mar-2014,1684.39
NIFTY200 MOMENTUM 30 - TRI,19-Mar-2014,1680.02
NIFTY200 MOMENTUM 30 - TRI,20-Mar-2014,1684.29
NIFTY200 MOMENTUM 30 - TRI,21-Mar-2014,1668.61
NIFTY200 MOMENTUM 30 - TRI,24-Mar-2014,1675.76
NIFTY200 MOMENTUM 30 - TRI,25-Mar-2014,1686.65
NIFTY200 MOMENTUM 30 - TRI,26-Mar-2014,1703.71
NIFTY200 MOMENTUM 30 - TRI,27-Mar-2014,1689.32
NIFTY200 MOMENTUM 30 - TRI,28-Mar-2014,1695.73
NIFTY200 MOMENTUM 30 - TRI,31-Mar-2014,1686.20
NIFTY200 MOMENTUM 30 - TRI,01-Apr-2014,1696.66
NIFTY200 MOMENTUM 30 - TRI,02-Apr-2014,1720.31
NIFTY200 MOMENTUM 30 - TRI,03-Apr-2014,1727.68
NIFTY200 MOMENTUM 30 - TRI,04-Apr-2014,1707.85
NIFTY200 MOMENTUM 30 - TRI,07-Apr-2014,1690.75
NIFTY200 MOMENTUM 30 - TRI,08-Apr-2014,1682.11
NIFTY200 MOMENTUM 30 - TRI,09-Apr-2014,1671.57
NIFTY200 MOMENTUM 30 - TRI,10-Apr-2014,1635.21
NIFTY200 MOMENTUM 30 - TRI,11-Apr-2014,1643.91
NIFTY200 MOMENTUM 30 - TRI,14-Apr-2014,1674.09
NIFTY200 MOMENTUM 30 - TRI,15-Apr-2014,1702.29
NIFTY200 MOMENTUM 30 - TRI,16-Apr-2014,1734.63
NIFTY200 MOMENTUM 30 - TRI,17-Apr-2014,1731.27
NIFTY200 MOMENTUM 30 - TRI,18-Apr-2014,1720.89
NIFTY200 MOMENTUM 30 - TRI,21-Apr-2014,1725.95
NIFTY200 MOMENTUM 30 - TRI,22-Apr-2014,1710.57
NIFTY200 MOMENTUM 30 - TRI,23-Apr-2014,1707.01
NIFTY200 MOMENTUM 30 - TRI,24-Apr-2014,1699.58
NIFTY200 MOMENTUM 30 - TRI,25-Apr-2014,1690.33
NIFTY200 MOMENTUM 30 - TRI,28-Apr-2014,1653.87
NIFTY200 MOMENTUM 30 - TRI,29-Apr-2014,1625.12
NIFTY200 MOMENTUM 30 - TRI,30-Apr-2014,1574.64
NIFTY200 MOMENTUM 30 - TRI,01-May-2014,1584.25
NIFTY200 MOMENTUM 30 - TRI,02-May-2014,1535.98
NIFTY200 MOMENTUM 30 - TRI,05-May-2014,1542.15
NIFTY200 MOMENTUM 30 - TRI,06-May-2014,1555.92
NIFTY200 MOMENTUM 30 - TRI,07-May-2014,1582.26
NIFTY200 MOMENTUM 30 - TRI,08-May-2014,1630.92
NIFTY200 MOMENTUM 30 - TRI,09-May-2014,1646.00
NIFTY200 MOMENTUM 30 - TRI,12-May-2014,1644.88
NIFTY200 MOMENTUM 30 - TRI,13-May-2014,1673.46
NIFTY200 MOMENTUM 30 - TRI,14-May-2014,1630.04
NIFTY200 MOMENTUM 30 - TRI,15-May-2014,1637.59
NIFTY200 MOMENTUM 30 - TRI,16-May-2014,1621.34
NIFTY200 MOMENTUM 30 - TRI,19-May-2014,1614.97
NIFTY200 MOMENTUM 30 - TRI,20-May-2014,1609.61
NIFTY200 MOMENTUM 30 - TRI,21-May-2014,1587.33
NIFTY200 MOMENTUM 30 - TRI,22-May-2014,1577.15
NIFTY200 MOMENTUM 30 - TRI,23-May-2014,1604.60
NIFTY200 MOMENTUM 30 - TRI,26-May-2014,1604.45
NIFTY200 MOMENTUM 30 - TRI,27-May-2014,1582.60
NIFTY200 MOMENTUM 30 - TRI,28-May-2014,1586.95
NIFTY200 MOMENTUM 30 - TRI,29-May-2014,1563.61
NIFTY200 MOMENTUM 30 - TRI,30-May-2014,1565.04
NIFTY200 MOMENTUM 30 - TRI,02-Jun-2014,1586.76
NIFTY200 MOMENTUM 30 - TRI,03-Jun-2014,1566.27
NIFTY200 MOMENTUM 30 - TRI,04-Jun-2014,1580.04
NIFTY200 MOMENTUM 30 - TRI,05-Jun-2014,1573.86
NIFTY200 MOMENTUM 30 - TRI,06-Jun-2014,1581.24
NIFTY200 MOMENTUM 30 - TRI,09-Jun-2014,1545.79
NIFTY200 MOMENTUM 30 - TRI,10-Jun-2014,1548.79
NIFTY200 MOMENTUM 30 - TRI,11-Jun-2014,1507.64
NIFTY200 MOMENTUM 30 - TRI,12-Jun-2014,1514.61
NIFTY200 MOMENTUM 30 - TRI,13-Jun-2014,1488.64
NIFTY200 MOMENTUM 30 - TRI,16-Jun-2014,1499.99
NIFTY200 MOMENTUM 30 - TRI,17-Jun-2014,1518.97
NIFTY200 MOMENTUM 30 - TRI,18-Jun-2014,1502.70
NIFTY200 MOMENTUM 30 - TRI,19-Jun-2014,1492.55
NIFTY200 MOMENTUM 30 - TRI,20-Jun-2014,1532.91
NIFTY200 MOMENTUM 30 - TRI,23-Jun-2014,1537.06
NIFTY200 MOMENTUM 30 - TRI,24-Jun-2014,1583.67
NIFTY200 MOMENTUM 30 - TRI,25-Jun-2014,1588.77
NIFTY200 MOMENTUM 30 - TRI,26-Jun-2014,1551.71
NIFTY200 MOMENTUM 30 - TRI,27-Jun-2014,1563.49
NIFTY200 MOMENTUM 30 - TRI,30-Jun-2014,1566.90
NIFTY200 MOMENTUM 30 - TRI,01-Jul-2014,1563.80
NIFTY200 MOMENTUM 30 - TRI,02-Jul-2014,1576.19
NIFTY200 MOMENTUM 30 - TRI,03-Jul-2014,1628.91
NIFTY200 MOMENTUM 30 - TRI,04-Jul-2014,1615.04
NIFTY200 MOMENTUM 30 - TRI,07-Jul-2014,1620.29
NIFTY200 MOMENTUM 30 - TRI,08-Jul-2014,1624.97
NIFTY200 MOMENTUM 30 - TRI,09-Jul-2014,1596.12
NIFTY200 MOMENTUM 30 - TRI,10-Jul-2014,1599.32
NIFTY200 MOMENTUM 30 - TRI,11-Jul-2014,1601.86
NIFTY200 MOMENTUM 30 - TRI,14-Jul-2014,1600.36
NIFTY200 MOMENTUM 30 - TRI,15-Jul-2014,1640.07
NIFTY200 MOMENTUM 30 - TRI,16-Jul-2014,1658.42
NIFTY200 MOMENTUM 30 - TRI,17-Jul-2014,1671.83
NIFTY200 MOMENTUM 30 - TRI,18-Jul-2014,1642.85
NIFTY200 MOMENTUM 30 - TRI,21-Jul-2014,1651.54
NIFTY200 MOMENTUM 30 - TRI,22-Jul-2014,1643.91
NIFTY200 MOMENTUM 30 - TRI,23-Jul-2014,1634.90
NIFTY200 MOMENTUM 30 - TRI,24-Jul-2014,1652.30
NIFTY200 MOMENTUM 30 - TRI,25-Jul-2014,1673.11
NIFTY200 MOMENTUM 30 - TRI,28-Jul-2014,1657.56
NIFTY200 MOMENTUM 30 - TRI,29-Jul-2014,1685.19
NIFTY200 MOMENTUM 30 - TRI,30-Jul-2014,1661.29
NIFTY200 MOMENTUM 30 - TRI,31-Jul-2014,1667.54
NIFTY200 MOMENTUM 30 - TRI,01-Aug-2014,1671.48
NIFTY200 MOMENTUM 30 - TRI,04-Aug-2014,1668.44
NIFTY200 MOMENTUM 30 - TRI,05-Aug-2014,1651.00
NIFTY200 MOMENTUM 30 - TRI,06-Aug-2014,1646.23
NIFTY200 MOMENTUM 30 - TRI,07-Aug-2014,1650.72
NIFTY200 MOMENTUM 30 - TRI,08-Aug-2014,1635.19
NIFTY200 MOMENTUM 30 - TRI,11-Aug-2014,1615.13
NIFTY200 MOMENTUM 30 - TRI,12-Aug-2014,1601.05
NIFTY200 MOMENTUM 30 - TRI,13-Aug-2014,1561.30
NIFTY200 MOMENTUM 30 - TRI,14-Aug-2014,1586.84
NIFTY200 MOMENTUM 30 - TRI,15-Aug-2014,1562.36
NIFTY200 MOMENTUM 30 - TRI,18-Aug-2014,1560.97
NIFTY200 MOMENTUM 30 - TRI,19-Aug-2014,1577.82
NIFTY200 MOMENTUM 30 - TRI,20-Aug-2014,1620.48
NIFTY200 MOMENTUM 30 - TRI,21-Aug-2014,1628.12
NIFTY200 MOMENTUM 30 - TRI,22-Aug-2014,1617.70
NIFTY200 MOMENTUM 30 - TRI,25-Aug-2014,1610.33
NIFTY200 MOMENTUM 30 - TRI,26-Aug-2014,1617.63
NIFTY200 MOMENTUM 30 - TRI,27-Aug-2014,1616.85
NIFTY200 MOMENTUM 30 - TRI,28-Aug-2014,1592.18
NIFTY200 MOMENTUM 30 - TRI,29-Aug-2014,1606.05
NIFTY200 MOMENTUM 30 - TRI,01-Sep-2014,1609.43
NIFTY200 MOMENTUM 30 - TRI,02-Sep-2014,1613.86
NIFTY200 MOMENTUM 30 - TRI,03-Sep-2014,1625.31
NIFTY200 MOMENTUM 30 - TRI,04-Sep-2014,1596.89
NIFTY200 MOMENTUM 30 - TRI,05-Sep-2014,1598.97
NIFTY200 MOMENTUM 30 - TRI,08-Sep-2014,1588.25
NIFTY200 MOMENTUM 30 - TRI,09-Sep-2014,1561.52
NIFTY200 MOMENTUM 30 - TRI,10-Sep-2014,1560.06
NIFTY200 MOMENTUM 30 - TRI,11-Sep-2014,1580.58
NIFTY200 MOMENTUM 30 - TRI,12-Sep-2014,1579.57
NIFTY200 MOMENTUM 30 - TRI,15-Sep-2014,1621.35
NIFTY200 MOMENTUM 30 - TRI,16-Sep-2014,1607.01
NIFTY200 MOMENTUM 30 - TRI,17-Sep-2014,1600.18
NIFTY200 MOMENTUM 30 - TRI,18-Sep-2014,1635.96
NIFTY200 MOMENTUM 30 - TRI,19-Sep-2014,1633.60
NIFTY200 MOMENTUM 30 - TRI,22-Sep-2014,1629.10
NIFTY200 MOMENTUM 30 - TRI,23-Sep-2014,1651.75
NIFTY200 MOMENTUM 30 - TRI,24-Sep-2014,1640.84
NIFTY200 MOMENTUM 30 - TRI,25-Sep-2014,1638.31
NIFTY200 MOMENTUM 30 - TRI,26-Sep-2014,1608.73
NIFTY200 MOMENTUM 30 - TRI,29-Sep-2014,1584.23
NIFTY200 MOMENTUM 30 - TRI,30-Sep-2014,1599.78
NIFTY200 MOMENTUM 30 - TRI,01-Oct-2014,1630.69
NIFTY200 MOMENTUM 30 - TRI,02-Oct-2014,1644.08
NIFTY200 MOMENTUM 30 - TRI,03-Oct-2014,1652.14
NIFTY200 MOMENTUM 30 - TRI,06-Oct-2014,1668.79
NIFTY200 MOMENTUM 30 - TRI,07-Oct-2014,1666.85
NIFTY200 MOMENTUM 30 - TRI,08-Oct-2014,1686.27
NIFTY200 MOMENTUM 30 - TRI,09-Oct-2014,1671.57
NIFTY200 MOMENTUM 30 - TRI,10-Oct-2014,1649.86
NIFTY200 MOMENTUM 30 - TRI,13-Oct-2014,1666.89
NIFTY200 MOMENTUM 30 - TRI,14-Oct-2014,1691.19
NIFTY200 MOMENTUM 30 - TRI,15-Oct-2014,1675.89
NIFTY200 MOMENTUM 30 - TRI,16-Oct-2014,1671.63
NIFTY200 MOMENTUM 30 - TRI,17-Oct-2014,1685.62
NIFTY200 MOMENTUM 30 - TRI,20-Oct-2014,1680.31
NIFTY200 MOMENTUM 30 - TRI,21-Oct-2014,1693.72
NIFTY200 MOMENTUM 30 - TRI,22-Oct-2014,1705.26
NIFTY200 MOMENTUM 30 - TRI,23-Oct-2014,1674.67
NIFTY200 MOMENTUM 30 - TRI,24-Oct-2014,1692.15
NIFTY200 MOMENTUM 30 - TRI,27-Oct-2014,1696.05
NIFTY200 MOMENTUM 30 - TRI,28-Oct-2014,1712.09
NIFTY200 MOMENTUM 30 - TRI,29-Oct-2014,1700.00
NIFTY200 MOMENTUM 30 - TRI,30-Oct-2014,1676.18
NIFTY200 MOMENTUM 30 - TRI,31-Oct-2014,1668.76
NIFTY200 MOMENTUM 30 - TRI,03-Nov-2014,1662.21
NIFTY200 MOMENTUM 30 - TRI,04-Nov-2014,1670.39
NIFTY200 MOMENTUM 30 - TRI,05-Nov-2014,1684.52
NIFTY200 MOMENTUM 30 - TRI,06-Nov-2014,1704.60
NIFTY200 MOMENTUM 30 - TRI,07-Nov-2014,1696.12
NIFTY200 MOMENTUM 30 - TRI,10-Nov-2014,1681.13
NIFTY200 MOMENTUM 30 - TRI,11-Nov-2014,1676.13
NIFTY200 MOMENTUM 30 - TRI,12-Nov-2014,1661.08
NIFTY200 MOMENTUM 30 - TRI,13-Nov-2014,1653.66
NIFTY200 MOMENTUM 30 - TRI,14-Nov-2014,1623.97
NIFTY200 MOMENTUM 30 - TRI,17-Nov-2014,1645.34
NIFTY200 MOMENTUM 30 - TRI,18-Nov-2014,1637.21
NIFTY200 MOMENTUM 30 - TRI,19-Nov-2014,1672.51
NIFTY200 MOMENTUM 30 - TRI,20-Nov-2014,1645.22
NIFTY200 MOMENTUM 30 - TRI,21-Nov-2014,1610.23
NIFTY200 MOMENTUM 30 - TRI,24-Nov-2014,1612.60
NIFTY200 MOMENTUM 30 - TRI,25-Nov-2014,1597.36
NIFTY200 MOMENTUM 30 - TRI,26-Nov-2014,1625.78
NIFTY200 MOMENTUM 30 - TRI,27-Nov-2014,1636.90
NIFTY200 MOMENTUM 30 - TRI,28-Nov-2014,1650.91
NIFTY200 MOMENTUM 30 - TRI,01-Dec-2014,1627.22
NIFTY200 MOMENTUM 30 - TRI,02-Dec-2014,1635.96
NIFTY200 MOMENTUM 30 - TRI,03-Dec-2014,1619.22
NIFTY200 MOMENTUM 30 - TRI,04-Dec-2014,1647.59
NIFTY200 MOMENTUM 30 - TRI,05-Dec-2014,1660.66
NIFTY200 MOMENTUM 30 - TRI,08-Dec-2014,1640.59
NIFTY200 MOMENTUM 30 - TRI,09-Dec-2014,1621.27
NIFTY200 MOMENTUM 30 - TRI,10-Dec-2014,1621.56
NIFTY200 MOMENTUM 30 - TRI,11-Dec-2014,1657.59
NIFTY200 MOMENTUM 30 - TRI,12-Dec-2014,1654.58
NIFTY200 MOMENTUM 30 - TRI,15-Dec-2014,1666.72
NIFTY200 MOMENTUM 30 - TRI,16-Dec-2014,1663.65
NIFTY200 MOMENTUM 30 - TRI,17-Dec-2014,1669.59
NIFTY200 MOMENTUM 30 - TRI,18-Dec-2014,1701.80
NIFTY200 MOMENTUM 30 - TRI,19-Dec-2014,1723.55
NIFTY200 MOMENTUM 30 - TRI,22-Dec-2014,1742.26
NIFTY200 MOMENTUM 30 - TRI,23-Dec-2014,1791.98
NIFTY200 MOMENTUM 30 - TRI,24-Dec-2014,1765.78
NIFTY200 MOMENTUM 30 - TRI,25-Dec-2014,1727.95
NIFTY200 MOMENTUM 30 - TRI,26-Dec-2014,1744.22
NIFTY200 MOMENTUM 30 - TRI,29-Dec-2014,1736.36
NIFTY200 MOMENTUM 30 - TRI,30-Dec-2014,1727.49
NIFTY200 MOMENTUM 30 - TRI,31-Dec-2014,1731.62
NIFTY200 MOMENTUM 30 - TRI,01-Jan-2015,1736.93
NIFTY200 MOMENTUM 30 - TRI,02-Jan-2015,1751.71
NIFTY200 MOMENTUM 30 - TRI,05-Jan-2015,1713.60
NIFTY200 MOMENTUM 30 - TRI,06-Jan-2015,1699.89
NIFTY200 MOMENTUM 30 - TRI,07-Jan-2015,1705.12
NIFTY200 MOMENTUM 30 - TRI,08-Jan-2015,1685.47
NIFTY200 MOMENTUM 30 - TRI,09-Jan-2015,1639.41
NIFTY200 MOMENTUM 30 - TRI,12-Jan-2015,1642.99
NIFTY200 MOMENTUM 30 - TRI,13-Jan-2015,1654.78
NIFTY200 MOMENTUM 30 - TRI,14-Jan-2015,1665.90
NIFTY200 MOMENTUM 30 - TRI,15-Jan-2015,1660.26
NIFTY200 MOMENTUM 30 - TRI,16-Jan-2015,1663.82
NIFTY200 MOMENTUM 30 - TRI,19-Jan-2015,1676.30
NIFTY200 MOMENTUM 30 - TRI,20-Jan-2015,1681.47
NIFTY200 MOMENTUM 30 - TRI,21-Jan-2015,1683.02
NIFTY200 MOMENTUM 30 - TRI,22-Jan-2015,1659.21
NIFTY200 MOMENTUM 30 - TRI,23-Jan-2015,1662.60
NIFTY200 MOMENTUM 30 - TRI,26-Jan-2015,1683.70
NIFTY200 MOMENTUM 30 - TRI,27-Jan-2015,1671.52
NIFTY200 MOMENTUM 30 - TRI,28-Jan-2015,1684.13
NIFTY200 MOMENTUM 30 - TRI,29-Jan-2015,1671.17
NIFTY200 MOMENTUM 30 - TRI,30-Jan-2015,1630.21
NIFTY200 MOMENTUM 30 - TRI,02-Feb-2015,1619.91
NIFTY200 MOMENTUM 30 - TRI,03-Feb-2015,1634.76
NIFTY200 MOMENTUM 30 - TRI,04-Feb-2015,1649.75
NIFTY200 MOMENTUM 30 - TRI,05-Feb-2015,1643.50
NIFTY200 MOMENTUM 30 - TRI,06-Feb-2015,1641.91
NIFTY200 MOMENTUM 30 - TRI,09-Feb-2015,1670.11
NIFTY200 MOMENTUM 30 - TRI,10-Feb-2015,1666.06
NIFTY200 MOMENTUM 30 - TRI,11-Feb-2015,1681.86
NIFTY200 MOMENTUM 30 - TRI,12-Feb-2015,1676.07
NIFTY200 MOMENTUM 30 - TRI,13-Feb-2015,1671.91
NIFTY200 MOMENTUM 30 - TRI,16-Feb-2015,1660.15
NIFTY200 MOMENTUM 30 - TRI,17-Feb-2015,1710.84
NIFTY200 MOMENTUM 30 - TRI,18-Feb-2015,1717.80
NIFTY200 MOMENTUM 30 - TRI,19-Feb-2015,1697.30
NIFTY200 MOMENTUM 30 - TRI,20-Feb-2015,1717.57
NIFTY200 MOMENTUM 30 - TRI,23-Feb-2015,1739.60
NIFTY200 MOMENTUM 30 - TRI,24-Feb-2015,1711.53
NIFTY200 MOMENTUM 30 - TRI,25-Feb-2015,1724.65
NIFTY200 MOMENTUM 30 - TRI,26-Feb-2015,1737.58
NIFTY200 MOMENTUM 30 - TRI,27-Feb-2015,1764.96
NIFTY200 MOMENTUM 30 - TRI,02-Mar-2015,1795.35
NIFTY200 MOMENTUM 30 - TRI,03-Mar-2015,1822.20
NIFTY200 MOMENTUM 30 - TRI,04-Mar-2015,1790.97
NIFTY200 MOMENTUM 30 - TRI,05-Mar-2015,1775.75
NIFTY200 MOMENTUM 30 - TRI,06-Mar-2015,1776.36
NIFTY200 MOMENTUM 30 - TRI,09-Mar-2015,1802.98
NIFTY200 MOMENTUM 30 - TRI,10-Mar-2015,1781.26
NIFTY200 MOMENTUM 30 - TRI,11-Mar-2015,1747.99
NIFTY200 MOMENTUM 30 - TRI,12-Mar-2015,1720.09
NIFTY200 MOMENTUM 30 - TRI,13-Mar-2015,1755.79
NIFTY200 MOMENTUM 30 - TRI,16-Mar-2015,1747.45
NIFTY200 MOMENTUM 30 - TRI,17-Mar-2015,1744.07
NIFTY200 MOMENTUM 30 - TRI,18-Mar-2015,1767.47
NIFTY200 MOMENTUM 30 - TRI,19-Mar-2015,1775.05
NIFTY200 MOMENTUM 30 - TRI,20-Mar-2015,1797.13
NIFTY200 MOMENTUM 30 - TRI,23-Mar-2015,1766.87
NIFTY200 MOMENTUM 30 - TRI,24-Mar-2015,1779.82
NIFTY200 MOMENTUM 30 - TRI,25-Mar-2015,1830.42
NIFTY200 MOMENTUM 30 - TRI,26-Mar-2015,1813.10
NIFTY200 MOMENTUM 30 - TRI,27-Mar-2015,1835.28
NIFTY200 MOMENTUM 30 - TRI,30-Mar-2015,1802.06
NIFTY200 MOMENTUM 30 - TRI,31-Mar-2015,1810.13
NIFTY200 MOMENTUM 30 - TRI,01-Apr-2015,1786.94
NIFTY200 MOMENTUM 30 - TRI,02-Apr-2015,1828.10
NIFTY200 MOMENTUM 30 - TRI,03-Apr-2015,1814.74
NIFTY200 MOMENTUM 30 - TRI,06-Apr-2015,1767.26
NIFTY200 MOMENTUM 30 - TRI,07-Apr-2015,1754.73
NIFTY200 MOMENTUM 30 - TRI,08-Apr-2015,1774.11
NIFTY200 MOMENTUM 30 - TRI,09-Apr-2015,1749.63
NIFTY200 MOMENTUM 30 - TRI,10-Apr-2015,1758.71
NIFTY200 MOMENTUM 30 - TRI,13-Apr-2015,1797.05
NIFTY200 MOMENTUM 30 - TRI,14-Apr-2015,1765.68
NIFTY200 MOMENTUM 30 - TRI,15-Apr-2015,1777.63
NIFTY200 MOMENTUM 30 - TRI,16-Apr-2015,1779.80
NIFTY200 MOMENTUM 30 - TRI,17-Apr-2015,1792.08
NIFTY200 MOMENTUM 30 - TRI,20-Apr-2015,1771.61
NIFTY200 MOMENTUM 30 - TRI,21-Apr-2015,1805.59
NIFTY200 MOMENTUM 30 - TRI,22-Apr-2015,1812.04
NIFTY200 MOMENTUM 30 - TRI,23-Apr-2015,1773.17
NIFTY200 MOMENTUM 30 - TRI,24-Apr-2015,1789.45
NIFTY200 MOMENTUM 30 - TRI,27-Apr-2015,1811.77
NIFTY200 MOMENTUM 30 - TRI,28-Apr-2015,1815.73
NIFTY200 MOMENTUM 30 - TRI,29-Apr-2015,1793.31
NIFTY200 MOMENTUM 30 - TRI,30-Apr-2015,1789.33
NIFTY200 MOMENTUM 30 - TRI,01-May-2015,1779.66
NIFTY200 MOMENTUM 30 - TRI,04-May-2015,1768.83
NIFTY200 MOMENTUM 30 - TRI,05-May-2015,1826.12
NIFTY200 MOMENTUM 30 - TRI,06-May-2015,1833.98
NIFTY200 MOMENTUM 30 - TRI,07-May-2015,1856.16
NIFTY200 MOMENTUM 30 - TRI,08-May-2015,1831.48
NIFTY200 MOMENTUM 30 - TRI,11-May-2015,1813.87
NIFTY200 MOMENTUM 30 - TRI,12-May-2015,1838.85
NIFTY200 MOMENTUM 30 - TRI,13-May-2015,1835.63
NIFTY200 MOMENTUM 30 - TRI,14-May-2015,1864.29
NIFTY200 MOMENTUM 30 - TRI,15-May-2015,1835.95
NIFTY200 MOMENTUM 30 - TRI,18-May-2015,1862.89
NIFTY200 MOMENTUM 30 - TRI,19-May-2015,1879.26
NIFTY200 MOMENTUM 30 - TRI,20-May-2015,1856.76
NIFTY200 MOMENTUM 30 - TRI,21-May-2015,1833.75
NIFTY200 MOMENTUM 30 - TRI,22-May-2015,1862.15
NIFTY200 MOMENTUM 30 - TRI,25-May-2015,1848.11
NIFTY200 MOMENTUM 30 - TRI,26-May-2015,1876.82
NIFTY200 MOMENTUM 30 - TRI,27-May-2015,1872.23
NIFTY200 MOMENTUM 30 - TRI,28-May-2015,1897.15
NIFTY200 MOMENTUM 30 - TRI,29-May-2015,1912.82
NIFTY200 MOMENTUM 30 - TRI,01-Jun-2015,1909.20
NIFTY200 MOMENTUM 30 - TRI,02-Jun-2015,1905.68
NIFTY200 MOMENTUM 30 - TRI,03-Jun-2015,1922.22
NIFTY200 MOMENTUM 30 - TRI,04-Jun-2015,1929.32
NIFTY200 MOMENTUM 30 - TRI,05-Jun-2015,1905.88
NIFTY200 MOMENTUM 30 - TRI,08-Jun-2015,1915.61
NIFTY200 MOMENTUM 30 - TRI,09-Jun-2015,1901.40
NIFTY200 MOMENTUM 30 - TRI,10-Jun-2015,1923.71
NIFTY200 MOMENTUM 30 - TRI,11-Jun-2015,1893.19
NIFTY200 MOMENTUM 30 - TRI,12-Jun-2015,1905.35
NIFTY200 MOMENTUM 30 - TRI,15-Jun-2015,1892.72
NIFTY200 MOMENTUM 30 - TRI,16-Jun-2015,1917.25
NIFTY200 MOMENTUM 30 - TRI,17-Jun-2015,1921.10
NIFTY200 MOMENTUM 30 - TRI,18-Jun-2015,1892.94
NIFTY200 MOMENTUM 30 - TRI,19-Jun-2015,1918.30
NIFTY200 MOMENTUM 30 - TRI,22-Jun-2015,1952.86
NIFTY200 MOMENTUM 30 - TRI,23-Jun-2015,1907.34
NIFTY200 MOMENTUM 30 - TRI,24-Jun-2015,1893.44
NIFTY200 MOMENTUM 30 - TRI,25-Jun-2015,1874.90
NIFTY200 MOMENTUM 30 - TRI,26-Jun-2015,1870.40
NIFTY200 MOMENTUM 30 - TRI,29-Jun-2015,1882.73
NIFTY200 MOMENTUM 30 - TRI,30-Jun-2015,1906.69
NIFTY200 MOMENTUM 30 - TRI,01-Jul-2015,1929.23
NIFTY200 MOMENTUM 30 - TRI,02-Jul-2015,1961.88
NIFTY200 MOMENTUM 30 - TRI,03-Jul-2015,1945.48
NIFTY200 MOMENTUM 30 - TRI,06-Jul-2015,1969.01
NIFTY200 MOMENTUM 30 - TRI,07-Jul-2015,2017.76
NIFTY200 MOMENTUM 30 - TRI,08-Jul-2015,2018.67
NIFTY200 MOMENTUM 30 - TRI,09-Jul-2015,2041.22
NIFTY200 MOMENTUM 30 - TRI,10-Jul-2015,2055.02
NIFTY200 MOMENTUM 30 - TRI,13-Jul-2015,2041.70
NIFTY200 MOMENTUM 30 - TRI,14-Jul-2015,2009.84
NIFTY200 MOMENTUM 30 - TRI,15-Jul-2015,2017.96
NIFTY200 MOMENTUM 30 - TRI,16-Jul-2015,2000.37
NIFTY200 MOMENTUM 30 - TRI,17-Jul-2015,2052.77
NIFTY200 MOMENTUM 30 - TRI,20-Jul-2015,2060.06
NIFTY200 MOMENTUM 30 - TRI,21-Jul-2015,2083.48
NIFTY200 MOMENTUM 30 - TRI,22-Jul-2015,2083.51
NIFTY200 MOMENTUM 30 - TRI,23-Jul-2015,2045.58
NIFTY200 MOMENTUM 30 - TRI,24-Jul-2015,2062.68
NIFTY200 MOMENTUM 30 - TRI,27-Jul-2015,2062.64
NIFTY200 MOMENTUM 30 - TRI,28-Jul-2015,2072.35
NIFTY200 MOMENTUM 30 - TRI,29-Jul-2015,2113.25
NIFTY200 MOMENTUM 30 - TRI,30-Jul-2015,2132.14
NIFTY200 MOMENTUM 30 - TRI,31-Jul-2015,2138.55
NIFTY200 MOMENTUM 30 - TRI,03-Aug-2015,2153.29
NIFTY200 MOMENTUM 30 - TRI,04-Aug-2015,2189.54
NIFTY200 MOMENTUM 30 - TRI,05-Aug-2015,2146.39
NIFTY200 MOMENTUM 30 - TRI,06-Aug-2015,2162.15
NIFTY200 MOMENTUM 30 - TRI,07-Aug-2015,2193.87
NIFTY200 MOMENTUM 30 - TRI,10-Aug-2015,2231.77
NIFTY200 MOMENTUM 30 - TRI,11-Aug-2015,2237.26
NIFTY200 MOMENTUM 30 - TRI,12-Aug-2015,2169.01
NIFTY200 MOMENTUM 30 - TRI,13-Aug-2015,2125.37
NIFTY200 MOMENTUM 30 - TRI,14-Aug-2015,2156.47
NIFTY200 MOMENTUM 30 - TRI,17-Aug-2015,2125.23
NIFTY200 MOMENTUM 30 - TRI,18-Aug-2015,2146.52
NIFTY200 MOMENTUM 30 - TRI,19-Aug-2015,2152.15
NIFTY200 MOMENTUM 30 - TRI,20-Aug-2015,2125.38
NIFTY200 MOMENTUM 30 - TRI,21-Aug-2015,2103.20
NIFTY200 MOMENTUM 30 - TRI,24-Aug-2015,2102.75
NIFTY200 MOMENTUM 30 - TRI,25-Aug-2015,2077.08
NIFTY200 MOMENTUM 30 - TRI,26-Aug-2015,2023.13
NIFTY200 MOMENTUM 30 - TRI,27-Aug-2015,2019.91
NIFTY200 MOMENTUM 30 - TRI,28-Aug-2015,2025.09
NIFTY200 MOMENTUM 30 - TRI,31-Aug-2015,2045.49
NIFTY200 MOMENTUM 30 - TRI,01-Sep-2015,2008.61
NIFTY200 MOMENTUM 30 - TRI,02-Sep-2015,2027.12
NIFTY200 MOMENTUM 30 - TRI,03-Sep-2015,2025.06
NIFTY200 MOMENTUM 30 - TRI,04-Sep-2015,2060.22
NIFTY200 MOMENTUM 30 - TRI,07-Sep-2015,2059.69
NIFTY200 MOMENTUM 30 - TRI,08-Sep-2015,2060.60
NIFTY200 MOMENTUM 30 - TRI,09-Sep-2015,2066.57
NIFTY200 MOMENTUM 30 - TRI,10-Sep-2015,2088.12
NIFTY200 MOMENTUM 30 - TRI,11-Sep-2015,2099.27
NIFTY200 MOMENTUM 30 - TRI,14-Sep-2015,2114.92
NIFTY200 MOMENTUM 30 - TRI,15-Sep-2015,2146.09
NIFTY200 MOMENTUM 30 - TRI,16-Sep-2015,2159.86
NIFTY200 MOMENTUM 30 - TRI,17-Sep-2015,2161.21
NIFTY200 MOMENTUM 30 - TRI,18-Sep-2015,2212.74
NIFTY200 MOMENTUM 30 - TRI,21-Sep-2015,2186.33
NIFTY200 MOMENTUM 30 - TRI,22-Sep-2015,2174.64
NIFTY200 MOMENTUM 30 - TRI,23-Sep-2015,2124.01
NIFTY200 MOMENTUM 30 - TRI,24-Sep-2015,2132.54
NIFTY200 MOMENTUM 30 - TRI,25-Sep-2015,2129.57
NIFTY200 MOMENTUM 30 - TRI,28-Sep-2015,2132.09
NIFTY200 MOMENTUM 30 - TRI,29-Sep-2015,2116.62
NIFTY200 MOMENTUM 30 - TRI,30-Sep-2015,2077.68
NIFTY200 MOMENTUM 30 - TRI,01-Oct-2015,2010.53
NIFTY200 MOMENTUM 30 - TRI,02-Oct-2015,2036.29
NIFTY200 MOMENTUM 30 - TRI,05-Oct-2015,2039.30
NIFTY200 MOMENTUM 30 - TRI,06-Oct-2015,2069.89
NIFTY200 MOMENTUM 30 - TRI,07-Oct-2015,2043.61
NIFTY200 MOMENTUM 30 - TRI,08-Oct-2015,2032.64
NIFTY200 MOMENTUM 30 - TRI,09-Oct-2015,2015.91
NIFTY200 MOMENTUM 30 - TRI,12-Oct-2015,2018.67
NIFTY200 MOMENTUM 30 - TRI,13-Oct-2015,1999.63
NIFTY200 MOMENTUM 30 - TRI,14-Oct-2015,2004.27
NIFTY200 MOMENTUM 30 - TRI,15-Oct-2015,2032.63
NIFTY200 MOMENTUM 30 - TRI,16-Oct-2015,2049.62
NIFTY200 MOMENTUM 30 - TRI,19-Oct-2015,2113.12
NIFTY200 MOMENTUM 30 - TRI,20-Oct-2015,2108.07
NIFTY200 MOMENTUM 30 - TRI,21-Oct-2015,2158.87
NIFTY200 MOMENTUM 30 - TRI,22-Oct-2015,2199.79
NIFTY200 MOMENTUM 30 - TRI,23-Oct-2015,2192.44
NIFTY200 MOMENTUM 30 - TRI,26-Oct-2015,2215.27
NIFTY200 MOMENTUM 30 - TRI,27-Oct-2015,2204.37
NIFTY200 MOMENTUM 30 - TRI,28-Oct-2015,2242.99
NIFTY200 MOMENTUM 30 - TRI,29-Oct-2015,2224.52
NIFTY200 MOMENTUM 30 - TRI,30-Oct-2015,2269.97
NIFTY200 MOMENTUM 30 - TRI,02-Nov-2015,2280.00
NIFTY200 MOMENTUM 30 - TRI,03-Nov-2015,2294.64
NIFTY200 MOMENTUM 30 - TRI,04-Nov-2015,2283.77
NIFTY200 MOMENTUM 30 - TRI,05-Nov-2015,2273.79
NIFTY200 MOMENTUM 30 - TRI,06-Nov-2015,2270.29
NIFTY200 MOMENTUM 30 - TRI,09-Nov-2015,2326.20
NIFTY200 MOMENTUM 30 - TRI,10-Nov-2015,2292.56
NIFTY200 MOMENTUM 30 - TRI,11-Nov-2015,2242.45
NIFTY200 MOMENTUM 30 - TRI,12-Nov-2015,2303.37
NIFTY200 MOMENTUM 30 - TRI,13-Nov-2015,2316.74
NIFTY200 MOMENTUM 30 - TRI,16-Nov-2015,2361.84
NIFTY200 MOMENTUM 30 - TRI,17-Nov-2015,2387.15
NIFTY200 MOMENTUM 30 - TRI,18-Nov-2015,2408.55
NIFTY200 MOMENTUM 30 - TRI,19-Nov-2015,2379.60
NIFTY200 MOMENTUM 30 - TRI,20-Nov-2015,2309.52
NIFTY200 MOMENTUM 30 - TRI,23-Nov-2015,2318.55
NIFTY200 MOMENTUM 30 - TRI,24-Nov-2015,2320.19
NIFTY200 MOMENTUM 30 - TRI,25-Nov-2015,2288.91
NIFTY200 MOMENTUM 30 - TRI,26-Nov-2015,2258.17
NIFTY200 MOMENTUM 30 - TRI,27-Nov-2015,2286.95
NIFTY200 MOMENTUM 30 - TRI,30-Nov-2015,2267.41
NIFTY200 MOMENTUM 30 - TRI,01-Dec-2015,2293.55
NIFTY200 MOMENTUM 30 - TRI,02-Dec-2015,2284.25
NIFTY200 MOMENTUM 30 - TRI,03-Dec-2015,2239.39
NIFTY200 MOMENTUM 30 - TRI,04-Dec-2015,2281.76
NIFTY200 MOMENTUM 30 - TRI,07-Dec-2015,2286.37
NIFTY200 MOMENTUM 30 - TRI,08-Dec-2015,2286.34
NIFTY200 MOMENTUM 30 - TRI,09-Dec-2015,2264.07
NIFTY200 MOMENTUM 30 - TRI,10-Dec-2015,2213.25
NIFTY200 MOMENTUM 30 - TRI,11-Dec-2015,2243.00
NIFTY200 MOMENTUM 30 - TRI,14-Dec-2015,2197.88
NIFTY200 MOMENTUM 30 - TRI,15-Dec-2015,2201.48
NIFTY200 MOMENTUM 30 - TRI,16-Dec-2015,2162.37
NIFTY200 MOMENTUM 30 - TRI,17-Dec-2015,2202.96
NIFTY200 MOMENTUM 30 - TRI,18-Dec-2015,2279.55
NIFTY200 MOMENTUM 30 - TRI,21-Dec-2015,2251.60
NIFTY200 MOMENTUM 30 - TRI,22-Dec-2015,2249.07
NIFTY200 MOMENTUM 30 - TRI,23-Dec-2015,2244.74
NIFTY200 MOMENTUM 30 - TRI,24-Dec-2015,2203.80
NIFTY200 MOMENTUM 30 - TRI,25-Dec-2015,2181.35
NIFTY200 MOMENTUM 30 - TRI,28-Dec-2015,2167.59
NIFTY200 MOMENTUM 30 - TRI,29-Dec-2015,2181.14
NIFTY200 MOMENTUM 30 - TRI,30-Dec-2015,2212.58
NIFTY200 MOMENTUM 30 - TRI,31-Dec-2015,2208.97
NIFTY200 MOMENTUM 30 - TRI,01-Jan-2016,2228.40
NIFTY200 MOMENTUM 30 - TRI,04-Jan-2016,2233.02
NIFTY200 MOMENTUM 30 - TRI,05-Jan-2016,2278.08
NIFTY200 MOMENTUM 30 - TRI,06-Jan-2016,2273.11
NIFTY200 MOMENTUM 30 - TRI,07-Jan-2016,2297.59
NIFTY200 MOMENTUM 30 - TRI,08-Jan-2016,2243.66
NIFTY200 MOMENTUM 30 - TRI,11-Jan-2016,2286.23
NIFTY200 MOMENTUM 30 - TRI,12-Jan-2016,2317.89
NIFTY200 MOMENTUM 30 - TRI,13-Jan-2016,2344.27
NIFTY200 MOMENTUM 30 - TRI,14-Jan-2016,2349.66
NIFTY200 MOMENTUM 30 - TRI,15-Jan-2016,2379.37
NIFTY200 MOMENTUM 30 - TRI,18-Jan-2016,2392.10
NIFTY200 MOMENTUM 30 - TRI,19-Jan-2016,2391.47
NIFTY200 MOMENTUM 30 - TRI,20-Jan-2016,2380.45
NIFTY200 MOMENTUM 30 - TRI,21-Jan-2016,2364.59
NIFTY200 MOMENTUM 30 - TRI,22-Jan-2016,2369.59
NIFTY200 MOMENTUM 30 - TRI,25-Jan-2016,2376.30
NIFTY200 MOMENTUM 30 - TRI,26-Jan-2016,2377.38
NIFTY200 MOMENTUM 30 - TRI,27-Jan-2016,2407.37
NIFTY200 MOMENTUM 30 - TRI,28-Jan-2016,2396.56
NIFTY200 MOMENTUM 30 - TRI,29-Jan-2016,2390.10
NIFTY200 MOMENTUM 30 - TRI,01-Feb-2016,2339.97
NIFTY200 MOMENTUM 30 - TRI,02-Feb-2016,2324.54
NIFTY200 MOMENTUM 30 - TRI,03-Feb-2016,2338.58
NIFTY200 MOMENTUM 30 - TRI,04-Feb-2016,2307.91
NIFTY200 MOMENTUM 30 - TRI,05-Feb-2016,2305.79
NIFTY200 MOMENTUM 30 - TRI,08-Feb-2016,2373.56
NIFTY200 MOMENTUM 30 - TRI,09-Feb-2016,2317.54
NIFTY200 MOMENTUM 30 - TRI,10-Feb-2016,2349.12
NIFTY200 MOMENTUM 30 - TRI,11-Feb-2016,2321.92
NIFTY200 MOMENTUM 30 - TRI,12-Feb-2016,2338.36
NIFTY200 MOMENTUM 30 - TRI,15-Feb-2016,2364.55
NIFTY200 MOMENTUM 30 - TRI,16-Feb-2016,2388.65
NIFTY200 MOMENTUM 30 - TRI,17-Feb-2016,2418.49
NIFTY200 MOMENTUM 30 - TRI,18-Feb-2016,2421.83
NIFTY200 MOMENTUM 30 - TRI,19-Feb-2016,2432.92
NIFTY200 MOMENTUM 30 - TRI,22-Feb-2016,2476.41
NIFTY200 MOMENTUM 30 - TRI,23-Feb-2016,2541.26
NIFTY200 MOMENTUM 30 - TRI,24-Feb-2016,2525.34
NIFTY200 MOMENTUM 30 - TRI,25-Feb-2016,2584.55
NIFTY200 MOMENTUM 30 - TRI,26-Feb-2016,2533.35
NIFTY200 MOMENTUM 30 - TRI,29-Feb-2016,2493.88
NIFTY200 MOMENTUM 30 - TRI,01-Mar-2016,2432.39
NIFTY200 MOMENTUM 30 - TRI,02-Mar-2016,2458.72
NIFTY200 MOMENTUM 30 - TRI,03-Mar-2016,2508.23
NIFTY200 MOMENTUM 30 - TRI,04-Mar-2016,2529.53
NIFTY200 MOMENTUM 30 - TRI,07-Mar-2016,2537.02
NIFTY200 MOMENTUM 30 - TRI,08-Mar-2016,2489.38
NIFTY200 MOMENTUM 30 - TRI,09-Mar-2016,2504.81
NIFTY200 MOMENTUM 30 - TRI,10-Mar-2016,2518.55
NIFTY200 MOMENTUM 30 - TRI,11-Mar-2016,2533.51
NIFTY200 MOMENTUM 30 - TRI,14-Mar-2016,2508.87
NIFTY200 MOMENTUM 30 - TRI,15-Mar-2016,2482.70
NIFTY200 MOMENTUM 30 - TRI,16-Mar-2016,2452.69
NIFTY200 MOMENTUM 30 - TRI,17-Mar-2016,2466.39
NIFTY200 MOMENTUM 30 - TRI,18-Mar-2016,2456.47
NIFTY200 MOMENTUM 30 - TRI,21-Mar-2016,2428.38
NIFTY200 MOMENTUM 30 - TRI,22-Mar-2016,2443.22
NIFTY200 MOMENTUM 30 - TRI,23-Mar-2016,2463.78
NIFTY200 MOMENTUM 30 - TRI,24-Mar-2016,2455.95
NIFTY200 MOMENTUM 30 - TRI,25-Mar-2016,2407.49
NIFTY200 MOMENTUM 30 - TRI,28-Mar-2016,2415.46
NIFTY200 MOMENTUM 30 - TRI,29-Mar-2016,2399.92
NIFTY200 MOMENTUM 30 - TRI,30-Mar-2016,2387.90
NIFTY200 MOMENTUM 30 - TRI,31-Mar-2016,2388.36
NIFTY200 MOMENTUM 30 - TRI,01-Apr-2016,2368.06
NIFTY200 MOMENTUM 30 - TRI,04-Apr-2016,2350.42
NIFTY200 MOMENTUM 30 - TRI,05-Apr-2016,2360.45
NIFTY200 MOMENTUM 30 - TRI,06-Apr-2016,2349.31
NIFTY200 MOMENTUM 30 - TRI,07-Apr-2016,2343.49
NIFTY200 MOMENTUM 30 - TRI,08-Apr-2016,2373.06
NIFTY200 MOMENTUM 30 - TRI,11-Apr-2016,2383.32
NIFTY200 MOMENTUM 30 - TRI,12-Apr-2016,2354.90
NIFTY200 MOMENTUM 30 - TRI,13-Apr-2016,2373.91
NIFTY200 MOMENTUM 30 - TRI,14-Apr-2016,2382.39
NIFTY200 MOMENTUM 30 - TRI,15-Apr-2016,2357.53
NIFTY200 MOMENTUM 30 - TRI,18-Apr-2016,2356.77
NIFTY200 MOMENTUM 30 - TRI,19-Apr-2016,2339.81
NIFTY200 MOMENTUM 30 - TRI,20-Apr-2016,2325.06
NIFTY200 MOMENTUM 30 - TRI,21-Apr-2016,2282.95
NIFTY200 MOMENTUM 30 - TRI,22-Apr-2016,2263.91
NIFTY200 MOMENTUM 30 - TRI,25-Apr-2016,2278.69
NIFTY200 MOMENTUM 30 - TRI,26-Apr-2016,2226.23
NIFTY200 MOMENTUM 30 - TRI,27-Apr-2016,2198.00
NIFTY200 MOMENTUM 30 - TRI,28-Apr-2016,2219.45
NIFTY200 MOMENTUM 30 - TRI,29-Apr-2016,2221.56
NIFTY200 MOMENTUM 30 - TRI,02-May-2016,2212.59
NIFTY200 MOMENTUM 30 - TRI,03-May-2016,2223.12
NIFTY200 MOMENTUM 30 - TRI,04-May-2016,2234.12
NIFTY200 MOMENTUM 30 - TRI,05-May-2016,2249.03
NIFTY200 MOMENTUM 30 - TRI,06-May-2016,2308.72
NIFTY200 MOMENTUM 30 - TRI,09-May-2016,2276.70
NIFTY200 MOMENTUM 30 - TRI,10-May-2016,2250.68
NIFTY200 MOMENTUM 30 - TRI,11-May-2016,2244.94
NIFTY200 MOMENTUM 30 - TRI,12-May-2016,2245.14
NIFTY200 MOMENTUM 30 - TRI,13-May-2016,2243.40
NIFTY200 MOMENTUM 30 - TRI,16-May-2016,2194.94
NIFTY200 MOMENTUM 30 - TRI,17-May-2016,2214.65
NIFTY200 MOMENTUM 30 - TRI,18-May-2016,2211.14
NIFTY200 MOMENTUM 30 - TRI,19-May-2016,2231.32
NIFTY200 MOMENTUM 30 - TRI,20-May-2016,2245.24
NIFTY200 MOMENTUM 30 - TRI,23-May-2016,2237.57
NIFTY200 MOMENTUM 30 - TRI,24-May-2016,2223.86
NIFTY200 MOMENTUM 30 - TRI,25-May-2016,2200.88
NIFTY200 MOMENTUM 30 - TRI,26-May-2016,2180.17
NIFTY200 MOMENTUM 30 - TRI,27-May-2016,2197.57
NIFTY200 MOMENTUM 30 - TRI,30-May-2016,2151.26
NIFTY200 MOMENTUM 30 - TRI,31-May-2016,2151.52
NIFTY200 MOMENTUM 30 - TRI,01-Jun-2016,2192.12
NIFTY200 MOMENTUM 30 - TRI,02-Jun-2016,2210.60
NIFTY200 MOMENTUM 30 - TRI,03-Jun-2016,2195.35
NIFTY200 MOMENTUM 30 - TRI,06-Jun-2016,2210.07
NIFTY200 MOMENTUM 30 - TRI,07-Jun-2016,2223.58
NIFTY200 MOMENTUM 30 - TRI,08-Jun-2016,2194.38
NIFTY200 MOMENTUM 30 - TRI,09-Jun-2016,2183.20
NIFTY200 MOMENTUM 30 - TRI,10-Jun-2016,2233.52
NIFTY200 MOMENTUM 30 - TRI,13-Jun-2016,2303.39
NIFTY200 MOMENTUM 30 - TRI,14-Jun-2016,2278.45
NIFTY200 MOMENTUM 30 - TRI,15-Jun-2016,2294.22
NIFTY200 MOMENTUM 30 - TRI,16-Jun-2016,2276.93
NIFTY200 MOMENTUM 30 - TRI,17-Jun-2016,2296.48
NIFTY200 MOMENTUM 30 - TRI,20-Jun-2016,2296.52
NIFTY200 MOMENTUM 30 - TRI,21-Jun-2016,2292.09
NIFTY200 MOMENTUM 30 - TRI,22-Jun-2016,2258.35
NIFTY200 MOMENTUM 30 - TRI,23-Jun-2016,2237.89
NIFTY200 MOMENTUM 30 - TRI,24-Jun-2016,2235.36
NIFTY200 MOMENTUM 30 - TRI,27-Jun-2016,2206.23
NIFTY200 MOMENTUM 30 - TRI,28-Jun-2016,2190.72
NIFTY200 MOMENTUM 30 - TRI,29-Jun-2016,2184.80
NIFTY200 MOMENTUM 30 - TRI,30-Jun-2016,2181.36
NIFTY200 MOMENTUM 30 - TRI,01-Jul-2016,2163.66
NIFTY200 MOMENTUM 30 - TRI,04-Jul-2016,2198.54
NIFTY200 MOMENTUM 30 - TRI,05-Jul-2016,2192.52
NIFTY200 MOMENTUM 30 - TRI,06-Jul-2016,2195.46
NIFTY200 MOMENTUM 30 - TRI,07-Jul-2016,2229.31
NIFTY200 MOMENTUM 30 - TRI,08-Jul-2016,2253.05
NIFTY200 MOMENTUM 30 - TRI,11-Jul-2016,2263.70
NIFTY200 MOMENTUM 30 - TRI,12-Jul-2016,2219.63
NIFTY200 MOMENTUM 30 - TRI,13-Jul-2016,2218.01
NIFTY200 MOMENTUM 30 - TRI,14-Jul-2016,2185.11
NIFTY200 MOMENTUM 30 - TRI,15-Jul-2016,2213.51
NIFTY200 MOMENTUM 30 - TRI,18-Jul-2016,2224.98
NIFTY200 MOMENTUM 30 - TRI,19-Jul-2016,2228.71
NIFTY200 MOMENTUM 30 - TRI,20-Jul-2016,2212.99
NIFTY200 MOMENTUM 30 - TRI,21-Jul-2016,2209.84
NIFTY200 MOMENTUM 30 - TRI,22-Jul-2016,2196.28
NIFTY200 MOMENTUM 30 - TRI,25-Jul-2016,2174.93
NIFTY200 MOMENTUM 30 - TRI,26-Jul-2016,2169.08
NIFTY200 MOMENTUM 30 - TRI,27-Jul-2016,2185.49
NIFTY200 MOMENTUM 30 - TRI,28-Jul-2016,2187.98
NIFTY200 MOMENTUM 30 - TRI,29-Jul-2016,2232.36
NIFTY200 MOMENTUM 30 - TRI,01-Aug-2016,2253.00
NIFTY200 MOMENTUM 30 - TRI,02-Aug-2016,2255.85
NIFTY200 MOMENTUM 30 - TRI,03-Aug-2016,2261.70
NIFTY200 MOMENTUM 30 - TRI,04-Aug-2016,2272.42
NIFTY200 MOMENTUM 30 - TRI,05-Aug-2016,2267.20
NIFTY200 MOMENTUM 30 - TRI,08-Aug-2016,2196.57
NIFTY200 MOMENTUM 30 - TRI,09-Aug-2016,2158.84
NIFTY200 MOMENTUM 30 - TRI,10-Aug-2016,2130.00
NIFTY200 MOMENTUM 30 - TRI,11-Aug-2016,2094.87
NIFTY200 MOMENTUM 30 - TRI,12-Aug-2016,2119.01
NIFTY200 MOMENTUM 30 - TRI,15-Aug-2016,2113.15
NIFTY200 MOMENTUM 30 - TRI,16-Aug-2016,2149.88
NIFTY200 MOMENTUM 30 - TRI,17-Aug-2016,2175.21
NIFTY200 MOMENTUM 30 - TRI,18-Aug-2016,2197.66
NIFTY200 MOMENTUM 30 - TRI,19-Aug-2016,2192.39
NIFTY200 MOMENTUM 30 - TRI,22-Aug-2016,2183.04
NIFTY200 MOMENTUM 30 - TRI,23-Aug-2016,2195.51
NIFTY200 MOMENTUM 30 - TRI,24-Aug-2016,2174.44
NIFTY200 MOMENTUM 30 - TRI,25-Aug-2016,2146.25
NIFTY200 MOMENTUM 30 - TRI,26-Aug-2016,2099.76
NIFTY200 MOMENTUM 30 - TRI,29-Aug-2016,2110.74
NIFTY200 MOMENTUM 30 - TRI,30-Aug-2016,2080.14
NIFTY200 MOMENTUM 30 - TRI,31-Aug-2016,2072.37
NIFTY200 MOMENTUM 30 - TRI,01-Sep-2016,2087.08
NIFTY200 MOMENTUM 30 - TRI,02-Sep-2016,2079.24
NIFTY200 MOMENTUM 30 - TRI,05-Sep-2016,2142.33
NIFTY200 MOMENTUM 30 - TRI,06-Sep-2016,2113.47
NIFTY200 MOMENTUM 30 - TRI,07-Sep-2016,2130.09
NIFTY200 MOMENTUM 30 - TRI,08-Sep-2016,2084.48
NIFTY200 MOMENTUM 30 - TRI,09-Sep-2016,2112.18
NIFTY200 MOMENTUM 30 - TRI,12-Sep-2016,2123.90
NIFTY200 MOMENTUM 30 - TRI,13-Sep-2016,2127.92
NIFTY200 MOMENTUM 30 - TRI,14-Sep-2016,2091.51
NIFTY200 MOMENTUM 30 - TRI,15-Sep-2016,2103.85
NIFTY200 MOMENTUM 30 - TRI,16-Sep-2016,2085.86
NIFTY200 MOMENTUM 30 - TRI,19-Sep-2016,2041.84
NIFTY200 MOMENTUM 30 - TRI,20-Sep-2016,2031.67
NIFTY200 MOMENTUM 30 - TRI,21-Sep-2016,2038.80
NIFTY200 MOMENTUM 30 - TRI,22-Sep-2016,2043.32
NIFTY200 MOMENTUM 30 - TRI,23-Sep-2016,2068.80
NIFTY200 MOMENTUM 30 - TRI,26-Sep-2016,2093.37
NIFTY200 MOMENTUM 30 - TRI,27-Sep-2016,2074.81
NIFTY200 MOMENTUM 30 - TRI,28-Sep-2016,2087.71
NIFTY200 MOMENTUM 30 - TRI,29-Sep-2016,2041.85
NIFTY200 MOMENTUM 30 - TRI,30-Sep-2016,2066.42
NIFTY200 MOMENTUM 30 - TRI,03-Oct-2016,2087.13
NIFTY200 MOMENTUM 30 - TRI,04-Oct-2016,2085.50
NIFTY200 MOMENTUM 30 - TRI,05-Oct-2016,2091.65
NIFTY200 MOMENTUM 30 - TRI,06-Oct-2016,2141.82
NIFTY200 MOMENTUM 30 - TRI,07-Oct-2016,2103.83
NIFTY200 MOMENTUM 30 - TRI,10-Oct-2016,2129.36
NIFTY200 MOMENTUM 30 - TRI,11-Oct-2016,2123.49
NIFTY200 MOMENTUM 30 - TRI,12-Oct-2016,2094.92
NIFTY200 MOMENTUM 30 - TRI,13-Oct-2016,2112.19
NIFTY200 MOMENTUM 30 - TRI,14-Oct-2016,2125.22
NIFTY200 MOMENTUM 30 - TRI,17-Oct-2016,2156.82
NIFTY200 MOMENTUM 30 - TRI,18-Oct-2016,2160.90
NIFTY200 MOMENTUM 30 - TRI,19-Oct-2016,2140.02
NIFTY200 MOMENTUM 30 - TRI,20-Oct-2016,2149.36
NIFTY200 MOMENTUM 30 - TRI,21-Oct-2016,2120.14
NIFTY200 MOMENTUM 30 - TRI,24-Oct-2016,2116.37
NIFTY200 MOMENTUM 30 - TRI,25-Oct-2016,2162.38
NIFTY200 MOMENTUM 30 - TRI,26-Oct-2016,2128.55
NIFTY200 MOMENTUM 30 - TRI,27-Oct-2016,2126.40
NIFTY200 MOMENTUM 30 - TRI,28-Oct-2016,2111.85
NIFTY200 MOMENTUM 30 - TRI,31-Oct-2016,2095.95
NIFTY200 MOMENTUM 30 - TRI,01-Nov-2016,2083.43
NIFTY200 MOMENTUM 30 - TRI,02-Nov-2016,2077.74
NIFTY200 MOMENTUM 30 - TRI,03-Nov-2016,2071.70
NIFTY200 MOMENTUM 30 - TRI,04-Nov-2016,2029.05
NIFTY200 MOMENTUM 30 - TRI,07-Nov-2016,2050.69
NIFTY200 MOMENTUM 30 - TRI,08-Nov-2016,2033.31
NIFTY200 MOMENTUM 30 - TRI,09-Nov-2016,2008.22
NIFTY200 MOMENTUM 30 - TRI,10-Nov-2016,2017.07
NIFTY200 MOMENTUM 30 - TRI,11-Nov-2016,2017.03
NIFTY200 MOMENTUM 30 - TRI,14-Nov-2016,2047.38
NIFTY200 MOMENTUM 30 - TRI,15-Nov-2016,2070.80
NIFTY200 MOMENTUM 30 - TRI,16-Nov-2016,2080.30
NIFTY200 MOMENTUM 30 - TRI,17-Nov-2016,2068.37
NIFTY200 MOMENTUM 30 - TRI,18-Nov-2016,2045.35
NIFTY200 MOMENTUM 30 - TRI,21-Nov-2016,2090.18
NIFTY200 MOMENTUM 30 - TRI,22-Nov-2016,2068.55
NIFTY200 MOMENTUM 30 - TRI,23-Nov-2016,2053.70
NIFTY200 MOMENTUM 30 - TRI,24-Nov-2016,2021.79
NIFTY200 MOMENTUM 30 - TRI,25-Nov-2016,2052.78
NIFTY200 MOMENTUM 30 - TRI,28-Nov-2016,2019.02
NIFTY200 MOMENTUM 30 - TRI,29-Nov-2016,2009.32
NIFTY200 MOMENTUM 30 - TRI,30-Nov-2016,2004.07
NIFTY200 MOMENTUM 30 - TRI,01-Dec-2016,2021.66
NIFTY200 MOMENTUM 30 - TRI,02-Dec-2016,1999.19
NIFTY200 MOMENTUM 30 - TRI,05-Dec-2016,2020.99
NIFTY200 MOMENTUM 30 - TRI,06-Dec-2016,2021.64
NIFTY200 MOMENTUM 30 - TRI,07-Dec-2016,1981.57
NIFTY200 MOMENTUM 30 - TRI,08-Dec-2016,2023.30
NIFTY200 MOMENTUM 30 - TRI,09-Dec-2016,2002.00
NIFTY200 MOMENTUM 30 - TRI,12-Dec-2016,1964.79
NIFTY200 MOMENTUM 30 - TRI,13-Dec-2016,1945.96
NIFTY200 MOMENTUM 30 - TRI,14-Dec-2016,1960.30
NIFTY200 MOMENTUM 30 - TRI,15-Dec-2016,1957.95
NIFTY200 MOMENTUM 30 - TRI,16-Dec-2016,1942.37
NIFTY200 MOMENTUM 30 - TRI,19-Dec-2016,1925.99
NIFTY200 MOMENTUM 30 - TRI,20-Dec-2016,1879.12
NIFTY200 MOMENTUM 30 - TRI,21-Dec-2016,1814.68
NIFTY200 MOMENTUM 30 - TRI,22-Dec-2016,1785.95
NIFTY200 MOMENTUM 30 - TRI,23-Dec-2016,1777.12
NIFTY200 MOMENTUM 30 - TRI,26-Dec-2016,1775.41
NIFTY200 MOMENTUM 30 - TRI,27-Dec-2016,1808.25
NIFTY200 MOMENTUM 30 - TRI,28-Dec-2016,1788.20
NIFTY200 MOMENTUM 30 - TRI,29-Dec-2016,1820.30
NIFTY200 MOMENTUM 30 - TRI,30-Dec-2016,1851.17
NIFTY200 MOMENTUM 30 - TRI,02-Jan-2017,1888.70
NIFTY200 MOMENTUM 30 - TRI,03-Jan-2017,1882.21
NIFTY200 MOMENTUM 30 - TRI,04-Jan-2017,1891.76
NIFTY200 MOMENTUM 30 - TRI,05-Jan-2017,1888.19
NIFTY200 MOMENTUM 30 - TRI,06-Jan-2017,1889.09
NIFTY200 MOMENTUM 30 - TRI,09-Jan-2017,1905.90
NIFTY200 MOMENTUM 30 - TRI,10-Jan-2017,1867.58
NIFTY200 MOMENTUM 30 - TRI,11-Jan-2017,1917.13
NIFTY200 MOMENTUM 30 - TRI,12-Jan-2017,1936.44
NIFTY200 MOMENTUM 30 - TRI,13-Jan-2017,1912.53
NIFTY200 MOMENTUM 30 - TRI,16-Jan-2017,1880.81
NIFTY200 MOMENTUM 30 - TRI,17-Jan-2017,1858.66
NIFTY200 MOMENTUM 30 - TRI,18-Jan-2017,1890.18
NIFTY200 MOMENTUM 30 - TRI,19-Jan-2017,1918.62
NIFTY200 MOMENTUM 30 - TRI,20-Jan-2017,1932.17
NIFTY200 MOMENTUM 30 - TRI,23-Jan-2017,1922.15
NIFTY200 MOMENTUM 30 - TRI,24-Jan-2017,1923.40
NIFTY200 MOMENTUM 30 - TRI,25-Jan-2017,1899.32
NIFTY200 MOMENTUM 30 - TRI,26-Jan-2017,1952.47
NIFTY200 MOMENTUM 30 - TRI,27-Jan-2017,1998.16
NIFTY200 MOMENTUM 30 - TRI,30-Jan-2017,1997.15
NIFTY200 MOMENTUM 30 - TRI,31-Jan-2017,1997.00
NIFTY200 MOMENTUM 30 - TRI,01-Feb-2017,1987.43
NIFTY200 MOMENTUM 30 - TRI,02-Feb-2017,2012.10
NIFTY200 MOMENTUM 30 - TRI,03-Feb-2017,2022.67
NIFTY200 MOMENTUM 30 - TRI,06-Feb-2017,1999.87
NIFTY200 MOMENTUM 30 - TRI,07-Feb-2017,1981.35
NIFTY200 MOMENTUM 30 - TRI,08-Feb-2017,2027.65
NIFTY200 MOMENTUM 30 - TRI,09-Feb-2017,2015.74
NIFTY200 MOMENTUM 30 - TRI,10-Feb-2017,1996.51
NIFTY200 MOMENTUM 30 - TRI,13-Feb-2017,2034.93
NIFTY200 MOMENTUM 30 - TRI,14-Feb-2017,2027.77
NIFTY200 MOMENTUM 30 - TRI,15-Feb-2017,2029.84
NIFTY200 MOMENTUM 30 - TRI,16-Feb-2017,2055.94
NIFTY200 MOMENTUM 30 - TRI,17-Feb-2017,2072.29
NIFTY200 MOMENTUM 30 - TRI,20-Feb-2017,2066.12
NIFTY200 MOMENTUM 30 - TRI,21-Feb-2017,2084.62
NIFTY200 MOMENTUM 30 - TRI,22-Feb-2017,2056.51
NIFTY200 MOMENTUM 30 - TRI,23-Feb-2017,2065.46
NIFTY200 MOMENTUM 30 - TRI,24-Feb-2017,2055.07
NIFTY200 MOMENTUM 30 - TRI,27-Feb-2017,2008.59
NIFTY200 MOMENTUM 30 - TRI,28-Feb-2017,2010.66
NIFTY200 MOMENTUM 30 - TRI,01-Mar-2017,1989.83
NIFTY200 MOMENTUM 30 - TRI,02-Mar-2017,2025.77
NIFTY200 MOMENTUM 30 - TRI,03-Mar-2017,1965.39
NIFTY200 MOMENTUM 30 - TRI,06-Mar-2017,1927.61
NIFTY200 MOMENTUM 30 - TRI,07-Mar-2017,1914.99
NIFTY200 MOMENTUM 30 - TRI,08-Mar-2017,1941.10
NIFTY200 MOMENTUM 30 - TRI,09-Mar-2017,1921.68
NIFTY200 MOMENTUM 30 - TRI,10-Mar-2017,1880.31
NIFTY200 MOMENTUM 30 - TRI,13-Mar-2017,1879.49
NIFTY200 MOMENTUM 30 - TRI,14-Mar-2017,1900.25
NIFTY200 MOMENTUM 30 - TRI,15-Mar-2017,1895.94
NIFTY200 MOMENTUM 30 - TRI,16-Mar-2017,1853.30
NIFTY200 MOMENTUM 30 - TRI,17-Mar-2017,1861.47
NIFTY200 MOMENTUM 30 - TRI,20-Mar-2017,1864.34
NIFTY200 MOMENTUM 30 - TRI,21-Mar-2017,1826.03
NIFTY200 MOMENTUM 30 - TRI,22-Mar-2017,1798.45
NIFTY200 MOMENTUM 30 - TRI,23-Mar-2017,1806.18
NIFTY200 MOMENTUM 30 - TRI,24-Mar-2017,1806.09
NIFTY200 MOMENTUM 30 - TRI,27-Mar-2017,1803.26
NIFTY200 MOMENTUM 30 - TRI,28-Mar-2017,1826.80
NIFTY200 MOMENTUM 30 - TRI,29-Mar-2017,1870.12
NIFTY200 MOMENTUM 30 - TRI,30-Mar-2017,1868.13
NIFTY200 MOMENTUM 30 - TRI,31-Mar-2017,1868.29
NIFTY200 MOMENTUM 30 - TRI,03-Apr-2017,1893.97
NIFTY200 MOMENTUM 30 - TRI,04-Apr-2017,1901.82
NIFTY200 MOMENTUM 30 - TRI,05-Apr-2017,1919.83
NIFTY200 MOMENTUM 30 - TRI,06-Apr-2017,1921.18
NIFTY200 MOMENTUM 30 - TRI,07-Apr-2017,1927.06
NIFTY200 MOMENTUM 30 - TRI,10-Apr-2017,1956.70
NIFTY200 MOMENTUM 30 - TRI,11-Apr-2017,1999.75
NIFTY200 MOMENTUM 30 - TRI,12-Apr-2017,1977.06
NIFTY200 MOMENTUM 30 - TRI,13-Apr-2017,1991.19
NIFTY200 MOMENTUM 30 - TRI,14-Apr-2017,1973.13
NIFTY200 MOMENTUM 30 - TRI,17-Apr-2017,1969.82
NIFTY200 MOMENTUM 30 - TRI,18-Apr-2017,1934.56
NIFTY200 MOMENTUM 30 - TRI,19-Apr-2017,1919.23
NIFTY200 MOMENTUM 30 - TRI,20-Apr-2017,1915.35
NIFTY200 MOMENTUM 30 - TRI,21-Apr-2017,1925.88
NIFTY200 MOMENTUM 30 - TRI,24-Apr-2017,1929.83
NIFTY200 MOMENTUM 30 - TRI,25-Apr-2017,1909.75
NIFTY200 MOMENTUM 30 - TRI,26-Apr-2017,1903.00
NIFTY200 MOMENTUM 30 - TRI,27-Apr-2017,1881.17
NIFTY200 MOMENTUM 30 - TRI,28-Apr-2017,1887.97
NIFTY200 MOMENTUM 30 - TRI,01-May-2017,1895.31
NIFTY200 MOMENTUM 30 - TRI,02-May-2017,1937.91
NIFTY200 MOMENTUM 30 - TRI,03-May-2017,1926.12
NIFTY200 MOMENTUM 30 - TRI,04-May-2017,1898.97
NIFTY200 MOMENTUM 30 - TRI,05-May-2017,1937.67
NIFTY200 MOMENTUM 30 - TRI,08-May-2017,1932.01
NIFTY200 MOMENTUM 30 - TRI,09-May-2017,1934.06
NIFTY200 MOMENTUM 30 - TRI,10-May-2017,1948.33
NIFTY200 MOMENTUM 30 - TRI,11-May-2017,1958.81
NIFTY200 MOMENTUM 30 - TRI,12-May-2017,1949.48
NIFTY200 MOMENTUM 30 - TRI,15-May-2017,1921.33
NIFTY200 MOMENTUM 30 - TRI,16-May-2017,1885.22
NIFTY200 MOMENTUM 30 - TRI,17-May-2017,1892.06
NIFTY200 MOMENTUM 30 - TRI,18-May-2017,1919.24
NIFTY200 MOMENTUM 30 - TRI,19-May-2017,1948.64
NIFTY200 MOMENTUM 30 - TRI,22-May-2017,1956.80
NIFTY200 MOMENTUM 30 - TRI,23-May-2017,1975.08
NIFTY200 MOMENTUM 30 - TRI,24-May-2017,2036.07
NIFTY200 MOMENTUM 30 - TRI,25-May-2017,2084.23
NIFTY200 MOMENTUM 30 - TRI,26-May-2017,2053.32
NIFTY200 MOMENTUM 30 - TRI,29-May-2017,2085.02
NIFTY200 MOMENTUM 30 - TRI,30-May-2017,2060.23
NIFTY200 MOMENTUM 30 - TRI,31-May-2017,2040.51
NIFTY200 MOMENTUM 30 - TRI,01-Jun-2017,2046.41
NIFTY200 MOMENTUM 30 - TRI,02-Jun-2017,2058.02
NIFTY200 MOMENTUM 30 - TRI,05-Jun-2017,2091.59
NIFTY200 MOMENTUM 30 - TRI,06-Jun-2017,2176.74
NIFTY200 MOMENTUM 30 - TRI,07-Jun-2017,2193.59
NIFTY200 MOMENTUM 30 - TRI,08-Jun-2017,2196.38
NIFTY200 MOMENTUM 30 - TRI,09-Jun-2017,2204.14
NIFTY200 MOMENTUM 30 - TRI,12-Jun-2017,2206.38
NIFTY200 MOMENTUM 30 - TRI,13-Jun-2017,2226.65
NIFTY200 MOMENTUM 30 - TRI,14-Jun-2017,2258.60
NIFTY200 MOMENTUM 30 - TRI,15-Jun-2017,2288.68
NIFTY200 MOMENTUM 30 - TRI,16-Jun-2017,2296.52
NIFTY200 MOMENTUM 30 - TRI,19-Jun-2017,2325.70
NIFTY200 MOMENTUM 30 - TRI,20-Jun-2017,2312.84
NIFTY200 MOMENTUM 30 - TRI,21-Jun-2017,2299.64
NIFTY200 MOMENTUM 30 - TRI,22-Jun-2017,2277.54
NIFTY200 MOMENTUM 30 - TRI,23-Jun-2017,2250.91
NIFTY200 MOMENTUM 30 - TRI,26-Jun-2017,2214.43
NIFTY200 MOMENTUM 30 - TRI,27-Jun-2017,2255.00
NIFTY200 MOMENTUM 30 - TRI,28-Jun-2017,2287.74
NIFTY200 MOMENTUM 30 - TRI,29-Jun-2017,2272.25
NIFTY200 MOMENTUM 30 - TRI,30-Jun-2017,2310.00
NIFTY200 MOMENTUM 30 - TRI,03-Jul-2017,2293.79
NIFTY200 MOMENTUM 30 - TRI,04-Jul-2017,2339.19
NIFTY200 MOMENTUM 30 - TRI,05-Jul-2017,2347.50
NIFTY200 MOMENTUM 30 - TRI,06-Jul-2017,2342.59
NIFTY200 MOMENTUM 30 - TRI,07-Jul-2017,2345.81
NIFTY200 MOMENTUM 30 - TRI,10-Jul-2017,2357.67
NIFTY200 MOMENTUM 30 - TRI,11-Jul-2017,2386.24
NIFTY200 MOMENTUM 30 - TRI,12-Jul-2017,2422.39
NIFTY200 MOMENTUM 30 - TRI,13-Jul-2017,2421.84
NIFTY200 MOMENTUM 30 - TRI,14-Jul-2017,2436.84
NIFTY200 MOMENTUM 30 - TRI,17-Jul-2017,2450.83
NIFTY200 MOMENTUM 30 - TRI,18-Jul-2017,2418.92
NIFTY200 MOMENTUM 30 - TRI,19-Jul-2017,2434.43
NIFTY200 MOMENTUM 30 - TRI,20-Jul-2017,2431.81
NIFTY200 MOMENTUM 30 - TRI,21-Jul-2017,2415.59
NIFTY200 MOMENTUM 30 - TRI,24-Jul-2017,2394.92
NIFTY200 MOMENTUM 30 - TRI,25-Jul-2017,2406.19
NIFTY200 MOMENTUM 30 - TRI,26-Jul-2017,2378.04
NIFTY200 MOMENTUM 30 - TRI,27-Jul-2017,2388.72
NIFTY200 MOMENTUM 30 - TRI,28-Jul-2017,2406.57
NIFTY200 MOMENTUM 30 - TRI,31-Jul-2017,2430.14
NIFTY200 MOMENTUM 30 - TRI,01-Aug-2017,2392.29
NIFTY200 MOMENTUM 30 - TRI,02-Aug-2017,2448.62
NIFTY200 MOMENTUM 30 - TRI,03-Aug-2017,2456.12
NIFTY200 MOMENTUM 30 - TRI,04-Aug-2017,2441.65
NIFTY200 MOMENTUM 30 - TRI,07-Aug-2017,2408.73
NIFTY200 MOMENTUM 30 - TRI,08-Aug-2017,2416.91
NIFTY200 MOMENTUM 30 - TRI,09-Aug-2017,2422.78
NIFTY200 MOMENTUM 30 - TRI,10-Aug-2017,2470.47
NIFTY200 MOMENTUM 30 - TRI,11-Aug-2017,2402.81
NIFTY200 MOMENTUM 30 - TRI,14-Aug-2017,2391.84
NIFTY200 MOMENTUM 30 - TRI,15-Aug-2017,2414.88
NIFTY200 MOMENTUM 30 - TRI,16-Aug-2017,2441.59
NIFTY200 MOMENTUM 30 - TRI,17-Aug-2017,2441.67
NIFTY200 MOMENTUM 30 - TRI,18-Aug-2017,2495.79
NIFTY200 MOMENTUM 30 - TRI,21-Aug-2017,2519.82
NIFTY200 MOMENTUM 30 - TRI,22-Aug-2017,2559.56
NIFTY200 MOMENTUM 30 - TRI,23-Aug-2017,2540.23
NIFTY200 MOMENTUM 30 - TRI,24-Aug-2017,2554.68
NIFTY200 MOMENTUM 30 - TRI,25-Aug-2017,2524.82
NIFTY200 MOMENTUM 30 - TRI,28-Aug-2017,2506.87
NIFTY200 MOMENTUM 30 - TRI,29-Aug-2017,2464.70
NIFTY200 MOMENTUM 30 - TRI,30-Aug-2017,2452.91
NIFTY200 MOMENTUM 30 - TRI,31-Aug-2017,2481.78
NIFTY200 MOMENTUM 30 - TRI,01-Sep-2017,2473.62
NIFTY200 MOMENTUM 30 - TRI,04-Sep-2017,2501.12
NIFTY200 MOMENTUM 30 - TRI,05-Sep-2017,2457.19
NIFTY200 MOMENTUM 30 - TRI,06-Sep-2017,2415.01
NIFTY200 MOMENTUM 30 - TRI,07-Sep-2017,2437.26
NIFTY200 MOMENTUM 30 - TRI,08-Sep-2017,2432.25
NIFTY200 MOMENTUM 30 - TRI,11-Sep-2017,2410.28
NIFTY200 MOMENTUM 30 - TRI,12-Sep-2017,2389.81
NIFTY200 MOMENTUM 30 - TRI,13-Sep-2017,2408.00
NIFTY200 MOMENTUM 30 - TRI,14-Sep-2017,2402.13
NIFTY200 MOMENTUM 30 - TRI,15-Sep-2017,2395.67
NIFTY200 MOMENTUM 30 - TRI,18-Sep-2017,2427.66
NIFTY200 MOMENTUM 30 - TRI,19-Sep-2017,2381.27
NIFTY200 MOMENTUM 30 - TRI,20-Sep-2017,2407.94
NIFTY200 MOMENTUM 30 - TRI,21-Sep-2017,2406.05
NIFTY200 MOMENTUM 30 - TRI,22-Sep-2017,2400.48
NIFTY200 MOMENTUM 30 - TRI,25-Sep-2017,2367.77
NIFTY200 MOMENTUM 30 - TRI,26-Sep-2017,2387.35
NIFTY200 MOMENTUM 30 - TRI,27-Sep-2017,2417.60
NIFTY200 MOMENTUM 30 - TRI,28-Sep-2017,2490.37
NIFTY200 MOMENTUM 30 - TRI,29-Sep-2017,2479.62
NIFTY200 MOMENTUM 30 - TRI,02-Oct-2017,2476.16
NIFTY200 MOMENTUM 30 - TRI,03-Oct-2017,2448.30
NIFTY200 MOMENTUM 30 - TRI,04-Oct-2017,2505.07
NIFTY200 MOMENTUM 30 - TRI,05-Oct-2017,2529.04
NIFTY200 MOMENTUM 30 - TRI,06-Oct-2017,2557.11
NIFTY200 MOMENTUM 30 - TRI,09-Oct-2017,2572.88
NIFTY200 MOMENTUM 30 - TRI,10-Oct-2017,2591.70
NIFTY200 MOMENTUM 30 - TRI,11-Oct-2017,2653.80
NIFTY200 MOMENTUM 30 - TRI,12-Oct-2017,2712.93
NIFTY200 MOMENTUM 30 - TRI,13-Oct-2017,2721.74
NIFTY200 MOMENTUM 30 - TRI,16-Oct-2017,2698.35
NIFTY200 MOMENTUM 30 - TRI,17-Oct-2017,2713.92
NIFTY200 MOMENTUM 30 - TRI,18-Oct-2017,2672.47
NIFTY200 MOMENTUM 30 - TRI,19-Oct-2017,2621.96
NIFTY200 MOMENTUM 30 - TRI,20-Oct-2017,2631.45
NIFTY200 MOMENTUM 30 - TRI,23-Oct-2017,2714.30
NIFTY200 MOMENTUM 30 - TRI,24-Oct-2017,2713.06
NIFTY200 MOMENTUM 30 - TRI,25-Oct-2017,2722.87
NIFTY200 MOMENTUM 30 - TRI,26-Oct-2017,2730.13
NIFTY200 MOMENTUM 30 - TRI,27-Oct-2017,2735.97
NIFTY200 MOMENTUM 30 - TRI,30-Oct-2017,2674.15
NIFTY200 MOMENTUM 30 - TRI,31-Oct-2017,2650.61
NIFTY200 MOMENTUM 30 - TRI,01-Nov-2017,2638.76
NIFTY200 MOMENTUM 30 - TRI,02-Nov-2017,2588.93
NIFTY200 MOMENTUM 30 - TRI,03-Nov-2017,2643.52
NIFTY200 MOMENTUM 30 - TRI,06-Nov-2017,2646.16
NIFTY200 MOMENTUM 30 - TRI,07-Nov-2017,2661.92
NIFTY200 MOMENTUM 30 - TRI,08-Nov-2017,2696.39
NIFTY200 MOMENTUM 30 - TRI,09-Nov-2017,2741.44
NIFTY200 MOMENTUM 30 - TRI,10-Nov-2017,2771.60
NIFTY200 MOMENTUM 30 - TRI,13-Nov-2017,2827.43
NIFTY200 MOMENTUM 30 - TRI,14-Nov-2017,2911.40
NIFTY200 MOMENTUM 30 - TRI,15-Nov-2017,2863.35
NIFTY200 MOMENTUM 30 - TRI,16-Nov-2017,2846.65
NIFTY200 MOMENTUM 30 - TRI,17-Nov-2017,2809.47
NIFTY200 MOMENTUM 30 - TRI,20-Nov-2017,2803.20
NIFTY200 MOMENTUM 30 - TRI,21-Nov-2017,2778.14
NIFTY200 MOMENTUM 30 - TRI,22-Nov-2017,2836.40
NIFTY200 MOMENTUM 30 - TRI,23-Nov-2017,2864.14
NIFTY200 MOMENTUM 30 - TRI,24-Nov-2017,2877.76
NIFTY200 MOMENTUM 30 - TRI,27-Nov-2017,2898.98
NIFTY200 MOMENTUM 30 - TRI,28-Nov-2017,2886.83
NIFTY200 MOMENTUM 30 - TRI,29-Nov-2017,2841.76
NIFTY200 MOMENTUM 30 - TRI,30-Nov-2017,2766.79
NIFTY200 MOMENTUM 30 - TRI,01-Dec-2017,2727.22
NIFTY200 MOMENTUM 30 - TRI,04-Dec-2017,2726.56
NIFTY200 MOMENTUM 30 - TRI,05-Dec-2017,2735.38
NIFTY200 MOMENTUM 30 - TRI,06-Dec-2017,2747.74
NIFTY200 MOMENTUM 30 - TRI,07-Dec-2017,2754.11
NIFTY200 MOMENTUM 30 - TRI,08-Dec-2017,2756.41
NIFTY200 MOMENTUM 30 - TRI,11-Dec-2017,2752.75
NIFTY200 MOMENTUM 30 - TRI,12-Dec-2017,2765.10
NIFTY200 MOMENTUM 30 - TRI,13-Dec-2017,2743.88
NIFTY200 MOMENTUM 30 - TRI,14-Dec-2017,2723.89
NIFTY200 MOMENTUM 30 - TRI,15-Dec-2017,2778.95
NIFTY200 MOMENTUM 30 - TRI,18-Dec-2017,2793.61
NIFTY200 MOMENTUM 30 - TRI,19-Dec-2017,2797.37
NIFTY200 MOMENTUM 30 - TRI,20-Dec-2017,2841.06
NIFTY200 MOMENTUM 30 - TRI,21-Dec-2017,2836.26
NIFTY200 MOMENTUM 30 - TRI,22-Dec-2017,2868.15
NIFTY200 MOMENTUM 30 - TRI,25-Dec-2017,2881.71
NIFTY200 MOMENTUM 30 - TRI,26-Dec-2017,2854.20
NIFTY200 MOMENTUM 30 - TRI,27-Dec-2017,2879.56
NIFTY200 MOMENTUM 30 - TRI,28-Dec-2017,2825.29
NIFTY200 MOMENTUM 30 - TRI,29-Dec-2017,2849.12
NIFTY200 MOMENTUM 30 - TRI,01-Jan-2018,2890.04
NIFTY200 MOMENTUM 30 - TRI,02-Jan-2018,2888.45
NIFTY200 MOMENTUM 30 - TRI,03-Jan-2018,2898.82
NIFTY200 MOMENTUM 30 - TRI,04-Jan-2018,2914.96
NIFTY200 MOMENTUM 30 - TRI,05-Jan-2018,2905.71
NIFTY200 MOMENTUM 30 - TRI,08-Jan-2018,2884.22
NIFTY200 MOMENTUM 30 - TRI,09-Jan-2018,2911.54
NIFTY200 MOMENTUM 30 - TRI,10-Jan-2018,2983.90
NIFTY200 MOMENTUM 30 - TRI,11-Jan-2018,3008.72
NIFTY200 MOMENTUM 30 - TRI,12-Jan-2018,3032.10
NIFTY200 MOMENTUM 30 - TRI,15-Jan-2018,3004.72
NIFTY200 MOMENTUM 30 - TRI,16-Jan-2018,2977.10
NIFTY200 MOMENTUM 30 - TRI,17-Jan-2018,3011.13
NIFTY200 MOMENTUM 30 - TRI,18-Jan-2018,2986.44
NIFTY200 MOMENTUM 30 - TRI,19-Jan-2018,3000.35
NIFTY200 MOMENTUM 30 - TRI,22-Jan-2018,2954.54
NIFTY200 MOMENTUM 30 - TRI,23-Jan-2018,2979.51
NIFTY200 MOMENTUM 30 - TRI,24-Jan-2018,3006.04
NIFTY200 MOMENTUM 30 - TRI,25-Jan-2018,3008.47
NIFTY200 MOMENTUM 30 - TRI,26-Jan-2018,3052.44
NIFTY200 MOMENTUM 30 - TRI,29-Jan-2018,3016.25
NIFTY200 MOMENTUM 30 - TRI,30-Jan-2018,3061.89
NIFTY200 MOMENTUM 30 - TRI,31-Jan-2018,3066.41
NIFTY200 MOMENTUM 30 - TRI,01-Feb-2018,2993.46
NIFTY200 MOMENTUM 30 - TRI,02-Feb-2018,2968.02
NIFTY200 MOMENTUM 30 - TRI,05-Feb-2018,2904.47
NIFTY200 MOMENTUM 30 - TRI,06-Feb-2018,2890.45
NIFTY200 MOMENTUM 30 - TRI,07-Feb-2018,2905.15
NIFTY200 MOMENTUM 30 - TRI,08-Feb-2018,2902.24
NIFTY200 MOMENTUM 30 - TRI,09-Feb-2018,2912.72
NIFTY200 MOMENTUM 30 - TRI,12-Feb-2018,2960.54
NIFTY200 MOMENTUM 30 - TRI,13-Feb-2018,2953.78
NIFTY200 MOMENTUM 30 - TRI,14-Feb-2018,2907.70
NIFTY200 MOMENTUM 30 - TRI,15-Feb-2018,2876.61
NIFTY200 MOMENTUM 30 - TRI,16-Feb-2018,2809.79
NIFTY200 MOMENTUM 30 - TRI,19-Feb-2018,2805.52
NIFTY200 MOMENTUM 30 - TRI,20-Feb-2018,2784.26
NIFTY200 MOMENTUM 30 - TRI,21-Feb-2018,2808.10
NIFTY200 MOMENTUM 30 - TRI,22-Feb-2018,2854.34
NIFTY200 MOMENTUM 30 - TRI,23-Feb-2018,2854.55
NIFTY200 MOMENTUM 30 - TRI,26-Feb-2018,2858.64
NIFTY200 MOMENTUM 30 - TRI,27-Feb-2018,2854.17
NIFTY200 MOMENTUM 30 - TRI,28-Feb-2018,2843.54
NIFTY200 MOMENTUM 30 - TRI,01-Mar-2018,2820.90
NIFTY200 MOMENTUM 30 - TRI,02-Mar-2018,2790.96
NIFTY200 MOMENTUM 30 - TRI,05-Mar-2018,2769.33
NIFTY200 MOMENTUM 30 - TRI,06-Mar-2018,2766.66
NIFTY200 MOMENTUM 30 - TRI,07-Mar-2018,2828.43
NIFTY200 MOMENTUM 30 - TRI,08-Mar-2018,2871.61
NIFTY200 MOMENTUM 30 - TRI,09-Mar-2018,2914.52
NIFTY200 MOMENTUM 30 - TRI,12-Mar-2018,2916.32
NIFTY200 MOMENTUM 30 - TRI,13-Mar-2018,2961.11
NIFTY200 MOMENTUM 30 - TRI,14-Mar-2018,2955.75
NIFTY200 MOMENTUM 30 - TRI,15-Mar-2018,2982.00
NIFTY200 MOMENTUM 30 - TRI,16-Mar-2018,2893.09
NIFTY200 MOMENTUM 30 - TRI,19-Mar-2018,2933.44
NIFTY200 MOMENTUM 30 - TRI,20-Mar-2018,2904.54
NIFTY200 MOMENTUM 30 - TRI,21-Mar-2018,2913.38
NIFTY200 MOMENTUM 30 - TRI,22-Mar-2018,2859.86
NIFTY200 MOMENTUM 30 - TRI,23-Mar-2018,2842.31
NIFTY200 MOMENTUM 30 - TRI,26-Mar-2018,2877.68
NIFTY200 MOMENTUM 30 - TRI,27-Mar-2018,2892.59
NIFTY200 MOMENTUM 30 - TRI,28-Mar-2018,2943.37
NIFTY200 MOMENTUM 30 - TRI,29-Mar-2018,2995.89
NIFTY200 MOMENTUM 30 - TRI,30-Mar-2018,3034.96
NIFTY200 MOMENTUM 30 - TRI,02-Apr-2018,3035.39
NIFTY200 MOMENTUM 30 - TRI,03-Apr-2018,3031.81
NIFTY200 MOMENTUM 30 - TRI,04-Apr-2018,3077.07
NIFTY200 MOMENTUM 30 - TRI,05-Apr-2018,3098.82
NIFTY200 MOMENTUM 30 - TRI,06-Apr-2018,3058.70
NIFTY200 MOMENTUM 30 - TRI,09-Apr-2018,3096.47
NIFTY200 MOMENTUM 30 - TRI,10-Apr-2018,3069.82
NIFTY200 MOMENTUM 30 - TRI,11-Apr-2018,3054.72
NIFTY200 MOMENTUM 30 - TRI,12-Apr-2018,2999.35
NIFTY200 MOMENTUM 30 - TRI,13-Apr-2018,2968.30
NIFTY200 MOMENTUM 30 - TRI,16-Apr-2018,2958.88
NIFTY200 MOMENTUM 30 - TRI,17-Apr-2018,2996.44
NIFTY200 MOMENTUM 30 - TRI,18-Apr-2018,2960.16
NIFTY200 MOMENTUM 30 - TRI,19-Apr-2018,2907.39
NIFTY200 MOMENTUM 30 - TRI,20-Apr-2018,2901.12
NIFTY200 MOMENTUM 30 - TRI,23-Apr-2018,2907.22
NIFTY200 MOMENTUM 30 - TRI,24-Apr-2018,2881.77
NIFTY200 MOMENTUM 30 - TRI,25-Apr-2018,2891.05
NIFTY200 MOMENTUM 30 - TRI,26-Apr-2018,2886.09
NIFTY200 MOMENTUM 30 - TRI,27-Apr-2018,2839.60
NIFTY200 MOMENTUM 30 - TRI,30-Apr-2018,2858.94
NIFTY200 MOMENTUM 30 - TRI,01-May-2018,2869.79
NIFTY200 MOMENTUM 30 - TRI,02-May-2018,2862.29
NIFTY200 MOMENTUM 30 - TRI,03-May-2018,2830.31
NIFTY200 MOMENTUM 30 - TRI,04-May-2018,2813.10
NIFTY200 MOMENTUM 30 - TRI,07-May-2018,2783.21
NIFTY200 MOMENTUM 30 - TRI,08-May-2018,2764.61
NIFTY200 MOMENTUM 30 - TRI,09-May-2018,2749.64
NIFTY200 MOMENTUM 30 - TRI,10-May-2018,2742.09
NIFTY200 MOMENTUM 30 - TRI,11-May-2018,2742.87
NIFTY200 MOMENTUM 30 - TRI,14-May-2018,2738.24
NIFTY200 MOMENTUM 30 - TRI,15-May-2018,2711.19
NIFTY200 MOMENTUM 30 - TRI,16-May-2018,2698.78
NIFTY200 MOMENTUM 30 - TRI,17-May-2018,2725.94
NIFTY200 MOMENTUM 30 - TRI,18-May-2018,2717.36
NIFTY200 MOMENTUM 30 - TRI,21-May-2018,2747.25
NIFTY200 MOMENTUM 30 - TRI,22-May-2018,2715.36
NIFTY200 MOMENTUM 30 - TRI,23-May-2018,2666.99
NIFTY200 MOMENTUM 30 - TRI,24-May-2018,2614.07
NIFTY200 MOMENTUM 30 - TRI,25-May-2018,2638.77
NIFTY200 MOMENTUM 30 - TRI,28-May-2018,2675.52
NIFTY200 MOMENTUM 30 - TRI,29-May-2018,2709.41
NIFTY200 MOMENTUM 30 - TRI,30-May-2018,2743.51
NIFTY200 MOMENTUM 30 - TRI,31-May-2018,2751.02
NIFTY200 MOMENTUM 30 - TRI,01-Jun-2018,2760.64
NIFTY200 MOMENTUM 30 - TRI,04-Jun-2018,2818.21
NIFTY200 MOMENTUM 30 - TRI,05-Jun-2018,2785.84
NIFTY200 MOMENTUM 30 - TRI,06-Jun-2018,2717.44
NIFTY200 MOMENTUM 30 - TRI,07-Jun-2018,2695.70
NIFTY200 MOMENTUM 30 - TRI,08-Jun-2018,2739.29
NIFTY200 MOMENTUM 30 - TRI,11-Jun-2018,2757.38
NIFTY200 MOMENTUM 30 - TRI,12-Jun-2018,2771.28
NIFTY200 MOMENTUM 30 - TRI,13-Jun-2018,2788.49
NIFTY200 MOMENTUM 30 - TRI,14-Jun-2018,2811.63
NIFTY200 MOMENTUM 30 - TRI,15-Jun-2018,2735.16
NIFTY200 MOMENTUM 30 - TRI,18-Jun-2018,2708.05
NIFTY200 MOMENTUM 30 - TRI,19-Jun-2018,2754.89
NIFTY200 MOMENTUM 30 - TRI,20-Jun-2018,2761.09
NIFTY200 MOMENTUM 30 - TRI,21-Jun-2018,2792.23
NIFTY200 MOMENTUM 30 - TRI,22-Jun-2018,2770.16
NIFTY200 MOMENTUM 30 - TRI,25-Jun-2018,2772.72
NIFTY200 MOMENTUM 30 - TRI,26-Jun-2018,2753.47
NIFTY200 MOMENTUM 30 - TRI,27-Jun-2018,2744.85
NIFTY200 MOMENTUM 30 - TRI,28-Jun-2018,2734.11
NIFTY200 MOMENTUM 30 - TRI,29-Jun-2018,2689.85
NIFTY200 MOMENTUM 30 - TRI,02-Jul-2018,2704.82
NIFTY200 MOMENTUM 30 - TRI,03-Jul-2018,2721.79
NIFTY200 MOMENTUM 30 - TRI,04-Jul-2018,2718.04
NIFTY200 MOMENTUM 30 - TRI,05-Jul-2018,2692.69
NIFTY200 MOMENTUM 30 - TRI,06-Jul-2018,2739.98
NIFTY200 MOMENTUM 30 - TRI,09-Jul-2018,2781.37
NIFTY200 MOMENTUM 30 - TRI,10-Jul-2018,2806.54
NIFTY200 MOMENTUM 30 - TRI,11-Jul-2018,2815.18
NIFTY200 MOMENTUM 30 - TRI,12-Jul-2018,2800.81
NIFTY200 MOMENTUM 30 - TRI,13-Jul-2018,2799.35
NIFTY200 MOMENTUM 30 - TRI,16-Jul-2018,2807.92
NIFTY200 MOMENTUM 30 - TRI,17-Jul-2018,2813.91
NIFTY200 MOMENTUM 30 - TRI,18-Jul-2018,2854.51
NIFTY200 MOMENTUM 30 - TRI,19-Jul-2018,2876.98
NIFTY200 MOMENTUM 30 - TRI,20-Jul-2018,2932.51
NIFTY200 MOMENTUM 30 - TRI,23-Jul-2018,2927.94
NIFTY200 MOMENTUM 30 - TRI,24-Jul-2018,2939.53
NIFTY200 MOMENTUM 30 - TRI,25-Jul-2018,2981.05
NIFTY200 MOMENTUM 30 - TRI,26-Jul-2018,3022.49
NIFTY200 MOMENTUM 30 - TRI,27-Jul-2018,3068.94
NIFTY200 MOMENTUM 30 - TRI,30-Jul-2018,3050.45
NIFTY200 MOMENTUM 30 - TRI,31-Jul-2018,3130.05
NIFTY200 MOMENTUM 30 - TRI,01-Aug-2018,3150.12
NIFTY200 MOMENTUM 30 - TRI,02-Aug-2018,3179.50
NIFTY200 MOMENTUM 30 - TRI,03-Aug-2018,3276.98
NIFTY200 MOMENTUM 30 - TRI,06-Aug-2018,3299.29
NIFTY200 MOMENTUM 30 - TRI,07-Aug-2018,3237.96
NIFTY200 MOMENTUM 30 - TRI,08-Aug-2018,3229.98
NIFTY200 MOMENTUM 30 - TRI,09-Aug-2018,3254.35
NIFTY200 MOMENTUM 30 - TRI,10-Aug-2018,3248.03
NIFTY200 MOMENTUM 30 - TRI,13-Aug-2018,3214.36
NIFTY200 MOMENTUM 30 - TRI,14-Aug-2018,3215.79
NIFTY200 MOMENTUM 30 - TRI,15-Aug-2018,3243.75
NIFTY200 MOMENTUM 30 - TRI,16-Aug-2018,3344.96
NIFTY200 MOMENTUM 30 - TRI,17-Aug-2018,3383.75
NIFTY200 MOMENTUM 30 - TRI,20-Aug-2018,3326.69
NIFTY200 MOMENTUM 30 - TRI,21-Aug-2018,3310.71
NIFTY200 MOMENTUM 30 - TRI,22-Aug-2018,3316.78
NIFTY200 MOMENTUM 30 - TRI,23-Aug-2018,3336.47
NIFTY200 MOMENTUM 30 - TRI,24-Aug-2018,3317.97
NIFTY200 MOMENTUM 30 - TRI,27-Aug-2018,3359.03
NIFTY200 MOMENTUM 30 - TRI,28-Aug-2018,3360.88
NIFTY200 MOMENTUM 30 - TRI,29-Aug-2018,3320.34
NIFTY200 MOMENTUM 30 - TRI,30-Aug-2018,3306.76
NIFTY200 MOMENTUM 30 - TRI,31-Aug-2018,3296.77
NIFTY200 MOMENTUM 30 - TRI,03-Sep-2018,3285.43
NIFTY200 MOMENTUM 30 - TRI,04-Sep-2018,3229.83
NIFTY200 MOMENTUM 30 - TRI,05-Sep-2018,3264.31
NIFTY200 MOMENTUM 30 - TRI,06-Sep-2018,3221.47
NIFTY200 MOMENTUM 30 - TRI,07-Sep-2018,3161.44
NIFTY200 MOMENTUM 30 - TRI,10-Sep-2018,3212.05
NIFTY200 MOMENTUM 30 - TRI,11-Sep-2018,3229.88
NIFTY200 MOMENTUM 30 - TRI,12-Sep-2018,3221.79
NIFTY200 MOMENTUM 30 - TRI,13-Sep-2018,3151.35
NIFTY200 MOMENTUM 30 - TRI,14-Sep-2018,3166.74
NIFTY200 MOMENTUM 30 - TRI,17-Sep-2018,3127.89
NIFTY200 MOMENTUM 30 - TRI,18-Sep-2018,3138.57
NIFTY200 MOMENTUM 30 - TRI,19-Sep-2018,3128.15
NIFTY200 MOMENTUM 30 - TRI,20-Sep-2018,3157.69
NIFTY200 MOMENTUM 30 - TRI,21-Sep-2018,3152.07
NIFTY200 MOMENTUM 30 - TRI,24-Sep-2018,3158.52
NIFTY200 MOMENTUM 30 - TRI,25-Sep-2018,3219.92
NIFTY200 MOMENTUM 30 - TRI,26-Sep-2018,3235.40
NIFTY200 MOMENTUM 30 - TRI,27-Sep-2018,3281.17
NIFTY200 MOMENTUM 30 - TRI,28-Sep-2018,3234.39
NIFTY200 MOMENTUM 30 - TRI,01-Oct-2018,3199.51
NIFTY200 MOMENTUM 30 - TRI,02-Oct-2018,3201.00
NIFTY200 MOMENTUM 30 - TRI,03-Oct-2018,3147.29
NIFTY200 MOMENTUM 30 - TRI,04-Oct-2018,3087.59
NIFTY200 MOMENTUM 30 - TRI,05-Oct-2018,3130.42
NIFTY200 MOMENTUM 30 - TRI,08-Oct-2018,3140.65
NIFTY200 MOMENTUM 30 - TRI,09-Oct-2018,3121.25
NIFTY200 MOMENTUM 30 - TRI,10-Oct-2018,3132.86
NIFTY200 MOMENTUM 30 - TRI,11-Oct-2018,3178.30
NIFTY200 MOMENTUM 30 - TRI,12-Oct-2018,3139.28
NIFTY200 MOMENTUM 30 - TRI,15-Oct-2018,3104.78
NIFTY200 MOMENTUM 30 - TRI,16-Oct-2018,3129.42
NIFTY200 MOMENTUM 30 - TRI,17-Oct-2018,3139.04
NIFTY200 MOMENTUM 30 - TRI,18-Oct-2018,3121.37
NIFTY200 MOMENTUM 30 - TRI,19-Oct-2018,3127.61
NIFTY200 MOMENTUM 30 - TRI,22-Oct-2018,3068.62
NIFTY200 MOMENTUM 30 - TRI,23-Oct-2018,3071.61
NIFTY200 MOMENTUM 30 - TRI,24-Oct-2018,3025.95
NIFTY200 MOMENTUM 30 - TRI,25-Oct-2018,3060.41
NIFTY200 MOMENTUM 30 - TRI,26-Oct-2018,3041.36
NIFTY200 MOMENTUM 30 - TRI,29-Oct-2018,3046.58
NIFTY200 MOMENTUM 30 - TRI,30-Oct-2018,3075.31
NIFTY200 MOMENTUM 30 - TRI,31-Oct-2018,3042.00
NIFTY200 MOMENTUM 30 - TRI,01-Nov-2018,3088.80
NIFTY200 MOMENTUM 30 - TRI,02-Nov-2018,3120.72
NIFTY200 MOMENTUM 30 - TRI,05-Nov-2018,3084.33
NIFTY200 MOMENTUM 30 - TRI,06-Nov-2018,3038.85
NIFTY200 MOMENTUM 30 - TRI,07-Nov-2018,3033.64
NIFTY200 MOMENTUM 30 - TRI,08-Nov-2018,3053.12
NIFTY200 MOMENTUM 30 - TRI,09-Nov-2018,3084.08
NIFTY200 MOMENTUM 30 - TRI,12-Nov-2018,3127.23
NIFTY200 MOMENTUM 30 - TRI,13-Nov-2018,3167.35
NIFTY200 MOMENTUM 30 - TRI,14-Nov-2018,3174.51
NIFTY200 MOMENTUM 30 - TRI,15-Nov-2018,3141.81
NIFTY200 MOMENTUM 30 - TRI,16-Nov-2018,3157.12
NIFTY200 MOMENTUM 30 - TRI,19-Nov-2018,3133.24
NIFTY200 MOMENTUM 30 - TRI,20-Nov-2018,3094.21
NIFTY200 MOMENTUM 30 - TRI,21-Nov-2018,3117.07
NIFTY200 MOMENTUM 30 - TRI,22-Nov-2018,3120.87
NIFTY200 MOMENTUM 30 - TRI,23-Nov-2018,3093.23
NIFTY200 MOMENTUM 30 - TRI,26-Nov-2018,3029.30
NIFTY200 MOMENTUM 30 - TRI,27-Nov-2018,3043.77
NIFTY200 MOMENTUM 30 - TRI,28-Nov-2018,3026.91
NIFTY200 MOMENTUM 30 - TRI,29-Nov-2018,3081.87
NIFTY200 MOMENTUM 30 - TRI,30-Nov-2018,3065.67
NIFTY200 MOMENTUM 30 - TRI,03-Dec-2018,2946.43
NIFTY200 MOMENTUM 30 - TRI,04-Dec-2018,2932.61
NIFTY200 MOMENTUM 30 - TRI,05-Dec-2018,2961.12
NIFTY200 MOMENTUM 30 - TRI,06-Dec-2018,2975.25
NIFTY200 MOMENTUM 30 - TRI,07-Dec-2018,2895.77
NIFTY200 MOMENTUM 30 - TRI,10-Dec-2018,2912.56
NIFTY200 MOMENTUM 30 - TRI,11-Dec-2018,2897.43
NIFTY200 MOMENTUM 30 - TRI,12-Dec-2018,2894.80
NIFTY200 MOMENTUM 30 - TRI,13-Dec-2018,2866.82
NIFTY200 MOMENTUM 30 - TRI,14-Dec-2018,2845.61
NIFTY200 MOMENTUM 30 - TRI,17-Dec-2018,2882.10
NIFTY200 MOMENTUM 30 - TRI,18-Dec-2018,2886.47
NIFTY200 MOMENTUM 30 - TRI,19-Dec-2018,2844.43
NIFTY200 MOMENTUM 30 - TRI,20-Dec-2018,2842.00
NIFTY200 MOMENTUM 30 - TRI,21-Dec-2018,2816.61
NIFTY200 MOMENTUM 30 - TRI,24-Dec-2018,2801.22
NIFTY200 MOMENTUM 30 - TRI,25-Dec-2018,2825.31
NIFTY200 MOMENTUM 30 - TRI,26-Dec-2018,2751.31
NIFTY200 MOMENTUM 30 - TRI,27-Dec-2018,2701.70
NIFTY200 MOMENTUM 30 - TRI,28-Dec-2018,2678.40
NIFTY200 MOMENTUM 30 - TRI,31-Dec-2018,2641.49
NIFTY200 MOMENTUM 30 - TRI,01-Jan-2019,2625.48
NIFTY200 MOMENTUM 30 - TRI,02-Jan-2019,2601.01
NIFTY200 MOMENTUM 30 - TRI,03-Jan-2019,2584.59
NIFTY200 MOMENTUM 30 - TRI,04-Jan-2019,2569.47
NIFTY200 MOMENTUM 30 - TRI,07-Jan-2019,2597.27
NIFTY200 MOMENTUM 30 - TRI,08-Jan-2019,2595.63
NIFTY200 MOMENTUM 30 - TRI,09-Jan-2019,2595.50
NIFTY200 MOMENTUM 30 - TRI,10-Jan-2019,2624.77
NIFTY200 MOMENTUM 30 - TRI,11-Jan-2019,2577.98
NIFTY200 MOMENTUM 30 - TRI,14-Jan-2019,2613.75
NIFTY200 MOMENTUM 30 - TRI,15-Jan-2019,2625.48
NIFTY200 MOMENTUM 30 - TRI,16-Jan-2019,2647.63
NIFTY200 MOMENTUM 30 - TRI,17-Jan-2019,2701.15
NIFTY200 MOMENTUM 30 - TRI,18-Jan-2019,2718.32
NIFTY200 MOMENTUM 30 - TRI,21-Jan-2019,2696.20
NIFTY200 MOMENTUM 30 - TRI,22-Jan-2019,2753.20
NIFTY200 MOMENTUM 30 - TRI,23-Jan-2019,2789.44
NIFTY200 MOMENTUM 30 - TRI,24-Jan-2019,2857.86
NIFTY200 MOMENTUM 30 - TRI,25-Jan-2019,2883.83
NIFTY200 MOMENTUM 30 - TRI,28-Jan-2019,2876.48
NIFTY200 MOMENTUM 30 - TRI,29-Jan-2019,2833.96
NIFTY200 MOMENTUM 30 - TRI,30-Jan-2019,2812.13
NIFTY200 MOMENTUM 30 - TRI,31-Jan-2019,2849.54
NIFTY200 MOMENTUM 30 - TRI,01-Feb-2019,2883.87
NIFTY200 MOMENTUM 30 - TRI,04-Feb-2019,2895.80
NIFTY200 MOMENTUM 30 - TRI,05-Feb-2019,2978.91
NIFTY200 MOMENTUM 30 - TRI,06-Feb-2019,2939.23
NIFTY200 MOMENTUM 30 - TRI,07-Feb-2019,2967.80
NIFTY200 MOMENTUM 30 - TRI,08-Feb-2019,2918.15
NIFTY200 MOMENTUM 30 - TRI,11-Feb-2019,2944.11
NIFTY200 MOMENTUM 30 - TRI,12-Feb-2019,2976.07
NIFTY200 MOMENTUM 30 - TRI,13-Feb-2019,2944.53
NIFTY200 MOMENTUM 30 - TRI,14-Feb-2019,2896.53
NIFTY200 MOMENTUM 30 - TRI,15-Feb-2019,2926.76
NIFTY200 MOMENTUM 30 - TRI,18-Feb-2019,2995.90
NIFTY200 MOMENTUM 30 - TRI,19-Feb-2019,2940.33
NIFTY200 MOMENTUM 30 - TRI,20-Feb-2019,2982.62
NIFTY200 MOMENTUM 30 - TRI,21-Feb-2019,2959.47
NIFTY200 MOMENTUM 30 - TRI,22-Feb-2019,2926.77
NIFTY200 MOMENTUM 30 - TRI,25-Feb-2019,2902.98
NIFTY200 MOMENTUM 30 - TRI,26-Feb-2019,2896.92
NIFTY200 MOMENTUM 30 - TRI,27-Feb-2019,2875.93
NIFTY200 MOMENTUM 30 - TRI,28-Feb-2019,2901.84
NIFTY200 MOMENTUM 30 - TRI,01-Mar-2019,2855.14
NIFTY200 MOMENTUM 30 - TRI,04-Mar-2019,2879.73
NIFTY200 MOMENTUM 30 - TRI,05-Mar-2019,2831.31
NIFTY200 MOMENTUM 30 - TRI,06-Mar-2019,2841.16
NIFTY200 MOMENTUM 30 - TRI,07-Mar-2019,2878.71
NIFTY200 MOMENTUM 30 - TRI,08-Mar-2019,2870.07
NIFTY200 MOMENTUM 30 - TRI,11-Mar-2019,2831.84
NIFTY200 MOMENTUM 30 - TRI,12-Mar-2019,2838.98
NIFTY200 MOMENTUM 30 - TRI,13-Mar-2019,2820.38
NIFTY200 MOMENTUM 30 - TRI,14-Mar-2019,2838.67
NIFTY200 MOMENTUM 30 - TRI,15-Mar-2019,2854.02
NIFTY200 MOMENTUM 30 - TRI,18-Mar-2019,2881.59
NIFTY200 MOMENTUM 30 - TRI,19-Mar-2019,2858.35
NIFTY200 MOMENTUM 30 - TRI,20-Mar-2019,2896.04
NIFTY200 MOMENTUM 30 - TRI,21-Mar-2019,2854.63
NIFTY200 MOMENTUM 30 - TRI,22-Mar-2019,2862.26
NIFTY200 MOMENTUM 30 - TRI,25-Mar-2019,2890.30
NIFTY200 MOMENTUM 30 - TRI,26-Mar-2019,2926.08
NIFTY200 MOMENTUM 30 - TRI,27-Mar-2019,2900.74
NIFTY200 MOMENTUM 30 - TRI,28-Mar-2019,2942.13
NIFTY200 MOMENTUM 30 - TRI,29-Mar-2019,2879.00
NIFTY200 MOMENTUM 30 - TRI,01-Apr-2019,2907.60
NIFTY200 MOMENTUM 30 - TRI,02-Apr-2019,2943.68
NIFTY200 MOMENTUM 30 - TRI,03-Apr-2019,2931.53
NIFTY200 MOMENTUM 30 - TRI,04-Apr-2019,2908.86
NIFTY200 MOMENTUM 30 - TRI,05-Apr-2019,2922.13
NIFTY200 MOMENTUM 30 - TRI,08-Apr-2019,2887.72
NIFTY200 MOMENTUM 30 - TRI,09-Apr-2019,2845.90
NIFTY200 MOMENTUM 30 - TRI,10-Apr-2019,2841.69
NIFTY200 MOMENTUM 30 - TRI,11-Apr-2019,2831.76
NIFTY200 MOMENTUM 30 - TRI,12-Apr-2019,2802.50
NIFTY200 MOMENTUM 30 - TRI,15-Apr-2019,2839.24
NIFTY200 MOMENTUM 30 - TRI,16-Apr-2019,2847.57
NIFTY200 MOMENTUM 30 - TRI,17-Apr-2019,2793.21
NIFTY200 MOMENTUM 30 - TRI,18-Apr-2019,2764.43
NIFTY200 MOMENTUM 30 - TRI,19-Apr-2019,2750.39
NIFTY200 MOMENTUM 30 - TRI,22-Apr-2019,2762.66
NIFTY200 MOMENTUM 30 - TRI,23-Apr-2019,2724.56
NIFTY200 MOMENTUM 30 - TRI,24-Apr-2019,2687.75
NIFTY200 MOMENTUM 30 - TRI,25-Apr-2019,2698.29
NIFTY200 MOMENTUM 30 - TRI,26-Apr-2019,2689.86
NIFTY200 MOMENTUM 30 - TRI,29-Apr-2019,2691.32
NIFTY200 MOMENTUM 30 - TRI,30-Apr-2019,2702.61
NIFTY200 MOMENTUM 30 - TRI,01-May-2019,2720.77
NIFTY200 MOMENTUM 30 - TRI,02-May-2019,2661.49
NIFTY200 MOMENTUM 30 - TRI,03-May-2019,2639.22
NIFTY200 MOMENTUM 30 - TRI,06-May-2019,2654.75
NIFTY200 MOMENTUM 30 - TRI,07-May-2019,2668.80
NIFTY200 MOMENTUM 30 - TRI,08-May-2019,2646.06
NIFTY200 MOMENTUM 30 - TRI,09-May-2019,2643.07
NIFTY200 MOMENTUM 30 - TRI,10-May-2019,2599.70
NIFTY200 MOMENTUM 30 - TRI,13-May-2019,2600.57
NIFTY200 MOMENTUM 30 - TRI,14-May-2019,2617.51
NIFTY200 MOMENTUM 30 - TRI,15-May-2019,2589.65
NIFTY200 MOMENTUM 30 - TRI,16-May-2019,2543.53
NIFTY200 MOMENTUM 30 - TRI,17-May-2019,2486.70
NIFTY200 MOMENTUM 30 - TRI,20-May-2019,2504.77
NIFTY200 MOMENTUM 30 - TRI,21-May-2019,2484.69
NIFTY200 MOMENTUM 30 - TRI,22-May-2019,2484.21
NIFTY200 MOMENTUM 30 - TRI,23-May-2019,2464.67
NIFTY200 MOMENTUM 30 - TRI,24-May-2019,2502.00
NIFTY200 MOMENTUM 30 - TRI,27-May-2019,2550.19
NIFTY200 MOMENTUM 30 - TRI,28-May-2019,2574.48
NIFTY200 MOMENTUM 30 - TRI,29-May-2019,2615.77
NIFTY200 MOMENTUM 30 - TRI,30-May-2019,2633.45
NIFTY200 MOMENTUM 30 - TRI,31-May-2019,2619.00
NIFTY200 MOMENTUM 30 - TRI,03-Jun-2019,2604.30
NIFTY200 MOMENTUM 30 - TRI,04-Jun-2019,2602.55
NIFTY200 MOMENTUM 30 - TRI,05-Jun-2019,2603.19
NIFTY200 MOMENTUM 30 - TRI,06-Jun-2019,2621.10
NIFTY200 MOMENTUM 30 - TRI,07-Jun-2019,2587.27
NIFTY200 MOMENTUM 30 - TRI,10-Jun-2019,2591.27
NIFTY200 MOMENTUM 30 - TRI,11-Jun-2019,2594.17
NIFTY200 MOMENTUM 30 - TRI,12-Jun-2019,2586.46
NIFTY200 MOMENTUM 30 - TRI,13-Jun-2019,2522.99
NIFTY200 MOMENTUM 30 - TRI,14-Jun-2019,2525.04
NIFTY200 MOMENTUM 30 - TRI,17-Jun-2019,2535.74
NIFTY200 MOMENTUM 30 - TRI,18-Jun-2019,2524.59
NIFTY200 MOMENTUM 30 - TRI,19-Jun-2019,2530.51
NIFTY200 MOMENTUM 30 - TRI,20-Jun-2019,2499.39
NIFTY200 MOMENTUM 30 - TRI,21-Jun-2019,2509.62
NIFTY200 MOMENTUM 30 - TRI,24-Jun-2019,2505.01
NIFTY200 MOMENTUM 30 - TRI,25-Jun-2019,2525.02
NIFTY200 MOMENTUM 30 - TRI,26-Jun-2019,2574.89
NIFTY200 MOMENTUM 30 - TRI,27-Jun-2019,2580.66
NIFTY200 MOMENTUM 30 - TRI,28-Jun-2019,2540.01
NIFTY200 MOMENTUM 30 - TRI,01-Jul-2019,2496.51
NIFTY200 MOMENTUM 30 - TRI,02-Jul-2019,2530.66
NIFTY200 MOMENTUM 30 - TRI,03-Jul-2019,2498.39
NIFTY200 MOMENTUM 30 - TRI,04-Jul-2019,2528.35
NIFTY200 MOMENTUM 30 - TRI,05-Jul-2019,2524.10
NIFTY200 MOMENTUM 30 - TRI,08-Jul-2019,2539.09
NIFTY200 MOMENTUM 30 - TRI,09-Jul-2019,2523.59
NIFTY200 MOMENTUM 30 - TRI,10-Jul-2019,2584.69
NIFTY200 MOMENTUM 30 - TRI,11-Jul-2019,2608.60
NIFTY200 MOMENTUM 30 - TRI,12-Jul-2019,2603.18
NIFTY200 MOMENTUM 30 - TRI,15-Jul-2019,2641.74
NIFTY200 MOMENTUM 30 - TRI,16-Jul-2019,2613.90
NIFTY200 MOMENTUM 30 - TRI,17-Jul-2019,2632.80
NIFTY200 MOMENTUM 30 - TRI,18-Jul-2019,2642.89
NIFTY200 MOMENTUM 30 - TRI,19-Jul-2019,2586.84
NIFTY200 MOMENTUM 30 - TRI,22-Jul-2019,2660.11
NIFTY200 MOMENTUM 30 - TRI,23-Jul-2019,2659.57
NIFTY200 MOMENTUM 30 - TRI,24-Jul-2019,2651.06
NIFTY200 MOMENTUM 30 - TRI,25-Jul-2019,2657.11
NIFTY200 MOMENTUM 30 - TRI,26-Jul-2019,2620.38
NIFTY200 MOMENTUM 30 - TRI,29-Jul-2019,2664.18
NIFTY200 MOMENTUM 30 - TRI,30-Jul-2019,2637.76
NIFTY200 MOMENTUM 30 - TRI,31-Jul-2019,2659.22
NIFTY200 MOMENTUM 30 - TRI,01-Aug-2019,2649.18
NIFTY200 MOMENTUM 30 - TRI,02-Aug-2019,2655.16
NIFTY200 MOMENTUM 30 - TRI,05-Aug-2019,2633.96
NIFTY200 MOMENTUM 30 - TRI,06-Aug-2019,2681.28
NIFTY200 MOMENTUM 30 - TRI,07-Aug-2019,2699.86
NIFTY200 MOMENTUM 30 - TRI,08-Aug-2019,2691.65
NIFTY200 MOMENTUM 30 - TRI,09-Aug-2019,2729.19
NIFTY200 MOMENTUM 30 - TRI,12-Aug-2019,2695.55
NIFTY200 MOMENTUM 30 - TRI,13-Aug-2019,2761.32
NIFTY200 MOMENTUM 30 - TRI,14-Aug-2019,2760.81
NIFTY200 MOMENTUM 30 - TRI,15-Aug-2019,2764.53
NIFTY200 MOMENTUM 30 - TRI,16-Aug-2019,2773.47
NIFTY200 MOMENTUM 30 - TRI,19-Aug-2019,2809.44
NIFTY200 MOMENTUM 30 - TRI,20-Aug-2019,2894.96
NIFTY200 MOMENTUM 30 - TRI,21-Aug-2019,2908.63
NIFTY200 MOMENTUM 30 - TRI,22-Aug-2019,2905.74
NIFTY200 MOMENTUM 30 - TRI,23-Aug-2019,2910.40
NIFTY200 MOMENTUM 30 - TRI,26-Aug-2019,2904.96
NIFTY200 MOMENTUM 30 - TRI,27-Aug-2019,2907.52
NIFTY200 MOMENTUM 30 - TRI,28-Aug-2019,2852.81
NIFTY200 MOMENTUM 30 - TRI,29-Aug-2019,2836.17
NIFTY200 MOMENTUM 30 - TRI,30-Aug-2019,2796.37
NIFTY200 MOMENTUM 30 - TRI,02-Sep-2019,2824.51
NIFTY200 MOMENTUM 30 - TRI,03-Sep-2019,2883.82
NIFTY200 MOMENTUM 30 - TRI,04-Sep-2019,2917.49
NIFTY200 MOMENTUM 30 - TRI,05-Sep-2019,2931.12
NIFTY200 MOMENTUM 30 - TRI,06-Sep-2019,2899.86
NIFTY200 MOMENTUM 30 - TRI,09-Sep-2019,2892.65
NIFTY200 MOMENTUM 30 - TRI,10-Sep-2019,2827.59
NIFTY200 MOMENTUM 30 - TRI,11-Sep-2019,2814.80
NIFTY200 MOMENTUM 30 - TRI,12-Sep-2019,2819.45
NIFTY200 MOMENTUM 30 - TRI,13-Sep-2019,2848.50
NIFTY200 MOMENTUM 30 - TRI,16-Sep-2019,2826.31
NIFTY200 MOMENTUM 30 - TRI,17-Sep-2019,2829.88
NIFTY200 MOMENTUM 30 - TRI,18-Sep-2019,2828.29
NIFTY200 MOMENTUM 30 - TRI,19-Sep-2019,2807.67
NIFTY200 MOMENTUM 30 - TRI,20-Sep-2019,2785.95
NIFTY200 MOMENTUM 30 - TRI,23-Sep-2019,2818.33
NIFTY200 MOMENTUM 30 - TRI,24-Sep-2019,2829.03
NIFTY200 MOMENTUM 30 - TRI,25-Sep-2019,2787.90
NIFTY200 MOMENTUM 30 - TRI,26-Sep-2019,2784.69
NIFTY200 MOMENTUM 30 - TRI,27-Sep-2019,2804.14
NIFTY200 MOMENTUM 30 - TRI,30-Sep-2019,2849.06
NIFTY200 MOMENTUM 30 - TRI,01-Oct-2019,2804.54
NIFTY200 MOMENTUM 30 - TRI,02-Oct-2019,2819.89
NIFTY200 MOMENTUM 30 - TRI,03-Oct-2019,2826.46
NIFTY200 MOMENTUM 30 - TRI,04-Oct-2019,2826.87
NIFTY200 MOMENTUM 30 - TRI,07-Oct-2019,2804.68
NIFTY200 MOMENTUM 30 - TRI,08-Oct-2019,2786.13
NIFTY200 MOMENTUM 30 - TRI,09-Oct-2019,2756.79
NIFTY200 MOMENTUM 30 - TRI,10-Oct-2019,2660.29
NIFTY200 MOMENTUM 30 - TRI,11-Oct-2019,2719.14
NIFTY200 MOMENTUM 30 - TRI,14-Oct-2019,2688.22
NIFTY200 MOMENTUM 30 - TRI,15-Oct-2019,2685.63
NIFTY200 MOMENTUM 30 - TRI,16-Oct-2019,2701.10
NIFTY200 MOMENTUM 30 - TRI,17-Oct-2019,2683.21
NIFTY200 MOMENTUM 30 - TRI,18-Oct-2019,2733.38
NIFTY200 MOMENTUM 30 - TRI,21-Oct-2019,2714.91
NIFTY200 MOMENTUM 30 - TRI,22-Oct-2019,2733.48
NIFTY200 MOMENTUM 30 - TRI,23-Oct-2019,2751.14
NIFTY200 MOMENTUM 30 - TRI,24-Oct-2019,2792.94
NIFTY200 MOMENTUM 30 - TRI,25-Oct-2019,2778.91
NIFTY200 MOMENTUM 30 - TRI,28-Oct-2019,2738.54
NIFTY200 MOMENTUM 30 - TRI,29-Oct-2019,2718.86
NIFTY200 MOMENTUM 30 - TRI,30-Oct-2019,2726.56
NIFTY200 MOMENTUM 30 - TRI,31-Oct-2019,2759.94
NIFTY200 MOMENTUM 30 - TRI,01-Nov-2019,2754.33
NIFTY200 MOMENTUM 30 - TRI,04-Nov-2019,2749.82
NIFTY200 MOMENTUM 30 - TRI,05-Nov-2019,2758.11
NIFTY200 MOMENTUM 30 - TRI,06-Nov-2019,2754.76
NIFTY200 MOMENTUM 30 - TRI,07-Nov-2019,2741.37
NIFTY200 MOMENTUM 30 - TRI,08-Nov-2019,2731.09
NIFTY200 MOMENTUM 30 - TRI,11-Nov-2019,2770.93
NIFTY200 MOMENTUM 30 - TRI,12-Nov-2019,2810.17
NIFTY200 MOMENTUM 30 - TRI,13-Nov-2019,2819.29
NIFTY200 MOMENTUM 30 - TRI,14-Nov-2019,2850.81
NIFTY200 MOMENTUM 30 - TRI,15-Nov-2019,2812.02
NIFTY200 MOMENTUM 30 - TRI,18-Nov-2019,2829.02
NIFTY200 MOMENTUM 30 - TRI,19-Nov-2019,2860.41
NIFTY200 MOMENTUM 30 - TRI,20-Nov-2019,2845.52
NIFTY200 MOMENTUM 30 - TRI,21-Nov-2019,2809.32
NIFTY200 MOMENTUM 30 - TRI,22-Nov-2019,2778.37
NIFTY200 MOMENTUM 30 - TRI,25-Nov-2019,2853.13
NIFTY200 MOMENTUM 30 - TRI,26-Nov-2019,2877.67
NIFTY200 MOMENTUM 30 - TRI,27-Nov-2019,2854.79
NIFTY200 MOMENTUM 30 - TRI,28-Nov-2019,2822.08
NIFTY200 MOMENTUM 30 - TRI,29-Nov-2019,2707.42
NIFTY200 MOMENTUM 30 - TRI,02-Dec-2019,2733.17
NIFTY200 MOMENTUM 30 - TRI,03-Dec-2019,2723.14
NIFTY200 MOMENTUM 30 - TRI,04-Dec-2019,2767.82
NIFTY200 MOMENTUM 30 - TRI,05-Dec-2019,2788.81
NIFTY200 MOMENTUM 30 - TRI,06-Dec-2019,2879.85
NIFTY200 MOMENTUM 30 - TRI,09-Dec-2019,2858.05
NIFTY200 MOMENTUM 30 - TRI,10-Dec-2019,2835.88
NIFTY200 MOMENTUM 30 - TRI,11-Dec-2019,2755.20
NIFTY200 MOMENTUM 30 - TRI,12-Dec-2019,2742.38
NIFTY200 MOMENTUM 30 - TRI,13-Dec-2019,2740.88
NIFTY200 MOMENTUM 30 - TRI,16-Dec-2019,2761.81
NIFTY200 MOMENTUM 30 - TRI,17-Dec-2019,2833.84
NIFTY200 MOMENTUM 30 - TRI,18-Dec-2019,2841.91
NIFTY200 MOMENTUM 30 - TRI,19-Dec-2019,2799.24
NIFTY200 MOMENTUM 30 - TRI,20-Dec-2019,2902.80
NIFTY200 MOMENTUM 30 - TRI,23-Dec-2019,2926.84
NIFTY200 MOMENTUM 30 - TRI,24-Dec-2019,2921.92
NIFTY200 MOMENTUM 30 - TRI,25-Dec-2019,2920.19
NIFTY200 MOMENTUM 30 - TRI,26-Dec-2019,2938.24
NIFTY200 MOMENTUM 30 - TRI,27-Dec-2019,2943.40
NIFTY200 MOMENTUM 30 - TRI,30-Dec-2019,2930.34
NIFTY200 MOMENTUM 30 - TRI,31-Dec-2019,2946.00
NIFTY200 MOMENTUM 30 - TRI,01-Jan-2020,2956.52
NIFTY200 MOMENTUM 30 - TRI,02-Jan-2020,2904.22
NIFTY200 MOMENTUM 30 - TRI,03-Jan-2020,2885.30
NIFTY200 MOMENTUM 30 - TRI,06-Jan-2020,2915.38
NIFTY200 MOMENTUM 30 - TRI,07-Jan-2020,2908.17
NIFTY200 MOMENTUM 30 - TRI,08-Jan-2020,2916.90
NIFTY200 MOMENTUM 30 - TRI,09-Jan-2020,2902.98
NIFTY200 MOMENTUM 30 - TRI,10-Jan-2020,2888.77
NIFTY200 MOMENTUM 30 - TRI,13-Jan-2020,2852.12
NIFTY200 MOMENTUM 30 - TRI,14-Jan-2020,2848.56
NIFTY200 MOMENTUM 30 - TRI,15-Jan-2020,2830.16
NIFTY200 MOMENTUM 30 - TRI,16-Jan-2020,2880.41
NIFTY200 MOMENTUM 30 - TRI,17-Jan-2020,2846.70
NIFTY200 MOMENTUM 30 - TRI,20-Jan-2020,2813.03
NIFTY200 MOMENTUM 30 - TRI,21-Jan-2020,2794.05
NIFTY200 MOMENTUM 30 - TRI,22-Jan-2020,2774.38
NIFTY200 MOMENTUM 30 - TRI,23-Jan-2020,2839.32
NIFTY200 MOMENTUM 30 - TRI,24-Jan-2020,2853.52
NIFTY200 MOMENTUM 30 - TRI,27-Jan-2020,2876.76
NIFTY200 MOMENTUM 30 - TRI,28-Jan-2020,2876.57
NIFTY200 MOMENTUM 30 - TRI,29-Jan-2020,2910.87
NIFTY200 MOMENTUM 30 - TRI,30-Jan-2020,2929.92
NIFTY200 MOMENTUM 30 - TRI,31-Jan-2020,2897.34
NIFTY200 MOMENTUM 30 - TRI,03-Feb-2020,2901.52
NIFTY200 MOMENTUM 30 - TRI,04-Feb-2020,2977.66
NIFTY200 MOMENTUM 30 - TRI,05-Feb-2020,2953.63
NIFTY200 MOMENTUM 30 - TRI,06-Feb-2020,2956.16
NIFTY200 MOMENTUM 30 - TRI,07-Feb-2020,2881.16
NIFTY200 MOMENTUM 30 - TRI,10-Feb-2020,2822.48
NIFTY200 MOMENTUM 30 - TRI,11-Feb-2020,2808.78
NIFTY200 MOMENTUM 30 - TRI,12-Feb-2020,2839.74
NIFTY200 MOMENTUM 30 - TRI,13-Feb-2020,2796.98
NIFTY200 MOMENTUM 30 - TRI,14-Feb-2020,2805.18
NIFTY200 MOMENTUM 30 - TRI,17-Feb-2020,2792.68
NIFTY200 MOMENTUM 30 - TRI,18-Feb-2020,2733.85
NIFTY200 MOMENTUM 30 - TRI,19-Feb-2020,2713.00
NIFTY200 MOMENTUM 30 - TRI,20-Feb-2020,2686.65
NIFTY200 MOMENTUM 30 - TRI,21-Feb-2020,2705.71
NIFTY200 MOMENTUM 30 - TRI,24-Feb-2020,2745.32
NIFTY200 MOMENTUM 30 - TRI,25-Feb-2020,2752.94
NIFTY200 MOMENTUM 30 - TRI,26-Feb-2020,2738.08
NIFTY200 MOMENTUM 30 - TRI,27-Feb-2020,2754.04
NIFTY200 MOMENTUM 30 - TRI,28-Feb-2020,2776.14
NIFTY200 MOMENTUM 30 - TRI,02-Mar-2020,2766.22
NIFTY200 MOMENTUM 30 - TRI,03-Mar-2020,2726.71
NIFTY200 MOMENTUM 30 - TRI,04-Mar-2020,2723.02
NIFTY200 MOMENTUM 30 - TRI,05-Mar-2020,2701.80
NIFTY200 MOMENTUM 30 - TRI,06-Mar-2020,2729.30
NIFTY200 MOMENTUM 30 - TRI,09-Mar-2020,2706.04
NIFTY200 MOMENTUM 30 - TRI,10-Mar-2020,2641.84
NIFTY200 MOMENTUM 30 - TRI,11-Mar-2020,2644.62
NIFTY200 MOMENTUM 30 - TRI,12-Mar-2020,2614.60
NIFTY200 MOMENTUM 30 - TRI,13-Mar-2020,2676.93
NIFTY200 MOMENTUM 30 - TRI,16-Mar-2020,2641.73
NIFTY200 MOMENTUM 30 - TRI,17-Mar-2020,2664.98
NIFTY200 MOMENTUM 30 - TRI,18-Mar-2020,2619.85
NIFTY200 MOMENTUM 30 - TRI,19-Mar-2020,2620.20
NIFTY200 MOMENTUM 30 - TRI,20-Mar-2020,2553.58
NIFTY200 MOMENTUM 30 - TRI,23-Mar-2020,2536.62
NIFTY200 MOMENTUM 30 - TRI,24-Mar-2020,2511.69
NIFTY200 MOMENTUM 30 - TRI,25-Mar-2020,2507.71
NIFTY200 MOMENTUM 30 - TRI,26-Mar-2020,2494.55
NIFTY200 MOMENTUM 30 - TRI,27-Mar-2020,2446.67
NIFTY200 MOMENTUM 30 - TRI,30-Mar-2020,2439.45
NIFTY200 MOMENTUM 30 - TRI,31-Mar-2020,2385.32
NIFTY200 MOMENTUM 30 - TRI,01-Apr-2020,2388.20
NIFTY200 MOMENTUM 30 - TRI,02-Apr-2020,2386.93
NIFTY200 MOMENTUM 30 - TRI,03-Apr-2020,2391.76
NIFTY200 MOMENTUM 30 - TRI,06-Apr-2020,2431.56
NIFTY200 MOMENTUM 30 - TRI,07-Apr-2020,2438.07
NIFTY200 MOMENTUM 30 - TRI,08-Apr-2020,2428.81
NIFTY200 MOMENTUM 30 - TRI,09-Apr-2020,2421.32
NIFTY200 MOMENTUM 30 - TRI,10-Apr-2020,2474.70
NIFTY200 MOMENTUM 30 - TRI,13-Apr-2020,2481.88
NIFTY200 MOMENTUM 30 - TRI,14-Apr-2020,2504.16
NIFTY200 MOMENTUM 30 - TRI,15-Apr-2020,2461.36
NIFTY200 MOMENTUM 30 - TRI,16-Apr-2020,2489.15
NIFTY200 MOMENTUM 30 - TRI,17-Apr-2020,2467.00
NIFTY200 MOMENTUM 30 - TRI,20-Apr-2020,2513.63
NIFTY200 MOMENTUM 30 - TRI,21-Apr-2020,2526.91
NIFTY200 MOMENTUM 30 - TRI,22-Apr-2020,2489.25
NIFTY200 MOMENTUM 30 - TRI,23-Apr-2020,2498.02
NIFTY200 MOMENTUM 30 - TRI,24-Apr-2020,2503.80
NIFTY200 MOMENTUM 30 - TRI,27-Apr-2020,2430.06
NIFTY200 MOMENTUM 30 - TRI,28-Apr-2020,2390.82
NIFTY200 MOMENTUM 30 - TRI,29-Apr-2020,2434.59
NIFTY200 MOMENTUM 30 - TRI,30-Apr-2020,2414.61
NIFTY200 MOMENTUM 30 - TRI,01-May-2020,2446.24
NIFTY200 MOMENTUM 30 - TRI,04-May-2020,2464.78
NIFTY200 MOMENTUM 30 - TRI,05-May-2020,2486.36
NIFTY200 MOMENTUM 30 - TRI,06-May-2020,2475.19
NIFTY200 MOMENTUM 30 - TRI,07-May-2020,2445.48
NIFTY200 MOMENTUM 30 - TRI,08-May-2020,2454.13
NIFTY200 MOMENTUM 30 - TRI,11-May-2020,2433.27
NIFTY200 MOMENTUM 30 - TRI,12-May-2020,2378.54
NIFTY200 MOMENTUM 30 - TRI,13-May-2020,2341.49
NIFTY200 MOMENTUM 30 - TRI,14-May-2020,2345.28
NIFTY200 MOMENTUM 30 - TRI,15-May-2020,2303.89
NIFTY200 MOMENTUM 30 - TRI,18-May-2020,2269.75
NIFTY200 MOMENTUM 30 - TRI,19-May-2020,2245.54
NIFTY200 MOMENTUM 30 - TRI,20-May-2020,2254.58
NIFTY200 MOMENTUM 30 - TRI,21-May-2020,2272.64
NIFTY200 MOMENTUM 30 - TRI,22-May-2020,2281.29
NIFTY200 MOMENTUM 30 - TRI,25-May-2020,2203.57
NIFTY200 MOMENTUM 30 - TRI,26-May-2020,2228.55
NIFTY200 MOMENTUM 30 - TRI,27-May-2020,2214.11
NIFTY200 MOMENTUM 30 - TRI,28-May-2020,2235.49
NIFTY200 MOMENTUM 30 - TRI,29-May-2020,2238.86
NIFTY200 MOMENTUM 30 - TRI,01-Jun-2020,2208.60
NIFTY200 MOMENTUM 30 - TRI,02-Jun-2020,2275.70
NIFTY200 MOMENTUM 30 - TRI,03-Jun-2020,2217.92
NIFTY200 MOMENTUM 30 - TRI,04-Jun-2020,2195.66
NIFTY200 MOMENTUM 30 - TRI,05-Jun-2020,2216.89
NIFTY200 MOMENTUM 30 - TRI,08-Jun-2020,2193.07
NIFTY200 MOMENTUM 30 - TRI,09-Jun-2020,2137.33
NIFTY200 MOMENTUM 30 - TRI,10-Jun-2020,2100.55
NIFTY200 MOMENTUM 30 - TRI,11-Jun-2020,2103.92
NIFTY200 MOMENTUM 30 - TRI,12-Jun-2020,2136.84
NIFTY200 MOMENTUM 30 - TRI,15-Jun-2020,2104.29
NIFTY200 MOMENTUM 30 - TRI,16-Jun-2020,2063.14
NIFTY200 MOMENTUM 30 - TRI,17-Jun-2020,2083.49
NIFTY200 MOMENTUM 30 - TRI,18-Jun-2020,2086.86
NIFTY200 MOMENTUM 30 - TRI,19-Jun-2020,2075.86
NIFTY200 MOMENTUM 30 - TRI,22-Jun-2020,2084.03
NIFTY200 MOMENTUM 30 - TRI,23-Jun-2020,2125.78
NIFTY200 MOMENTUM 30 - TRI,24-Jun-2020,2112.13
NIFTY200 MOMENTUM 30 - TRI,25-Jun-2020,2095.97
NIFTY200 MOMENTUM 30 - TRI,26-Jun-2020,2094.76
NIFTY200 MOMENTUM 30 - TRI,29-Jun-2020,2079.75
NIFTY200 MOMENTUM 30 - TRI,30-Jun-2020,2038.26
NIFTY200 MOMENTUM 30 - TRI,01-Jul-2020,2028.45
NIFTY200 MOMENTUM 30 - TRI,02-Jul-2020,2051.29
NIFTY200 MOMENTUM 30 - TRI,03-Jul-2020,2040.94
NIFTY200 MOMENTUM 30 - TRI,06-Jul-2020,2092.82
NIFTY200 MOMENTUM 30 - TRI,07-Jul-2020,2090.46
NIFTY200 MOMENTUM 30 - TRI,08-Jul-2020,2125.24
NIFTY200 MOMENTUM 30 - TRI,09-Jul-2020,2163.91
NIFTY200 MOMENTUM 30 - TRI,10-Jul-2020,2140.54
NIFTY200 MOMENTUM 30 - TRI,13-Jul-2020,2097.13
NIFTY200 MOMENTUM 30 - TRI,14-Jul-2020,2107.38
NIFTY200 MOMENTUM 30 - TRI,15-Jul-2020,2094.24
NIFTY200 MOMENTUM 30 - TRI,16-Jul-2020,2078.56
NIFTY200 MOMENTUM 30 - TRI,17-Jul-2020,2074.63
NIFTY200 MOMENTUM 30 - TRI,20-Jul-2020,2031.13
NIFTY200 MOMENTUM 30 - TRI,21-Jul-2020,2047.00
NIFTY200 MOMENTUM 30 - TRI,22-Jul-2020,2077.16
NIFTY200 MOMENTUM 30 - TRI,23-Jul-2020,2068.83
NIFTY200 MOMENTUM 30 - TRI,24-Jul-2020,2050.43
NIFTY200 MOMENTUM 30 - TRI,27-Jul-2020,2078.56
NIFTY200 MOMENTUM 30 - TRI,28-Jul-2020,2061.90
NIFTY200 MOMENTUM 30 - TRI,29-Jul-2020,2072.15
NIFTY200 MOMENTUM 30 - TRI,30-Jul-2020,2086.43
NIFTY200 MOMENTUM 30 - TRI,31-Jul-2020,2113.51
NIFTY200 MOMENTUM 30 - TRI,03-Aug-2020,2114.30
NIFTY200 MOMENTUM 30 - TRI,04-Aug-2020,2099.41
NIFTY200 MOMENTUM 30 - TRI,05-Aug-2020,2087.44
NIFTY200 MOMENTUM 30 - TRI,06-Aug-2020,2088.69
NIFTY200 MOMENTUM 30 - TRI,07-Aug-2020,2069.18
NIFTY200 MOMENTUM 30 - TRI,10-Aug-2020,2031.82
NIFTY200 MOMENTUM 30 - TRI,11-Aug-2020,2009.05
NIFTY200 MOMENTUM 30 - TRI,12-Aug-2020,2000.27
NIFTY200 MOMENTUM 30 - TRI,13-Aug-2020,2014.00
NIFTY200 MOMENTUM 30 - TRI,14-Aug-2020,1989.03
NIFTY200 MOMENTUM 30 - TRI,17-Aug-2020,1979.89
NIFTY200 MOMENTUM 30 - TRI,18-Aug-2020,2039.15
NIFTY200 MOMENTUM 30 - TRI,19-Aug-2020,2075.27
NIFTY200 MOMENTUM 30 - TRI,20-Aug-2020,2085.12
NIFTY200 MOMENTUM 30 - TRI,21-Aug-2020,2092.53
NIFTY200 MOMENTUM 30 - TRI,24-Aug-2020,2050.13
NIFTY200 MOMENTUM 30 - TRI,25-Aug-2020,2099.86
NIFTY200 MOMENTUM 30 - TRI,26-Aug-2020,2080.26
NIFTY200 MOMENTUM 30 - TRI,27-Aug-2020,2079.48
NIFTY200 MOMENTUM 30 - TRI,28-Aug-2020,2072.65
NIFTY200 MOMENTUM 30 - TRI,31-Aug-2020,2075.61
NIFTY200 MOMENTUM 30 - TRI,01-Sep-2020,2096.90
NIFTY200 MOMENTUM 30 - TRI,02-Sep-2020,2130.85
NIFTY200 MOMENTUM 30 - TRI,03-Sep-2020,2125.88
NIFTY200 MOMENTUM 30 - TRI,04-Sep-2020,2098.52
NIFTY200 MOMENTUM 30 - TRI,07-Sep-2020,2128.56
NIFTY200 MOMENTUM 30 - TRI,08-Sep-2020,2113.98
NIFTY200 MOMENTUM 30 - TRI,09-Sep-2020,2115.61
NIFTY200 MOMENTUM 30 - TRI,10-Sep-2020,2116.86
NIFTY200 MOMENTUM 30 - TRI,11-Sep-2020,2094.20
NIFTY200 MOMENTUM 30 - TRI,14-Sep-2020,2095.02
NIFTY200 MOMENTUM 30 - TRI,15-Sep-2020,2081.68
NIFTY200 MOMENTUM 30 - TRI,16-Sep-2020,2076.88
NIFTY200 MOMENTUM 30 - TRI,17-Sep-2020,2081.43
NIFTY200 MOMENTUM 30 - TRI,18-Sep-2020,2063.13
NIFTY200 MOMENTUM 30 - TRI,21-Sep-2020,2126.20
NIFTY200 MOMENTUM 30 - TRI,22-Sep-2020,2126.43
NIFTY200 MOMENTUM 30 - TRI,23-Sep-2020,2120.93
NIFTY200 MOMENTUM 30 - TRI,24-Sep-2020,2151.89
NIFTY200 MOMENTUM 30 - TRI,25-Sep-2020,2147.68
NIFTY200 MOMENTUM 30 - TRI,28-Sep-2020,2166.12
NIFTY200 MOMENTUM 30 - TRI,29-Sep-2020,2170.76
NIFTY200 MOMENTUM 30 - TRI,30-Sep-2020,2192.84
NIFTY200 MOMENTUM 30 - TRI,01-Oct-2020,2233.30
NIFTY200 MOMENTUM 30 - TRI,02-Oct-2020,2244.40
NIFTY200 MOMENTUM 30 - TRI,05-Oct-2020,2264.78
NIFTY200 MOMENTUM 30 - TRI,06-Oct-2020,2231.01
NIFTY200 MOMENTUM 30 - TRI,07-Oct-2020,2249.95
NIFTY200 MOMENTUM 30 - TRI,08-Oct-2020,2286.11
NIFTY200 MOMENTUM 30 - TRI,09-Oct-2020,2313.45
NIFTY200 MOMENTUM 30 - TRI,12-Oct-2020,2322.39
NIFTY200 MOMENTUM 30 - TRI,13-Oct-2020,2363.17
NIFTY200 MOMENTUM 30 - TRI,14-Oct-2020,2338.71
NIFTY200 MOMENTUM 30 - TRI,15-Oct-2020,2387.86
NIFTY200 MOMENTUM 30 - TRI,16-Oct-2020,2341.58
NIFTY200 MOMENTUM 30 - TRI,19-Oct-2020,2336.77
NIFTY200 MOMENTUM 30 - TRI,20-Oct-2020,2308.93
NIFTY200 MOMENTUM 30 - TRI,21-Oct-2020,2296.87
NIFTY200 MOMENTUM 30 - TRI,22-Oct-2020,2322.74
NIFTY200 MOMENTUM 30 - TRI,23-Oct-2020,2290.95
NIFTY200 MOMENTUM 30 - TRI,26-Oct-2020,2326.88
NIFTY200 MOMENTUM 30 - TRI,27-Oct-2020,2329.96
NIFTY200 MOMENTUM 30 - TRI,28-Oct-2020,2404.02
NIFTY200 MOMENTUM 30 - TRI,29-Oct-2020,2372.45
NIFTY200 MOMENTUM 30 - TRI,30-Oct-2020,2377.19
NIFTY200 MOMENTUM 30 - TRI,02-Nov-2020,2373.47
NIFTY200 MOMENTUM 30 - TRI,03-Nov-2020,2375.02
NIFTY200 MOMENTUM 30 - TRI,04-Nov-2020,2336.95
NIFTY200 MOMENTUM 30 - TRI,05-Nov-2020,2329.41
NIFTY200 MOMENTUM 30 - TRI,06-Nov-2020,2319.37
NIFTY200 MOMENTUM 30 - TRI,09-Nov-2020,2338.38
NIFTY200 MOMENTUM 30 - TRI,10-Nov-2020,2362.53
NIFTY200 MOMENTUM 30 - TRI,11-Nov-2020,2353.93
NIFTY200 MOMENTUM 30 - TRI,12-Nov-2020,2325.25
NIFTY200 MOMENTUM 30 - TRI,13-Nov-2020,2273.43
NIFTY200 MOMENTUM 30 - TRI,16-Nov-2020,2265.26
NIFTY200 MOMENTUM 30 - TRI,17-Nov-2020,2282.98
NIFTY200 MOMENTUM 30 - TRI,18-Nov-2020,2254.72
NIFTY200 MOMENTUM 30 - TRI,19-Nov-2020,2306.37
NIFTY200 MOMENTUM 30 - TRI,20-Nov-2020,2316.05
NIFTY200 MOMENTUM 30 - TRI,23-Nov-2020,2307.52
NIFTY200 MOMENTUM 30 - TRI,24-Nov-2020,2262.89
NIFTY200 MOMENTUM 30 - TRI,25-Nov-2020,2292.65
NIFTY200 MOMENTUM 30 - TRI,26-Nov-2020,2284.63
NIFTY200 MOMENTUM 30 - TRI,27-Nov-2020,2246.93
NIFTY200 MOMENTUM 30 - TRI,30-Nov-2020,2267.35
NIFTY200 MOMENTUM 30 - TRI,01-Dec-2020,2245.21
NIFTY200 MOMENTUM 30 - TRI,02-Dec-2020,2288.88
NIFTY200 MOMENTUM 30 - TRI,03-Dec-2020,2261.17
NIFTY200 MOMENTUM 30 - TRI,04-Dec-2020,2251.65
NIFTY200 MOMENTUM 30 - TRI,07-Dec-2020,2306.37
NIFTY200 MOMENTUM 30 - TRI,08-Dec-2020,2322.97
NIFTY200 MOMENTUM 30 - TRI,09-Dec-2020,2322.37
NIFTY200 MOMENTUM 30 - TRI,10-Dec-2020,2296.64
NIFTY200 MOMENTUM 30 - TRI,11-Dec-2020,2305.91
NIFTY200 MOMENTUM 30 - TRI,14-Dec-2020,2361.12
NIFTY200 MOMENTUM 30 - TRI,15-Dec-2020,2366.46
NIFTY200 MOMENTUM 30 - TRI,16-Dec-2020,2309.77
NIFTY200 MOMENTUM 30 - TRI,17-Dec-2020,2253.68
NIFTY200 MOMENTUM 30 - TRI,18-Dec-2020,2309.38
NIFTY200 MOMENTUM 30 - TRI,21-Dec-2020,2320.21
NIFTY200 MOMENTUM 30 - TRI,22-Dec-2020,2359.58
NIFTY200 MOMENTUM 30 - TRI,23-Dec-2020,2360.51
NIFTY200 MOMENTUM 30 - TRI,24-Dec-2020,2318.47
NIFTY200 MOMENTUM 30 - TRI,25-Dec-2020,2318.31
NIFTY200 MOMENTUM 30 - TRI,28-Dec-2020,2344.87
NIFTY200 MOMENTUM 30 - TRI,29-Dec-2020,2326.26
NIFTY200 MOMENTUM 30 - TRI,30-Dec-2020,2337.81
NIFTY200 MOMENTUM 30 - TRI,31-Dec-2020,2383.80
NIFTY200 MOMENTUM 30 - TRI,01-Jan-2021,2425.53
NIFTY200 MOMENTUM 30 - TRI,04-Jan-2021,2477.07
NIFTY200 MOMENTUM 30 - TRI,05-Jan-2021,2468.42
NIFTY200 MOMENTUM 30 - TRI,06-Jan-2021,2477.27
NIFTY200 MOMENTUM 30 - TRI,07-Jan-2021,2530.48
NIFTY200 MOMENTUM 30 - TRI,08-Jan-2021,2535.57
NIFTY200 MOMENTUM 30 - TRI,11-Jan-2021,2572.58
NIFTY200 MOMENTUM 30 - TRI,12-Jan-2021,2593.45
NIFTY200 MOMENTUM 30 - TRI,13-Jan-2021,2568.40
NIFTY200 MOMENTUM 30 - TRI,14-Jan-2021,2548.10
NIFTY200 MOMENTUM 30 - TRI,15-Jan-2021,2526.24
NIFTY200 MOMENTUM 30 - TRI,18-Jan-2021,2505.80
NIFTY200 MOMENTUM 30 - TRI,19-Jan-2021,2456.99
NIFTY200 MOMENTUM 30 - TRI,20-Jan-2021,2444.52
NIFTY200 MOMENTUM 30 - TRI,21-Jan-2021,2443.69
NIFTY200 MOMENTUM 30 - TRI,22-Jan-2021,2460.89
NIFTY200 MOMENTUM 30 - TRI,25-Jan-2021,2449.38
NIFTY200 MOMENTUM 30 - TRI,26-Jan-2021,2462.96
NIFTY200 MOMENTUM 30 - TRI,27-Jan-2021,2468.42
NIFTY200 MOMENTUM 30 - TRI,28-Jan-2021,2486.75
NIFTY200 MOMENTUM 30 - TRI,29-Jan-2021,2465.68
NIFTY200 MOMENTUM 30 - TRI,01-Feb-2021,2430.67
NIFTY200 MOMENTUM 30 - TRI,02-Feb-2021,2477.84
NIFTY200 MOMENTUM 30 - TRI,03-Feb-2021,2438.64
NIFTY200 MOMENTUM 30 - TRI,04-Feb-2021,2440.53
NIFTY200 MOMENTUM 30 - TRI,05-Feb-2021,2377.92
NIFTY200 MOMENTUM 30 - TRI,08-Feb-2021,2404.50
NIFTY200 MOMENTUM 30 - TRI,09-Feb-2021,2395.80
NIFTY200 MOMENTUM 30 - TRI,10-Feb-2021,2399.89
NIFTY200 MOMENTUM 30 - TRI,11-Feb-2021,2406.13
NIFTY200 MOMENTUM 30 - TRI,12-Feb-2021,2463.31
NIFTY200 MOMENTUM 30 - TRI,15-Feb-2021,2491.82
NIFTY200 MOMENTUM 30 - TRI,16-Feb-2021,2495.99
NIFTY200 MOMENTUM 30 - TRI,17-Feb-2021,2543.28
NIFTY200 MOMENTUM 30 - TRI,18-Feb-2021,2506.16
NIFTY200 MOMENTUM 30 - TRI,19-Feb-2021,2484.43
NIFTY200 MOMENTUM 30 - TRI,22-Feb-2021,2431.12
NIFTY200 MOMENTUM 30 - TRI,23-Feb-2021,2418.17
NIFTY200 MOMENTUM 30 - TRI,24-Feb-2021,2378.38
NIFTY200 MOMENTUM 30 - TRI,25-Feb-2021,2380.85
NIFTY200 MOMENTUM 30 - TRI,26-Feb-2021,2394.81
NIFTY200 MOMENTUM 30 - TRI,01-Mar-2021,2385.06
NIFTY200 MOMENTUM 30 - TRI,02-Mar-2021,2454.38
NIFTY200 MOMENTUM 30 - TRI,03-Mar-2021,2445.30
NIFTY200 MOMENTUM 30 - TRI,04-Mar-2021,2450.35
NIFTY200 MOMENTUM 30 - TRI,05-Mar-2021,2423.46
NIFTY200 MOMENTUM 30 - TRI,08-Mar-2021,2435.31
NIFTY200 MOMENTUM 30 - TRI,09-Mar-2021,2434.26
NIFTY200 MOMENTUM 30 - TRI,10-Mar-2021,2466.71
NIFTY200 MOMENTUM 30 - TRI,11-Mar-2021,2452.50
NIFTY200 MOMENTUM 30 - TRI,12-Mar-2021,2464.14
NIFTY200 MOMENTUM 30 - TRI,15-Mar-2021,2438.77
NIFTY200 MOMENTUM 30 - TRI,16-Mar-2021,2480.90
NIFTY200 MOMENTUM 30 - TRI,17-Mar-2021,2463.78
NIFTY200 MOMENTUM 30 - TRI,18-Mar-2021,2394.39
NIFTY200 MOMENTUM 30 - TRI,19-Mar-2021,2369.65
NIFTY200 MOMENTUM 30 - TRI,22-Mar-2021,2402.31
NIFTY200 MOMENTUM 30 - TRI,23-Mar-2021,2400.67
NIFTY200 MOMENTUM 30 - TRI,24-Mar-2021,2393.03
NIFTY200 MOMENTUM 30 - TRI,25-Mar-2021,2368.56
NIFTY200 MOMENTUM 30 - TRI,26-Mar-2021,2357.72
NIFTY200 MOMENTUM 30 - TRI,29-Mar-2021,2303.19
NIFTY200 MOMENTUM 30 - TRI,30-Mar-2021,2309.26
NIFTY200 MOMENTUM 30 - TRI,31-Mar-2021,2320.60
NIFTY200 MOMENTUM 30 - TRI,01-Apr-2021,2335.50
NIFTY200 MOMENTUM 30 - TRI,02-Apr-2021,2356.81
NIFTY200 MOMENTUM 30 - TRI,05-Apr-2021,2376.15
NIFTY200 MOMENTUM 30 - TRI,06-Apr-2021,2420.78
NIFTY200 MOMENTUM 30 - TRI,07-Apr-2021,2448.76
NIFTY200 MOMENTUM 30 - TRI,08-Apr-2021,2429.41
NIFTY200 MOMENTUM 30 - TRI,09-Apr-2021,2418.80
NIFTY200 MOMENTUM 30 - TRI,12-Apr-2021,2348.94
NIFTY200 MOMENTUM 30 - TRI,13-Apr-2021,2328.46
NIFTY200 MOMENTUM 30 - TRI,14-Apr-2021,2311.07
NIFTY200 MOMENTUM 30 - TRI,15-Apr-2021,2337.66
NIFTY200 MOMENTUM 30 - TRI,16-Apr-2021,2325.41
NIFTY200 MOMENTUM 30 - TRI,19-Apr-2021,2372.48
NIFTY200 MOMENTUM 30 - TRI,20-Apr-2021,2457.11
NIFTY200 MOMENTUM 30 - TRI,21-Apr-2021,2409.87
NIFTY200 MOMENTUM 30 - TRI,22-Apr-2021,2401.14
NIFTY200 MOMENTUM 30 - TRI,23-Apr-2021,2404.50
NIFTY200 MOMENTUM 30 - TRI,26-Apr-2021,2428.76
NIFTY200 MOMENTUM 30 - TRI,27-Apr-2021,2443.15
NIFTY200 MOMENTUM 30 - TRI,28-Apr-2021,2394.94
NIFTY200 MOMENTUM 30 - TRI,29-Apr-2021,2460.55
NIFTY200 MOMENTUM 30 - TRI,30-Apr-2021,2449.71
NIFTY200 MOMENTUM 30 - TRI,03-May-2021,2434.25
NIFTY200 MOMENTUM 30 - TRI,04-May-2021,2426.73
NIFTY200 MOMENTUM 30 - TRI,05-May-2021,2430.16
NIFTY200 MOMENTUM 30 - TRI,06-May-2021,2406.42
NIFTY200 MOMENTUM 30 - TRI,07-May-2021,2427.45
NIFTY200 MOMENTUM 30 - TRI,10-May-2021,2435.81
NIFTY200 MOMENTUM 30 - TRI,11-May-2021,2466.38
NIFTY200 MOMENTUM 30 - TRI,12-May-2021,2442.14
NIFTY200 MOMENTUM 30 - TRI,13-May-2021,2417.96
NIFTY200 MOMENTUM 30 - TRI,14-May-2021,2381.74
NIFTY200 MOMENTUM 30 - TRI,17-May-2021,2408.05
NIFTY200 MOMENTUM 30 - TRI,18-May-2021,2397.83
NIFTY200 MOMENTUM 30 - TRI,19-May-2021,2466.86
NIFTY200 MOMENTUM 30 - TRI,20-May-2021,2480.85
NIFTY200 MOMENTUM 30 - TRI,21-May-2021,2491.43
NIFTY200 MOMENTUM 30 - TRI,24-May-2021,2447.07
NIFTY200 MOMENTUM 30 - TRI,25-May-2021,2445.60
NIFTY200 MOMENTUM 30 - TRI,26-May-2021,2466.42
NIFTY200 MOMENTUM 30 - TRI,27-May-2021,2407.36
NIFTY200 MOMENTUM 30 - TRI,28-May-2021,2408.26
NIFTY200 MOMENTUM 30 - TRI,31-May-2021,2420.68
NIFTY200 MOMENTUM 30 - TRI,01-Jun-2021,2470.37
NIFTY200 MOMENTUM 30 - TRI,02-Jun-2021,2477.90
NIFTY200 MOMENTUM 30 - TRI,03-Jun-2021,2449.35
NIFTY200 MOMENTUM 30 - TRI,04-Jun-2021,2472.57
NIFTY200 MOMENTUM 30 - TRI,07-Jun-2021,2440.26
NIFTY200 MOMENTUM 30 - TRI,08-Jun-2021,2436.73
NIFTY200 MOMENTUM 30 - TRI,09-Jun-2021,2389.19
NIFTY200 MOMENTUM 30 - TRI,10-Jun-2021,2374.19
NIFTY200 MOMENTUM 30 - TRI,11-Jun-2021,2415.61
NIFTY200 MOMENTUM 30 - TRI,14-Jun-2021,2400.86
NIFTY200 MOMENTUM 30 - TRI,15-Jun-2021,2422.94
NIFTY200 MOMENTUM 30 - TRI,16-Jun-2021,2383.90
NIFTY200 MOMENTUM 30 - TRI,17-Jun-2021,2362.53
NIFTY200 MOMENTUM 30 - TRI,18-Jun-2021,2382.37
NIFTY200 MOMENTUM 30 - TRI,21-Jun-2021,2392.20
NIFTY200 MOMENTUM 30 - TRI,22-Jun-2021,2364.12
NIFTY200 MOMENTUM 30 - TRI,23-Jun-2021,2412.89
NIFTY200 MOMENTUM 30 - TRI,24-Jun-2021,2424.76
NIFTY200 MOMENTUM 30 - TRI,25-Jun-2021,2443.70
NIFTY200 MOMENTUM 30 - TRI,28-Jun-2021,2504.77
NIFTY200 MOMENTUM 30 - TRI,29-Jun-2021,2493.24
NIFTY200 MOMENTUM 30 - TRI,30-Jun-2021,2478.92
NIFTY200 MOMENTUM 30 - TRI,01-Jul-2021,2467.23
NIFTY200 MOMENTUM 30 - TRI,02-Jul-2021,2482.86
NIFTY200 MOMENTUM 30 - TRI,05-Jul-2021,2460.09
NIFTY200 MOMENTUM 30 - TRI,06-Jul-2021,2476.83
NIFTY200 MOMENTUM 30 - TRI,07-Jul-2021,2449.02
NIFTY200 MOMENTUM 30 - TRI,08-Jul-2021,2405.07
NIFTY200 MOMENTUM 30 - TRI,09-Jul-2021,2412.40
NIFTY200 MOMENTUM 30 - TRI,12-Jul-2021,2389.89
NIFTY200 MOMENTUM 30 - TRI,13-Jul-2021,2407.86
NIFTY200 MOMENTUM 30 - TRI,14-Jul-2021,2411.50
NIFTY200 MOMENTUM 30 - TRI,15-Jul-2021,2393.59
NIFTY200 MOMENTUM 30 - TRI,16-Jul-2021,2377.93
NIFTY200 MOMENTUM 30 - TRI,19-Jul-2021,2426.78
NIFTY200 MOMENTUM 30 - TRI,20-Jul-2021,2411.36
NIFTY200 MOMENTUM 30 - TRI,21-Jul-2021,2403.54
NIFTY200 MOMENTUM 30 - TRI,22-Jul-2021,2414.05
NIFTY200 MOMENTUM 30 - TRI,23-Jul-2021,2506.65
NIFTY200 MOMENTUM 30 - TRI,26-Jul-2021,2532.88
NIFTY200 MOMENTUM 30 - TRI,27-Jul-2021,2533.05
NIFTY200 MOMENTUM 30 - TRI,28-Jul-2021,2584.12
NIFTY200 MOMENTUM 30 - TRI,29-Jul-2021,2582.71
NIFTY200 MOMENTUM 30 - TRI,30-Jul-2021,2636.50
NIFTY200 MOMENTUM 30 - TRI,02-Aug-2021,2573.11
NIFTY200 MOMENTUM 30 - TRI,03-Aug-2021,2632.69
NIFTY200 MOMENTUM 30 - TRI,04-Aug-2021,2680.14
NIFTY200 MOMENTUM 30 - TRI,05-Aug-2021,2718.41
NIFTY200 MOMENTUM 30 - TRI,06-Aug-2021,2728.26
NIFTY200 MOMENTUM 30 - TRI,09-Aug-2021,2721.48
NIFTY200 MOMENTUM 30 - TRI,10-Aug-2021,2714.27
NIFTY200 MOMENTUM 30 - TRI,11-Aug-2021,2759.75
NIFTY200 MOMENTUM 30 - TRI,12-Aug-2021,2826.04
NIFTY200 MOMENTUM 30 - TRI,13-Aug-2021,2858.37
NIFTY200 MOMENTUM 30 - TRI,16-Aug-2021,2875.08
NIFTY200 MOMENTUM 30 - TRI,17-Aug-2021,2892.48
NIFTY200 MOMENTUM 30 - TRI,18-Aug-2021,2891.90
NIFTY200 MOMENTUM 30 - TRI,19-Aug-2021,2857.59
NIFTY200 MOMENTUM 30 - TRI,20-Aug-2021,2825.70
NIFTY200 MOMENTUM 30 - TRI,23-Aug-2021,2831.30
NIFTY200 MOMENTUM 30 - TRI,24-Aug-2021,2891.25
NIFTY200 MOMENTUM 30 - TRI,25-Aug-2021,2946.82
NIFTY200 MOMENTUM 30 - TRI,26-Aug-2021,2912.32
NIFTY200 MOMENTUM 30 - TRI,27-Aug-2021,2871.84
NIFTY200 MOMENTUM 30 - TRI,30-Aug-2021,2852.10
NIFTY200 MOMENTUM 30 - TRI,31-Aug-2021,2867.15
NIFTY200 MOMENTUM 30 - TRI,01-Sep-2021,2828.03
NIFTY200 MOMENTUM 30 - TRI,02-Sep-2021,2831.17
NIFTY200 MOMENTUM 30 - TRI,03-Sep-2021,2829.34
NIFTY200 MOMENTUM 30 - TRI,06-Sep-2021,2867.59
NIFTY200 MOMENTUM 30 - TRI,07-Sep-2021,2865.34
NIFTY200 MOMENTUM 30 - TRI,08-Sep-2021,2885.92
NIFTY200 MOMENTUM 30 - TRI,09-Sep-2021,2892.22
NIFTY200 MOMENTUM 30 - TRI,10-Sep-2021,2868.22
NIFTY200 MOMENTUM 30 - TRI,13-Sep-2021,2926.20
NIFTY200 MOMENTUM 30 - TRI,14-Sep-2021,2913.58
NIFTY200 MOMENTUM 30 - TRI,15-Sep-2021,2901.23
NIFTY200 MOMENTUM 30 - TRI,16-Sep-2021,2895.67
NIFTY200 MOMENTUM 30 - TRI,17-Sep-2021,2907.13
NIFTY200 MOMENTUM 30 - TRI,20-Sep-2021,2898.25
NIFTY200 MOMENTUM 30 - TRI,21-Sep-2021,2882.58
NIFTY200 MOMENTUM 30 - TRI,22-Sep-2021,2899.50
NIFTY200 MOMENTUM 30 - TRI,23-Sep-2021,2926.41
NIFTY200 MOMENTUM 30 - TRI,24-Sep-2021,2970.30
NIFTY200 MOMENTUM 30 - TRI,27-Sep-2021,3007.49
NIFTY200 MOMENTUM 30 - TRI,28-Sep-2021,3004.42
NIFTY200 MOMENTUM 30 - TRI,29-Sep-2021,2935.28
NIFTY200 MOMENTUM 30 - TRI,30-Sep-2021,2933.79
NIFTY200 MOMENTUM 30 - TRI,01-Oct-2021,2927.72
NIFTY200 MOMENTUM 30 - TRI,04-Oct-2021,3012.50
NIFTY200 MOMENTUM 30 - TRI,05-Oct-2021,3083.76
NIFTY200 MOMENTUM 30 - TRI,06-Oct-2021,3045.22
NIFTY200 MOMENTUM 30 - TRI,07-Oct-2021,3055.59
NIFTY200 MOMENTUM 30 - TRI,08-Oct-2021,3105.75
NIFTY200 MOMENTUM 30 - TRI,11-Oct-2021,3101.78
NIFTY200 MOMENTUM 30 - TRI,12-Oct-2021,3115.62
NIFTY200 MOMENTUM 30 - TRI,13-Oct-2021,3160.05
NIFTY200 MOMENTUM 30 - TRI,14-Oct-2021,3203.80
NIFTY200 MOMENTUM 30 - TRI,15-Oct-2021,3173.82
NIFTY200 MOMENTUM 30 - TRI,18-Oct-2021,3196.64
NIFTY200 MOMENTUM 30 - TRI,19-Oct-2021,3204.51
NIFTY200 MOMENTUM 30 - TRI,20-Oct-2021,3160.88
NIFTY200 MOMENTUM 30 - TRI,21-Oct-2021,3151.24
NIFTY200 MOMENTUM 30 - TRI,22-Oct-2021,3159.04
NIFTY200 MOMENTUM 30 - TRI,25-Oct-2021,3156.70
NIFTY200 MOMENTUM 30 - TRI,26-Oct-2021,3133.48
NIFTY200 MOMENTUM 30 - TRI,27-Oct-2021,3104.99
NIFTY200 MOMENTUM 30 - TRI,28-Oct-2021,3041.84
NIFTY200 MOMENTUM 30 - TRI,29-Oct-2021,3061.66
NIFTY200 MOMENTUM 30 - TRI,01-Nov-2021,3034.85
NIFTY200 MOMENTUM 30 - TRI,02-Nov-2021,3029.94
NIFTY200 MOMENTUM 30 - TRI,03-Nov-2021,3022.53
NIFTY200 MOMENTUM 30 - TRI,04-Nov-2021,3014.12
NIFTY200 MOMENTUM 30 - TRI,05-Nov-2021,2962.53
NIFTY200 MOMENTUM 30 - TRI,08-Nov-2021,2928.63
NIFTY200 MOMENTUM 30 - TRI,09-Nov-2021,2893.30
NIFTY200 MOMENTUM 30 - TRI,10-Nov-2021,2919.26
NIFTY200 MOMENTUM 30 - TRI,11-Nov-2021,2911.31
NIFTY200 MOMENTUM 30 - TRI,12-Nov-2021,2880.13
NIFTY200 MOMENTUM 30 - TRI,15-Nov-2021,2875.45
NIFTY200 MOMENTUM 30 - TRI,16-Nov-2021,2854.44
NIFTY200 MOMENTUM 30 - TRI,17-Nov-2021,2851.42
NIFTY200 MOMENTUM 30 - TRI,18-Nov-2021,2786.78
NIFTY200 MOMENTUM 30 - TRI,19-Nov-2021,2771.18
NIFTY200 MOMENTUM 30 - TRI,22-Nov-2021,2803.04
NIFTY200 MOMENTUM 30 - TRI,23-Nov-2021,2832.74
NIFTY200 MOMENTUM 30 - TRI,24-Nov-2021,2844.16
NIFTY200 MOMENTUM 30 - TRI,25-Nov-2021,2856.58
NIFTY200 MOMENTUM 30 - TRI,26-Nov-2021,2925.02
NIFTY200 MOMENTUM 30 - TRI,29-Nov-2021,2920.78
NIFTY200 MOMENTUM 30 - TRI,30-Nov-2021,2899.96
NIFTY200 MOMENTUM 30 - TRI,01-Dec-2021,2820.26
NIFTY200 MOMENTUM 30 - TRI,02-Dec-2021,2859.45
NIFTY200 MOMENTUM 30 - TRI,03-Dec-2021,2843.21
NIFTY200 MOMENTUM 30 - TRI,06-Dec-2021,2877.64
NIFTY200 MOMENTUM 30 - TRI,07-Dec-2021,2924.45
NIFTY200 MOMENTUM 30 - TRI,08-Dec-2021,2934.21
NIFTY200 MOMENTUM 30 - TRI,09-Dec-2021,2904.87
NIFTY200 MOMENTUM 30 - TRI,10-Dec-2021,2900.47
NIFTY200 MOMENTUM 30 - TRI,13-Dec-2021,2900.99
NIFTY200 MOMENTUM 30 - TRI,14-Dec-2021,2839.95
NIFTY200 MOMENTUM 30 - TRI,15-Dec-2021,2889.43
NIFTY200 MOMENTUM 30 - TRI,16-Dec-2021,2896.82
NIFTY200 MOMENTUM 30 - TRI,17-Dec-2021,2905.46
NIFTY200 MOMENTUM 30 - TRI,20-Dec-2021,2896.55
NIFTY200 MOMENTUM 30 - TRI,21-Dec-2021,2928.98
NIFTY200 MOMENTUM 30 - TRI,22-Dec-2021,2954.22
NIFTY200 MOMENTUM 30 - TRI,23-Dec-2021,2981.58
NIFTY200 MOMENTUM 30 - TRI,24-Dec-2021,2883.77
NIFTY200 MOMENTUM 30 - TRI,27-Dec-2021,2861.26
NIFTY200 MOMENTUM 30 - TRI,28-Dec-2021,2848.26
NIFTY200 MOMENTUM 30 - TRI,29-Dec-2021,2843.19
NIFTY200 MOMENTUM 30 - TRI,30-Dec-2021,2871.08
NIFTY200 MOMENTUM 30 - TRI,31-Dec-2021,2929.12
NIFTY200 MOMENTUM 30 - TRI,03-Jan-2022,2963.24
NIFTY200 MOMENTUM 30 - TRI,04-Jan-2022,2945.83
NIFTY200 MOMENTUM 30 - TRI,05-Jan-2022,2954.46
NIFTY200 MOMENTUM 30 - TRI,06-Jan-2022,2931.16
NIFTY200 MOMENTUM 30 - TRI,07-Jan-2022,2976.08
NIFTY200 MOMENTUM 30 - TRI,10-Jan-2022,2951.33
NIFTY200 MOMENTUM 30 - TRI,11-Jan-2022,2963.12
NIFTY200 MOMENTUM 30 - TRI,12-Jan-2022,2947.26
NIFTY200 MOMENTUM 30 - TRI,13-Jan-2022,2918.86
NIFTY200 MOMENTUM 30 - TRI,14-Jan-2022,2856.74
NIFTY200 MOMENTUM 30 - TRI,17-Jan-2022,2819.19
NIFTY200 MOMENTUM 30 - TRI,18-Jan-2022,2845.74
NIFTY200 MOMENTUM 30 - TRI,19-Jan-2022,2846.46
NIFTY200 MOMENTUM 30 - TRI,20-Jan-2022,2884.88
NIFTY200 MOMENTUM 30 - TRI,21-Jan-2022,2874.03
NIFTY200 MOMENTUM 30 - TRI,24-Jan-2022,2851.67
NIFTY200 MOMENTUM 30 - TRI,25-Jan-2022,2894.00
NIFTY200 MOMENTUM 30 - TRI,26-Jan-2022,2871.16
NIFTY200 MOMENTUM 30 - TRI,27-Jan-2022,2879.94
NIFTY200 MOMENTUM 30 - TRI,28-Jan-2022,2892.25
NIFTY200 MOMENTUM 30 - TRI,31-Jan-2022,2921.80
NIFTY200 MOMENTUM 30 - TRI,01-Feb-2022,2908.01
NIFTY200 MOMENTUM 30 - TRI,02-Feb-2022,2909.47
NIFTY200 MOMENTUM 30 - TRI,03-Feb-2022,2959.50
NIFTY200 MOMENTUM 30 - TRI,04-Feb-2022,2954.25
NIFTY200 MOMENTUM 30 - TRI,07-Feb-2022,2923.97
NIFTY200 MOMENTUM 30 - TRI,08-Feb-2022,2895.04
NIFTY200 MOMENTUM 30 - TRI,09-Feb-2022,2917.84
NIFTY200 MOMENTUM 30 - TRI,10-Feb-2022,2993.08
NIFTY200 MOMENTUM 30 - TRI,11-Feb-2022,2971.69
NIFTY200 MOMENTUM 30 - TRI,14-Feb-2022,3010.53
NIFTY200 MOMENTUM 30 - TRI,15-Feb-2022,2975.69
NIFTY200 MOMENTUM 30 - TRI,16-Feb-2022,2979.11
NIFTY200 MOMENTUM 30 - TRI,17-Feb-2022,2918.21
NIFTY200 MOMENTUM 30 - TRI,18-Feb-2022,2901.88
NIFTY200 MOMENTUM 30 - TRI,21-Feb-2022,2899.98
NIFTY200 MOMENTUM 30 - TRI,22-Feb-2022,2909.33
NIFTY200 MOMENTUM 30 - TRI,23-Feb-2022,2972.41
NIFTY200 MOMENTUM 30 - TRI,24-Feb-2022,2963.76
NIFTY200 MOMENTUM 30 - TRI,25-Feb-2022,2976.54
NIFTY200 MOMENTUM 30 - TRI,28-Feb-2022,3093.47
NIFTY200 MOMENTUM 30 - TRI,01-Mar-2022,3048.20
NIFTY200 MOMENTUM 30 - TRI,02-Mar-2022,3062.86
NIFTY200 MOMENTUM 30 - TRI,03-Mar-2022,3079.93
NIFTY200 MOMENTUM 30 - TRI,04-Mar-2022,3129.10
NIFTY200 MOMENTUM 30 - TRI,07-Mar-2022,3174.93
NIFTY200 MOMENTUM 30 - TRI,08-Mar-2022,3176.30
NIFTY200 MOMENTUM 30 - TRI,09-Mar-2022,3143.07
NIFTY200 MOMENTUM 30 - TRI,10-Mar-2022,3186.72
NIFTY200 MOMENTUM 30 - TRI,11-Mar-2022,3162.71
NIFTY200 MOMENTUM 30 - TRI,14-Mar-2022,3154.25
NIFTY200 MOMENTUM 30 - TRI,15-Mar-2022,3198.05
NIFTY200 MOMENTUM 30 - TRI,16-Mar-2022,3199.06
NIFTY200 MOMENTUM 30 - TRI,17-Mar-2022,3263.60
NIFTY200 MOMENTUM 30 - TRI,18-Mar-2022,3293.51
NIFTY200 MOMENTUM 30 - TRI,21-Mar-2022,3295.28
NIFTY200 MOMENTUM 30 - TRI,22-Mar-2022,3255.22
NIFTY200 MOMENTUM 30 - TRI,23-Mar-2022,3203.88
NIFTY200 MOMENTUM 30 - TRI,24-Mar-2022,3184.03
NIFTY200 MOMENTUM 30 - TRI,25-Mar-2022,3126.76
NIFTY200 MOMENTUM 30 - TRI,28-Mar-2022,3151.40
NIFTY200 MOMENTUM 30 - TRI,29-Mar-2022,3075.37
NIFTY200 MOMENTUM 30 - TRI,30-Mar-2022,3105.16
NIFTY200 MOMENTUM 30 - TRI,31-Mar-2022,3106.50
NIFTY200 MOMENTUM 30 - TRI,01-Apr-2022,3127.42
NIFTY200 MOMENTUM 30 - TRI,04-Apr-2022,3146.84
NIFTY200 MOMENTUM 30 - TRI,05-Apr-2022,3090.06
NIFTY200 MOMENTUM 30 - TRI,06-Apr-2022,3139.24
NIFTY200 MOMENTUM 30 - TRI,07-Apr-2022,3106.60
NIFTY200 MOMENTUM 30 - TRI,08-Apr-2022,3069.46
NIFTY200 MOMENTUM 30 - TRI,11-Apr-2022,3057.86
NIFTY200 MOMENTUM 30 - TRI,12-Apr-2022,3043.62
NIFTY200 MOMENTUM 30 - TRI,13-Apr-2022,3041.30
NIFTY200 MOMENTUM 30 - TRI,14-Apr-2022,3069.51
NIFTY200 MOMENTUM 30 - TRI,15-Apr-2022,3060.33
NIFTY200 MOMENTUM 30 - TRI,18-Apr-2022,3019.21
NIFTY200 MOMENTUM 30 - TRI,19-Apr-2022,3063.09
NIFTY200 MOMENTUM 30 - TRI,20-Apr-2022,3122.45
NIFTY200 MOMENTUM 30 - TRI,21-Apr-2022,3136.71
NIFTY200 MOMENTUM 30 - TRI,22-Apr-2022,3139.59
NIFTY200 MOMENTUM 30 - TRI,25-Apr-2022,3184.49
NIFTY200 MOMENTUM 30 - TRI,26-Apr-2022,3155.59
NIFTY200 MOMENTUM 30 - TRI,27-Apr-2022,3191.32
NIFTY200 MOMENTUM 30 - TRI,28-Apr-2022,3257.28
NIFTY200 MOMENTUM 30 - TRI,29-Apr-2022,3210.69
NIFTY200 MOMENTUM 30 - TRI,02-May-2022,3194.70
NIFTY200 MOMENTUM 30 - TRI,03-May-2022,3206.00
NIFTY200 MOMENTUM 30 - TRI,04-May-2022,3183.52
NIFTY200 MOMENTUM 30 - TRI,05-May-2022,3097.14
NIFTY200 MOMENTUM 30 - TRI,06-May-2022,3113.75
NIFTY200 MOMENTUM 30 - TRI,09-May-2022,3122.00
NIFTY200 MOMENTUM 30 - TRI,10-May-2022,3101.29
NIFTY200 MOMENTUM 30 - TRI,11-May-2022,3060.80
NIFTY200 MOMENTUM 30 - TRI,12-May-2022,3113.69
NIFTY200 MOMENTUM 30 - TRI,13-May-2022,3117.81
NIFTY200 MOMENTUM 30 - TRI,16-May-2022,3100.39
NIFTY200 MOMENTUM 30 - TRI,17-May-2022,3076.89
NIFTY200 MOMENTUM 30 - TRI,18-May-2022,3126.73
NIFTY200 MOMENTUM 30 - TRI,19-May-2022,3119.47
NIFTY200 MOMENTUM 30 - TRI,20-May-2022,3132.39
NIFTY200 MOMENTUM 30 - TRI,23-May-2022,3124.49
NIFTY200 MOMENTUM 30 - TRI,24-May-2022,3073.58
NIFTY200 MOMENTUM 30 - TRI,25-May-2022,3054.24
NIFTY200 MOMENTUM 30 - TRI,26-May-2022,3099.94
NIFTY200 MOMENTUM 30 - TRI,27-May-2022,3061.43
NIFTY200 MOMENTUM 30 - TRI,30-May-2022,3032.54
NIFTY200 MOMENTUM 30 - TRI,31-May-2022,3015.75
NIFTY200 MOMENTUM 30 - TRI,01-Jun-2022,3008.14
NIFTY200 MOMENTUM 30 - TRI,02-Jun-2022,3062.10
NIFTY200 MOMENTUM 30 - TRI,03-Jun-2022,3034.30
NIFTY200 MOMENTUM 30 - TRI,06-Jun-2022,3005.85
NIFTY200 MOMENTUM 30 - TRI,07-Jun-2022,2937.68
NIFTY200 MOMENTUM 30 - TRI,08-Jun-2022,2968.48
NIFTY200 MOMENTUM 30 - TRI,09-Jun-2022,3032.88
NIFTY200 MOMENTUM 30 - TRI,10-Jun-2022,3051.43
NIFTY200 MOMENTUM 30 - TRI,13-Jun-2022,3085.08
NIFTY200 MOMENTUM 30 - TRI,14-Jun-2022,3075.68
NIFTY200 MOMENTUM 30 - TRI,15-Jun-2022,3082.45
NIFTY200 MOMENTUM 30 - TRI,16-Jun-2022,3073.38
NIFTY200 MOMENTUM 30 - TRI,17-Jun-2022,3063.81
NIFTY200 MOMENTUM 30 - TRI,20-Jun-2022,3123.99
NIFTY200 MOMENTUM 30 - TRI,21-Jun-2022,3118.43
NIFTY200 MOMENTUM 30 - TRI,22-Jun-2022,3147.71
NIFTY200 MOMENTUM 30 - TRI,23-Jun-2022,3223.77
NIFTY200 MOMENTUM 30 - TRI,24-Jun-2022,3186.46
NIFTY200 MOMENTUM 30 - TRI,27-Jun-2022,3118.61
NIFTY200 MOMENTUM 30 - TRI,28-Jun-2022,3137.12
NIFTY200 MOMENTUM 30 - TRI,29-Jun-2022,3104.29
NIFTY200 MOMENTUM 30 - TRI,30-Jun-2022,3105.73
NIFTY200 MOMENTUM 30 - TRI,01-Jul-2022,3054.25
NIFTY200 MOMENTUM 30 - TRI,04-Jul-2022,3045.04
NIFTY200 MOMENTUM 30 - TRI,05-Jul-2022,3031.12
NIFTY200 MOMENTUM 30 - TRI,06-Jul-2022,3003.32
NIFTY200 MOMENTUM 30 - TRI,07-Jul-2022,3038.91
NIFTY200 MOMENTUM 30 - TRI,08-Jul-2022,3067.57
NIFTY200 MOMENTUM 30 - TRI,11-Jul-2022,3130.51
NIFTY200 MOMENTUM 30 - TRI,12-Jul-2022,3075.84
NIFTY200 MOMENTUM 30 - TRI,13-Jul-2022,3055.58
NIFTY200 MOMENTUM 30 - TRI,14-Jul-2022,3084.10
NIFTY200 MOMENTUM 30 - TRI,15-Jul-2022,3050.26
NIFTY200 MOMENTUM 30 - TRI,18-Jul-2022,3029.27
NIFTY200 MOMENTUM 30 - TRI,19-Jul-2022,3058.20
NIFTY200 MOMENTUM 30 - TRI,20-Jul-2022,3079.97
NIFTY200 MOMENTUM 30 - TRI,21-Jul-2022,3132.23
NIFTY200 MOMENTUM 30 - TRI,22-Jul-2022,3153.81
NIFTY200 MOMENTUM 30 - TRI,25-Jul-2022,3177.56
NIFTY200 MOMENTUM 30 - TRI,26-Jul-2022,3115.07
NIFTY200 MOMENTUM 30 - TRI,27-Jul-2022,3073.96
NIFTY200 MOMENTUM 30 - TRI,28-Jul-2022,3055.09
NIFTY200 MOMENTUM 30 - TRI,29-Jul-2022,3039.06
NIFTY200 MOMENTUM 30 - TRI,01-Aug-2022,3040.83
NIFTY200 MOMENTUM 30 - TRI,02-Aug-2022,3062.47
NIFTY200 MOMENTUM 30 - TRI,03-Aug-2022,3001.29
NIFTY200 MOMENTUM 30 - TRI,04-Aug-2022,3077.19
NIFTY200 MOMENTUM 30 - TRI,05-Aug-2022,3142.16
NIFTY200 MOMENTUM 30 - TRI,08-Aug-2022,3107.09
NIFTY200 MOMENTUM 30 - TRI,09-Aug-2022,3147.20
NIFTY200 MOMENTUM 30 - TRI,10-Aug-2022,3175.29
NIFTY200 MOMENTUM 30 - TRI,11-Aug-2022,3210.51
NIFTY200 MOMENTUM 30 - TRI,12-Aug-2022,3157.82
NIFTY200 MOMENTUM 30 - TRI,15-Aug-2022,3086.12
NIFTY200 MOMENTUM 30 - TRI,16-Aug-2022,3050.62
NIFTY200 MOMENTUM 30 - TRI,17-Aug-2022,3022.82
NIFTY200 MOMENTUM 30 - TRI,18-Aug-2022,3036.80
NIFTY200 MOMENTUM 30 - TRI,19-Aug-2022,3036.39
NIFTY200 MOMENTUM 30 - TRI,22-Aug-2022,3068.75
NIFTY200 MOMENTUM 30 - TRI,23-Aug-2022,3056.74
NIFTY200 MOMENTUM 30 - TRI,24-Aug-2022,3076.36
NIFTY200 MOMENTUM 30 - TRI,25-Aug-2022,3048.08
NIFTY200 MOMENTUM 30 - TRI,26-Aug-2022,3047.35
NIFTY200 MOMENTUM 30 - TRI,29-Aug-2022,3018.38
NIFTY200 MOMENTUM 30 - TRI,30-Aug-2022,3118.06
NIFTY200 MOMENTUM 30 - TRI,31-Aug-2022,3112.73
NIFTY200 MOMENTUM 30 - TRI,01-Sep-2022,3087.76
NIFTY200 MOMENTUM 30 - TRI,02-Sep-2022,3110.14
NIFTY200 MOMENTUM 30 - TRI,05-Sep-2022,3085.50
NIFTY200 MOMENTUM 30 - TRI,06-Sep-2022,3068.79
NIFTY200 MOMENTUM 30 - TRI,07-Sep-2022,3081.73
NIFTY200 MOMENTUM 30 - TRI,08-Sep-2022,3097.62
NIFTY200 MOMENTUM 30 - TRI,09-Sep-2022,3031.29
NIFTY200 MOMENTUM 30 - TRI,12-Sep-2022,3045.41
NIFTY200 MOMENTUM 30 - TRI,13-Sep-2022,3038.50
NIFTY200 MOMENTUM 30 - TRI,14-Sep-2022,3003.26
NIFTY200 MOMENTUM 30 - TRI,15-Sep-2022,3065.07
NIFTY200 MOMENTUM 30 - TRI,16-Sep-2022,3029.22
NIFTY200 MOMENTUM 30 - TRI,19-Sep-2022,3045.44
NIFTY200 MOMENTUM 30 - TRI,20-Sep-2022,3085.73
NIFTY200 MOMENTUM 30 - TRI,21-Sep-2022,3077.90
NIFTY200 MOMENTUM 30 - TRI,22-Sep-2022,3108.23
NIFTY200 MOMENTUM 30 - TRI,23-Sep-2022,3109.73
NIFTY200 MOMENTUM 30 - TRI,26-Sep-2022,3105.64
NIFTY200 MOMENTUM 30 - TRI,27-Sep-2022,3201.18
NIFTY200 MOMENTUM 30 - TRI,28-Sep-2022,3137.18
NIFTY200 MOMENTUM 30 - TRI,29-Sep-2022,3093.88
NIFTY200 MOMENTUM 30 - TRI,30-Sep-2022,3041.95
NIFTY200 MOMENTUM 30 - TRI,03-Oct-2022,3035.32
NIFTY200 MOMENTUM 30 - TRI,04-Oct-2022,2946.67
NIFTY200 MOMENTUM 30 - TRI,05-Oct-2022,2885.05
NIFTY200 MOMENTUM 30 - TRI,06-Oct-2022,2870.35
NIFTY200 MOMENTUM 30 - TRI,07-Oct-2022,2846.05
NIFTY200 MOMENTUM 30 - TRI,10-Oct-2022,2859.88
NIFTY200 MOMENTUM 30 - TRI,11-Oct-2022,2816.04
NIFTY200 MOMENTUM 30 - TRI,12-Oct-2022,2788.94
NIFTY200 MOMENTUM 30 - TRI,13-Oct-2022,2801.14
NIFTY200 MOMENTUM 30 - TRI,14-Oct-2022,2823.42
NIFTY200 MOMENTUM 30 - TRI,17-Oct-2022,2837.40
NIFTY200 MOMENTUM 30 - TRI,18-Oct-2022,2845.58
NIFTY200 MOMENTUM 30 - TRI,19-Oct-2022,2886.93
NIFTY200 MOMENTUM 30 - TRI,20-Oct-2022,2872.70
NIFTY200 MOMENTUM 30 - TRI,21-Oct-2022,2826.87
NIFTY200 MOMENTUM 30 - TRI,24-Oct-2022,2840.27
NIFTY200 MOMENTUM 30 - TRI,25-Oct-2022,2882.94
NIFTY200 MOMENTUM 30 - TRI,26-Oct-2022,2855.15
NIFTY200 MOMENTUM 30 - TRI,27-Oct-2022,2878.50
NIFTY200 MOMENTUM 30 - TRI,28-Oct-2022,2899.39
NIFTY200 MOMENTUM 30 - TRI,31-Oct-2022,2959.75
NIFTY200 MOMENTUM 30 - TRI,01-Nov-2022,2936.44
NIFTY200 MOMENTUM 30 - TRI,02-Nov-2022,2932.26
NIFTY200 MOMENTUM 30 - TRI,03-Nov-2022,2921.25
NIFTY200 MOMENTUM 30 - TRI,04-Nov-2022,2921.71
NIFTY200 MOMENTUM 30 - TRI,07-Nov-2022,2854.86
NIFTY200 MOMENTUM 30 - TRI,08-Nov-2022,2867.98
NIFTY200 MOMENTUM 30 - TRI,09-Nov-2022,2894.64
NIFTY200 MOMENTUM 30 - TRI,10-Nov-2022,2878.26
NIFTY200 MOMENTUM 30 - TRI,11-Nov-2022,2870.70
NIFTY200 MOMENTUM 30 - TRI,14-Nov-2022,2840.92
NIFTY200 MOMENTUM 30 - TRI,15-Nov-2022,2822.47
NIFTY200 MOMENTUM 30 - TRI,16-Nov-2022,2856.18
NIFTY200 MOMENTUM 30 - TRI,17-Nov-2022,2882.92
NIFTY200 MOMENTUM 30 - TRI,18-Nov-2022,2946.20
NIFTY200 MOMENTUM 30 - TRI,21-Nov-2022,2947.08
NIFTY200 MOMENTUM 30 - TRI,22-Nov-2022,2963.33
NIFTY200 MOMENTUM 30 - TRI,23-Nov-2022,2992.21
NIFTY200 MOMENTUM 30 - TRI,24-Nov-2022,2994.49
NIFTY200 MOMENTUM 30 - TRI,25-Nov-2022,2957.05
NIFTY200 MOMENTUM 30 - TRI,28-Nov-2022,2963.20
NIFTY200 MOMENTUM 30 - TRI,29-Nov-2022,2944.32
NIFTY200 MOMENTUM 30 - TRI,30-Nov-2022,2968.50
NIFTY200 MOMENTUM 30 - TRI,01-Dec-2022,2988.21
NIFTY200 MOMENTUM 30 - TRI,02-Dec-2022,3055.62
NIFTY200 MOMENTUM 30 - TRI,05-Dec-2022,3057.12
NIFTY200 MOMENTUM 30 - TRI,06-Dec-2022,2992.26
NIFTY200 MOMENTUM 30 - TRI,07-Dec-2022,3044.10
NIFTY200 MOMENTUM 30 - TRI,08-Dec-2022,2987.52
NIFTY200 MOMENTUM 30 - TRI,09-Dec-2022,2959.22
NIFTY200 MOMENTUM 30 - TRI,12-Dec-2022,2923.79
NIFTY200 MOMENTUM 30 - TRI,13-Dec-2022,2893.69
NIFTY200 MOMENTUM 30 - TRI,14-Dec-2022,2935.73
NIFTY200 MOMENTUM 30 - TRI,15-Dec-2022,2933.20
NIFTY200 MOMENTUM 30 - TRI,16-Dec-2022,2950.67
NIFTY200 MOMENTUM 30 - TRI,19-Dec-2022,2934.60
NIFTY200 MOMENTUM 30 - TRI,20-Dec-2022,2962.29
NIFTY200 MOMENTUM 30 - TRI,21-Dec-2022,2899.27
NIFTY200 MOMENTUM 30 - TRI,22-Dec-2022,2897.71
NIFTY200 MOMENTUM 30 - TRI,23-Dec-2022,2890.92
NIFTY200 MOMENTUM 30 - TRI,26-Dec-2022,2910.45
NIFTY200 MOMENTUM 30 - TRI,27-Dec-2022,2926.03
NIFTY200 MOMENTUM 30 - TRI,28-Dec-2022,2965.86
NIFTY200 MOMENTUM 30 - TRI,29-Dec-2022,2933.21
NIFTY200 MOMENTUM 30 - TRI,30-Dec-2022,3006.01
NIFTY200 MOMENTUM 30 - TRI,02-Jan-2023,2997.01
NIFTY200 MOMENTUM 30 - TRI,03-Jan-2023,3057.33
NIFTY200 MOMENTUM 30 - TRI,04-Jan-2023,3050.09
NIFTY200 MOMENTUM 30 - TRI,05-Jan-2023,3037.17
NIFTY200 MOMENTUM 30 - TRI,06-Jan-2023,3076.04
NIFTY200 MOMENTUM 30 - TRI,09-Jan-2023,3063.35
NIFTY200 MOMENTUM 30 - TRI,10-Jan-2023,2989.65
NIFTY200 MOMENTUM 30 - TRI,11-Jan-2023,3048.69
NIFTY200 MOMENTUM 30 - TRI,12-Jan-2023,3116.54
NIFTY200 MOMENTUM 30 - TRI,13-Jan-2023,3084.86
NIFTY200 MOMENTUM 30 - TRI,16-Jan-2023,3105.07
NIFTY200 MOMENTUM 30 - TRI,17-Jan-2023,3133.09
NIFTY200 MOMENTUM 30 - TRI,18-Jan-2023,3121.08
NIFTY200 MOMENTUM 30 - TRI,19-Jan-2023,3146.33
NIFTY200 MOMENTUM 30 - TRI,20-Jan-2023,3147.38
NIFTY200 MOMENTUM 30 - TRI,23-Jan-2023,3173.26
NIFTY200 MOMENTUM 30 - TRI,24-Jan-2023,3174.47
NIFTY200 MOMENTUM 30 - TRI,25-Jan-2023,3202.16
NIFTY200 MOMENTUM 30 - TRI,26-Jan-2023,3240.53
NIFTY200 MOMENTUM 30 - TRI,27-Jan-2023,3288.57
NIFTY200 MOMENTUM 30 - TRI,30-Jan-2023,3239.58
NIFTY200 MOMENTUM 30 - TRI,31-Jan-2023,3272.72
NIFTY200 MOMENTUM 30 - TRI,01-Feb-2023,3251.96
NIFTY200 MOMENTUM 30 - TRI,02-Feb-2023,3298.60
NIFTY200 MOMENTUM 30 - TRI,03-Feb-2023,3299.50
NIFTY200 MOMENTUM 30 - TRI,06-Feb-2023,3317.09
NIFTY200 MOMENTUM 30 - TRI,07-Feb-2023,3306.61
NIFTY200 MOMENTUM 30 - TRI,08-Feb-2023,3339.80
NIFTY200 MOMENTUM 30 - TRI,09-Feb-2023,3346.57
NIFTY200 MOMENTUM 30 - TRI,10-Feb-2023,3305.41
NIFTY200 MOMENTUM 30 - TRI,13-Feb-2023,3333.17
NIFTY200 MOMENTUM 30 - TRI,14-Feb-2023,3345.95
NIFTY200 MOMENTUM 30 - TRI,15-Feb-2023,3313.21
NIFTY200 MOMENTUM 30 - TRI,16-Feb-2023,3293.67
NIFTY200 MOMENTUM 30 - TRI,17-Feb-2023,3344.91
NIFTY200 MOMENTUM 30 - TRI,20-Feb-2023,3358.22
NIFTY200 MOMENTUM 30 - TRI,21-Feb-2023,3376.86
NIFTY200 MOMENTUM 30 - TRI,22-Feb-2023,3385.71
NIFTY200 MOMENTUM 30 - TRI,23-Feb-2023,3355.61
NIFTY200 MOMENTUM 30 - TRI,24-Feb-2023,3332.59
NIFTY200 MOMENTUM 30 - TRI,27-Feb-2023,3247.97
NIFTY200 MOMENTUM 30 - TRI,28-Feb-2023,3230.72
NIFTY200 MOMENTUM 30 - TRI,01-Mar-2023,3277.97
NIFTY200 MOMENTUM 30 - TRI,02-Mar-2023,3297.37
NIFTY200 MOMENTUM 30 - TRI,03-Mar-2023,3333.26
NIFTY200 MOMENTUM 30 - TRI,06-Mar-2023,3313.57
NIFTY200 MOMENTUM 30 - TRI,07-Mar-2023,3312.86
NIFTY200 MOMENTUM 30 - TRI,08-Mar-2023,3283.25
NIFTY200 MOMENTUM 30 - TRI,09-Mar-2023,3289.31
NIFTY200 MOMENTUM 30 - TRI,10-Mar-2023,3332.77
NIFTY200 MOMENTUM 30 - TRI,13-Mar-2023,3314.85
NIFTY200 MOMENTUM 30 - TRI,14-Mar-2023,3279.37
NIFTY200 MOMENTUM 30 - TRI,15-Mar-2023,3327.90
NIFTY200 MOMENTUM 30 - TRI,16-Mar-2023,3303.47
NIFTY200 MOMENTUM 30 - TRI,17-Mar-2023,3400.24
NIFTY200 MOMENTUM 30 - TRI,20-Mar-2023,3345.23
NIFTY200 MOMENTUM 30 - TRI,21-Mar-2023,3344.19
NIFTY200 MOMENTUM 30 - TRI,22-Mar-2023,3373.73
NIFTY200 MOMENTUM 30 - TRI,23-Mar-2023,3392.25
NIFTY200 MOMENTUM 30 - TRI,24-Mar-2023,3333.30
NIFTY200 MOMENTUM 30 - TRI,27-Mar-2023,3317.88
NIFTY200 MOMENTUM 30 - TRI,28-Mar-2023,3311.57
NIFTY200 MOMENTUM 30 - TRI,29-Mar-2023,3297.04
NIFTY200 MOMENTUM 30 - TRI,30-Mar-2023,3322.73
NIFTY200 MOMENTUM 30 - TRI,31-Mar-2023,3372.06
NIFTY200 MOMENTUM 30 - TRI,03-Apr-2023,3349.24
NIFTY200 MOMENTUM 30 - TRI,04-Apr-2023,3293.04
NIFTY200 MOMENTUM 30 - TRI,05-Apr-2023,3323.39
NIFTY200 MOMENTUM 30 - TRI,06-Apr-2023,3361.05
NIFTY200 MOMENTUM 30 - TRI,07-Apr-2023,3329.98
NIFTY200 MOMENTUM 30 - TRI,10-Apr-2023,3308.81
NIFTY200 MOMENTUM 30 - TRI,11-Apr-2023,3267.22
NIFTY200 MOMENTUM 30 - TRI,12-Apr-2023,3303.55
NIFTY200 MOMENTUM 30 - TRI,13-Apr-2023,3252.79
NIFTY200 MOMENTUM 30 - TRI,14-Apr-2023,3298.50
NIFTY200 MOMENTUM 30 - TRI,17-Apr-2023,3269.36
NIFTY200 MOMENTUM 30 - TRI,18-Apr-2023,3197.23
NIFTY200 MOMENTUM 30 - TRI,19-Apr-2023,3205.30
NIFTY200 MOMENTUM 30 - TRI,20-Apr-2023,3171.67
NIFTY200 MOMENTUM 30 - TRI,21-Apr-2023,3184.49
NIFTY200 MOMENTUM 30 - TRI,24-Apr-2023,3249.60
NIFTY200 MOMENTUM 30 - TRI,25-Apr-2023,3210.71
NIFTY200 MOMENTUM 30 - TRI,26-Apr-2023,3202.03
NIFTY200 MOMENTUM 30 - TRI,27-Apr-2023,3180.18
NIFTY200 MOMENTUM 30 - TRI,28-Apr-2023,3239.05
NIFTY200 MOMENTUM 30 - TRI,01-May-2023,3153.29
NIFTY200 MOMENTUM 30 - TRI,02-May-2023,3137.82
NIFTY200 MOMENTUM 30 - TRI,03-May-2023,3083.07
NIFTY200 MOMENTUM 30 - TRI,04-May-2023,3101.60
NIFTY200 MOMENTUM 30 - TRI,05-May-2023,3093.98
NIFTY200 MOMENTUM 30 - TRI,08-May-2023,3143.48
NIFTY200 MOMENTUM 30 - TRI,09-May-2023,3098.91
NIFTY200 MOMENTUM 30 - TRI,10-May-2023,3125.05
NIFTY200 MOMENTUM 30 - TRI,11-May-2023,3065.40
NIFTY200 MOMENTUM 30 - TRI,12-May-2023,3081.92
NIFTY200 MOMENTUM 30 - TRI,15-May-2023,3110.52
NIFTY200 MOMENTUM 30 - TRI,16-May-2023,3068.28
NIFTY200 MOMENTUM 30 - TRI,17-May-2023,3057.48
NIFTY200 MOMENTUM 30 - TRI,18-May-2023,3022.20
NIFTY200 MOMENTUM 30 - TRI,19-May-2023,3073.00
NIFTY200 MOMENTUM 30 - TRI,22-May-2023,3062.55
NIFTY200 MOMENTUM 30 - TRI,23-May-2023,3085.57
NIFTY200 MOMENTUM 30 - TRI,24-May-2023,3201.55
NIFTY200 MOMENTUM 30 - TRI,25-May-2023,3198.67
NIFTY200 MOMENTUM 30 - TRI,26-May-2023,3311.45
NIFTY200 MOMENTUM 30 - TRI,29-May-2023,3366.43
NIFTY200 MOMENTUM 30 - TRI,30-May-2023,3386.43
NIFTY200 MOMENTUM 30 - TRI,31-May-2023,3398.34
NIFTY200 MOMENTUM 30 - TRI,01-Jun-2023,3425.75
NIFTY200 MOMENTUM 30 - TRI,02-Jun-2023,3415.26
NIFTY200 MOMENTUM 30 - TRI,05-Jun-2023,3457.70
NIFTY200 MOMENTUM 30 - TRI,06-Jun-2023,3420.93
NIFTY200 MOMENTUM 30 - TRI,07-Jun-2023,3451.81
NIFTY200 MOMENTUM 30 - TRI,08-Jun-2023,3435.07
NIFTY200 MOMENTUM 30 - TRI,09-Jun-2023,3437.49
NIFTY200 MOMENTUM 30 - TRI,12-Jun-2023,3402.88
NIFTY200 MOMENTUM 30 - TRI,13-Jun-2023,3416.11
NIFTY200 MOMENTUM 30 - TRI,14-Jun-2023,3394.81
NIFTY200 MOMENTUM 30 - TRI,15-Jun-2023,3377.57
NIFTY200 MOMENTUM 30 - TRI,16-Jun-2023,3364.76
NIFTY200 MOMENTUM 30 - TRI,19-Jun-2023,3413.71
NIFTY200 MOMENTUM 30 - TRI,20-Jun-2023,3417.28
NIFTY200 MOMENTUM 30 - TRI,21-Jun-2023,3446.97
NIFTY200 MOMENTUM 30 - TRI,22-Jun-2023,3501.55
NIFTY200 MOMENTUM 30 - TRI,23-Jun-2023,3536.30
NIFTY200 MOMENTUM 30 - TRI,26-Jun-2023,3521.32
NIFTY200 MOMENTUM 30 - TRI,27-Jun-2023,3509.83
NIFTY200 MOMENTUM 30 - TRI,28-Jun-2023,3500.31
NIFTY200 MOMENTUM 30 - TRI,29-Jun-2023,3364.83
NIFTY200 MOMENTUM 30 - TRI,30-Jun-2023,3408.80
NIFTY200 MOMENTUM 30 - TRI,03-Jul-2023,3495.19
NIFTY200 MOMENTUM 30 - TRI,04-Jul-2023,3573.12
NIFTY200 MOMENTUM 30 - TRI,05-Jul-2023,3598.58
NIFTY200 MOMENTUM 30 - TRI,06-Jul-2023,3565.27
NIFTY200 MOMENTUM 30 - TRI,07-Jul-2023,3577.24
NIFTY200 MOMENTUM 30 - TRI,10-Jul-2023,3625.97
NIFTY200 MOMENTUM 30 - TRI,11-Jul-2023,3633.58
NIFTY200 MOMENTUM 30 - TRI,12-Jul-2023,3650.91
NIFTY200 MOMENTUM 30 - TRI,13-Jul-2023,3736.15
NIFTY200 MOMENTUM 30 - TRI,14-Jul-2023,3691.98
NIFTY200 MOMENTUM 30 - TRI,17-Jul-2023,3702.23
NIFTY200 MOMENTUM 30 - TRI,18-Jul-2023,3723.99
NIFTY200 MOMENTUM 30 - TRI,19-Jul-2023,3719.76
NIFTY200 MOMENTUM 30 - TRI,20-Jul-2023,3619.95
NIFTY200 MOMENTUM 30 - TRI,21-Jul-2023,3603.30
NIFTY200 MOMENTUM 30 - TRI,24-Jul-2023,3648.81
NIFTY200 MOMENTUM 30 - TRI,25-Jul-2023,3754.50
NIFTY200 MOMENTUM 30 - TRI,26-Jul-2023,3797.21
NIFTY200 MOMENTUM 30 - TRI,27-Jul-2023,3774.87
NIFTY200 MOMENTUM 30 - TRI,28-Jul-2023,3839.08
NIFTY200 MOMENTUM 30 - TRI,31-Jul-2023,3777.12
NIFTY200 MOMENTUM 30 - TRI,01-Aug-2023,3776.68
NIFTY200 MOMENTUM 30 - TRI,02-Aug-2023,3718.98
NIFTY200 MOMENTUM 30 - TRI,03-Aug-2023,3740.75
NIFTY200 MOMENTUM 30 - TRI,04-Aug-2023,3693.51
NIFTY200 MOMENTUM 30 - TRI,07-Aug-2023,3626.43
NIFTY200 MOMENTUM 30 - TRI,08-Aug-2023,3587.52
NIFTY200 MOMENTUM 30 - TRI,09-Aug-2023,3624.98
NIFTY200 MOMENTUM 30 - TRI,10-Aug-2023,3667.54
NIFTY200 MOMENTUM 30 - TRI,11-Aug-2023,3720.10
NIFTY200 MOMENTUM 30 - TRI,14-Aug-2023,3725.56
NIFTY200 MOMENTUM 30 - TRI,15-Aug-2023,3700.99
NIFTY200 MOMENTUM 30 - TRI,16-Aug-2023,3696.39
NIFTY200 MOMENTUM 30 - TRI,17-Aug-2023,3662.82
NIFTY200 MOMENTUM 30 - TRI,18-Aug-2023,3648.79
NIFTY200 MOMENTUM 30 - TRI,21-Aug-2023,3692.53
NIFTY200 MOMENTUM 30 - TRI,22-Aug-2023,3602.11
NIFTY200 MOMENTUM 30 - TRI,23-Aug-2023,3542.98
NIFTY200 MOMENTUM 30 - TRI,24-Aug-2023,3601.93
NIFTY200 MOMENTUM 30 - TRI,25-Aug-2023,3610.65
NIFTY200 MOMENTUM 30 - TRI,28-Aug-2023,3587.50
NIFTY200 MOMENTUM 30 - TRI,29-Aug-2023,3567.97
NIFTY200 MOMENTUM 30 - TRI,30-Aug-2023,3607.79
NIFTY200 MOMENTUM 30 - TRI,31-Aug-2023,3579.73
NIFTY200 MOMENTUM 30 - TRI,01-Sep-2023,3614.43
NIFTY200 MOMENTUM 30 - TRI,04-Sep-2023,3573.44
NIFTY200 MOMENTUM 30 - TRI,05-Sep-2023,3550.72
NIFTY200 MOMENTUM 30 - TRI,06-Sep-2023,3530.63
NIFTY200 MOMENTUM 30 - TRI,07-Sep-2023,3555.47
NIFTY200 MOMENTUM 30 - TRI,08-Sep-2023,3575.97
NIFTY200 MOMENTUM 30 - TRI,11-Sep-2023,3544.76
NIFTY200 MOMENTUM 30 - TRI,12-Sep-2023,3558.51
NIFTY200 MOMENTUM 30 - TRI,13-Sep-2023,3538.34
NIFTY200 MOMENTUM 30 - TRI,14-Sep-2023,3589.52
NIFTY200 MOMENTUM 30 - TRI,15-Sep-2023,3565.36
NIFTY200 MOMENTUM 30 - TRI,18-Sep-2023,3574.16
NIFTY200 MOMENTUM 30 - TRI,19-Sep-2023,3538.92
NIFTY200 MOMENTUM 30 - TRI,20-Sep-2023,3528.48
NIFTY200 MOMENTUM 30 - TRI,21-Sep-2023,3580.75
NIFTY200 MOMENTUM 30 - TRI,22-Sep-2023,3511.41
NIFTY200 MOMENTUM 30 - TRI,25-Sep-2023,3480.40
NIFTY200 MOMENTUM 30 - TRI,26-Sep-2023,3487.89
NIFTY200 MOMENTUM 30 - TRI,27-Sep-2023,3481.89
NIFTY200 MOMENTUM 30 - TRI,28-Sep-2023,3550.84
NIFTY200 MOMENTUM 30 - TRI,29-Sep-2023,3559.94
NIFTY200 MOMENTUM 30 - TRI,02-Oct-2023,3534.01
NIFTY200 MOMENTUM 30 - TRI,03-Oct-2023,3476.08
NIFTY200 MOMENTUM 30 - TRI,04-Oct-2023,3550.11
NIFTY200 MOMENTUM 30 - TRI,05-Oct-2023,3554.49
NIFTY200 MOMENTUM 30 - TRI,06-Oct-2023,3584.12
NIFTY200 MOMENTUM 30 - TRI,09-Oct-2023,3641.97
NIFTY200 MOMENTUM 30 - TRI,10-Oct-2023,3625.29
NIFTY200 MOMENTUM 30 - TRI,11-Oct-2023,3639.56
NIFTY200 MOMENTUM 30 - TRI,12-Oct-2023,3588.59
NIFTY200 MOMENTUM 30 - TRI,13-Oct-2023,3572.87
NIFTY200 MOMENTUM 30 - TRI,16-Oct-2023,3580.12
NIFTY200 MOMENTUM 30 - TRI,17-Oct-2023,3594.50
NIFTY200 MOMENTUM 30 - TRI,18-Oct-2023,3519.06
NIFTY200 MOMENTUM 30 - TRI,19-Oct-2023,3528.51
NIFTY200 MOMENTUM 30 - TRI,20-Oct-2023,3557.88
NIFTY200 MOMENTUM 30 - TRI,23-Oct-2023,3677.74
NIFTY200 MOMENTUM 30 - TRI,24-Oct-2023,3731.30
NIFTY200 MOMENTUM 30 - TRI,25-Oct-2023,3790.24
NIFTY200 MOMENTUM 30 - TRI,26-Oct-2023,3825.40
NIFTY200 MOMENTUM 30 - TRI,27-Oct-2023,3797.90
NIFTY200 MOMENTUM 30 - TRI,30-Oct-2023,3822.06
NIFTY200 MOMENTUM 30 - TRI,31-Oct-2023,3777.67
NIFTY200 MOMENTUM 30 - TRI,01-Nov-2023,3770.98
NIFTY200 MOMENTUM 30 - TRI,02-Nov-2023,3768.67
NIFTY200 MOMENTUM 30 - TRI,03-Nov-2023,3656.49
NIFTY200 MOMENTUM 30 - TRI,06-Nov-2023,3575.41
NIFTY200 MOMENTUM 30 - TRI,07-Nov-2023,3527.92
NIFTY200 MOMENTUM 30 - TRI,08-Nov-2023,3481.55
NIFTY200 MOMENTUM 30 - TRI,09-Nov-2023,3476.84
NIFTY200 MOMENTUM 30 - TRI,10-Nov-2023,3479.71
NIFTY200 MOMENTUM 30 - TRI,13-Nov-2023,3534.49
NIFTY200 MOMENTUM 30 - TRI,14-Nov-2023,3503.89
NIFTY200 MOMENTUM 30 - TRI,15-Nov-2023,3507.27
NIFTY200 MOMENTUM 30 - TRI,16-Nov-2023,3476.22
NIFTY200 MOMENTUM 30 - TRI,17-Nov-2023,3522.55
NIFTY200 MOMENTUM 30 - TRI,20-Nov-2023,3548.89
NIFTY200 MOMENTUM 30 - TRI,21-Nov-2023,3644.67
NIFTY200 MOMENTUM 30 - TRI,22-Nov-2023,3641.62
NIFTY200 MOMENTUM 30 - TRI,23-Nov-2023,3683.88
NIFTY200 MOMENTUM 30 - TRI,24-Nov-2023,3649.29
NIFTY200 MOMENTUM 30 - TRI,27-Nov-2023,3689.71
NIFTY200 MOMENTUM 30 - TRI,28-Nov-2023,3747.15
NIFTY200 MOMENTUM 30 - TRI,29-Nov-2023,3782.53
NIFTY200 MOMENTUM 30 - TRI,30-Nov-2023,3800.51
NIFTY200 MOMENTUM 30 - TRI,01-Dec-2023,3885.29
NIFTY200 MOMENTUM 30 - TRI,04-Dec-2023,3949.49
NIFTY200 MOMENTUM 30 - TRI,05-Dec-2023,3969.57
NIFTY200 MOMENTUM 30 - TRI,06-Dec-2023,3997.71
NIFTY200 MOMENTUM 30 - TRI,07-Dec-2023,3967.52
NIFTY200 MOMENTUM 30 - TRI,08-Dec-2023,3986.45
NIFTY200 MOMENTUM 30 - TRI,11-Dec-2023,4043.89
NIFTY200 MOMENTUM 30 - TRI,12-Dec-2023,4068.15
NIFTY200 MOMENTUM 30 - TRI,13-Dec-2023,4141.30
NIFTY200 MOMENTUM 30 - TRI,14-Dec-2023,4175.67
NIFTY200 MOMENTUM 30 - TRI,15-Dec-2023,4168.31
NIFTY200 MOMENTUM 30 - TRI,18-Dec-2023,4197.08
NIFTY200 MOMENTUM 30 - TRI,19-Dec-2023,4201.79
NIFTY200 MOMENTUM 30 - TRI,20-Dec-2023,4198.39
NIFTY200 MOMENTUM 30 - TRI,21-Dec-2023,4158.95
NIFTY200 MOMENTUM 30 - TRI,22-Dec-2023,4194.64
NIFTY200 MOMENTUM 30 - TRI,25-Dec-2023,4202.51
NIFTY200 MOMENTUM 30 - TRI,26-Dec-2023,4175.08
NIFTY200 MOMENTUM 30 - TRI,27-Dec-2023,4080.48
NIFTY200 MOMENTUM 30 - TRI,28-Dec-2023,4068.98
NIFTY200 MOMENTUM 30 - TRI,29-Dec-2023,4123.29
NIFTY200 MOMENTUM 30 - TRI,01-Jan-2024,4221.97
NIFTY200 MOMENTUM 30 - TRI,02-Jan-2024,4159.91
NIFTY200 MOMENTUM 30 - TRI,03-Jan-2024,4074.02
NIFTY200 MOMENTUM 30 - TRI,04-Jan-2024,3997.41
NIFTY200 MOMENTUM 30 - TRI,05-Jan-2024,3921.46
NIFTY200 MOMENTUM 30 - TRI,08-Jan-2024,3958.06
NIFTY200 MOMENTUM 30 - TRI,09-Jan-2024,3982.23
NIFTY200 MOMENTUM 30 - TRI,10-Jan-2024,3942.83
NIFTY200 MOMENTUM 30 - TRI,11-Jan-2024,3968.22
NIFTY200 MOMENTUM 30 - TRI,12-Jan-2024,3967.38
NIFTY200 MOMENTUM 30 - TRI,15-Jan-2024,3942.35
NIFTY200 MOMENTUM 30 - TRI,16-Jan-2024,3958.72
NIFTY200 MOMENTUM 30 - TRI,17-Jan-2024,3951.71
NIFTY200 MOMENTUM 30 - TRI,18-Jan-2024,3936.46
NIFTY200 MOMENTUM 30 - TRI,19-Jan-2024,4021.23
NIFTY200 MOMENTUM 30 - TRI,22-Jan-2024,4043.41
NIFTY200 MOMENTUM 30 - TRI,23-Jan-2024,4088.96
NIFTY200 MOMENTUM 30 - TRI,24-Jan-2024,3965.37
NIFTY200 MOMENTUM 30 - TRI,25-Jan-2024,3980.36
NIFTY200 MOMENTUM 30 - TRI,26-Jan-2024,3956.75
NIFTY200 MOMENTUM 30 - TRI,29-Jan-2024,4018.37
NIFTY200 MOMENTUM 30 - TRI,30-Jan-2024,4008.68
NIFTY200 MOMENTUM 30 - TRI,31-Jan-2024,4040.87
NIFTY200 MOMENTUM 30 - TRI,01-Feb-2024,4082.67
NIFTY200 MOMENTUM 30 - TRI,02-Feb-2024,4002.53
NIFTY200 MOMENTUM 30 - TRI,05-Feb-2024,3982.29
NIFTY200 MOMENTUM 30 - TRI,06-Feb-2024,3947.19
NIFTY200 MOMENTUM 30 - TRI,07-Feb-2024,3957.41
NIFTY200 MOMENTUM 30 - TRI,08-Feb-2024,3879.27
NIFTY200 MOMENTUM 30 - TRI,09-Feb-2024,3821.71
NIFTY200 MOMENTUM 30 - TRI,12-Feb-2024,3939.54
NIFTY200 MOMENTUM 30 - TRI,13-Feb-2024,4003.93
NIFTY200 MOMENTUM 30 - TRI,14-Feb-2024,4026.00
NIFTY200 MOMENTUM 30 - TRI,15-Feb-2024,4103.57
NIFTY200 MOMENTUM 30 - TRI,16-Feb-2024,4055.46
NIFTY200 MOMENTUM 30 - TRI,19-Feb-2024,3990.75
NIFTY200 MOMENTUM 30 - TRI,20-Feb-2024,3926.17
NIFTY200 MOMENTUM 30 - TRI,21-Feb-2024,3932.72
NIFTY200 MOMENTUM 30 - TRI,22-Feb-2024,3974.59
NIFTY200 MOMENTUM 30 - TRI,23-Feb-2024,3921.95
NIFTY200 MOMENTUM 30 - TRI,26-Feb-2024,3941.45
NIFTY200 MOMENTUM 30 - TRI,27-Feb-2024,3924.27
NIFTY200 MOMENTUM 30 - TRI,28-Feb-2024,3938.38
NIFTY200 MOMENTUM 30 - TRI,29-Feb-2024,3998.23
NIFTY200 MOMENTUM 30 - TRI,01-Mar-2024,4041.86
NIFTY200 MOMENTUM 30 - TRI,04-Mar-2024,3998.03
NIFTY200 MOMENTUM 30 - TRI,05-Mar-2024,4024.75
NIFTY200 MOMENTUM 30 - TRI,06-Mar-2024,4022.63
NIFTY200 MOMENTUM 30 - TRI,07-Mar-2024,4006.95
NIFTY200 MOMENTUM 30 - TRI,08-Mar-2024,4082.85
NIFTY200 MOMENTUM 30 - TRI,11-Mar-2024,4076.92
NIFTY200 MOMENTUM 30 - TRI,12-Mar-2024,4066.62
NIFTY200 MOMENTUM 30 - TRI,13-Mar-2024,4079.20
NIFTY200 MOMENTUM 30 - TRI,14-Mar-2024,4152.68
NIFTY200 MOMENTUM 30 - TRI,15-Mar-2024,4138.13
NIFTY200 MOMENTUM 30 - TRI,18-Mar-2024,4255.94
NIFTY200 MOMENTUM 30 - TRI,19-Mar-2024,4286.35
NIFTY200 MOMENTUM 30 - TRI,20-Mar-2024,4213.42
NIFTY200 MOMENTUM 30 - TRI,21-Mar-2024,4288.61
NIFTY200 MOMENTUM 30 - TRI,22-Mar-2024,4232.32
NIFTY200 MOMENTUM 30 - TRI,25-Mar-2024,4245.10
NIFTY200 MOMENTUM 30 - TRI,26-Mar-2024,4117.39
NIFTY200 MOMENTUM 30 - TRI,27-Mar-2024,4047.98
NIFTY200 MOMENTUM 30 - TRI,28-Mar-2024,3991.08
NIFTY200 MOMENTUM 30 - TRI,29-Mar-2024,4008.92
NIFTY200 MOMENTUM 30 - TRI,01-Apr-2024,3919.88
NIFTY200 MOMENTUM 30 - TRI,02-Apr-2024,4000.42
NIFTY200 MOMENTUM 30 - TRI,03-Apr-2024,3978.80
NIFTY200 MOMENTUM 30 - TRI,04-Apr-2024,4026.90
NIFTY200 MOMENTUM 30 - TRI,05-Apr-2024,4069.55
NIFTY200 MOMENTUM 30 - TRI,08-Apr-2024,4082.93
NIFTY200 MOMENTUM 30 - TRI,09-Apr-2024,4016.18
NIFTY200 MOMENTUM 30 - TRI,10-Apr-2024,3971.85
NIFTY200 MOMENTUM 30 - TRI,11-Apr-2024,4094.49
NIFTY200 MOMENTUM 30 - TRI,12-Apr-2024,4042.90
NIFTY200 MOMENTUM 30 - TRI,15-Apr-2024,4055.49
NIFTY200 MOMENTUM 30 - TRI,16-Apr-2024,4073.22
NIFTY200 MOMENTUM 30 - TRI,17-Apr-2024,4082.25
NIFTY200 MOMENTUM 30 - TRI,18-Apr-2024,3945.80
NIFTY200 MOMENTUM 30 - TRI,19-Apr-2024,3977.16
NIFTY200 MOMENTUM 30 - TRI,22-Apr-2024,3978.90
NIFTY200 MOMENTUM 30 - TRI,23-Apr-2024,3959.63
NIFTY200 MOMENTUM 30 - TRI,24-Apr-2024,3962.62
NIFTY200 MOMENTUM 30 - TRI,25-Apr-2024,3974.76
NIFTY200 MOMENTUM 30 - TRI,26-Apr-2024,4007.99
NIFTY200 MOMENTUM 30 - TRI,29-Apr-2024,4028.23
NIFTY200 MOMENTUM 30 - TRI,30-Apr-2024,3944.13
NIFTY200 MOMENTUM 30 - TRI,01-May-2024,3932.42
NIFTY200 MOMENTUM 30 - TRI,02-May-2024,3879.13
NIFTY200 MOMENTUM 30 - TRI,03-May-2024,3836.00
NIFTY200 MOMENTUM 30 - TRI,06-May-2024,3797.20
NIFTY200 MOMENTUM 30 - TRI,07-May-2024,3895.03
NIFTY200 MOMENTUM 30 - TRI,08-May-2024,3846.84
NIFTY200 MOMENTUM 30 - TRI,09-May-2024,3868.45
NIFTY200 MOMENTUM 30 - TRI,10-May-2024,3882.25
NIFTY200 MOMENTUM 30 - TRI,13-May-2024,3898.55
NIFTY200 MOMENTUM 30 - TRI,14-May-2024,3909.10
NIFTY200 MOMENTUM 30 - TRI,15-May-2024,3885.11
NIFTY200 MOMENTUM 30 - TRI,16-May-2024,3902.21
NIFTY200 MOMENTUM 30 - TRI,17-May-2024,3959.92
NIFTY200 MOMENTUM 30 - TRI,20-May-2024,3983.74
NIFTY200 MOMENTUM 30 - TRI,21-May-2024,4050.66
NIFTY200 MOMENTUM 30 - TRI,22-May-2024,4093.12
NIFTY200 MOMENTUM 30 - TRI,23-May-2024,4078.50
NIFTY200 MOMENTUM 30 - TRI,24-May-2024,4079.24
NIFTY200 MOMENTUM 30 - TRI,27-May-2024,3965.48
NIFTY200 MOMENTUM 30 - TRI,28-May-2024,3995.05
NIFTY200 MOMENTUM 30 - TRI,29-May-2024,3957.75
NIFTY200 MOMENTUM 30 - TRI,30-May-2024,3976.58
NIFTY200 MOMENTUM 30 - TRI,31-May-2024,4031.16
NIFTY200 MOMENTUM 30 - TRI,03-Jun-2024,4003.24
NIFTY200 MOMENTUM 30 - TRI,04-Jun-2024,3977.67
NIFTY200 MOMENTUM 30 - TRI,05-Jun-2024,4064.16
NIFTY200 MOMENTUM 30 - TRI,06-Jun-2024,4060.63
NIFTY200 MOMENTUM 30 - TRI,07-Jun-2024,4053.97
NIFTY200 MOMENTUM 30 - TRI,10-Jun-2024,4002.77
NIFTY200 MOMENTUM 30 - TRI,11-Jun-2024,4044.10
NIFTY200 MOMENTUM 30 - TRI,12-Jun-2024,3962.30
NIFTY200 MOMENTUM 30 - TRI,13-Jun-2024,4026.75
NIFTY200 MOMENTUM 30 - TRI,14-Jun-2024,4154.85
NIFTY200 MOMENTUM 30 - TRI,17-Jun-2024,4113.92
NIFTY200 MOMENTUM 30 - TRI,18-Jun-2024,4097.73
NIFTY200 MOMENTUM 30 - TRI,19-Jun-2024,4074.48
NIFTY200 MOMENTUM 30 - TRI,20-Jun-2024,4066.89
NIFTY200 MOMENTUM 30 - TRI,21-Jun-2024,4027.62
NIFTY200 MOMENTUM 30 - TRI,24-Jun-2024,3979.67
NIFTY200 MOMENTUM 30 - TRI,25-Jun-2024,4017.06
NIFTY200 MOMENTUM 30 - TRI,26-Jun-2024,4062.98
NIFTY200 MOMENTUM 30 - TRI,27-Jun-2024,4054.78
NIFTY200 MOMENTUM 30 - TRI,28-Jun-2024,4083.76
NIFTY200 MOMENTUM 30 - TRI,01-Jul-2024,4075.42
NIFTY200 MOMENTUM 30 - TRI,02-Jul-2024,4132.20
NIFTY200 MOMENTUM 30 - TRI,03-Jul-2024,4104.45
NIFTY200 MOMENTUM 30 - TRI,04-Jul-2024,4133.24
NIFTY200 MOMENTUM 30 - TRI,05-Jul-2024,4127.59
NIFTY200 MOMENTUM 30 - TRI,08-Jul-2024,4061.08
NIFTY200 MOMENTUM 30 - TRI,09-Jul-2024,4134.62
NIFTY200 MOMENTUM 30 - TRI,10-Jul-2024,4217.49
NIFTY200 MOMENTUM 30 - TRI,11-Jul-2024,4205.17
NIFTY200 MOMENTUM 30 - TRI,12-Jul-2024,4206.63
NIFTY200 MOMENTUM 30 - TRI,15-Jul-2024,4208.37
NIFTY200 MOMENTUM 30 - TRI,16-Jul-2024,4248.37
NIFTY200 MOMENTUM 30 - TRI,17-Jul-2024,4259.44
NIFTY200 MOMENTUM 30 - TRI,18-Jul-2024,4270.81
NIFTY200 MOMENTUM 30 - TRI,19-Jul-2024,4197.49
NIFTY200 MOMENTUM 30 - TRI,22-Jul-2024,4139.13
NIFTY200 MOMENTUM 30 - TRI,23-Jul-2024,4041.11
NIFTY200 MOMENTUM 30 - TRI,24-Jul-2024,4100.11
NIFTY200 MOMENTUM 30 - TRI,25-Jul-2024,4145.92
NIFTY200 MOMENTUM 30 - TRI,26-Jul-2024,4121.26
NIFTY200 MOMENTUM 30 - TRI,29-Jul-2024,4054.92
NIFTY200 MOMENTUM 30 - TRI,30-Jul-2024,3953.21
NIFTY200 MOMENTUM 30 - TRI,31-Jul-2024,3908.63
NIFTY200 MOMENTUM 30 - TRI,01-Aug-2024,3915.01
NIFTY200 MOMENTUM 30 - TRI,02-Aug-2024,3879.96
NIFTY200 MOMENTUM 30 - TRI,05-Aug-2024,3921.61
NIFTY200 MOMENTUM 30 - TRI,06-Aug-2024,3909.48
NIFTY200 MOMENTUM 30 - TRI,07-Aug-2024,3968.34
NIFTY200 MOMENTUM 30 - TRI,08-Aug-2024,3999.30
NIFTY200 MOMENTUM 30 - TRI,09-Aug-2024,4061.07
NIFTY200 MOMENTUM 30 - TRI,12-Aug-2024,4034.56
NIFTY200 MOMENTUM 30 - TRI,13-Aug-2024,4117.18
NIFTY200 MOMENTUM 30 - TRI,14-Aug-2024,4168.39
NIFTY200 MOMENTUM 30 - TRI,15-Aug-2024,4173.14
NIFTY200 MOMENTUM 30 - TRI,16-Aug-2024,4227.89
NIFTY200 MOMENTUM 30 - TRI,19-Aug-2024,4156.20
NIFTY200 MOMENTUM 30 - TRI,20-Aug-2024,4146.06
NIFTY200 MOMENTUM 30 - TRI,21-Aug-2024,4039.38
NIFTY200 MOMENTUM 30 - TRI,22-Aug-2024,4061.74
NIFTY200 MOMENTUM 30 - TRI,23-Aug-2024,4040.52
NIFTY200 MOMENTUM 30 - TRI,26-Aug-2024,3936.25
NIFTY200 MOMENTUM 30 - TRI,27-Aug-2024,3925.83
NIFTY200 MOMENTUM 30 - TRI,28-Aug-2024,3956.81
NIFTY200 MOMENTUM 30 - TRI,29-Aug-2024,3874.61
NIFTY200 MOMENTUM 30 - TRI,30-Aug-2024,3822.84
NIFTY200 MOMENTUM 30 - TRI,02-Sep-2024,3806.76
NIFTY200 MOMENTUM 30 - TRI,03-Sep-2024,3803.33
NIFTY200 MOMENTUM 30 - TRI,04-Sep-2024,3765.19
NIFTY200 MOMENTUM 30 - TRI,05-Sep-2024,3761.43
NIFTY200 MOMENTUM 30 - TRI,06-Sep-2024,3726.06
NIFTY200 MOMENTUM 30 - TRI,09-Sep-2024,3713.79
NIFTY200 MOMENTUM 30 - TRI,10-Sep-2024,3645.81
NIFTY200 MOMENTUM 30 - TRI,11-Sep-2024,3598.03
NIFTY200 MOMENTUM 30 - TRI,12-Sep-2024,3619.35
NIFTY200 MOMENTUM 30 - TRI,13-Sep-2024,3621.52
NIFTY200 MOMENTUM 30 - TRI,16-Sep-2024,3574.50
NIFTY200 MOMENTUM 30 - TRI,17-Sep-2024,3646.60
NIFTY200 MOMENTUM 30 - TRI,18-Sep-2024,3714.23
NIFTY200 MOMENTUM 30 - TRI,19-Sep-2024,3720.22
NIFTY200 MOMENTUM 30 - TRI,20-Sep-2024,3765.46
NIFTY200 MOMENTUM 30 - TRI,23-Sep-2024,3744.33
NIFTY200 MOMENTUM 30 - TRI,24-Sep-2024,3682.41
NIFTY200 MOMENTUM 30 - TRI,25-Sep-2024,3673.74
NIFTY200 MOMENTUM 30 - TRI,26-Sep-2024,3737.75
NIFTY200 MOMENTUM 30 - TRI,27-Sep-2024,3805.03
NIFTY200 MOMENTUM 30 - TRI,30-Sep-2024,3766.34
NIFTY200 MOMENTUM 30 - TRI,01-Oct-2024,3752.78
NIFTY200 MOMENTUM 30 - TRI,02-Oct-2024,3766.82
NIFTY200 MOMENTUM 30 - TRI,03-Oct-2024,3795.32
NIFTY200 MOMENTUM 30 - TRI,04-Oct-2024,3787.09
NIFTY200 MOMENTUM 30 - TRI,07-Oct-2024,3781.71
NIFTY200 MOMENTUM 30 - TRI,08-Oct-2024,3822.36
NIFTY200 MOMENTUM 30 - TRI,09-Oct-2024,3880.52
NIFTY200 MOMENTUM 30 - TRI,10-Oct-2024,3893.28
NIFTY200 MOMENTUM 30 - TRI,11-Oct-2024,3894.74
NIFTY200 MOMENTUM 30 - TRI,14-Oct-2024,3916.01
NIFTY200 MOMENTUM 30 - TRI,15-Oct-2024,3980.93
NIFTY200 MOMENTUM 30 - TRI,16-Oct-2024,4037.51
NIFTY200 MOMENTUM 30 - TRI,17-Oct-2024,4028.29
NIFTY200 MOMENTUM 30 - TRI,18-Oct-2024,3903.73
NIFTY200 MOMENTUM 30 - TRI,21-Oct-2024,3886.46
NIFTY200 MOMENTUM 30 - TRI,22-Oct-2024,3843.07
NIFTY200 MOMENTUM 30 - TRI,23-Oct-2024,3823.01
NIFTY200 MOMENTUM 30 - TRI,24-Oct-2024,3790.50
NIFTY200 MOMENTUM 30 - TRI,25-Oct-2024,3738.39
NIFTY200 MOMENTUM 30 - TRI,28-Oct-2024,3778.22
NIFTY200 MOMENTUM 30 - TRI,29-Oct-2024,3777.95
NIFTY200 MOMENTUM 30 - TRI,30-Oct-2024,3803.58
NIFTY200 MOMENTUM 30 - TRI,31-Oct-2024,3751.88
NIFTY200 MOMENTUM 30 - TRI,01-Nov-2024,3792.34
NIFTY200 MOMENTUM 30 - TRI,04-Nov-2024,3803.38
NIFTY200 MOMENTUM 30 - TRI,05-Nov-2024,3758.80
NIFTY200 MOMENTUM 30 - TRI,06-Nov-2024,3790.32
NIFTY200 MOMENTUM 30 - TRI,07-Nov-2024,3761.42
NIFTY200 MOMENTUM 30 - TRI,08-Nov-2024,3706.70
NIFTY200 MOMENTUM 30 - TRI,11-Nov-2024,3655.72
NIFTY200 MOMENTUM 30 - TRI,12-Nov-2024,3614.03
NIFTY200 MOMENTUM 30 - TRI,13-Nov-2024,3617.72
NIFTY200 MOMENTUM 30 - TRI,14-Nov-2024,3652.46
NIFTY200 MOMENTUM 30 - TRI,15-Nov-2024,3659.72
NIFTY200 MOMENTUM 30 - TRI,18-Nov-2024,3517.12
NIFTY200 MOMENTUM 30 - TRI,19-Nov-2024,3502.82
NIFTY200 MOMENTUM 30 - TRI,20-Nov-2024,3517.75
NIFTY200 MOMENTUM 30 - TRI,21-Nov-2024,3526.96
NIFTY200 MOMENTUM 30 - TRI,22-Nov-2024,3551.17
NIFTY200 MOMENTUM 30 - TRI,25-Nov-2024,3547.34
NIFTY200 MOMENTUM 30 - TRI,26-Nov-2024,3569.89
NIFTY200 MOMENTUM 30 - TRI,27-Nov-2024,3543.92
NIFTY200 MOMENTUM 30 - TRI,28-Nov-2024,3559.44
NIFTY200 MOMENTUM 30 - TRI,29-Nov-2024,3673.03
NIFTY200 MOMENTUM 30 - TRI,02-Dec-2024,3746.60
NIFTY200 MOMENTUM 30 - TRI,03-Dec-2024,3740.44
NIFTY200 MOMENTUM 30 - TRI,04-Dec-2024,3646.93
NIFTY200 MOMENTUM 30 - TRI,05-Dec-2024,3632.14
NIFTY200 MOMENTUM 30 - TRI,06-Dec-2024,3683.38
NIFTY200 MOMENTUM 30 - TRI,09-Dec-2024,3613.22
NIFTY200 MOMENTUM 30 - TRI,10-Dec-2024,3574.58
NIFTY200 MOMENTUM 30 - TRI,11-Dec-2024,3612.26
NIFTY200 MOMENTUM 30 - TRI,12-Dec-2024,3577.74
NIFTY200 MOMENTUM 30 - TRI,13-Dec-2024,3587.41
NIFTY200 MOMENTUM 30 - TRI,16-Dec-2024,3570.83
NIFTY200 MOMENTUM 30 - TRI,17-Dec-2024,3524.30
NIFTY200 MOMENTUM 30 - TRI,18-Dec-2024,3512.37
NIFTY200 MOMENTUM 30 - TRI,19-Dec-2024,3589.02
NIFTY200 MOMENTUM 30 - TRI,20-Dec-2024,3615.50
NIFTY200 MOMENTUM 30 - TRI,23-Dec-2024,3541.09
NIFTY200 MOMENTUM 30 - TRI,24-Dec-2024,3485.01
NIFTY200 MOMENTUM 30 - TRI,25-Dec-2024,3534.36
NIFTY200 MOMENTUM 30 - TRI,26-Dec-2024,3572.83
NIFTY200 MOMENTUM 30 - TRI,27-Dec-2024,3549.04
NIFTY200 MOMENTUM 30 - TRI,30-Dec-2024,3597.23
NIFTY200 MOMENTUM 30 - TRI,31-Dec-2024,3550.72
NIFTY200 MOMENTUM 30 - TRI,01-Jan-2025,3577.52
NIFTY200 MOMENTUM 30 - TRI,02-Jan-2025,3537.51
NIFTY200 MOMENTUM 30 - TRI,03-Jan-2025,3569.67
NIFTY200 MOMENTUM 30 - TRI,06-Jan-2025,3626.74
NIFTY200 MOMENTUM 30 - TRI,07-Jan-2025,3652.18
NIFTY200 MOMENTUM 30 - TRI,08-Jan-2025,3630.65
NIFTY200 MOMENTUM 30 - TRI,09-Jan-2025,3672.01
NIFTY200 MOMENTUM 30 - TRI,10-Jan-2025,3604.60
NIFTY200 MOMENTUM 30 - TRI,13-Jan-2025,3567.53
NIFTY200 MOMENTUM 30 - TRI,14-Jan-2025,3471.28
NIFTY200 MOMENTUM 30 - TRI,15-Jan-2025,3462.79
NIFTY200 MOMENTUM 30 - TRI,16-Jan-2025,3461.04
NIFTY200 MOMENTUM 30 - TRI,17-Jan-2025,3443.42
NIFTY200 MOMENTUM 30 - TRI,20-Jan-2025,3521.75
NIFTY200 MOMENTUM 30 - TRI,21-Jan-2025,3469.22
NIFTY200 MOMENTUM 30 - TRI,22-Jan-2025,3534.99
NIFTY200 MOMENTUM 30 - TRI,23-Jan-2025,3545.00
NIFTY200 MOMENTUM 30 - TRI,24-Jan-2025,3569.65
NIFTY200 MOMENTUM 30 - TRI,27-Jan-2025,3683.72
NIFTY200 MOMENTUM 30 - TRI,28-Jan-2025,3663.26
NIFTY200 MOMENTUM 30 - TRI,29-Jan-2025,3624.75
NIFTY200 MOMENTUM 30 - TRI,30-Jan-2025,3538.83
NIFTY200 MOMENTUM 30 - TRI,31-Jan-2025,3552.94
NIFTY200 MOMENTUM 30 - TRI,03-Feb-2025,3481.74
NIFTY200 MOMENTUM 30 - TRI,04-Feb-2025,3495.44
NIFTY200 MOMENTUM 30 - TRI,05-Feb-2025,3505.22
NIFTY200 MOMENTUM 30 - TRI,06-Feb-2025,3465.64
NIFTY200 MOMENTUM 30 - TRI,07-Feb-2025,3402.78
NIFTY200 MOMENTUM 30 - TRI,10-Feb-2025,3425.23
NIFTY200 MOMENTUM 30 - TRI,11-Feb-2025,3359.69
NIFTY200 MOMENTUM 30 - TRI,12-Feb-2025,3325.71
NIFTY200 MOMENTUM 30 - TRI,13-Feb-2025,3365.92
NIFTY200 MOMENTUM 30 - TRI,14-Feb-2025,3330.72
NIFTY200 MOMENTUM 30 - TRI,17-Feb-2025,3351.37
NIFTY200 MOMENTUM 30 - TRI,18-Feb-2025,3371.29
NIFTY200 MOMENTUM 30 - TRI,19-Feb-2025,3448.79
NIFTY200 MOMENTUM 30 - TRI,20-Feb-2025,3462.76
NIFTY200 MOMENTUM 30 - TRI,21-Feb-2025,3370.83
NIFTY200 MOMENTUM 30 - TRI,24-Feb-2025,3406.62
NIFTY200 MOMENTUM 30 - TRI,25-Feb-2025,3400.32
NIFTY200 MOMENTUM 30 - TRI,26-Feb-2025,3373.54
NIFTY200 MOMENTUM 30 - TRI,27-Feb-2025,3390.03
NIFTY200 MOMENTUM 30 - TRI,28-Feb-2025,3397.12
NIFTY200 MOMENTUM 30 - TRI,03-Mar-2025,3374.03
NIFTY200 MOMENTUM 30 - TRI,04-Mar-2025,3350.05
NIFTY200 MOMENTUM 30 - TRI,05-Mar-2025,3275.05
NIFTY200 MOMENTUM 30 - TRI,06-Mar-2025,3289.93
NIFTY200 MOMENTUM 30 - TRI,07-Mar-2025,3287.48
NIFTY200 MOMENTUM 30 - TRI,10-Mar-2025,3330.43
NIFTY200 MOMENTUM 30 - TRI,11-Mar-2025,3394.86
NIFTY200 MOMENTUM 30 - TRI,12-Mar-2025,3357.75
NIFTY200 MOMENTUM 30 - TRI,13-Mar-2025,3402.44
NIFTY200 MOMENTUM 30 - TRI,14-Mar-2025,3342.85
NIFTY200 MOMENTUM 30 - TRI,17-Mar-2025,3325.04
NIFTY200 MOMENTUM 30 - TRI,18-Mar-2025,3332.13
NIFTY200 MOMENTUM 30 - TRI,19-Mar-2025,3359.80
NIFTY200 MOMENTUM 30 - TRI,20-Mar-2025,3340.54
NIFTY200 MOMENTUM 30 - TRI,21-Mar-2025,3345.13
NIFTY200 MOMENTUM 30 - TRI,24-Mar-2025,3281.66
NIFTY200 MOMENTUM 30 - TRI,25-Mar-2025,3274.07
NIFTY200 MOMENTUM 30 - TRI,26-Mar-2025,3246.22
NIFTY200 MOMENTUM 30 - TRI,27-Mar-2025,3275.75
NIFTY200 MOMENTUM 30 - TRI,28-Mar-2025,3309.57
NIFTY200 MOMENTUM 30 - TRI,31-Mar-2025,3281.46
NIFTY200 MOMENTUM 30 - TRI,01-Apr-2025,3237.99
NIFTY200 MOMENTUM 30 - TRI,02-Apr-2025,3233.97
NIFTY200 MOMENTUM 30 - TRI,03-Apr-2025,3200.92
NIFTY200 MOMENTUM 30 - TRI,04-Apr-2025,3110.56
NIFTY200 MOMENTUM 30 - TRI,07-Apr-2025,3146.51
NIFTY200 MOMENTUM 30 - TRI,08-Apr-2025,3138.95
NIFTY200 MOMENTUM 30 - TRI,09-Apr-2025,3188.03
NIFTY200 MOMENTUM 30 - TRI,10-Apr-2025,3217.82
NIFTY200 MOMENTUM 30 - TRI,11-Apr-2025,3265.38
NIFTY200 MOMENTUM 30 - TRI,14-Apr-2025,3235.35
NIFTY200 MOMENTUM 30 - TRI,15-Apr-2025,3273.64
NIFTY200 MOMENTUM 30 - TRI,16-Apr-2025,3304.89
NIFTY200 MOMENTUM 30 - TRI,17-Apr-2025,3306.10
NIFTY200 MOMENTUM 30 - TRI,18-Apr-2025,3295.95
NIFTY200 MOMENTUM 30 - TRI,21-Apr-2025,3297.17
NIFTY200 MOMENTUM 30 - TRI,22-Apr-2025,3254.35
NIFTY200 MOMENTUM 30 - TRI,23-Apr-2025,3339.62
NIFTY200 MOMENTUM 30 - TRI,24-Apr-2025,3305.19
NIFTY200 MOMENTUM 30 - TRI,25-Apr-2025,3341.34
NIFTY200 MOMENTUM 30 - TRI,28-Apr-2025,3308.22
NIFTY200 MOMENTUM 30 - TRI,29-Apr-2025,3365.97
NIFTY200 MOMENTUM 30 - TRI,30-Apr-2025,3410.61
NIFTY200 MOMENTUM 30 - TRI,01-May-2025,3491.42
NIFTY200 MOMENTUM 30 - TRI,02-May-2025,3539.25
NIFTY200 MOMENTUM 30 - TRI,05-May-2025,3583.97
NIFTY200 MOMENTUM 30 - TRI,06-May-2025,3618.78
NIFTY200 MOMENTUM 30 - TRI,07-May-2025,3585.53
NIFTY200 MOMENTUM 30 - TRI,08-May-2025,3554.95
NIFTY200 MOMENTUM 30 - TRI,09-May-2025,3552.44
NIFTY200 MOMENTUM 30 - TRI,12-May-2025,3461.58
NIFTY200 MOMENTUM 30 - TRI,13-May-2025,3457.16
NIFTY200 MOMENTUM 30 - TRI,14-May-2025,3467.96
NIFTY200 MOMENTUM 30 - TRI,15-May-2025,3481.86
NIFTY200 MOMENTUM 30 - TRI,16-May-2025,3511.60
NIFTY200 MOMENTUM 30 - TRI,19-May-2025,3582.48
NIFTY200 MOMENTUM 30 - TRI,20-May-2025,3673.52
NIFTY200 MOMENTUM 30 - TRI,21-May-2025,3672.64
NIFTY200 MOMENTUM 30 - TRI,22-May-2025,3758.19
NIFTY200 MOMENTUM 30 - TRI,23-May-2025,3777.53
NIFTY200 MOMENTUM 30 - TRI,26-May-2025,3831.92
NIFTY200 MOMENTUM 30 - TRI,27-May-2025,3817.03
NIFTY200 MOMENTUM 30 - TRI,28-May-2025,3779.61
NIFTY200 MOMENTUM 30 - TRI,29-May-2025,3831.37
NIFTY200 MOMENTUM 30 - TRI,30-May-2025,3744.17
NIFTY200 MOMENTUM 30 - TRI,02-Jun-2025,3788.68
NIFTY200 MOMENTUM 30 - TRI,03-Jun-2025,3781.21
NIFTY200 MOMENTUM 30 - TRI,04-Jun-2025,3744.50
NIFTY200 MOMENTUM 30 - TRI,05-Jun-2025,3681.64
NIFTY200 MOMENTUM 30 - TRI,06-Jun-2025,3694.86
NIFTY200 MOMENTUM 30 - TRI,09-Jun-2025,3647.18
NIFTY200 MOMENTUM 30 - TRI,10-Jun-2025,3640.87
NIFTY200 MOMENTUM 30 - TRI,11-Jun-2025,3672.97
NIFTY200 MOMENTUM 30 - TRI,12-Jun-2025,3661.73
NIFTY200 MOMENTUM 30 - TRI,13-Jun-2025,3689.25
NIFTY200 MOMENTUM 30 - TRI,16-Jun-2025,3641.86
NIFTY200 MOMENTUM 30 - TRI,17-Jun-2025,3548.89
NIFTY200 MOMENTUM 30 - TRI,18-Jun-2025,3412.91
NIFTY200 MOMENTUM 30 - TRI,19-Jun-2025,3458.79
NIFTY200 MOMENTUM 30 - TRI,20-Jun-2025,3508.08
NIFTY200 MOMENTUM 30 - TRI,23-Jun-2025,3476.47
NIFTY200 MOMENTUM 30 - TRI,24-Jun-2025,3408.82
NIFTY200 MOMENTUM 30 - TRI,25-Jun-2025,3363.68
NIFTY200 MOMENTUM 30 - TRI,26-Jun-2025,3436.25
NIFTY200 MOMENTUM 30 - TRI,27-Jun-2025,3418.93
NIFTY200 MOMENTUM 30 - TRI,30-Jun-2025,3430.16
NIFTY200 MOMENTUM 30 - TRI,01-Jul-2025,3445.31
NIFTY200 MOMENTUM 30 - TRI,02-Jul-2025,3501.36
NIFTY200 MOMENTUM 30 - TRI,03-Jul-2025,3444.62
NIFTY200 MOMENTUM 30 - TRI,04-Jul-2025,3402.35
NIFTY200 MOMENTUM 30 - TRI,07-Jul-2025,3383.05
NIFTY200 MOMENTUM 30 - TRI,08-Jul-2025,3450.97
NIFTY200 MOMENTUM 30 - TRI,09-Jul-2025,3400.00
NIFTY200 MOMENTUM 30 - TRI,10-Jul-2025,3344.24
NIFTY200 MOMENTUM 30 - TRI,11-Jul-2025,3350.78
NIFTY200 MOMENTUM 30 - TRI,14-Jul-2025,3338.57
NIFTY200 MOMENTUM 30 - TRI,15-Jul-2025,3355.95
NIFTY200 MOMENTUM 30 - TRI,16-Jul-2025,3342.81
NIFTY200 MOMENTUM 30 - TRI,17-Jul-2025,3397.13
NIFTY200 MOMENTUM 30 - TRI,18-Jul-2025,3430.87
NIFTY200 MOMENTUM 30 - TRI,21-Jul-2025,3442.48
NIFTY200 MOMENTUM 30 - TRI,22-Jul-2025,3431.54
NIFTY200 MOMENTUM 30 - TRI,23-Jul-2025,3428.27
NIFTY200 MOMENTUM 30 - TRI,24-Jul-2025,3357.40
NIFTY200 MOMENTUM 30 - TRI,25-Jul-2025,3361.05
NIFTY200 MOMENTUM 30 - TRI,28-Jul-2025,3383.21
NIFTY200 MOMENTUM 30 - TRI,29-Jul-2025,3334.83
NIFTY200 MOMENTUM 30 - TRI,30-Jul-2025,3334.36
NIFTY200 MOMENTUM 30 - TRI,31-Jul-2025,3293.69
NIFTY200 MOMENTUM 30 - TRI,01-Aug-2025,3309.45
NIFTY200 MOMENTUM 30 - TRI,04-Aug-2025,3232.74
NIFTY200 MOMENTUM 30 - TRI,05-Aug-2025,3210.20
NIFTY200 MOMENTUM 30 - TRI,06-Aug-2025,3244.73
NIFTY200 MOMENTUM 30 - TRI,07-Aug-2025,3299.75
NIFTY200 MOMENTUM 30 - TRI,08-Aug-2025,3332.54
NIFTY200 MOMENTUM 30 - TRI,11-Aug-2025,3346.39
NIFTY200 MOMENTUM 30 - TRI,12-Aug-2025,3348.88
NIFTY200 MOMENTUM 30 - TRI,13-Aug-2025,3243.02
NIFTY200 MOMENTUM 30 - TRI,14-Aug-2025,3271.81
NIFTY200 MOMENTUM 30 - TRI,15-Aug-2025,3252.59
NIFTY200 MOMENTUM 30 - TRI,18-Aug-2025,3221.11
NIFTY200 MOMENTUM 30 - TRI,19-Aug-2025,3192.10
NIFTY200 MOMENTUM 30 - TRI,20-Aug-2025,3139.92
NIFTY200 MOMENTUM 30 - TRI,21-Aug-2025,3145.33
NIFTY200 MOMENTUM 30 - TRI,22-Aug-2025,3141.14
NIFTY200 MOMENTUM 30 - TRI,25-Aug-2025,3142.97
NIFTY200 MOMENTUM 30 - TRI,26-Aug-2025,3142.35
NIFTY200 MOMENTUM 30 - TRI,27-Aug-2025,3144.65
NIFTY200 MOMENTUM 30 - TRI,28-Aug-2025,3182.43
NIFTY200 MOMENTUM 30 - TRI,29-Aug-2025,3244.09
NIFTY200 MOMENTUM 30 - TRI,01-Sep-2025,3303.59
NIFTY200 MOMENTUM 30 - TRI,02-Sep-2025,3331.50
NIFTY200 MOMENTUM 30 - TRI,03-Sep-2025,3361.08
NIFTY200 MOMENTUM 30 - TRI,04-Sep-2025,3344.48
NIFTY200 MOMENTUM 30 - TRI,05-Sep-2025,3470.96
NIFTY200 MOMENTUM 30 - TRI,08-Sep-2025,3518.47
NIFTY200 MOMENTUM 30 - TRI,09-Sep-2025,3489.83
NIFTY200 MOMENTUM 30 - TRI,10-Sep-2025,3529.29
NIFTY200 MOMENTUM 30 - TRI,11-Sep-2025,3520.93
NIFTY200 MOMENTUM 30 - TRI,12-Sep-2025,3555.73
NIFTY200 MOMENTUM 30 - TRI,15-Sep-2025,3505.14
NIFTY200 MOMENTUM 30 - TRI,16-Sep-2025,3531.21
NIFTY200 MOMENTUM 30 - TRI,17-Sep-2025,3556.77
NIFTY200 MOMENTUM 30 - TRI,18-Sep-2025,3600.19
NIFTY200 MOMENTUM 30 - TRI,19-Sep-2025,3680.40
NIFTY200 MOMENTUM 30 - TRI,22-Sep-2025,3708.97
NIFTY200 MOMENTUM 30 - TRI,23-Sep-2025,3636.76
NIFTY200 MOMENTUM 30 - TRI,24-Sep-2025,3625.80
NIFTY200 MOMENTUM 30 - TRI,25-Sep-2025,3635.71
NIFTY200 MOMENTUM 30 - TRI,26-Sep-2025,3664.77
NIFTY200 MOMENTUM 30 - TRI,29-Sep-2025,3643.54
NIFTY200 MOMENTUM 30 - TRI,30-Sep-2025,3652.42
NIFTY200 MOMENTUM 30 - TRI,01-Oct-2025,3610.66
NIFTY200 MOMENTUM 30 - TRI,02-Oct-2025,3521.51
NIFTY200 MOMENTUM 30 - TRI,03-Oct-2025,3554.29
NIFTY200 MOMENTUM 30 - TRI,06-Oct-2025,3677.91
NIFTY200 MOMENTUM 30 - TRI,07-Oct-2025,3719.65
NIFTY200 MOMENTUM 30 - TRI,08-Oct-2025,3704.95
NIFTY200 MOMENTUM 30 - TRI,09-Oct-2025,3703.56
NIFTY200 MOMENTUM 30 - TRI,10-Oct-2025,3678.55
NIFTY200 MOMENTUM 30 - TRI,13-Oct-2025,3583.26
NIFTY200 MOMENTUM 30 - TRI,14-Oct-2025,3573.65
NIFTY200 MOMENTUM 30 - TRI,15-Oct-2025,3576.51
NIFTY200 MOMENTUM 30 - TRI,16-Oct-2025,3560.96
NIFTY200 MOMENTUM 30 - TRI,17-Oct-2025,3579.01
NIFTY200 MOMENTUM 30 - TRI,20-Oct-2025,3574.42
NIFTY200 MOMENTUM 30 - TRI,21-Oct-2025,3562.03
NIFTY200 MOMENTUM 30 - TRI,22-Oct-2025,3482.49
NIFTY200 MOMENTUM 30 - TRI,23-Oct-2025,3364.87
NIFTY200 MOMENTUM 30 - TRI,24-Oct-2025,3310.53
NIFTY200 MOMENTUM 30 - TRI,27-Oct-2025,3280.82
NIFTY200 MOMENTUM 30 - TRI,28-Oct-2025,3241.48
NIFTY200 MOMENTUM 30 - TRI,29-Oct-2025,3269.83
NIFTY200 MOMENTUM 30 - TRI,30-Oct-2025,3256.35
NIFTY200 MOMENTUM 30 - TRI,31-Oct-2025,3264.25
NIFTY200 MOMENTUM 30 - TRI,03-Nov-2025,3344.50
NIFTY200 MOMENTUM 30 - TRI,04-Nov-2025,3319.79
NIFTY200 MOMENTUM 30 - TRI,05-Nov-2025,3344.70
NIFTY200 MOMENTUM 30 - TRI,06-Nov-2025,3351.13
NIFTY200 MOMENTUM 30 - TRI,07-Nov-2025,3283.68
NIFTY200 MOMENTUM 30 - TRI,10-Nov-2025,3290.85
NIFTY200 MOMENTUM 30 - TRI,11-Nov-2025,3248.64
NIFTY200 MOMENTUM 30 - TRI,12-Nov-2025,3215.92
NIFTY200 MOMENTUM 30 - TRI,13-Nov-2025,3221.76
NIFTY200 MOMENTUM 30 - TRI,14-Nov-2025,3290.08
NIFTY200 MOMENTUM 30 - TRI,17-Nov-2025,3289.15
NIFTY200 MOMENTUM 30 - TRI,18-Nov-2025,3308.01
NIFTY200 MOMENTUM 30 - TRI,19-Nov-2025,3314.41
NIFTY200 MOMENTUM 30 - TRI,20-Nov-2025,3315.29
NIFTY200 MOMENTUM 30 - TRI,21-Nov-2025,3403.47
NIFTY200 MOMENTUM 30 - TRI,24-Nov-2025,3374.25
NIFTY200 MOMENTUM 30 - TRI,25-Nov-2025,3340.08
NIFTY200 MOMENTUM 30 - TRI,26-Nov-2025,3378.13
NIFTY200 MOMENTUM 30 - TRI,27-Nov-2025,3289.02
NIFTY200 MOMENTUM 30 - TRI,28-Nov-2025,3327.05
NIFTY200 MOMENTUM 30 - TRI,01-Dec-2025,3313.36
NIFTY200 MOMENTUM 30 - TRI,02-Dec-2025,3278.39
NIFTY200 MOMENTUM 30 - TRI,03-Dec-2025,3295.64
NIFTY200 MOMENTUM 30 - TRI,04-Dec-2025,3272.15
NIFTY200 MOMENTUM 30 - TRI,05-Dec-2025,3273.20
NIFTY200 MOMENTUM 30 - TRI,08-Dec-2025,3234.60
NIFTY200 MOMENTUM 30 - TRI,09-Dec-2025,3219.67
NIFTY200 MOMENTUM 30 - TRI,10-Dec-2025,3232.77
NIFTY200 MOMENTUM 30 - TRI,11-Dec-2025,3268.50
NIFTY200 MOMENTUM 30 - TRI,12-Dec-2025,3332.47
NIFTY200 MOMENTUM 30 - TRI,15-Dec-2025,3320.15
NIFTY200 MOMENTUM 30 - TRI,16-Dec-2025,3324.49
NIFTY200 MOMENTUM 30 - TRI,17-Dec-2025,3317.39
NIFTY200 MOMENTUM 30 - TRI,18-Dec-2025,3349.67
NIFTY200 MOMENTUM 30 - TRI,19-Dec-2025,3337.56
NIFTY200 MOMENTUM 30 - TRI,22-Dec-2025,3373.20
NIFTY200 MOMENTUM 30 - TRI,23-Dec-2025,3385.30
NIFTY200 MOMENTUM 30 - TRI,24-Dec-2025,3407.76
NIFTY200 MOMENTUM 30 - TRI,25-Dec-2025,3391.33
NIFTY200 MOMENTUM 30 - TRI,26-Dec-2025,3504.44
NIFTY200 MOMENTUM 30 - TRI,29-Dec-2025,3500.59
NIFTY200 MOMENTUM 30 - TRI,30-Dec-2025,3472.59
NIFTY200 MOMENTUM 30 - TRI,31-Dec-2025,3465.71
