Index Name,Date,Total Returns Index
NIFTY200 MOMENTUM 30,01-Apr-2005,1000.00
NIFTY200 MOMENTUM 30,04-Apr-2005,1000.01
NIFTY200 MOMENTUM 30,05-Apr-2005,989.36
NIFTY200 MOMENTUM 30,06-Apr-2005,994.63
NIFTY200 MOMENTUM 30,07-Apr-2005,992.35
NIFTY200 MOMENTUM 30,08-Apr-2005,979.83
NIFTY200 MOMENTUM 30,11-Apr-2005,970.73
NIFTY200 MOMENTUM 30,12-Apr-2005,981.29
NIFTY200 MOMENTUM 30,13-Apr-2005,983.74
NIFTY200 MOMENTUM 30,15-Apr-2005,951.85
NIFTY200 MOMENTUM 30,18-Apr-2005,939.01
NIFTY200 MOMENTUM 30,19-Apr-2005,932.50
NIFTY200 MOMENTUM 30,20-Apr-2005,945.80
NIFTY200 MOMENTUM 30,21-Apr-2005,959.38
NIFTY200 MOMENTUM 30,22-Apr-2005,965.11
NIFTY200 MOMENTUM 30,25-Apr-2005,970.72
NIFTY200 MOMENTUM 30,26-Apr-2005,966.44
NIFTY200 MOMENTUM 30,27-Apr-2005,955.41
NIFTY200 MOMENTUM 30,28-Apr-2005,948.64
NIFTY200 MOMENTUM 30,29-Apr-2005,924.62
NIFTY200 MOMENTUM 30,02-May-2005,932.30
NIFTY200 MOMENTUM 30,03-May-2005,937.68
NIFTY200 MOMENTUM 30,04-May-2005,951.13
NIFTY200 MOMENTUM 30,05-May-2005,964.25
NIFTY200 MOMENTUM 30,06-May-2005,965.81
NIFTY200 MOMENTUM 30,09-May-2005,979.61
NIFTY200 MOMENTUM 30,10-May-2005,981.10
NIFTY200 MOMENTUM 30,11-May-2005,976.54
NIFTY200 MOMENTUM 30,12-May-2005,980.93
NIFTY200 MOMENTUM 30,13-May-2005,980.71
NIFTY200 MOMENTUM 30,16-May-2005,993.02
NIFTY200 MOMENTUM 30,17-May-2005,983.79
NIFTY200 MOMENTUM 30,18-May-2005,981.23
NIFTY200 MOMENTUM 30,19-May-2005,987.48
NIFTY200 MOMENTUM 30,20-May-2005,988.64
NIFTY200 MOMENTUM 30,23-May-2005,994.99
NIFTY200 MOMENTUM 30,24-May-2005,1000.48
NIFTY200 MOMENTUM 30,25-May-2005,1004.24
NIFTY200 MOMENTUM 30,26-May-2005,1013.94
NIFTY200 MOMENTUM 30,27-May-2005,1015.33
NIFTY200 MOMENTUM 30,30-May-2005,1005.00
NIFTY200 MOMENTUM 30,31-May-2005,1014.85
NIFTY200 MOMENTUM 30,01-Jun-2005,1011.93
NIFTY200 MOMENTUM 30,02-Jun-2005,1001.51
NIFTY200 MOMENTUM 30,03-Jun-2005,1011.52
NIFTY200 MOMENTUM 30,04-Jun-2005,1011.42
NIFTY200 MOMENTUM 30,06-Jun-2005,1015.73
NIFTY200 MOMENTUM 30,07-Jun-2005,1030.93
NIFTY200 MOMENTUM 30,08-Jun-2005,1040.47
NIFTY200 MOMENTUM 30,09-Jun-2005,1037.14
NIFTY200 MOMENTUM 30,10-Jun-2005,1028.20
NIFTY200 MOMENTUM 30,13-Jun-2005,1032.63
NIFTY200 MOMENTUM 30,14-Jun-2005,1039.27
NIFTY200 MOMENTUM 30,15-Jun-2005,1042.48
NIFTY200 MOMENTUM 30,16-Jun-2005,1036.45
NIFTY200 MOMENTUM 30,17-Jun-2005,1035.63
NIFTY200 MOMENTUM 30,20-Jun-2005,1031.38
NIFTY200 MOMENTUM 30,21-Jun-2005,1041.50
NIFTY200 MOMENTUM 30,22-Jun-2005,1044.43
NIFTY200 MOMENTUM 30,23-Jun-2005,1050.36
NIFTY200 MOMENTUM 30,24-Jun-2005,1048.00
NIFTY200 MOMENTUM 30,27-Jun-2005,1049.37
NIFTY200 MOMENTUM 30,28-Jun-2005,1034.87
NIFTY200 MOMENTUM 30,29-Jun-2005,1043.71
NIFTY200 MOMENTUM 30,30-Jun-2005,1058.89
NIFTY200 MOMENTUM 30,01-Jul-2005,1059.93
NIFTY200 MOMENTUM 30,04-Jul-2005,1070.19
NIFTY200 MOMENTUM 30,05-Jul-2005,1063.72
NIFTY200 MOMENTUM 30,06-Jul-2005,1077.55
NIFTY200 MOMENTUM 30,07-Jul-2005,1063.43
NIFTY200 MOMENTUM 30,08-Jul-2005,1074.00
NIFTY200 MOMENTUM 30,11-Jul-2005,1084.87
NIFTY200 MOMENTUM 30,12-Jul-2005,1086.97
NIFTY200 MOMENTUM 30,13-Jul-2005,1082.39
NIFTY200 MOMENTUM 30,14-Jul-2005,1074.68
NIFTY200 MOMENTUM 30,15-Jul-2005,1081.10
NIFTY200 MOMENTUM 30,18-Jul-2005,1092.45
NIFTY200 MOMENTUM 30,19-Jul-2005,1099.40
NIFTY200 MOMENTUM 30,20-Jul-2005,1099.10
NIFTY200 MOMENTUM 30,21-Jul-2005,1092.53
NIFTY200 MOMENTUM 30,22-Jul-2005,1115.26
NIFTY200 MOMENTUM 30,25-Jul-2005,1135.67
NIFTY200 MOMENTUM 30,26-Jul-2005,1144.09
NIFTY200 MOMENTUM 30,27-Jul-2005,1152.17
NIFTY200 MOMENTUM 30,29-Jul-2005,1156.72
NIFTY200 MOMENTUM 30,01-Aug-2005,1155.74
NIFTY200 MOMENTUM 30,02-Aug-2005,1165.86
NIFTY200 MOMENTUM 30,03-Aug-2005,1168.89
NIFTY200 MOMENTUM 30,04-Aug-2005,1174.03
NIFTY200 MOMENTUM 30,05-Aug-2005,1172.42
NIFTY200 MOMENTUM 30,08-Aug-2005,1143.74
NIFTY200 MOMENTUM 30,09-Aug-2005,1143.33
NIFTY200 MOMENTUM 30,10-Aug-2005,1166.49
NIFTY200 MOMENTUM 30,11-Aug-2005,1177.24
NIFTY200 MOMENTUM 30,12-Aug-2005,1172.86
NIFTY200 MOMENTUM 30,16-Aug-2005,1172.82
NIFTY200 MOMENTUM 30,17-Aug-2005,1180.52
NIFTY200 MOMENTUM 30,18-Aug-2005,1177.44
NIFTY200 MOMENTUM 30,19-Aug-2005,1169.70
NIFTY200 MOMENTUM 30,22-Aug-2005,1158.85
NIFTY200 MOMENTUM 30,23-Aug-2005,1139.26
NIFTY200 MOMENTUM 30,24-Aug-2005,1130.22
NIFTY200 MOMENTUM 30,25-Aug-2005,1143.64
NIFTY200 MOMENTUM 30,26-Aug-2005,1149.46
NIFTY200 MOMENTUM 30,29-Aug-2005,1138.01
NIFTY200 MOMENTUM 30,30-Aug-2005,1154.24
NIFTY200 MOMENTUM 30,31-Aug-2005,1161.52
NIFTY200 MOMENTUM 30,01-Sep-2005,1170.30
NIFTY200 MOMENTUM 30,02-Sep-2005,1175.02
NIFTY200 MOMENTUM 30,05-Sep-2005,1182.78
NIFTY200 MOMENTUM 30,06-Sep-2005,1188.41
NIFTY200 MOMENTUM 30,08-Sep-2005,1201.23
NIFTY200 MOMENTUM 30,09-Sep-2005,1207.32
NIFTY200 MOMENTUM 30,12-Sep-2005,1220.99
NIFTY200 MOMENTUM 30,13-Sep-2005,1228.84
NIFTY200 MOMENTUM 30,14-Sep-2005,1227.72
NIFTY200 MOMENTUM 30,15-Sep-2005,1239.46
NIFTY200 MOMENTUM 30,16-Sep-2005,1250.92
NIFTY200 MOMENTUM 30,19-Sep-2005,1260.40
NIFTY200 MOMENTUM 30,20-Sep-2005,1265.08
NIFTY200 MOMENTUM 30,21-Sep-2005,1256.97
NIFTY200 MOMENTUM 30,22-Sep-2005,1213.56
NIFTY200 MOMENTUM 30,23-Sep-2005,1213.29
NIFTY200 MOMENTUM 30,26-Sep-2005,1253.84
NIFTY200 MOMENTUM 30,27-Sep-2005,1255.94
NIFTY200 MOMENTUM 30,28-Sep-2005,1259.80
NIFTY200 MOMENTUM 30,29-Sep-2005,1257.83
NIFTY200 MOMENTUM 30,30-Sep-2005,1265.52
NIFTY200 MOMENTUM 30,03-Oct-2005,1281.51
NIFTY200 MOMENTUM 30,04-Oct-2005,1298.03
NIFTY200 MOMENTUM 30,05-Oct-2005,1285.10
NIFTY200 MOMENTUM 30,06-Oct-2005,1259.04
NIFTY200 MOMENTUM 30,07-Oct-2005,1248.80
NIFTY200 MOMENTUM 30,10-Oct-2005,1241.71
NIFTY200 MOMENTUM 30,11-Oct-2005,1247.96
NIFTY200 MOMENTUM 30,13-Oct-2005,1232.14
NIFTY200 MOMENTUM 30,14-Oct-2005,1198.01
NIFTY200 MOMENTUM 30,17-Oct-2005,1191.73
NIFTY200 MOMENTUM 30,18-Oct-2005,1180.04
NIFTY200 MOMENTUM 30,19-Oct-2005,1158.01
NIFTY200 MOMENTUM 30,20-Oct-2005,1139.33
NIFTY200 MOMENTUM 30,21-Oct-2005,1168.09
NIFTY200 MOMENTUM 30,24-Oct-2005,1151.55
NIFTY200 MOMENTUM 30,25-Oct-2005,1163.94
NIFTY200 MOMENTUM 30,26-Oct-2005,1161.70
NIFTY200 MOMENTUM 30,27-Oct-2005,1116.11
NIFTY200 MOMENTUM 30,28-Oct-2005,1108.33
NIFTY200 MOMENTUM 30,31-Oct-2005,1150.12
NIFTY200 MOMENTUM 30,01-Nov-2005,1156.59
NIFTY200 MOMENTUM 30,02-Nov-2005,1168.41
NIFTY200 MOMENTUM 30,07-Nov-2005,1191.31
NIFTY200 MOMENTUM 30,08-Nov-2005,1206.42
NIFTY200 MOMENTUM 30,09-Nov-2005,1204.59
NIFTY200 MOMENTUM 30,10-Nov-2005,1214.66
NIFTY200 MOMENTUM 30,11-Nov-2005,1238.35
NIFTY200 MOMENTUM 30,14-Nov-2005,1243.81
NIFTY200 MOMENTUM 30,16-Nov-2005,1255.36
NIFTY200 MOMENTUM 30,17-Nov-2005,1268.62
NIFTY200 MOMENTUM 30,18-Nov-2005,1275.53
NIFTY200 MOMENTUM 30,21-Nov-2005,1266.27
NIFTY200 MOMENTUM 30,22-Nov-2005,1262.58
NIFTY200 MOMENTUM 30,23-Nov-2005,1281.87
NIFTY200 MOMENTUM 30,24-Nov-2005,1292.84
NIFTY200 MOMENTUM 30,25-Nov-2005,1322.98
NIFTY200 MOMENTUM 30,26-Nov-2005,1346.74
NIFTY200 MOMENTUM 30,28-Nov-2005,1365.51
NIFTY200 MOMENTUM 30,29-Nov-2005,1355.68
NIFTY200 MOMENTUM 30,30-Nov-2005,1330.56
NIFTY200 MOMENTUM 30,01-Dec-2005,1364.02
NIFTY200 MOMENTUM 30,02-Dec-2005,1370.85
NIFTY200 MOMENTUM 30,05-Dec-2005,1356.78
NIFTY200 MOMENTUM 30,06-Dec-2005,1353.86
NIFTY200 MOMENTUM 30,07-Dec-2005,1367.41
NIFTY200 MOMENTUM 30,08-Dec-2005,1379.42
NIFTY200 MOMENTUM 30,09-Dec-2005,1400.95
NIFTY200 MOMENTUM 30,12-Dec-2005,1401.97
NIFTY200 MOMENTUM 30,13-Dec-2005,1418.20
NIFTY200 MOMENTUM 30,14-Dec-2005,1417.17
NIFTY200 MOMENTUM 30,15-Dec-2005,1391.04
NIFTY200 MOMENTUM 30,16-Dec-2005,1414.04
NIFTY200 MOMENTUM 30,19-Dec-2005,1434.41
NIFTY200 MOMENTUM 30,20-Dec-2005,1424.66
NIFTY200 MOMENTUM 30,21-Dec-2005,1416.40
NIFTY200 MOMENTUM 30,22-Dec-2005,1421.13
NIFTY200 MOMENTUM 30,23-Dec-2005,1403.64
NIFTY200 MOMENTUM 30,26-Dec-2005,1354.70
NIFTY200 MOMENTUM 30,27-Dec-2005,1395.62
NIFTY200 MOMENTUM 30,28-Dec-2005,1392.16
NIFTY200 MOMENTUM 30,29-Dec-2005,1397.26
NIFTY200 MOMENTUM 30,30-Dec-2005,1418.38
NIFTY200 MOMENTUM 30,02-Jan-2006,1420.49
NIFTY200 MOMENTUM 30,03-Jan-2006,1445.72
NIFTY200 MOMENTUM 30,04-Jan-2006,1461.68
NIFTY200 MOMENTUM 30,05-Jan-2006,1460.64
NIFTY200 MOMENTUM 30,06-Jan-2006,1465.04
NIFTY200 MOMENTUM 30,09-Jan-2006,1467.21
NIFTY200 MOMENTUM 30,10-Jan-2006,1449.11
NIFTY200 MOMENTUM 30,12-Jan-2006,1447.28
NIFTY200 MOMENTUM 30,13-Jan-2006,1453.69
NIFTY200 MOMENTUM 30,16-Jan-2006,1446.64
NIFTY200 MOMENTUM 30,17-Jan-2006,1432.55
NIFTY200 MOMENTUM 30,18-Jan-2006,1430.17
NIFTY200 MOMENTUM 30,19-Jan-2006,1463.46
NIFTY200 MOMENTUM 30,20-Jan-2006,1489.20
NIFTY200 MOMENTUM 30,23-Jan-2006,1493.57
NIFTY200 MOMENTUM 30,24-Jan-2006,1505.96
NIFTY200 MOMENTUM 30,25-Jan-2006,1507.59
NIFTY200 MOMENTUM 30,27-Jan-2006,1543.40
NIFTY200 MOMENTUM 30,30-Jan-2006,1538.79
NIFTY200 MOMENTUM 30,31-Jan-2006,1557.13
NIFTY200 MOMENTUM 30,01-Feb-2006,1533.02
NIFTY200 MOMENTUM 30,02-Feb-2006,1531.32
NIFTY200 MOMENTUM 30,03-Feb-2006,1526.89
NIFTY200 MOMENTUM 30,06-Feb-2006,1543.50
NIFTY200 MOMENTUM 30,07-Feb-2006,1567.41
NIFTY200 MOMENTUM 30,08-Feb-2006,1561.02
NIFTY200 MOMENTUM 30,10-Feb-2006,1575.39
NIFTY200 MOMENTUM 30,13-Feb-2006,1589.95
NIFTY200 MOMENTUM 30,14-Feb-2006,1588.21
NIFTY200 MOMENTUM 30,15-Feb-2006,1585.74
NIFTY200 MOMENTUM 30,16-Feb-2006,1585.90
NIFTY200 MOMENTUM 30,17-Feb-2006,1555.69
NIFTY200 MOMENTUM 30,20-Feb-2006,1554.85
NIFTY200 MOMENTUM 30,21-Feb-2006,1569.05
NIFTY200 MOMENTUM 30,22-Feb-2006,1570.23
NIFTY200 MOMENTUM 30,23-Feb-2006,1559.38
NIFTY200 MOMENTUM 30,24-Feb-2006,1576.29
NIFTY200 MOMENTUM 30,27-Feb-2006,1587.46
NIFTY200 MOMENTUM 30,28-Feb-2006,1605.73
NIFTY200 MOMENTUM 30,01-Mar-2006,1647.63
NIFTY200 MOMENTUM 30,02-Mar-2006,1664.21
NIFTY200 MOMENTUM 30,03-Mar-2006,1680.20
NIFTY200 MOMENTUM 30,06-Mar-2006,1701.85
NIFTY200 MOMENTUM 30,07-Mar-2006,1713.86
NIFTY200 MOMENTUM 30,08-Mar-2006,1679.38
NIFTY200 MOMENTUM 30,09-Mar-2006,1686.59
NIFTY200 MOMENTUM 30,10-Mar-2006,1717.52
NIFTY200 MOMENTUM 30,13-Mar-2006,1711.64
NIFTY200 MOMENTUM 30,14-Mar-2006,1702.30
NIFTY200 MOMENTUM 30,16-Mar-2006,1715.01
NIFTY200 MOMENTUM 30,17-Mar-2006,1711.52
NIFTY200 MOMENTUM 30,20-Mar-2006,1722.67
NIFTY200 MOMENTUM 30,21-Mar-2006,1717.54
NIFTY200 MOMENTUM 30,22-Mar-2006,1716.83
NIFTY200 MOMENTUM 30,23-Mar-2006,1714.59
NIFTY200 MOMENTUM 30,24-Mar-2006,1734.44
NIFTY200 MOMENTUM 30,27-Mar-2006,1753.80
NIFTY200 MOMENTUM 30,28-Mar-2006,1749.38
NIFTY200 MOMENTUM 30,29-Mar-2006,1765.21
NIFTY200 MOMENTUM 30,30-Mar-2006,1775.11
NIFTY200 MOMENTUM 30,31-Mar-2006,1797.03
NIFTY200 MOMENTUM 30,03-Apr-2006,1848.79
NIFTY200 MOMENTUM 30,04-Apr-2006,1868.48
NIFTY200 MOMENTUM 30,05-Apr-2006,1902.78
NIFTY200 MOMENTUM 30,07-Apr-2006,1872.06
NIFTY200 MOMENTUM 30,10-Apr-2006,1888.87
NIFTY200 MOMENTUM 30,12-Apr-2006,1846.70
NIFTY200 MOMENTUM 30,13-Apr-2006,1802.09
NIFTY200 MOMENTUM 30,17-Apr-2006,1841.60
NIFTY200 MOMENTUM 30,18-Apr-2006,1868.43
NIFTY200 MOMENTUM 30,19-Apr-2006,1875.92
NIFTY200 MOMENTUM 30,20-Apr-2006,1885.57
NIFTY200 MOMENTUM 30,21-Apr-2006,1878.12
NIFTY200 MOMENTUM 30,24-Apr-2006,1870.28
NIFTY200 MOMENTUM 30,25-Apr-2006,1823.23
NIFTY200 MOMENTUM 30,26-Apr-2006,1879.28
NIFTY200 MOMENTUM 30,27-Apr-2006,1863.50
NIFTY200 MOMENTUM 30,28-Apr-2006,1882.86
NIFTY200 MOMENTUM 30,29-Apr-2006,1920.62
NIFTY200 MOMENTUM 30,02-May-2006,1949.26
NIFTY200 MOMENTUM 30,03-May-2006,1965.67
NIFTY200 MOMENTUM 30,04-May-2006,1964.18
NIFTY200 MOMENTUM 30,05-May-2006,1971.74
NIFTY200 MOMENTUM 30,08-May-2006,1974.56
NIFTY200 MOMENTUM 30,09-May-2006,1979.19
NIFTY200 MOMENTUM 30,10-May-2006,1986.12
NIFTY200 MOMENTUM 30,11-May-2006,1975.95
NIFTY200 MOMENTUM 30,12-May-2006,1961.26
NIFTY200 MOMENTUM 30,15-May-2006,1852.51
NIFTY200 MOMENTUM 30,16-May-2006,1861.99
NIFTY200 MOMENTUM 30,17-May-2006,1907.97
NIFTY200 MOMENTUM 30,18-May-2006,1745.00
NIFTY200 MOMENTUM 30,19-May-2006,1637.01
NIFTY200 MOMENTUM 30,22-May-2006,1551.37
NIFTY200 MOMENTUM 30,23-May-2006,1625.38
NIFTY200 MOMENTUM 30,24-May-2006,1596.40
NIFTY200 MOMENTUM 30,25-May-2006,1611.44
NIFTY200 MOMENTUM 30,26-May-2006,1641.57
NIFTY200 MOMENTUM 30,29-May-2006,1660.67
NIFTY200 MOMENTUM 30,30-May-2006,1640.20
NIFTY200 MOMENTUM 30,31-May-2006,1594.60
NIFTY200 MOMENTUM 30,01-Jun-2006,1527.86
NIFTY200 MOMENTUM 30,02-Jun-2006,1596.41
NIFTY200 MOMENTUM 30,05-Jun-2006,1550.78
NIFTY200 MOMENTUM 30,06-Jun-2006,1506.99
NIFTY200 MOMENTUM 30,07-Jun-2006,1450.85
NIFTY200 MOMENTUM 30,08-Jun-2006,1384.52
NIFTY200 MOMENTUM 30,09-Jun-2006,1467.65
NIFTY200 MOMENTUM 30,12-Jun-2006,1412.72
NIFTY200 MOMENTUM 30,13-Jun-2006,1341.02
NIFTY200 MOMENTUM 30,14-Jun-2006,1317.52
NIFTY200 MOMENTUM 30,15-Jun-2006,1412.75
NIFTY200 MOMENTUM 30,16-Jun-2006,1478.16
NIFTY200 MOMENTUM 30,19-Jun-2006,1511.41
NIFTY200 MOMENTUM 30,20-Jun-2006,1485.27
NIFTY200 MOMENTUM 30,21-Jun-2006,1513.00
NIFTY200 MOMENTUM 30,22-Jun-2006,1551.77
NIFTY200 MOMENTUM 30,23-Jun-2006,1559.96
NIFTY200 MOMENTUM 30,25-Jun-2006,1561.66
NIFTY200 MOMENTUM 30,26-Jun-2006,1490.19
NIFTY200 MOMENTUM 30,27-Jun-2006,1512.45
NIFTY200 MOMENTUM 30,28-Jun-2006,1508.57
NIFTY200 MOMENTUM 30,29-Jun-2006,1513.55
NIFTY200 MOMENTUM 30,30-Jun-2006,1585.17
NIFTY200 MOMENTUM 30,03-Jul-2006,1594.78
NIFTY200 MOMENTUM 30,04-Jul-2006,1584.43
NIFTY200 MOMENTUM 30,05-Jul-2006,1617.70
NIFTY200 MOMENTUM 30,06-Jul-2006,1604.49
NIFTY200 MOMENTUM 30,07-Jul-2006,1572.21
NIFTY200 MOMENTUM 30,10-Jul-2006,1607.57
NIFTY200 MOMENTUM 30,11-Jul-2006,1603.38
NIFTY200 MOMENTUM 30,12-Jul-2006,1631.34
NIFTY200 MOMENTUM 30,13-Jul-2006,1623.71
NIFTY200 MOMENTUM 30,14-Jul-2006,1595.39
NIFTY200 MOMENTUM 30,17-Jul-2006,1530.34
NIFTY200 MOMENTUM 30,18-Jul-2006,1516.20
NIFTY200 MOMENTUM 30,19-Jul-2006,1461.97
NIFTY200 MOMENTUM 30,20-Jul-2006,1516.58
NIFTY200 MOMENTUM 30,21-Jul-2006,1478.93
NIFTY200 MOMENTUM 30,24-Jul-2006,1489.91
NIFTY200 MOMENTUM 30,25-Jul-2006,1525.43
NIFTY200 MOMENTUM 30,26-Jul-2006,1558.63
NIFTY200 MOMENTUM 30,27-Jul-2006,1582.72
NIFTY200 MOMENTUM 30,28-Jul-2006,1576.00
NIFTY200 MOMENTUM 30,31-Jul-2006,1585.12
NIFTY200 MOMENTUM 30,01-Aug-2006,1580.38
NIFTY200 MOMENTUM 30,02-Aug-2006,1600.59
NIFTY200 MOMENTUM 30,03-Aug-2006,1602.97
NIFTY200 MOMENTUM 30,04-Aug-2006,1597.76
NIFTY200 MOMENTUM 30,07-Aug-2006,1596.23
NIFTY200 MOMENTUM 30,08-Aug-2006,1626.23
NIFTY200 MOMENTUM 30,09-Aug-2006,1649.41
NIFTY200 MOMENTUM 30,10-Aug-2006,1661.57
NIFTY200 MOMENTUM 30,11-Aug-2006,1666.36
NIFTY200 MOMENTUM 30,14-Aug-2006,1688.51
NIFTY200 MOMENTUM 30,16-Aug-2006,1705.00
NIFTY200 MOMENTUM 30,17-Aug-2006,1717.78
NIFTY200 MOMENTUM 30,18-Aug-2006,1728.22
NIFTY200 MOMENTUM 30,21-Aug-2006,1735.25
NIFTY200 MOMENTUM 30,22-Aug-2006,1731.12
NIFTY200 MOMENTUM 30,23-Aug-2006,1710.08
NIFTY200 MOMENTUM 30,24-Aug-2006,1728.83
NIFTY200 MOMENTUM 30,25-Aug-2006,1735.71
NIFTY200 MOMENTUM 30,28-Aug-2006,1738.38
NIFTY200 MOMENTUM 30,29-Aug-2006,1749.79
NIFTY200 MOMENTUM 30,30-Aug-2006,1747.70
NIFTY200 MOMENTUM 30,31-Aug-2006,1738.53
NIFTY200 MOMENTUM 30,01-Sep-2006,1758.08
NIFTY200 MOMENTUM 30,04-Sep-2006,1780.75
NIFTY200 MOMENTUM 30,05-Sep-2006,1785.72
NIFTY200 MOMENTUM 30,06-Sep-2006,1787.89
NIFTY200 MOMENTUM 30,07-Sep-2006,1780.46
NIFTY200 MOMENTUM 30,08-Sep-2006,1790.77
NIFTY200 MOMENTUM 30,11-Sep-2006,1726.52
NIFTY200 MOMENTUM 30,12-Sep-2006,1745.22
NIFTY200 MOMENTUM 30,13-Sep-2006,1778.50
NIFTY200 MOMENTUM 30,14-Sep-2006,1786.81
NIFTY200 MOMENTUM 30,15-Sep-2006,1795.43
NIFTY200 MOMENTUM 30,18-Sep-2006,1805.79
NIFTY200 MOMENTUM 30,19-Sep-2006,1780.06
NIFTY200 MOMENTUM 30,20-Sep-2006,1797.78
NIFTY200 MOMENTUM 30,21-Sep-2006,1825.01
NIFTY200 MOMENTUM 30,22-Sep-2006,1823.43
NIFTY200 MOMENTUM 30,25-Sep-2006,1810.25
NIFTY200 MOMENTUM 30,26-Sep-2006,1828.35
NIFTY200 MOMENTUM 30,27-Sep-2006,1834.56
NIFTY200 MOMENTUM 30,28-Sep-2006,1824.98
NIFTY200 MOMENTUM 30,29-Sep-2006,1843.75
NIFTY200 MOMENTUM 30,03-Oct-2006,1833.65
NIFTY200 MOMENTUM 30,04-Oct-2006,1808.56
NIFTY200 MOMENTUM 30,05-Oct-2006,1832.75
NIFTY200 MOMENTUM 30,06-Oct-2006,1833.76
NIFTY200 MOMENTUM 30,09-Oct-2006,1837.48
NIFTY200 MOMENTUM 30,10-Oct-2006,1844.28
NIFTY200 MOMENTUM 30,11-Oct-2006,1836.97
NIFTY200 MOMENTUM 30,12-Oct-2006,1868.77
NIFTY200 MOMENTUM 30,13-Oct-2006,1896.65
NIFTY200 MOMENTUM 30,16-Oct-2006,1916.47
NIFTY200 MOMENTUM 30,17-Oct-2006,1908.25
NIFTY200 MOMENTUM 30,18-Oct-2006,1902.51
NIFTY200 MOMENTUM 30,19-Oct-2006,1890.39
NIFTY200 MOMENTUM 30,20-Oct-2006,1891.34
NIFTY200 MOMENTUM 30,21-Oct-2006,1898.80
NIFTY200 MOMENTUM 30,23-Oct-2006,1886.09
NIFTY200 MOMENTUM 30,26-Oct-2006,1904.87
NIFTY200 MOMENTUM 30,27-Oct-2006,1933.73
NIFTY200 MOMENTUM 30,30-Oct-2006,1939.58
NIFTY200 MOMENTUM 30,31-Oct-2006,1930.00
NIFTY200 MOMENTUM 30,01-Nov-2006,1935.83
NIFTY200 MOMENTUM 30,02-Nov-2006,1939.50
NIFTY200 MOMENTUM 30,03-Nov-2006,1944.71
NIFTY200 MOMENTUM 30,06-Nov-2006,1957.02
NIFTY200 MOMENTUM 30,07-Nov-2006,1961.04
NIFTY200 MOMENTUM 30,08-Nov-2006,1946.55
NIFTY200 MOMENTUM 30,09-Nov-2006,1951.23
NIFTY200 MOMENTUM 30,10-Nov-2006,1971.34
NIFTY200 MOMENTUM 30,13-Nov-2006,1987.02
NIFTY200 MOMENTUM 30,14-Nov-2006,1983.86
NIFTY200 MOMENTUM 30,15-Nov-2006,1983.71
NIFTY200 MOMENTUM 30,16-Nov-2006,1993.73
NIFTY200 MOMENTUM 30,17-Nov-2006,1973.49
NIFTY200 MOMENTUM 30,20-Nov-2006,1968.14
NIFTY200 MOMENTUM 30,21-Nov-2006,2003.66
NIFTY200 MOMENTUM 30,22-Nov-2006,2025.33
NIFTY200 MOMENTUM 30,23-Nov-2006,2021.96
NIFTY200 MOMENTUM 30,24-Nov-2006,2022.47
NIFTY200 MOMENTUM 30,27-Nov-2006,2029.07
NIFTY200 MOMENTUM 30,28-Nov-2006,2007.37
NIFTY200 MOMENTUM 30,29-Nov-2006,2020.47
NIFTY200 MOMENTUM 30,30-Nov-2006,2029.75
NIFTY200 MOMENTUM 30,01-Dec-2006,2059.94
NIFTY200 MOMENTUM 30,04-Dec-2006,2079.84
NIFTY200 MOMENTUM 30,05-Dec-2006,2072.42
NIFTY200 MOMENTUM 30,06-Dec-2006,2065.74
NIFTY200 MOMENTUM 30,07-Dec-2006,2069.49
NIFTY200 MOMENTUM 30,08-Dec-2006,2051.51
NIFTY200 MOMENTUM 30,11-Dec-2006,1994.31
NIFTY200 MOMENTUM 30,12-Dec-2006,1917.85
NIFTY200 MOMENTUM 30,13-Dec-2006,1949.87
NIFTY200 MOMENTUM 30,14-Dec-2006,1993.01
NIFTY200 MOMENTUM 30,15-Dec-2006,2018.88
NIFTY200 MOMENTUM 30,18-Dec-2006,2021.01
NIFTY200 MOMENTUM 30,19-Dec-2006,1970.60
NIFTY200 MOMENTUM 30,20-Dec-2006,1960.78
NIFTY200 MOMENTUM 30,21-Dec-2006,1965.95
NIFTY200 MOMENTUM 30,22-Dec-2006,1982.75
NIFTY200 MOMENTUM 30,26-Dec-2006,2024.33
NIFTY200 MOMENTUM 30,27-Dec-2006,2044.98
NIFTY200 MOMENTUM 30,28-Dec-2006,2041.56
NIFTY200 MOMENTUM 30,29-Dec-2006,2044.94
NIFTY200 MOMENTUM 30,02-Jan-2007,2074.59
NIFTY200 MOMENTUM 30,03-Jan-2007,2078.10
NIFTY200 MOMENTUM 30,04-Jan-2007,2057.18
NIFTY200 MOMENTUM 30,05-Jan-2007,2047.64
NIFTY200 MOMENTUM 30,08-Jan-2007,2011.87
NIFTY200 MOMENTUM 30,09-Jan-2007,1998.47
NIFTY200 MOMENTUM 30,10-Jan-2007,1972.24
NIFTY200 MOMENTUM 30,11-Jan-2007,2013.77
NIFTY200 MOMENTUM 30,12-Jan-2007,2067.11
NIFTY200 MOMENTUM 30,15-Jan-2007,2085.75
NIFTY200 MOMENTUM 30,16-Jan-2007,2091.96
NIFTY200 MOMENTUM 30,17-Jan-2007,2090.05
NIFTY200 MOMENTUM 30,18-Jan-2007,2100.94
NIFTY200 MOMENTUM 30,19-Jan-2007,2092.59
NIFTY200 MOMENTUM 30,22-Jan-2007,2096.10
NIFTY200 MOMENTUM 30,23-Jan-2007,2060.93
NIFTY200 MOMENTUM 30,24-Jan-2007,2059.92
NIFTY200 MOMENTUM 30,25-Jan-2007,2081.47
NIFTY200 MOMENTUM 30,29-Jan-2007,2066.90
NIFTY200 MOMENTUM 30,31-Jan-2007,2052.48
NIFTY200 MOMENTUM 30,01-Feb-2007,2078.72
NIFTY200 MOMENTUM 30,02-Feb-2007,2102.29
NIFTY200 MOMENTUM 30,05-Feb-2007,2108.50
NIFTY200 MOMENTUM 30,06-Feb-2007,2101.66
NIFTY200 MOMENTUM 30,07-Feb-2007,2116.42
NIFTY200 MOMENTUM 30,08-Feb-2007,2111.30
NIFTY200 MOMENTUM 30,09-Feb-2007,2084.12
NIFTY200 MOMENTUM 30,12-Feb-2007,2027.03
NIFTY200 MOMENTUM 30,13-Feb-2007,2011.30
NIFTY200 MOMENTUM 30,14-Feb-2007,2007.90
NIFTY200 MOMENTUM 30,15-Feb-2007,2065.56
NIFTY200 MOMENTUM 30,19-Feb-2007,2069.05
NIFTY200 MOMENTUM 30,20-Feb-2007,2048.42
NIFTY200 MOMENTUM 30,21-Feb-2007,2041.38
NIFTY200 MOMENTUM 30,22-Feb-2007,2003.62
NIFTY200 MOMENTUM 30,23-Feb-2007,1948.47
NIFTY200 MOMENTUM 30,26-Feb-2007,1963.64
NIFTY200 MOMENTUM 30,27-Feb-2007,1947.12
NIFTY200 MOMENTUM 30,28-Feb-2007,1870.12
NIFTY200 MOMENTUM 30,01-Mar-2007,1886.52
NIFTY200 MOMENTUM 30,02-Mar-2007,1846.50
NIFTY200 MOMENTUM 30,05-Mar-2007,1778.18
NIFTY200 MOMENTUM 30,06-Mar-2007,1807.14
NIFTY200 MOMENTUM 30,07-Mar-2007,1789.03
NIFTY200 MOMENTUM 30,08-Mar-2007,1862.46
NIFTY200 MOMENTUM 30,09-Mar-2007,1833.25
NIFTY200 MOMENTUM 30,12-Mar-2007,1833.62
NIFTY200 MOMENTUM 30,13-Mar-2007,1848.93
NIFTY200 MOMENTUM 30,14-Mar-2007,1796.69
NIFTY200 MOMENTUM 30,15-Mar-2007,1800.73
NIFTY200 MOMENTUM 30,16-Mar-2007,1784.28
NIFTY200 MOMENTUM 30,19-Mar-2007,1816.30
NIFTY200 MOMENTUM 30,20-Mar-2007,1831.56
NIFTY200 MOMENTUM 30,21-Mar-2007,1850.60
NIFTY200 MOMENTUM 30,22-Mar-2007,1899.66
NIFTY200 MOMENTUM 30,23-Mar-2007,1902.51
NIFTY200 MOMENTUM 30,26-Mar-2007,1879.32
NIFTY200 MOMENTUM 30,28-Mar-2007,1847.91
NIFTY200 MOMENTUM 30,29-Mar-2007,1856.55
NIFTY200 MOMENTUM 30,30-Mar-2007,1881.72
NIFTY200 MOMENTUM 30,02-Apr-2007,1794.92
NIFTY200 MOMENTUM 30,03-Apr-2007,1815.18
NIFTY200 MOMENTUM 30,04-Apr-2007,1845.17
NIFTY200 MOMENTUM 30,05-Apr-2007,1859.26
NIFTY200 MOMENTUM 30,09-Apr-2007,1914.38
NIFTY200 MOMENTUM 30,10-Apr-2007,1925.54
NIFTY200 MOMENTUM 30,11-Apr-2007,1928.59
NIFTY200 MOMENTUM 30,12-Apr-2007,1917.09
NIFTY200 MOMENTUM 30,13-Apr-2007,1961.29
NIFTY200 MOMENTUM 30,16-Apr-2007,1998.52
NIFTY200 MOMENTUM 30,17-Apr-2007,1988.81
NIFTY200 MOMENTUM 30,18-Apr-2007,2004.27
NIFTY200 MOMENTUM 30,19-Apr-2007,2000.34
NIFTY200 MOMENTUM 30,20-Apr-2007,2035.53
NIFTY200 MOMENTUM 30,23-Apr-2007,2034.79
NIFTY200 MOMENTUM 30,24-Apr-2007,2061.33
NIFTY200 MOMENTUM 30,25-Apr-2007,2074.82
NIFTY200 MOMENTUM 30,26-Apr-2007,2080.84
NIFTY200 MOMENTUM 30,27-Apr-2007,2057.68
NIFTY200 MOMENTUM 30,30-Apr-2007,2073.07
NIFTY200 MOMENTUM 30,03-May-2007,2104.46
NIFTY200 MOMENTUM 30,04-May-2007,2088.76
NIFTY200 MOMENTUM 30,07-May-2007,2088.67
NIFTY200 MOMENTUM 30,08-May-2007,2069.57
NIFTY200 MOMENTUM 30,09-May-2007,2074.21
NIFTY200 MOMENTUM 30,10-May-2007,2071.93
NIFTY200 MOMENTUM 30,11-May-2007,2075.05
NIFTY200 MOMENTUM 30,14-May-2007,2099.62
NIFTY200 MOMENTUM 30,15-May-2007,2104.77
NIFTY200 MOMENTUM 30,16-May-2007,2120.80
NIFTY200 MOMENTUM 30,17-May-2007,2140.66
NIFTY200 MOMENTUM 30,18-May-2007,2141.61
NIFTY200 MOMENTUM 30,21-May-2007,2152.65
NIFTY200 MOMENTUM 30,22-May-2007,2173.05
NIFTY200 MOMENTUM 30,23-May-2007,2158.03
NIFTY200 MOMENTUM 30,24-May-2007,2156.05
NIFTY200 MOMENTUM 30,25-May-2007,2159.85
NIFTY200 MOMENTUM 30,28-May-2007,2172.34
NIFTY200 MOMENTUM 30,29-May-2007,2189.38
NIFTY200 MOMENTUM 30,30-May-2007,2151.80
NIFTY200 MOMENTUM 30,31-May-2007,2177.09
NIFTY200 MOMENTUM 30,01-Jun-2007,2194.37
NIFTY200 MOMENTUM 30,04-Jun-2007,2189.33
NIFTY200 MOMENTUM 30,05-Jun-2007,2210.30
NIFTY200 MOMENTUM 30,06-Jun-2007,2171.82
NIFTY200 MOMENTUM 30,07-Jun-2007,2164.09
NIFTY200 MOMENTUM 30,08-Jun-2007,2141.37
NIFTY200 MOMENTUM 30,11-Jun-2007,2146.46
NIFTY200 MOMENTUM 30,12-Jun-2007,2150.99
NIFTY200 MOMENTUM 30,13-Jun-2007,2135.98
NIFTY200 MOMENTUM 30,14-Jun-2007,2177.10
NIFTY200 MOMENTUM 30,15-Jun-2007,2184.30
NIFTY200 MOMENTUM 30,18-Jun-2007,2182.55
NIFTY200 MOMENTUM 30,19-Jun-2007,2217.94
NIFTY200 MOMENTUM 30,20-Jun-2007,2251.89
NIFTY200 MOMENTUM 30,21-Jun-2007,2259.29
NIFTY200 MOMENTUM 30,22-Jun-2007,2250.15
NIFTY200 MOMENTUM 30,25-Jun-2007,2249.52
NIFTY200 MOMENTUM 30,26-Jun-2007,2255.04
NIFTY200 MOMENTUM 30,27-Jun-2007,2246.67
NIFTY200 MOMENTUM 30,28-Jun-2007,2263.22
NIFTY200 MOMENTUM 30,29-Jun-2007,2304.71
NIFTY200 MOMENTUM 30,02-Jul-2007,2315.11
NIFTY200 MOMENTUM 30,03-Jul-2007,2336.78
NIFTY200 MOMENTUM 30,04-Jul-2007,2344.31
NIFTY200 MOMENTUM 30,05-Jul-2007,2332.59
NIFTY200 MOMENTUM 30,06-Jul-2007,2347.63
NIFTY200 MOMENTUM 30,09-Jul-2007,2367.92
NIFTY200 MOMENTUM 30,10-Jul-2007,2361.10
NIFTY200 MOMENTUM 30,11-Jul-2007,2355.80
NIFTY200 MOMENTUM 30,12-Jul-2007,2403.48
NIFTY200 MOMENTUM 30,13-Jul-2007,2439.92
NIFTY200 MOMENTUM 30,16-Jul-2007,2441.78
NIFTY200 MOMENTUM 30,17-Jul-2007,2417.38
NIFTY200 MOMENTUM 30,18-Jul-2007,2431.87
NIFTY200 MOMENTUM 30,19-Jul-2007,2459.14
NIFTY200 MOMENTUM 30,20-Jul-2007,2453.46
NIFTY200 MOMENTUM 30,23-Jul-2007,2478.46
NIFTY200 MOMENTUM 30,24-Jul-2007,2476.51
NIFTY200 MOMENTUM 30,25-Jul-2007,2450.04
NIFTY200 MOMENTUM 30,26-Jul-2007,2455.44
NIFTY200 MOMENTUM 30,27-Jul-2007,2378.50
NIFTY200 MOMENTUM 30,30-Jul-2007,2380.72
NIFTY200 MOMENTUM 30,31-Jul-2007,2436.65
NIFTY200 MOMENTUM 30,01-Aug-2007,2330.93
NIFTY200 MOMENTUM 30,02-Aug-2007,2345.94
NIFTY200 MOMENTUM 30,03-Aug-2007,2366.70
NIFTY200 MOMENTUM 30,06-Aug-2007,2331.76
NIFTY200 MOMENTUM 30,07-Aug-2007,2337.19
NIFTY200 MOMENTUM 30,08-Aug-2007,2387.80
NIFTY200 MOMENTUM 30,09-Aug-2007,2349.70
NIFTY200 MOMENTUM 30,10-Aug-2007,2311.04
NIFTY200 MOMENTUM 30,13-Aug-2007,2330.09
NIFTY200 MOMENTUM 30,14-Aug-2007,2329.47
NIFTY200 MOMENTUM 30,16-Aug-2007,2221.73
NIFTY200 MOMENTUM 30,17-Aug-2007,2166.31
NIFTY200 MOMENTUM 30,20-Aug-2007,2223.32
NIFTY200 MOMENTUM 30,21-Aug-2007,2144.03
NIFTY200 MOMENTUM 30,22-Aug-2007,2176.14
NIFTY200 MOMENTUM 30,23-Aug-2007,2150.96
NIFTY200 MOMENTUM 30,24-Aug-2007,2199.80
NIFTY200 MOMENTUM 30,27-Aug-2007,2271.68
NIFTY200 MOMENTUM 30,28-Aug-2007,2299.43
NIFTY200 MOMENTUM 30,29-Aug-2007,2321.91
NIFTY200 MOMENTUM 30,30-Aug-2007,2346.50
NIFTY200 MOMENTUM 30,31-Aug-2007,2377.59
NIFTY200 MOMENTUM 30,03-Sep-2007,2396.05
NIFTY200 MOMENTUM 30,04-Sep-2007,2407.00
NIFTY200 MOMENTUM 30,05-Sep-2007,2412.65
NIFTY200 MOMENTUM 30,06-Sep-2007,2432.05
NIFTY200 MOMENTUM 30,07-Sep-2007,2423.47
NIFTY200 MOMENTUM 30,10-Sep-2007,2429.70
NIFTY200 MOMENTUM 30,11-Sep-2007,2424.37
NIFTY200 MOMENTUM 30,12-Sep-2007,2438.44
NIFTY200 MOMENTUM 30,13-Sep-2007,2462.54
NIFTY200 MOMENTUM 30,14-Sep-2007,2455.56
NIFTY200 MOMENTUM 30,17-Sep-2007,2458.43
NIFTY200 MOMENTUM 30,18-Sep-2007,2486.98
NIFTY200 MOMENTUM 30,19-Sep-2007,2573.72
NIFTY200 MOMENTUM 30,20-Sep-2007,2602.33
NIFTY200 MOMENTUM 30,21-Sep-2007,2638.34
NIFTY200 MOMENTUM 30,24-Sep-2007,2737.37
NIFTY200 MOMENTUM 30,25-Sep-2007,2743.35
NIFTY200 MOMENTUM 30,26-Sep-2007,2707.31
NIFTY200 MOMENTUM 30,27-Sep-2007,2707.34
NIFTY200 MOMENTUM 30,28-Sep-2007,2769.68
NIFTY200 MOMENTUM 30,01-Oct-2007,2836.86
NIFTY200 MOMENTUM 30,03-Oct-2007,2895.40
NIFTY200 MOMENTUM 30,04-Oct-2007,2915.35
NIFTY200 MOMENTUM 30,05-Oct-2007,2891.88
NIFTY200 MOMENTUM 30,08-Oct-2007,2800.85
NIFTY200 MOMENTUM 30,09-Oct-2007,2952.01
NIFTY200 MOMENTUM 30,10-Oct-2007,3055.10
NIFTY200 MOMENTUM 30,11-Oct-2007,3123.00
NIFTY200 MOMENTUM 30,12-Oct-2007,3068.03
NIFTY200 MOMENTUM 30,15-Oct-2007,3231.76
NIFTY200 MOMENTUM 30,16-Oct-2007,3260.69
NIFTY200 MOMENTUM 30,17-Oct-2007,3154.09
NIFTY200 MOMENTUM 30,18-Oct-2007,2991.50
NIFTY200 MOMENTUM 30,19-Oct-2007,2815.39
NIFTY200 MOMENTUM 30,22-Oct-2007,2812.99
NIFTY200 MOMENTUM 30,23-Oct-2007,3068.13
NIFTY200 MOMENTUM 30,24-Oct-2007,3142.84
NIFTY200 MOMENTUM 30,25-Oct-2007,3175.44
NIFTY200 MOMENTUM 30,26-Oct-2007,3313.75
NIFTY200 MOMENTUM 30,29-Oct-2007,3448.04
NIFTY200 MOMENTUM 30,30-Oct-2007,3501.55
NIFTY200 MOMENTUM 30,31-Oct-2007,3583.07
NIFTY200 MOMENTUM 30,01-Nov-2007,3559.66
NIFTY200 MOMENTUM 30,02-Nov-2007,3647.76
NIFTY200 MOMENTUM 30,05-Nov-2007,3670.72
NIFTY200 MOMENTUM 30,06-Nov-2007,3578.13
NIFTY200 MOMENTUM 30,07-Nov-2007,3568.98
NIFTY200 MOMENTUM 30,08-Nov-2007,3542.72
NIFTY200 MOMENTUM 30,09-Nov-2007,3516.55
NIFTY200 MOMENTUM 30,12-Nov-2007,3497.09
NIFTY200 MOMENTUM 30,13-Nov-2007,3587.02
NIFTY200 MOMENTUM 30,14-Nov-2007,3695.20
NIFTY200 MOMENTUM 30,15-Nov-2007,3703.33
NIFTY200 MOMENTUM 30,16-Nov-2007,3705.86
NIFTY200 MOMENTUM 30,19-Nov-2007,3782.31
NIFTY200 MOMENTUM 30,20-Nov-2007,3731.02
NIFTY200 MOMENTUM 30,21-Nov-2007,3511.70
NIFTY200 MOMENTUM 30,22-Nov-2007,3519.14
NIFTY200 MOMENTUM 30,23-Nov-2007,3653.80
NIFTY200 MOMENTUM 30,26-Nov-2007,3759.79
NIFTY200 MOMENTUM 30,27-Nov-2007,3729.55
NIFTY200 MOMENTUM 30,28-Nov-2007,3689.86
NIFTY200 MOMENTUM 30,29-Nov-2007,3683.58
NIFTY200 MOMENTUM 30,30-Nov-2007,3825.63
NIFTY200 MOMENTUM 30,03-Dec-2007,3947.10
NIFTY200 MOMENTUM 30,04-Dec-2007,4009.80
NIFTY200 MOMENTUM 30,05-Dec-2007,4050.82
NIFTY200 MOMENTUM 30,06-Dec-2007,4029.07
NIFTY200 MOMENTUM 30,07-Dec-2007,4010.14
NIFTY200 MOMENTUM 30,10-Dec-2007,3996.01
NIFTY200 MOMENTUM 30,11-Dec-2007,4042.67
NIFTY200 MOMENTUM 30,12-Dec-2007,4103.74
NIFTY200 MOMENTUM 30,13-Dec-2007,4079.18
NIFTY200 MOMENTUM 30,14-Dec-2007,4071.32
NIFTY200 MOMENTUM 30,17-Dec-2007,3829.00
NIFTY200 MOMENTUM 30,18-Dec-2007,3791.42
NIFTY200 MOMENTUM 30,19-Dec-2007,3796.59
NIFTY200 MOMENTUM 30,20-Dec-2007,3792.37
NIFTY200 MOMENTUM 30,24-Dec-2007,3912.51
NIFTY200 MOMENTUM 30,26-Dec-2007,4022.42
NIFTY200 MOMENTUM 30,27-Dec-2007,3992.34
NIFTY200 MOMENTUM 30,28-Dec-2007,4070.19
NIFTY200 MOMENTUM 30,31-Dec-2007,4107.15
NIFTY200 MOMENTUM 30,01-Jan-2008,4122.29
NIFTY200 MOMENTUM 30,02-Jan-2008,4193.95
NIFTY200 MOMENTUM 30,03-Jan-2008,4230.38
NIFTY200 MOMENTUM 30,04-Jan-2008,4296.81
NIFTY200 MOMENTUM 30,07-Jan-2008,4302.78
NIFTY200 MOMENTUM 30,08-Jan-2008,4275.26
NIFTY200 MOMENTUM 30,09-Jan-2008,4236.77
NIFTY200 MOMENTUM 30,10-Jan-2008,4084.94
NIFTY200 MOMENTUM 30,11-Jan-2008,4107.02
NIFTY200 MOMENTUM 30,14-Jan-2008,4206.99
NIFTY200 MOMENTUM 30,15-Jan-2008,4116.49
NIFTY200 MOMENTUM 30,16-Jan-2008,4050.69
NIFTY200 MOMENTUM 30,17-Jan-2008,4037.57
NIFTY200 MOMENTUM 30,18-Jan-2008,3822.33
NIFTY200 MOMENTUM 30,21-Jan-2008,3286.99
NIFTY200 MOMENTUM 30,22-Jan-2008,3077.14
NIFTY200 MOMENTUM 30,23-Jan-2008,3357.03
NIFTY200 MOMENTUM 30,24-Jan-2008,3189.92
NIFTY200 MOMENTUM 30,25-Jan-2008,3495.88
NIFTY200 MOMENTUM 30,28-Jan-2008,3470.85
NIFTY200 MOMENTUM 30,29-Jan-2008,3451.85
NIFTY200 MOMENTUM 30,30-Jan-2008,3335.46
NIFTY200 MOMENTUM 30,31-Jan-2008,3300.35
NIFTY200 MOMENTUM 30,01-Feb-2008,3340.70
NIFTY200 MOMENTUM 30,04-Feb-2008,3440.09
NIFTY200 MOMENTUM 30,05-Feb-2008,3514.71
NIFTY200 MOMENTUM 30,06-Feb-2008,3437.99
NIFTY200 MOMENTUM 30,07-Feb-2008,3301.79
NIFTY200 MOMENTUM 30,08-Feb-2008,3237.37
NIFTY200 MOMENTUM 30,11-Feb-2008,2977.31
NIFTY200 MOMENTUM 30,12-Feb-2008,2971.01
NIFTY200 MOMENTUM 30,13-Feb-2008,3012.48
NIFTY200 MOMENTUM 30,14-Feb-2008,3237.74
NIFTY200 MOMENTUM 30,15-Feb-2008,3307.94
NIFTY200 MOMENTUM 30,18-Feb-2008,3302.12
NIFTY200 MOMENTUM 30,19-Feb-2008,3306.95
NIFTY200 MOMENTUM 30,20-Feb-2008,3193.51
NIFTY200 MOMENTUM 30,21-Feb-2008,3227.15
NIFTY200 MOMENTUM 30,22-Feb-2008,3165.28
NIFTY200 MOMENTUM 30,25-Feb-2008,3206.88
NIFTY200 MOMENTUM 30,26-Feb-2008,3262.62
NIFTY200 MOMENTUM 30,27-Feb-2008,3267.75
NIFTY200 MOMENTUM 30,28-Feb-2008,3249.78
NIFTY200 MOMENTUM 30,29-Feb-2008,3216.73
NIFTY200 MOMENTUM 30,03-Mar-2008,3001.96
NIFTY200 MOMENTUM 30,04-Mar-2008,2923.25
NIFTY200 MOMENTUM 30,05-Mar-2008,2913.81
NIFTY200 MOMENTUM 30,07-Mar-2008,2761.40
NIFTY200 MOMENTUM 30,10-Mar-2008,2770.13
NIFTY200 MOMENTUM 30,11-Mar-2008,2875.05
NIFTY200 MOMENTUM 30,12-Mar-2008,2880.84
NIFTY200 MOMENTUM 30,13-Mar-2008,2658.57
NIFTY200 MOMENTUM 30,14-Mar-2008,2748.67
NIFTY200 MOMENTUM 30,17-Mar-2008,2551.91
NIFTY200 MOMENTUM 30,18-Mar-2008,2533.29
NIFTY200 MOMENTUM 30,19-Mar-2008,2537.90
NIFTY200 MOMENTUM 30,24-Mar-2008,2484.16
NIFTY200 MOMENTUM 30,25-Mar-2008,2688.63
NIFTY200 MOMENTUM 30,26-Mar-2008,2673.92
NIFTY200 MOMENTUM 30,27-Mar-2008,2654.05
NIFTY200 MOMENTUM 30,28-Mar-2008,2776.23
NIFTY200 MOMENTUM 30,31-Mar-2008,2651.32
NIFTY200 MOMENTUM 30,01-Apr-2008,2631.90
NIFTY200 MOMENTUM 30,02-Apr-2008,2609.50
NIFTY200 MOMENTUM 30,03-Apr-2008,2612.17
NIFTY200 MOMENTUM 30,04-Apr-2008,2532.52
NIFTY200 MOMENTUM 30,07-Apr-2008,2598.65
NIFTY200 MOMENTUM 30,08-Apr-2008,2565.90
NIFTY200 MOMENTUM 30,09-Apr-2008,2610.80
NIFTY200 MOMENTUM 30,10-Apr-2008,2639.52
NIFTY200 MOMENTUM 30,11-Apr-2008,2693.30
NIFTY200 MOMENTUM 30,15-Apr-2008,2742.34
NIFTY200 MOMENTUM 30,16-Apr-2008,2763.41
NIFTY200 MOMENTUM 30,17-Apr-2008,2813.57
NIFTY200 MOMENTUM 30,21-Apr-2008,2893.41
NIFTY200 MOMENTUM 30,22-Apr-2008,2946.67
NIFTY200 MOMENTUM 30,23-Apr-2008,2920.27
NIFTY200 MOMENTUM 30,24-Apr-2008,2917.30
NIFTY200 MOMENTUM 30,25-Apr-2008,2977.30
NIFTY200 MOMENTUM 30,28-Apr-2008,2970.77
NIFTY200 MOMENTUM 30,29-Apr-2008,3043.20
NIFTY200 MOMENTUM 30,30-Apr-2008,3028.16
NIFTY200 MOMENTUM 30,02-May-2008,3087.03
NIFTY200 MOMENTUM 30,05-May-2008,3074.52
NIFTY200 MOMENTUM 30,06-May-2008,3010.59
NIFTY200 MOMENTUM 30,07-May-2008,3000.21
NIFTY200 MOMENTUM 30,08-May-2008,2955.37
NIFTY200 MOMENTUM 30,09-May-2008,2839.57
NIFTY200 MOMENTUM 30,12-May-2008,2869.10
NIFTY200 MOMENTUM 30,13-May-2008,2854.67
NIFTY200 MOMENTUM 30,14-May-2008,2906.30
NIFTY200 MOMENTUM 30,15-May-2008,2982.24
NIFTY200 MOMENTUM 30,16-May-2008,3031.10
NIFTY200 MOMENTUM 30,20-May-2008,3000.23
NIFTY200 MOMENTUM 30,21-May-2008,3048.14
NIFTY200 MOMENTUM 30,22-May-2008,2980.99
NIFTY200 MOMENTUM 30,23-May-2008,2914.37
NIFTY200 MOMENTUM 30,26-May-2008,2831.67
NIFTY200 MOMENTUM 30,27-May-2008,2795.27
NIFTY200 MOMENTUM 30,28-May-2008,2828.12
NIFTY200 MOMENTUM 30,29-May-2008,2809.94
NIFTY200 MOMENTUM 30,30-May-2008,2808.47
NIFTY200 MOMENTUM 30,02-Jun-2008,2709.22
NIFTY200 MOMENTUM 30,03-Jun-2008,2695.20
NIFTY200 MOMENTUM 30,04-Jun-2008,2572.35
NIFTY200 MOMENTUM 30,05-Jun-2008,2636.35
NIFTY200 MOMENTUM 30,06-Jun-2008,2607.18
NIFTY200 MOMENTUM 30,09-Jun-2008,2543.56
NIFTY200 MOMENTUM 30,10-Jun-2008,2524.55
NIFTY200 MOMENTUM 30,11-Jun-2008,2561.96
NIFTY200 MOMENTUM 30,12-Jun-2008,2600.88
NIFTY200 MOMENTUM 30,13-Jun-2008,2572.86
NIFTY200 MOMENTUM 30,16-Jun-2008,2600.52
NIFTY200 MOMENTUM 30,17-Jun-2008,2669.56
NIFTY200 MOMENTUM 30,18-Jun-2008,2610.53
NIFTY200 MOMENTUM 30,19-Jun-2008,2554.11
NIFTY200 MOMENTUM 30,20-Jun-2008,2439.59
NIFTY200 MOMENTUM 30,23-Jun-2008,2336.34
NIFTY200 MOMENTUM 30,24-Jun-2008,2283.61
NIFTY200 MOMENTUM 30,25-Jun-2008,2335.95
NIFTY200 MOMENTUM 30,26-Jun-2008,2357.85
NIFTY200 MOMENTUM 30,27-Jun-2008,2257.30
NIFTY200 MOMENTUM 30,30-Jun-2008,2170.72
NIFTY200 MOMENTUM 30,01-Jul-2008,2063.01
NIFTY200 MOMENTUM 30,02-Jul-2008,2193.49
NIFTY200 MOMENTUM 30,03-Jul-2008,2074.97
NIFTY200 MOMENTUM 30,04-Jul-2008,2157.16
NIFTY200 MOMENTUM 30,07-Jul-2008,2162.81
NIFTY200 MOMENTUM 30,08-Jul-2008,2148.00
NIFTY200 MOMENTUM 30,09-Jul-2008,2256.66
NIFTY200 MOMENTUM 30,10-Jul-2008,2272.90
NIFTY200 MOMENTUM 30,11-Jul-2008,2203.13
NIFTY200 MOMENTUM 30,14-Jul-2008,2204.83
NIFTY200 MOMENTUM 30,15-Jul-2008,2106.56
NIFTY200 MOMENTUM 30,16-Jul-2008,2053.91
NIFTY200 MOMENTUM 30,17-Jul-2008,2103.78
NIFTY200 MOMENTUM 30,18-Jul-2008,2187.19
NIFTY200 MOMENTUM 30,21-Jul-2008,2195.83
NIFTY200 MOMENTUM 30,22-Jul-2008,2283.97
NIFTY200 MOMENTUM 30,23-Jul-2008,2467.22
NIFTY200 MOMENTUM 30,24-Jul-2008,2448.54
NIFTY200 MOMENTUM 30,25-Jul-2008,2382.78
NIFTY200 MOMENTUM 30,28-Jul-2008,2395.24
NIFTY200 MOMENTUM 30,29-Jul-2008,2297.70
NIFTY200 MOMENTUM 30,30-Jul-2008,2398.44
NIFTY200 MOMENTUM 30,31-Jul-2008,2411.77
NIFTY200 MOMENTUM 30,01-Aug-2008,2482.65
NIFTY200 MOMENTUM 30,04-Aug-2008,2532.85
NIFTY200 MOMENTUM 30,05-Aug-2008,2568.66
NIFTY200 MOMENTUM 30,06-Aug-2008,2522.34
NIFTY200 MOMENTUM 30,07-Aug-2008,2526.49
NIFTY200 MOMENTUM 30,08-Aug-2008,2532.76
NIFTY200 MOMENTUM 30,11-Aug-2008,2591.50
NIFTY200 MOMENTUM 30,12-Aug-2008,2542.49
NIFTY200 MOMENTUM 30,13-Aug-2008,2529.10
NIFTY200 MOMENTUM 30,14-Aug-2008,2450.66
NIFTY200 MOMENTUM 30,18-Aug-2008,2412.07
NIFTY200 MOMENTUM 30,19-Aug-2008,2412.54
NIFTY200 MOMENTUM 30,20-Aug-2008,2450.48
NIFTY200 MOMENTUM 30,21-Aug-2008,2369.74
NIFTY200 MOMENTUM 30,22-Aug-2008,2403.52
NIFTY200 MOMENTUM 30,25-Aug-2008,2394.31
NIFTY200 MOMENTUM 30,26-Aug-2008,2400.83
NIFTY200 MOMENTUM 30,27-Aug-2008,2370.48
NIFTY200 MOMENTUM 30,28-Aug-2008,2327.18
NIFTY200 MOMENTUM 30,29-Aug-2008,2420.12
NIFTY200 MOMENTUM 30,01-Sep-2008,2418.46
NIFTY200 MOMENTUM 30,02-Sep-2008,2483.61
NIFTY200 MOMENTUM 30,04-Sep-2008,2451.56
NIFTY200 MOMENTUM 30,05-Sep-2008,2384.68
NIFTY200 MOMENTUM 30,08-Sep-2008,2445.25
NIFTY200 MOMENTUM 30,09-Sep-2008,2422.24
NIFTY200 MOMENTUM 30,10-Sep-2008,2393.12
NIFTY200 MOMENTUM 30,11-Sep-2008,2353.48
NIFTY200 MOMENTUM 30,12-Sep-2008,2329.20
NIFTY200 MOMENTUM 30,15-Sep-2008,2231.87
NIFTY200 MOMENTUM 30,16-Sep-2008,2214.43
NIFTY200 MOMENTUM 30,17-Sep-2008,2174.77
NIFTY200 MOMENTUM 30,18-Sep-2008,2163.32
NIFTY200 MOMENTUM 30,19-Sep-2008,2253.10
NIFTY200 MOMENTUM 30,22-Sep-2008,2257.51
NIFTY200 MOMENTUM 30,23-Sep-2008,2235.98
NIFTY200 MOMENTUM 30,24-Sep-2008,2256.00
NIFTY200 MOMENTUM 30,25-Sep-2008,2227.62
NIFTY200 MOMENTUM 30,26-Sep-2008,2167.44
NIFTY200 MOMENTUM 30,29-Sep-2008,2092.67
NIFTY200 MOMENTUM 30,30-Sep-2008,2121.03
NIFTY200 MOMENTUM 30,01-Oct-2008,2131.04
NIFTY200 MOMENTUM 30,03-Oct-2008,2063.94
NIFTY200 MOMENTUM 30,06-Oct-2008,1932.75
NIFTY200 MOMENTUM 30,07-Oct-2008,1925.54
NIFTY200 MOMENTUM 30,08-Oct-2008,1885.11
NIFTY200 MOMENTUM 30,10-Oct-2008,1765.98
NIFTY200 MOMENTUM 30,13-Oct-2008,1829.18
NIFTY200 MOMENTUM 30,14-Oct-2008,1866.82
NIFTY200 MOMENTUM 30,15-Oct-2008,1781.90
NIFTY200 MOMENTUM 30,16-Oct-2008,1746.61
NIFTY200 MOMENTUM 30,17-Oct-2008,1675.88
NIFTY200 MOMENTUM 30,20-Oct-2008,1683.77
NIFTY200 MOMENTUM 30,21-Oct-2008,1742.20
NIFTY200 MOMENTUM 30,22-Oct-2008,1678.81
NIFTY200 MOMENTUM 30,23-Oct-2008,1596.39
NIFTY200 MOMENTUM 30,24-Oct-2008,1450.40
NIFTY200 MOMENTUM 30,27-Oct-2008,1390.07
NIFTY200 MOMENTUM 30,28-Oct-2008,1467.15
NIFTY200 MOMENTUM 30,29-Oct-2008,1463.19
NIFTY200 MOMENTUM 30,31-Oct-2008,1542.47
NIFTY200 MOMENTUM 30,03-Nov-2008,1602.12
NIFTY200 MOMENTUM 30,04-Nov-2008,1640.49
NIFTY200 MOMENTUM 30,05-Nov-2008,1609.15
NIFTY200 MOMENTUM 30,06-Nov-2008,1574.14
NIFTY200 MOMENTUM 30,07-Nov-2008,1609.00
NIFTY200 MOMENTUM 30,10-Nov-2008,1692.41
NIFTY200 MOMENTUM 30,11-Nov-2008,1612.21
NIFTY200 MOMENTUM 30,12-Nov-2008,1580.06
NIFTY200 MOMENTUM 30,14-Nov-2008,1566.02
NIFTY200 MOMENTUM 30,17-Nov-2008,1551.04
NIFTY200 MOMENTUM 30,18-Nov-2008,1510.40
NIFTY200 MOMENTUM 30,19-Nov-2008,1491.43
NIFTY200 MOMENTUM 30,20-Nov-2008,1445.16
NIFTY200 MOMENTUM 30,21-Nov-2008,1477.87
NIFTY200 MOMENTUM 30,24-Nov-2008,1486.74
NIFTY200 MOMENTUM 30,25-Nov-2008,1487.79
NIFTY200 MOMENTUM 30,26-Nov-2008,1523.48
NIFTY200 MOMENTUM 30,28-Nov-2008,1535.42
NIFTY200 MOMENTUM 30,01-Dec-2008,1496.06
NIFTY200 MOMENTUM 30,02-Dec-2008,1484.76
NIFTY200 MOMENTUM 30,03-Dec-2008,1484.15
NIFTY200 MOMENTUM 30,04-Dec-2008,1521.61
NIFTY200 MOMENTUM 30,05-Dec-2008,1496.18
NIFTY200 MOMENTUM 30,08-Dec-2008,1520.60
NIFTY200 MOMENTUM 30,10-Dec-2008,1564.45
NIFTY200 MOMENTUM 30,11-Dec-2008,1573.49
NIFTY200 MOMENTUM 30,12-Dec-2008,1566.28
NIFTY200 MOMENTUM 30,15-Dec-2008,1600.80
NIFTY200 MOMENTUM 30,16-Dec-2008,1643.40
NIFTY200 MOMENTUM 30,17-Dec-2008,1600.91
NIFTY200 MOMENTUM 30,18-Dec-2008,1644.32
NIFTY200 MOMENTUM 30,19-Dec-2008,1652.00
NIFTY200 MOMENTUM 30,22-Dec-2008,1635.79
NIFTY200 MOMENTUM 30,23-Dec-2008,1609.02
NIFTY200 MOMENTUM 30,24-Dec-2008,1593.49
NIFTY200 MOMENTUM 30,26-Dec-2008,1582.27
NIFTY200 MOMENTUM 30,29-Dec-2008,1617.69
NIFTY200 MOMENTUM 30,30-Dec-2008,1637.27
NIFTY200 MOMENTUM 30,31-Dec-2008,1641.16
NIFTY200 MOMENTUM 30,01-Jan-2009,1677.94
NIFTY200 MOMENTUM 30,02-Jan-2009,1677.82
NIFTY200 MOMENTUM 30,05-Jan-2009,1706.14
NIFTY200 MOMENTUM 30,06-Jan-2009,1703.17
NIFTY200 MOMENTUM 30,07-Jan-2009,1637.32
NIFTY200 MOMENTUM 30,09-Jan-2009,1614.15
NIFTY200 MOMENTUM 30,12-Jan-2009,1579.46
NIFTY200 MOMENTUM 30,13-Jan-2009,1564.67
NIFTY200 MOMENTUM 30,14-Jan-2009,1605.98
NIFTY200 MOMENTUM 30,15-Jan-2009,1573.07
NIFTY200 MOMENTUM 30,16-Jan-2009,1610.94
NIFTY200 MOMENTUM 30,19-Jan-2009,1618.84
NIFTY200 MOMENTUM 30,20-Jan-2009,1605.25
NIFTY200 MOMENTUM 30,21-Jan-2009,1567.83
NIFTY200 MOMENTUM 30,22-Jan-2009,1565.51
NIFTY200 MOMENTUM 30,23-Jan-2009,1548.61
NIFTY200 MOMENTUM 30,27-Jan-2009,1583.03
NIFTY200 MOMENTUM 30,28-Jan-2009,1627.31
NIFTY200 MOMENTUM 30,29-Jan-2009,1609.08
NIFTY200 MOMENTUM 30,30-Jan-2009,1631.87
NIFTY200 MOMENTUM 30,02-Feb-2009,1593.58
NIFTY200 MOMENTUM 30,03-Feb-2009,1591.73
NIFTY200 MOMENTUM 30,04-Feb-2009,1596.91
NIFTY200 MOMENTUM 30,05-Feb-2009,1597.50
NIFTY200 MOMENTUM 30,06-Feb-2009,1626.45
NIFTY200 MOMENTUM 30,09-Feb-2009,1654.51
NIFTY200 MOMENTUM 30,10-Feb-2009,1665.46
NIFTY200 MOMENTUM 30,11-Feb-2009,1656.36
NIFTY200 MOMENTUM 30,12-Feb-2009,1655.15
NIFTY200 MOMENTUM 30,13-Feb-2009,1674.15
NIFTY200 MOMENTUM 30,16-Feb-2009,1625.40
NIFTY200 MOMENTUM 30,17-Feb-2009,1596.36
NIFTY200 MOMENTUM 30,18-Feb-2009,1594.63
NIFTY200 MOMENTUM 30,19-Feb-2009,1595.02
NIFTY200 MOMENTUM 30,20-Feb-2009,1570.98
NIFTY200 MOMENTUM 30,24-Feb-2009,1567.43
NIFTY200 MOMENTUM 30,25-Feb-2009,1584.08
NIFTY200 MOMENTUM 30,26-Feb-2009,1584.98
NIFTY200 MOMENTUM 30,27-Feb-2009,1579.37
NIFTY200 MOMENTUM 30,02-Mar-2009,1537.06
NIFTY200 MOMENTUM 30,03-Mar-2009,1509.20
NIFTY200 MOMENTUM 30,04-Mar-2009,1527.94
NIFTY200 MOMENTUM 30,05-Mar-2009,1500.85
NIFTY200 MOMENTUM 30,06-Mar-2009,1504.71
NIFTY200 MOMENTUM 30,09-Mar-2009,1491.85
NIFTY200 MOMENTUM 30,12-Mar-2009,1514.38
NIFTY200 MOMENTUM 30,13-Mar-2009,1561.77
NIFTY200 MOMENTUM 30,16-Mar-2009,1600.24
NIFTY200 MOMENTUM 30,17-Mar-2009,1606.76
NIFTY200 MOMENTUM 30,18-Mar-2009,1640.50
NIFTY200 MOMENTUM 30,19-Mar-2009,1646.91
NIFTY200 MOMENTUM 30,20-Mar-2009,1629.75
NIFTY200 MOMENTUM 30,23-Mar-2009,1684.97
NIFTY200 MOMENTUM 30,24-Mar-2009,1676.47
NIFTY200 MOMENTUM 30,25-Mar-2009,1694.51
NIFTY200 MOMENTUM 30,26-Mar-2009,1701.36
NIFTY200 MOMENTUM 30,27-Mar-2009,1721.10
NIFTY200 MOMENTUM 30,30-Mar-2009,1697.64
NIFTY200 MOMENTUM 30,31-Mar-2009,1725.86
NIFTY200 MOMENTUM 30,01-Apr-2009,1713.11
NIFTY200 MOMENTUM 30,02-Apr-2009,1743.55
NIFTY200 MOMENTUM 30,06-Apr-2009,1737.94
NIFTY200 MOMENTUM 30,08-Apr-2009,1785.26
NIFTY200 MOMENTUM 30,09-Apr-2009,1780.37
NIFTY200 MOMENTUM 30,13-Apr-2009,1776.95
NIFTY200 MOMENTUM 30,15-Apr-2009,1808.26
NIFTY200 MOMENTUM 30,16-Apr-2009,1798.75
NIFTY200 MOMENTUM 30,17-Apr-2009,1809.65
NIFTY200 MOMENTUM 30,20-Apr-2009,1819.72
NIFTY200 MOMENTUM 30,21-Apr-2009,1815.30
NIFTY200 MOMENTUM 30,22-Apr-2009,1798.70
NIFTY200 MOMENTUM 30,23-Apr-2009,1829.07
NIFTY200 MOMENTUM 30,24-Apr-2009,1844.64
NIFTY200 MOMENTUM 30,27-Apr-2009,1829.62
NIFTY200 MOMENTUM 30,28-Apr-2009,1805.13
NIFTY200 MOMENTUM 30,29-Apr-2009,1835.10
NIFTY200 MOMENTUM 30,04-May-2009,1878.08
NIFTY200 MOMENTUM 30,05-May-2009,1870.22
NIFTY200 MOMENTUM 30,06-May-2009,1849.13
NIFTY200 MOMENTUM 30,07-May-2009,1857.99
NIFTY200 MOMENTUM 30,08-May-2009,1843.84
NIFTY200 MOMENTUM 30,11-May-2009,1826.15
NIFTY200 MOMENTUM 30,12-May-2009,1854.66
NIFTY200 MOMENTUM 30,13-May-2009,1848.74
NIFTY200 MOMENTUM 30,14-May-2009,1847.91
NIFTY200 MOMENTUM 30,15-May-2009,1861.18
NIFTY200 MOMENTUM 30,18-May-2009,2094.93
NIFTY200 MOMENTUM 30,19-May-2009,2024.32
NIFTY200 MOMENTUM 30,20-May-2009,2046.67
NIFTY200 MOMENTUM 30,21-May-2009,2039.04
NIFTY200 MOMENTUM 30,22-May-2009,2044.24
NIFTY200 MOMENTUM 30,25-May-2009,2077.23
NIFTY200 MOMENTUM 30,26-May-2009,2027.04
NIFTY200 MOMENTUM 30,27-May-2009,2054.68
NIFTY200 MOMENTUM 30,28-May-2009,2051.90
NIFTY200 MOMENTUM 30,29-May-2009,2089.69
NIFTY200 MOMENTUM 30,01-Jun-2009,2138.82
NIFTY200 MOMENTUM 30,02-Jun-2009,2131.76
NIFTY200 MOMENTUM 30,03-Jun-2009,2154.39
NIFTY200 MOMENTUM 30,04-Jun-2009,2183.03
NIFTY200 MOMENTUM 30,05-Jun-2009,2204.78
NIFTY200 MOMENTUM 30,08-Jun-2009,2137.99
NIFTY200 MOMENTUM 30,09-Jun-2009,2163.79
NIFTY200 MOMENTUM 30,10-Jun-2009,2203.54
NIFTY200 MOMENTUM 30,11-Jun-2009,2197.88
NIFTY200 MOMENTUM 30,12-Jun-2009,2170.84
NIFTY200 MOMENTUM 30,15-Jun-2009,2162.74
NIFTY200 MOMENTUM 30,16-Jun-2009,2194.15
NIFTY200 MOMENTUM 30,17-Jun-2009,2139.82
NIFTY200 MOMENTUM 30,18-Jun-2009,2099.46
NIFTY200 MOMENTUM 30,19-Jun-2009,2121.38
NIFTY200 MOMENTUM 30,22-Jun-2009,2111.37
NIFTY200 MOMENTUM 30,23-Jun-2009,2108.65
NIFTY200 MOMENTUM 30,24-Jun-2009,2140.16
NIFTY200 MOMENTUM 30,25-Jun-2009,2116.57
NIFTY200 MOMENTUM 30,26-Jun-2009,2143.62
NIFTY200 MOMENTUM 30,29-Jun-2009,2151.94
NIFTY200 MOMENTUM 30,30-Jun-2009,2129.66
NIFTY200 MOMENTUM 30,01-Jul-2009,2156.50
NIFTY200 MOMENTUM 30,02-Jul-2009,2174.41
NIFTY200 MOMENTUM 30,03-Jul-2009,2199.09
NIFTY200 MOMENTUM 30,06-Jul-2009,2123.69
NIFTY200 MOMENTUM 30,07-Jul-2009,2149.92
NIFTY200 MOMENTUM 30,08-Jul-2009,2137.84
NIFTY200 MOMENTUM 30,09-Jul-2009,2159.11
NIFTY200 MOMENTUM 30,10-Jul-2009,2141.05
NIFTY200 MOMENTUM 30,13-Jul-2009,2126.31
NIFTY200 MOMENTUM 30,14-Jul-2009,2179.19
NIFTY200 MOMENTUM 30,15-Jul-2009,2224.04
NIFTY200 MOMENTUM 30,16-Jul-2009,2225.03
NIFTY200 MOMENTUM 30,17-Jul-2009,2271.81
NIFTY200 MOMENTUM 30,20-Jul-2009,2308.64
NIFTY200 MOMENTUM 30,21-Jul-2009,2293.78
NIFTY200 MOMENTUM 30,22-Jul-2009,2267.10
NIFTY200 MOMENTUM 30,23-Jul-2009,2322.39
NIFTY200 MOMENTUM 30,24-Jul-2009,2334.48
NIFTY200 MOMENTUM 30,27-Jul-2009,2344.85
NIFTY200 MOMENTUM 30,28-Jul-2009,2352.10
NIFTY200 MOMENTUM 30,29-Jul-2009,2335.79
NIFTY200 MOMENTUM 30,30-Jul-2009,2369.81
NIFTY200 MOMENTUM 30,31-Jul-2009,2375.00
NIFTY200 MOMENTUM 30,03-Aug-2009,2388.63
NIFTY200 MOMENTUM 30,04-Aug-2009,2390.30
NIFTY200 MOMENTUM 30,05-Aug-2009,2391.16
NIFTY200 MOMENTUM 30,06-Aug-2009,2346.55
NIFTY200 MOMENTUM 30,07-Aug-2009,2320.08
NIFTY200 MOMENTUM 30,10-Aug-2009,2270.39
NIFTY200 MOMENTUM 30,11-Aug-2009,2285.04
NIFTY200 MOMENTUM 30,12-Aug-2009,2279.69
NIFTY200 MOMENTUM 30,13-Aug-2009,2340.18
NIFTY200 MOMENTUM 30,14-Aug-2009,2330.10
NIFTY200 MOMENTUM 30,17-Aug-2009,2254.17
NIFTY200 MOMENTUM 30,18-Aug-2009,2289.12
NIFTY200 MOMENTUM 30,19-Aug-2009,2258.25
NIFTY200 MOMENTUM 30,20-Aug-2009,2290.88
NIFTY200 MOMENTUM 30,21-Aug-2009,2316.64
NIFTY200 MOMENTUM 30,24-Aug-2009,2343.70
NIFTY200 MOMENTUM 30,25-Aug-2009,2346.57
NIFTY200 MOMENTUM 30,26-Aug-2009,2357.83
NIFTY200 MOMENTUM 30,27-Aug-2009,2355.84
NIFTY200 MOMENTUM 30,28-Aug-2009,2369.63
NIFTY200 MOMENTUM 30,31-Aug-2009,2375.44
NIFTY200 MOMENTUM 30,01-Sep-2009,2382.31
NIFTY200 MOMENTUM 30,02-Sep-2009,2401.46
NIFTY200 MOMENTUM 30,03-Sep-2009,2404.85
NIFTY200 MOMENTUM 30,04-Sep-2009,2430.65
NIFTY200 MOMENTUM 30,07-Sep-2009,2473.12
NIFTY200 MOMENTUM 30,08-Sep-2009,2454.86
NIFTY200 MOMENTUM 30,09-Sep-2009,2432.73
NIFTY200 MOMENTUM 30,10-Sep-2009,2435.79
NIFTY200 MOMENTUM 30,11-Sep-2009,2409.95
NIFTY200 MOMENTUM 30,14-Sep-2009,2413.31
NIFTY200 MOMENTUM 30,15-Sep-2009,2453.21
NIFTY200 MOMENTUM 30,16-Sep-2009,2483.06
NIFTY200 MOMENTUM 30,17-Sep-2009,2475.19
NIFTY200 MOMENTUM 30,18-Sep-2009,2491.16
NIFTY200 MOMENTUM 30,22-Sep-2009,2521.11
NIFTY200 MOMENTUM 30,23-Sep-2009,2505.67
NIFTY200 MOMENTUM 30,24-Sep-2009,2510.74
NIFTY200 MOMENTUM 30,25-Sep-2009,2535.94
NIFTY200 MOMENTUM 30,29-Sep-2009,2548.80
NIFTY200 MOMENTUM 30,30-Sep-2009,2561.75
NIFTY200 MOMENTUM 30,01-Oct-2009,2539.54
NIFTY200 MOMENTUM 30,05-Oct-2009,2526.61
NIFTY200 MOMENTUM 30,06-Oct-2009,2532.60
NIFTY200 MOMENTUM 30,07-Oct-2009,2534.61
NIFTY200 MOMENTUM 30,08-Oct-2009,2548.84
NIFTY200 MOMENTUM 30,09-Oct-2009,2526.90
NIFTY200 MOMENTUM 30,12-Oct-2009,2564.54
NIFTY200 MOMENTUM 30,14-Oct-2009,2583.88
NIFTY200 MOMENTUM 30,15-Oct-2009,2577.78
NIFTY200 MOMENTUM 30,16-Oct-2009,2574.86
NIFTY200 MOMENTUM 30,17-Oct-2009,2579.14
NIFTY200 MOMENTUM 30,20-Oct-2009,2577.34
NIFTY200 MOMENTUM 30,21-Oct-2009,2541.70
NIFTY200 MOMENTUM 30,22-Oct-2009,2510.97
NIFTY200 MOMENTUM 30,23-Oct-2009,2544.79
NIFTY200 MOMENTUM 30,26-Oct-2009,2532.71
NIFTY200 MOMENTUM 30,27-Oct-2009,2487.83
NIFTY200 MOMENTUM 30,28-Oct-2009,2490.10
NIFTY200 MOMENTUM 30,29-Oct-2009,2448.99
NIFTY200 MOMENTUM 30,30-Oct-2009,2444.19
NIFTY200 MOMENTUM 30,03-Nov-2009,2395.55
NIFTY200 MOMENTUM 30,04-Nov-2009,2461.16
NIFTY200 MOMENTUM 30,05-Nov-2009,2509.55
NIFTY200 MOMENTUM 30,06-Nov-2009,2540.20
NIFTY200 MOMENTUM 30,09-Nov-2009,2603.03
NIFTY200 MOMENTUM 30,10-Nov-2009,2576.12
NIFTY200 MOMENTUM 30,11-Nov-2009,2639.57
NIFTY200 MOMENTUM 30,12-Nov-2009,2616.29
NIFTY200 MOMENTUM 30,13-Nov-2009,2636.16
NIFTY200 MOMENTUM 30,16-Nov-2009,2673.73
NIFTY200 MOMENTUM 30,17-Nov-2009,2684.69
NIFTY200 MOMENTUM 30,18-Nov-2009,2681.68
NIFTY200 MOMENTUM 30,19-Nov-2009,2638.74
NIFTY200 MOMENTUM 30,20-Nov-2009,2665.33
NIFTY200 MOMENTUM 30,23-Nov-2009,2668.16
NIFTY200 MOMENTUM 30,24-Nov-2009,2686.34
NIFTY200 MOMENTUM 30,25-Nov-2009,2688.60
NIFTY200 MOMENTUM 30,26-Nov-2009,2653.85
NIFTY200 MOMENTUM 30,27-Nov-2009,2648.33
NIFTY200 MOMENTUM 30,30-Nov-2009,2681.19
NIFTY200 MOMENTUM 30,01-Dec-2009,2732.93
NIFTY200 MOMENTUM 30,02-Dec-2009,2734.50
NIFTY200 MOMENTUM 30,03-Dec-2009,2764.83
NIFTY200 MOMENTUM 30,04-Dec-2009,2752.57
NIFTY200 MOMENTUM 30,07-Dec-2009,2730.42
NIFTY200 MOMENTUM 30,08-Dec-2009,2744.36
NIFTY200 MOMENTUM 30,09-Dec-2009,2741.21
NIFTY200 MOMENTUM 30,10-Dec-2009,2742.46
NIFTY200 MOMENTUM 30,11-Dec-2009,2737.61
NIFTY200 MOMENTUM 30,14-Dec-2009,2739.46
NIFTY200 MOMENTUM 30,15-Dec-2009,2706.23
NIFTY200 MOMENTUM 30,16-Dec-2009,2713.24
NIFTY200 MOMENTUM 30,17-Dec-2009,2720.76
NIFTY200 MOMENTUM 30,18-Dec-2009,2709.95
NIFTY200 MOMENTUM 30,21-Dec-2009,2690.31
NIFTY200 MOMENTUM 30,22-Dec-2009,2710.80
NIFTY200 MOMENTUM 30,23-Dec-2009,2757.45
NIFTY200 MOMENTUM 30,24-Dec-2009,2762.39
NIFTY200 MOMENTUM 30,29-Dec-2009,2761.57
NIFTY200 MOMENTUM 30,30-Dec-2009,2760.61
NIFTY200 MOMENTUM 30,31-Dec-2009,2779.14
NIFTY200 MOMENTUM 30,04-Jan-2010,2814.43
NIFTY200 MOMENTUM 30,05-Jan-2010,2836.34
NIFTY200 MOMENTUM 30,06-Jan-2010,2835.84
NIFTY200 MOMENTUM 30,07-Jan-2010,2815.58
NIFTY200 MOMENTUM 30,08-Jan-2010,2810.80
NIFTY200 MOMENTUM 30,11-Jan-2010,2837.46
NIFTY200 MOMENTUM 30,12-Jan-2010,2838.80
NIFTY200 MOMENTUM 30,13-Jan-2010,2862.04
NIFTY200 MOMENTUM 30,14-Jan-2010,2885.64
NIFTY200 MOMENTUM 30,15-Jan-2010,2889.90
NIFTY200 MOMENTUM 30,18-Jan-2010,2897.19
NIFTY200 MOMENTUM 30,19-Jan-2010,2870.71
NIFTY200 MOMENTUM 30,20-Jan-2010,2866.61
NIFTY200 MOMENTUM 30,21-Jan-2010,2823.84
NIFTY200 MOMENTUM 30,22-Jan-2010,2801.59
NIFTY200 MOMENTUM 30,25-Jan-2010,2755.98
NIFTY200 MOMENTUM 30,27-Jan-2010,2623.47
NIFTY200 MOMENTUM 30,28-Jan-2010,2642.11
NIFTY200 MOMENTUM 30,29-Jan-2010,2646.08
NIFTY200 MOMENTUM 30,01-Feb-2010,2702.84
NIFTY200 MOMENTUM 30,02-Feb-2010,2663.32
NIFTY200 MOMENTUM 30,03-Feb-2010,2713.24
NIFTY200 MOMENTUM 30,04-Feb-2010,2666.78
NIFTY200 MOMENTUM 30,05-Feb-2010,2615.24
NIFTY200 MOMENTUM 30,06-Feb-2010,2638.72
NIFTY200 MOMENTUM 30,08-Feb-2010,2625.90
NIFTY200 MOMENTUM 30,09-Feb-2010,2646.38
NIFTY200 MOMENTUM 30,10-Feb-2010,2638.48
NIFTY200 MOMENTUM 30,11-Feb-2010,2660.12
NIFTY200 MOMENTUM 30,15-Feb-2010,2660.94
NIFTY200 MOMENTUM 30,16-Feb-2010,2682.12
NIFTY200 MOMENTUM 30,17-Feb-2010,2696.28
NIFTY200 MOMENTUM 30,18-Feb-2010,2676.15
NIFTY200 MOMENTUM 30,19-Feb-2010,2656.34
NIFTY200 MOMENTUM 30,22-Feb-2010,2654.98
NIFTY200 MOMENTUM 30,23-Feb-2010,2639.58
NIFTY200 MOMENTUM 30,24-Feb-2010,2650.40
NIFTY200 MOMENTUM 30,25-Feb-2010,2629.26
NIFTY200 MOMENTUM 30,26-Feb-2010,2675.55
NIFTY200 MOMENTUM 30,02-Mar-2010,2703.75
NIFTY200 MOMENTUM 30,03-Mar-2010,2744.97
NIFTY200 MOMENTUM 30,04-Mar-2010,2756.11
NIFTY200 MOMENTUM 30,05-Mar-2010,2770.12
NIFTY200 MOMENTUM 30,08-Mar-2010,2797.66
NIFTY200 MOMENTUM 30,09-Mar-2010,2783.88
NIFTY200 MOMENTUM 30,10-Mar-2010,2767.86
NIFTY200 MOMENTUM 30,11-Mar-2010,2768.75
NIFTY200 MOMENTUM 30,12-Mar-2010,2779.93
NIFTY200 MOMENTUM 30,15-Mar-2010,2765.40
NIFTY200 MOMENTUM 30,16-Mar-2010,2784.48
NIFTY200 MOMENTUM 30,17-Mar-2010,2795.27
NIFTY200 MOMENTUM 30,18-Mar-2010,2797.81
NIFTY200 MOMENTUM 30,19-Mar-2010,2806.17
NIFTY200 MOMENTUM 30,22-Mar-2010,2790.74
NIFTY200 MOMENTUM 30,23-Mar-2010,2793.93
NIFTY200 MOMENTUM 30,25-Mar-2010,2807.72
NIFTY200 MOMENTUM 30,26-Mar-2010,2828.57
NIFTY200 MOMENTUM 30,29-Mar-2010,2841.01
NIFTY200 MOMENTUM 30,30-Mar-2010,2814.62
NIFTY200 MOMENTUM 30,31-Mar-2010,2811.48
NIFTY200 MOMENTUM 30,01-Apr-2010,2830.48
NIFTY200 MOMENTUM 30,05-Apr-2010,2868.36
NIFTY200 MOMENTUM 30,06-Apr-2010,2866.66
NIFTY200 MOMENTUM 30,07-Apr-2010,2868.03
NIFTY200 MOMENTUM 30,08-Apr-2010,2846.95
NIFTY200 MOMENTUM 30,09-Apr-2010,2854.86
NIFTY200 MOMENTUM 30,12-Apr-2010,2836.23
NIFTY200 MOMENTUM 30,13-Apr-2010,2838.23
NIFTY200 MOMENTUM 30,15-Apr-2010,2836.46
NIFTY200 MOMENTUM 30,16-Apr-2010,2832.76
NIFTY200 MOMENTUM 30,19-Apr-2010,2802.70
NIFTY200 MOMENTUM 30,20-Apr-2010,2822.99
NIFTY200 MOMENTUM 30,21-Apr-2010,2842.19
NIFTY200 MOMENTUM 30,22-Apr-2010,2852.89
NIFTY200 MOMENTUM 30,23-Apr-2010,2853.94
NIFTY200 MOMENTUM 30,26-Apr-2010,2875.84
NIFTY200 MOMENTUM 30,27-Apr-2010,2872.74
NIFTY200 MOMENTUM 30,28-Apr-2010,2841.77
NIFTY200 MOMENTUM 30,29-Apr-2010,2863.19
NIFTY200 MOMENTUM 30,30-Apr-2010,2879.24
NIFTY200 MOMENTUM 30,03-May-2010,2857.22
NIFTY200 MOMENTUM 30,04-May-2010,2802.16
NIFTY200 MOMENTUM 30,05-May-2010,2811.76
NIFTY200 MOMENTUM 30,06-May-2010,2791.96
NIFTY200 MOMENTUM 30,07-May-2010,2732.60
NIFTY200 MOMENTUM 30,10-May-2010,2837.35
NIFTY200 MOMENTUM 30,11-May-2010,2799.34
NIFTY200 MOMENTUM 30,12-May-2010,2815.23
NIFTY200 MOMENTUM 30,13-May-2010,2844.90
NIFTY200 MOMENTUM 30,14-May-2010,2813.29
NIFTY200 MOMENTUM 30,17-May-2010,2799.42
NIFTY200 MOMENTUM 30,18-May-2010,2788.48
NIFTY200 MOMENTUM 30,19-May-2010,2700.01
NIFTY200 MOMENTUM 30,20-May-2010,2707.43
NIFTY200 MOMENTUM 30,21-May-2010,2687.65
NIFTY200 MOMENTUM 30,24-May-2010,2680.32
NIFTY200 MOMENTUM 30,25-May-2010,2597.89
NIFTY200 MOMENTUM 30,26-May-2010,2651.86
NIFTY200 MOMENTUM 30,27-May-2010,2666.83
NIFTY200 MOMENTUM 30,28-May-2010,2729.75
NIFTY200 MOMENTUM 30,31-May-2010,2750.12
NIFTY200 MOMENTUM 30,01-Jun-2010,2692.86
NIFTY200 MOMENTUM 30,02-Jun-2010,2709.06
NIFTY200 MOMENTUM 30,03-Jun-2010,2747.45
NIFTY200 MOMENTUM 30,04-Jun-2010,2753.37
NIFTY200 MOMENTUM 30,07-Jun-2010,2708.42
NIFTY200 MOMENTUM 30,08-Jun-2010,2689.70
NIFTY200 MOMENTUM 30,09-Jun-2010,2704.25
NIFTY200 MOMENTUM 30,10-Jun-2010,2753.60
NIFTY200 MOMENTUM 30,11-Jun-2010,2769.62
NIFTY200 MOMENTUM 30,14-Jun-2010,2790.78
NIFTY200 MOMENTUM 30,15-Jun-2010,2795.80
NIFTY200 MOMENTUM 30,16-Jun-2010,2808.09
NIFTY200 MOMENTUM 30,17-Jun-2010,2831.45
NIFTY200 MOMENTUM 30,18-Jun-2010,2811.52
NIFTY200 MOMENTUM 30,21-Jun-2010,2864.22
NIFTY200 MOMENTUM 30,22-Jun-2010,2838.36
NIFTY200 MOMENTUM 30,23-Jun-2010,2845.83
NIFTY200 MOMENTUM 30,24-Jun-2010,2845.81
NIFTY200 MOMENTUM 30,25-Jun-2010,2812.71
NIFTY200 MOMENTUM 30,28-Jun-2010,2842.54
NIFTY200 MOMENTUM 30,29-Jun-2010,2812.19
NIFTY200 MOMENTUM 30,30-Jun-2010,2826.50
NIFTY200 MOMENTUM 30,01-Jul-2010,2797.97
NIFTY200 MOMENTUM 30,02-Jul-2010,2794.47
NIFTY200 MOMENTUM 30,05-Jul-2010,2802.84
NIFTY200 MOMENTUM 30,06-Jul-2010,2838.27
NIFTY200 MOMENTUM 30,07-Jul-2010,2819.23
NIFTY200 MOMENTUM 30,08-Jul-2010,2847.69
NIFTY200 MOMENTUM 30,09-Jul-2010,2872.80
NIFTY200 MOMENTUM 30,12-Jul-2010,2882.60
NIFTY200 MOMENTUM 30,13-Jul-2010,2891.21
NIFTY200 MOMENTUM 30,14-Jul-2010,2881.59
NIFTY200 MOMENTUM 30,15-Jul-2010,2887.57
NIFTY200 MOMENTUM 30,16-Jul-2010,2908.28
NIFTY200 MOMENTUM 30,19-Jul-2010,2910.50
NIFTY200 MOMENTUM 30,20-Jul-2010,2897.53
NIFTY200 MOMENTUM 30,21-Jul-2010,2931.40
NIFTY200 MOMENTUM 30,22-Jul-2010,2959.11
NIFTY200 MOMENTUM 30,23-Jul-2010,2952.67
NIFTY200 MOMENTUM 30,26-Jul-2010,2944.80
NIFTY200 MOMENTUM 30,27-Jul-2010,2963.51
NIFTY200 MOMENTUM 30,28-Jul-2010,2983.08
NIFTY200 MOMENTUM 30,29-Jul-2010,2981.08
NIFTY200 MOMENTUM 30,30-Jul-2010,2969.26
NIFTY200 MOMENTUM 30,02-Aug-2010,2999.45
NIFTY200 MOMENTUM 30,03-Aug-2010,3008.09
NIFTY200 MOMENTUM 30,04-Aug-2010,3017.69
NIFTY200 MOMENTUM 30,05-Aug-2010,3016.01
NIFTY200 MOMENTUM 30,06-Aug-2010,3018.58
NIFTY200 MOMENTUM 30,09-Aug-2010,3049.43
NIFTY200 MOMENTUM 30,10-Aug-2010,3047.69
NIFTY200 MOMENTUM 30,11-Aug-2010,3030.44
NIFTY200 MOMENTUM 30,12-Aug-2010,3036.38
NIFTY200 MOMENTUM 30,13-Aug-2010,3060.17
NIFTY200 MOMENTUM 30,16-Aug-2010,3054.72
NIFTY200 MOMENTUM 30,17-Aug-2010,3052.99
NIFTY200 MOMENTUM 30,18-Aug-2010,3097.05
NIFTY200 MOMENTUM 30,19-Aug-2010,3130.15
NIFTY200 MOMENTUM 30,20-Aug-2010,3133.01
NIFTY200 MOMENTUM 30,23-Aug-2010,3149.68
NIFTY200 MOMENTUM 30,24-Aug-2010,3137.37
NIFTY200 MOMENTUM 30,25-Aug-2010,3104.21
NIFTY200 MOMENTUM 30,26-Aug-2010,3100.75
NIFTY200 MOMENTUM 30,27-Aug-2010,3073.17
NIFTY200 MOMENTUM 30,30-Aug-2010,3079.34
NIFTY200 MOMENTUM 30,31-Aug-2010,3087.03
NIFTY200 MOMENTUM 30,01-Sep-2010,3135.38
NIFTY200 MOMENTUM 30,02-Sep-2010,3140.66
NIFTY200 MOMENTUM 30,03-Sep-2010,3143.69
NIFTY200 MOMENTUM 30,06-Sep-2010,3204.58
NIFTY200 MOMENTUM 30,07-Sep-2010,3206.22
NIFTY200 MOMENTUM 30,08-Sep-2010,3199.12
NIFTY200 MOMENTUM 30,09-Sep-2010,3201.25
NIFTY200 MOMENTUM 30,13-Sep-2010,3252.43
NIFTY200 MOMENTUM 30,14-Sep-2010,3261.90
NIFTY200 MOMENTUM 30,15-Sep-2010,3284.06
NIFTY200 MOMENTUM 30,16-Sep-2010,3246.62
NIFTY200 MOMENTUM 30,17-Sep-2010,3298.16
NIFTY200 MOMENTUM 30,20-Sep-2010,3324.41
NIFTY200 MOMENTUM 30,21-Sep-2010,3329.84
NIFTY200 MOMENTUM 30,22-Sep-2010,3312.29
NIFTY200 MOMENTUM 30,23-Sep-2010,3315.89
NIFTY200 MOMENTUM 30,24-Sep-2010,3331.98
NIFTY200 MOMENTUM 30,27-Sep-2010,3356.10
NIFTY200 MOMENTUM 30,28-Sep-2010,3355.31
NIFTY200 MOMENTUM 30,29-Sep-2010,3346.37
NIFTY200 MOMENTUM 30,30-Sep-2010,3336.48
NIFTY200 MOMENTUM 30,01-Oct-2010,3388.03
NIFTY200 MOMENTUM 30,04-Oct-2010,3409.77
NIFTY200 MOMENTUM 30,05-Oct-2010,3412.73
NIFTY200 MOMENTUM 30,06-Oct-2010,3439.66
NIFTY200 MOMENTUM 30,07-Oct-2010,3423.95
NIFTY200 MOMENTUM 30,08-Oct-2010,3405.20
NIFTY200 MOMENTUM 30,11-Oct-2010,3442.67
NIFTY200 MOMENTUM 30,12-Oct-2010,3417.87
NIFTY200 MOMENTUM 30,13-Oct-2010,3462.59
NIFTY200 MOMENTUM 30,14-Oct-2010,3451.11
NIFTY200 MOMENTUM 30,15-Oct-2010,3393.98
NIFTY200 MOMENTUM 30,18-Oct-2010,3395.41
NIFTY200 MOMENTUM 30,19-Oct-2010,3379.74
NIFTY200 MOMENTUM 30,20-Oct-2010,3370.09
NIFTY200 MOMENTUM 30,21-Oct-2010,3434.57
NIFTY200 MOMENTUM 30,22-Oct-2010,3438.31
NIFTY200 MOMENTUM 30,25-Oct-2010,3470.13
NIFTY200 MOMENTUM 30,26-Oct-2010,3486.69
NIFTY200 MOMENTUM 30,27-Oct-2010,3484.78
NIFTY200 MOMENTUM 30,28-Oct-2010,3473.43
NIFTY200 MOMENTUM 30,29-Oct-2010,3495.16
NIFTY200 MOMENTUM 30,01-Nov-2010,3557.15
NIFTY200 MOMENTUM 30,02-Nov-2010,3571.76
NIFTY200 MOMENTUM 30,03-Nov-2010,3586.55
NIFTY200 MOMENTUM 30,04-Nov-2010,3637.91
NIFTY200 MOMENTUM 30,05-Nov-2010,3653.53
NIFTY200 MOMENTUM 30,08-Nov-2010,3645.11
NIFTY200 MOMENTUM 30,09-Nov-2010,3656.51
NIFTY200 MOMENTUM 30,10-Nov-2010,3659.48
NIFTY200 MOMENTUM 30,11-Nov-2010,3614.21
NIFTY200 MOMENTUM 30,12-Nov-2010,3547.58
NIFTY200 MOMENTUM 30,15-Nov-2010,3583.27
NIFTY200 MOMENTUM 30,16-Nov-2010,3517.19
NIFTY200 MOMENTUM 30,18-Nov-2010,3528.20
NIFTY200 MOMENTUM 30,19-Nov-2010,3468.64
NIFTY200 MOMENTUM 30,22-Nov-2010,3536.35
NIFTY200 MOMENTUM 30,23-Nov-2010,3513.13
NIFTY200 MOMENTUM 30,24-Nov-2010,3444.27
NIFTY200 MOMENTUM 30,25-Nov-2010,3361.31
NIFTY200 MOMENTUM 30,26-Nov-2010,3291.45
NIFTY200 MOMENTUM 30,29-Nov-2010,3337.72
NIFTY200 MOMENTUM 30,30-Nov-2010,3409.19
NIFTY200 MOMENTUM 30,01-Dec-2010,3478.40
NIFTY200 MOMENTUM 30,02-Dec-2010,3501.54
NIFTY200 MOMENTUM 30,03-Dec-2010,3474.67
NIFTY200 MOMENTUM 30,06-Dec-2010,3422.28
NIFTY200 MOMENTUM 30,07-Dec-2010,3368.11
NIFTY200 MOMENTUM 30,08-Dec-2010,3300.44
NIFTY200 MOMENTUM 30,09-Dec-2010,3201.69
NIFTY200 MOMENTUM 30,10-Dec-2010,3240.42
NIFTY200 MOMENTUM 30,13-Dec-2010,3278.68
NIFTY200 MOMENTUM 30,14-Dec-2010,3319.69
NIFTY200 MOMENTUM 30,15-Dec-2010,3259.69
NIFTY200 MOMENTUM 30,16-Dec-2010,3274.59
NIFTY200 MOMENTUM 30,20-Dec-2010,3246.52
NIFTY200 MOMENTUM 30,21-Dec-2010,3264.63
NIFTY200 MOMENTUM 30,22-Dec-2010,3271.45
NIFTY200 MOMENTUM 30,23-Dec-2010,3265.41
NIFTY200 MOMENTUM 30,24-Dec-2010,3264.69
NIFTY200 MOMENTUM 30,27-Dec-2010,3253.90
NIFTY200 MOMENTUM 30,28-Dec-2010,3245.35
NIFTY200 MOMENTUM 30,29-Dec-2010,3279.75
NIFTY200 MOMENTUM 30,30-Dec-2010,3287.10
NIFTY200 MOMENTUM 30,31-Dec-2010,3328.05
NIFTY200 MOMENTUM 30,03-Jan-2011,3339.38
NIFTY200 MOMENTUM 30,04-Jan-2011,3307.16
NIFTY200 MOMENTUM 30,05-Jan-2011,3271.80
NIFTY200 MOMENTUM 30,06-Jan-2011,3235.64
NIFTY200 MOMENTUM 30,07-Jan-2011,3154.53
NIFTY200 MOMENTUM 30,10-Jan-2011,3081.48
NIFTY200 MOMENTUM 30,11-Jan-2011,3097.46
NIFTY200 MOMENTUM 30,12-Jan-2011,3150.17
NIFTY200 MOMENTUM 30,13-Jan-2011,3109.21
NIFTY200 MOMENTUM 30,14-Jan-2011,3058.03
NIFTY200 MOMENTUM 30,17-Jan-2011,3047.52
NIFTY200 MOMENTUM 30,18-Jan-2011,3083.14
NIFTY200 MOMENTUM 30,19-Jan-2011,3097.14
NIFTY200 MOMENTUM 30,20-Jan-2011,3108.33
NIFTY200 MOMENTUM 30,21-Jan-2011,3112.57
NIFTY200 MOMENTUM 30,24-Jan-2011,3145.90
NIFTY200 MOMENTUM 30,25-Jan-2011,3115.22
NIFTY200 MOMENTUM 30,27-Jan-2011,3066.66
NIFTY200 MOMENTUM 30,28-Jan-2011,2997.48
NIFTY200 MOMENTUM 30,31-Jan-2011,3014.65
NIFTY200 MOMENTUM 30,01-Feb-2011,2951.73
NIFTY200 MOMENTUM 30,02-Feb-2011,2952.43
NIFTY200 MOMENTUM 30,03-Feb-2011,2985.16
NIFTY200 MOMENTUM 30,04-Feb-2011,2947.69
NIFTY200 MOMENTUM 30,07-Feb-2011,2929.41
NIFTY200 MOMENTUM 30,08-Feb-2011,2880.69
NIFTY200 MOMENTUM 30,09-Feb-2011,2825.58
NIFTY200 MOMENTUM 30,10-Feb-2011,2837.92
NIFTY200 MOMENTUM 30,11-Feb-2011,2903.60
NIFTY200 MOMENTUM 30,14-Feb-2011,2997.77
NIFTY200 MOMENTUM 30,15-Feb-2011,3035.99
NIFTY200 MOMENTUM 30,16-Feb-2011,3040.00
NIFTY200 MOMENTUM 30,17-Feb-2011,3087.55
NIFTY200 MOMENTUM 30,18-Feb-2011,3035.96
NIFTY200 MOMENTUM 30,21-Feb-2011,3048.33
NIFTY200 MOMENTUM 30,22-Feb-2011,3012.41
NIFTY200 MOMENTUM 30,23-Feb-2011,2982.86
NIFTY200 MOMENTUM 30,24-Feb-2011,2880.10
NIFTY200 MOMENTUM 30,25-Feb-2011,2922.21
NIFTY200 MOMENTUM 30,28-Feb-2011,2940.76
NIFTY200 MOMENTUM 30,01-Mar-2011,3043.50
NIFTY200 MOMENTUM 30,03-Mar-2011,3054.59
NIFTY200 MOMENTUM 30,04-Mar-2011,3058.34
NIFTY200 MOMENTUM 30,07-Mar-2011,3019.62
NIFTY200 MOMENTUM 30,08-Mar-2011,3049.87
NIFTY200 MOMENTUM 30,09-Mar-2011,3062.64
NIFTY200 MOMENTUM 30,10-Mar-2011,3045.06
NIFTY200 MOMENTUM 30,11-Mar-2011,3024.50
NIFTY200 MOMENTUM 30,14-Mar-2011,3050.89
NIFTY200 MOMENTUM 30,15-Mar-2011,3003.76
NIFTY200 MOMENTUM 30,16-Mar-2011,3041.43
NIFTY200 MOMENTUM 30,17-Mar-2011,3033.66
NIFTY200 MOMENTUM 30,18-Mar-2011,3002.06
NIFTY200 MOMENTUM 30,21-Mar-2011,2999.31
NIFTY200 MOMENTUM 30,22-Mar-2011,3029.20
NIFTY200 MOMENTUM 30,23-Mar-2011,3048.37
NIFTY200 MOMENTUM 30,24-Mar-2011,3058.80
NIFTY200 MOMENTUM 30,25-Mar-2011,3108.98
NIFTY200 MOMENTUM 30,28-Mar-2011,3133.55
NIFTY200 MOMENTUM 30,29-Mar-2011,3149.69
NIFTY200 MOMENTUM 30,30-Mar-2011,3180.79
NIFTY200 MOMENTUM 30,31-Mar-2011,3206.71
NIFTY200 MOMENTUM 30,01-Apr-2011,3199.01
NIFTY200 MOMENTUM 30,04-Apr-2011,3236.59
NIFTY200 MOMENTUM 30,05-Apr-2011,3252.33
NIFTY200 MOMENTUM 30,06-Apr-2011,3249.29
NIFTY200 MOMENTUM 30,07-Apr-2011,3248.40
NIFTY200 MOMENTUM 30,08-Apr-2011,3220.57
NIFTY200 MOMENTUM 30,11-Apr-2011,3192.11
NIFTY200 MOMENTUM 30,13-Apr-2011,3243.91
NIFTY200 MOMENTUM 30,15-Apr-2011,3214.60
NIFTY200 MOMENTUM 30,18-Apr-2011,3176.89
NIFTY200 MOMENTUM 30,19-Apr-2011,3182.45
NIFTY200 MOMENTUM 30,20-Apr-2011,3256.75
NIFTY200 MOMENTUM 30,21-Apr-2011,3254.21
NIFTY200 MOMENTUM 30,25-Apr-2011,3266.99
NIFTY200 MOMENTUM 30,26-Apr-2011,3273.00
NIFTY200 MOMENTUM 30,27-Apr-2011,3274.73
NIFTY200 MOMENTUM 30,28-Apr-2011,3247.76
NIFTY200 MOMENTUM 30,29-Apr-2011,3231.19
NIFTY200 MOMENTUM 30,02-May-2011,3192.22
NIFTY200 MOMENTUM 30,03-May-2011,3115.26
NIFTY200 MOMENTUM 30,04-May-2011,3089.94
NIFTY200 MOMENTUM 30,05-May-2011,3041.44
NIFTY200 MOMENTUM 30,06-May-2011,3103.93
NIFTY200 MOMENTUM 30,09-May-2011,3103.98
NIFTY200 MOMENTUM 30,10-May-2011,3107.71
NIFTY200 MOMENTUM 30,11-May-2011,3130.60
NIFTY200 MOMENTUM 30,12-May-2011,3105.09
NIFTY200 MOMENTUM 30,13-May-2011,3134.21
NIFTY200 MOMENTUM 30,16-May-2011,3117.05
NIFTY200 MOMENTUM 30,17-May-2011,3103.29
NIFTY200 MOMENTUM 30,18-May-2011,3083.19
NIFTY200 MOMENTUM 30,19-May-2011,3080.18
NIFTY200 MOMENTUM 30,20-May-2011,3104.25
NIFTY200 MOMENTUM 30,23-May-2011,3062.11
NIFTY200 MOMENTUM 30,24-May-2011,3069.50
NIFTY200 MOMENTUM 30,25-May-2011,3056.54
NIFTY200 MOMENTUM 30,26-May-2011,3073.77
NIFTY200 MOMENTUM 30,27-May-2011,3092.43
NIFTY200 MOMENTUM 30,30-May-2011,3103.51
NIFTY200 MOMENTUM 30,31-May-2011,3157.34
NIFTY200 MOMENTUM 30,01-Jun-2011,3167.62
NIFTY200 MOMENTUM 30,02-Jun-2011,3160.73
NIFTY200 MOMENTUM 30,03-Jun-2011,3138.21
NIFTY200 MOMENTUM 30,06-Jun-2011,3143.49
NIFTY200 MOMENTUM 30,07-Jun-2011,3152.27
NIFTY200 MOMENTUM 30,08-Jun-2011,3139.23
NIFTY200 MOMENTUM 30,09-Jun-2011,3129.72
NIFTY200 MOMENTUM 30,10-Jun-2011,3129.12
NIFTY200 MOMENTUM 30,13-Jun-2011,3129.66
NIFTY200 MOMENTUM 30,14-Jun-2011,3139.85
NIFTY200 MOMENTUM 30,15-Jun-2011,3125.21
NIFTY200 MOMENTUM 30,16-Jun-2011,3112.59
NIFTY200 MOMENTUM 30,17-Jun-2011,3083.46
NIFTY200 MOMENTUM 30,20-Jun-2011,3031.01
NIFTY200 MOMENTUM 30,21-Jun-2011,3037.95
NIFTY200 MOMENTUM 30,22-Jun-2011,3021.49
NIFTY200 MOMENTUM 30,23-Jun-2011,3041.57
NIFTY200 MOMENTUM 30,24-Jun-2011,3103.27
NIFTY200 MOMENTUM 30,27-Jun-2011,3122.62
NIFTY200 MOMENTUM 30,28-Jun-2011,3135.59
NIFTY200 MOMENTUM 30,29-Jun-2011,3165.93
NIFTY200 MOMENTUM 30,30-Jun-2011,3186.05
NIFTY200 MOMENTUM 30,01-Jul-2011,3196.77
NIFTY200 MOMENTUM 30,04-Jul-2011,3221.86
NIFTY200 MOMENTUM 30,05-Jul-2011,3218.57
NIFTY200 MOMENTUM 30,06-Jul-2011,3219.35
NIFTY200 MOMENTUM 30,07-Jul-2011,3270.13
NIFTY200 MOMENTUM 30,08-Jul-2011,3245.62
NIFTY200 MOMENTUM 30,11-Jul-2011,3221.70
NIFTY200 MOMENTUM 30,12-Jul-2011,3185.86
NIFTY200 MOMENTUM 30,13-Jul-2011,3221.69
NIFTY200 MOMENTUM 30,14-Jul-2011,3228.71
NIFTY200 MOMENTUM 30,15-Jul-2011,3225.92
NIFTY200 MOMENTUM 30,18-Jul-2011,3222.86
NIFTY200 MOMENTUM 30,19-Jul-2011,3251.94
NIFTY200 MOMENTUM 30,20-Jul-2011,3221.67
NIFTY200 MOMENTUM 30,21-Jul-2011,3213.24
NIFTY200 MOMENTUM 30,22-Jul-2011,3248.89
NIFTY200 MOMENTUM 30,25-Jul-2011,3270.79
NIFTY200 MOMENTUM 30,26-Jul-2011,3229.27
NIFTY200 MOMENTUM 30,27-Jul-2011,3205.34
NIFTY200 MOMENTUM 30,28-Jul-2011,3189.69
NIFTY200 MOMENTUM 30,29-Jul-2011,3184.22
NIFTY200 MOMENTUM 30,01-Aug-2011,3185.39
NIFTY200 MOMENTUM 30,02-Aug-2011,3154.87
NIFTY200 MOMENTUM 30,03-Aug-2011,3125.87
NIFTY200 MOMENTUM 30,04-Aug-2011,3091.25
NIFTY200 MOMENTUM 30,05-Aug-2011,3044.27
NIFTY200 MOMENTUM 30,08-Aug-2011,2989.37
NIFTY200 MOMENTUM 30,09-Aug-2011,2959.51
NIFTY200 MOMENTUM 30,10-Aug-2011,3019.52
NIFTY200 MOMENTUM 30,11-Aug-2011,3009.29
NIFTY200 MOMENTUM 30,12-Aug-2011,2961.84
NIFTY200 MOMENTUM 30,16-Aug-2011,2944.89
NIFTY200 MOMENTUM 30,17-Aug-2011,2961.78
NIFTY200 MOMENTUM 30,18-Aug-2011,2895.19
NIFTY200 MOMENTUM 30,19-Aug-2011,2851.42
NIFTY200 MOMENTUM 30,22-Aug-2011,2872.17
NIFTY200 MOMENTUM 30,23-Aug-2011,2912.14
NIFTY200 MOMENTUM 30,24-Aug-2011,2885.18
NIFTY200 MOMENTUM 30,25-Aug-2011,2859.15
NIFTY200 MOMENTUM 30,26-Aug-2011,2815.19
NIFTY200 MOMENTUM 30,29-Aug-2011,2898.18
NIFTY200 MOMENTUM 30,30-Aug-2011,2947.67
NIFTY200 MOMENTUM 30,02-Sep-2011,2977.90
NIFTY200 MOMENTUM 30,05-Sep-2011,2976.43
NIFTY200 MOMENTUM 30,06-Sep-2011,2977.77
NIFTY200 MOMENTUM 30,07-Sep-2011,2999.71
NIFTY200 MOMENTUM 30,08-Sep-2011,3007.61
NIFTY200 MOMENTUM 30,09-Sep-2011,2972.72
NIFTY200 MOMENTUM 30,12-Sep-2011,2914.23
NIFTY200 MOMENTUM 30,13-Sep-2011,2909.20
NIFTY200 MOMENTUM 30,14-Sep-2011,2949.58
NIFTY200 MOMENTUM 30,15-Sep-2011,2982.14
NIFTY200 MOMENTUM 30,16-Sep-2011,2985.84
NIFTY200 MOMENTUM 30,19-Sep-2011,2961.01
NIFTY200 MOMENTUM 30,20-Sep-2011,3016.33
NIFTY200 MOMENTUM 30,21-Sep-2011,3022.65
NIFTY200 MOMENTUM 30,22-Sep-2011,2913.96
NIFTY200 MOMENTUM 30,23-Sep-2011,2896.84
NIFTY200 MOMENTUM 30,26-Sep-2011,2862.54
NIFTY200 MOMENTUM 30,27-Sep-2011,2928.07
NIFTY200 MOMENTUM 30,28-Sep-2011,2922.21
NIFTY200 MOMENTUM 30,29-Sep-2011,2949.68
NIFTY200 MOMENTUM 30,30-Sep-2011,2920.07
NIFTY200 MOMENTUM 30,03-Oct-2011,2875.16
NIFTY200 MOMENTUM 30,04-Oct-2011,2832.47
NIFTY200 MOMENTUM 30,05-Oct-2011,2820.69
NIFTY200 MOMENTUM 30,07-Oct-2011,2873.02
NIFTY200 MOMENTUM 30,10-Oct-2011,2901.00
NIFTY200 MOMENTUM 30,11-Oct-2011,2920.90
NIFTY200 MOMENTUM 30,12-Oct-2011,2957.60
NIFTY200 MOMENTUM 30,13-Oct-2011,2941.98
NIFTY200 MOMENTUM 30,14-Oct-2011,2969.12
NIFTY200 MOMENTUM 30,17-Oct-2011,2980.38
NIFTY200 MOMENTUM 30,18-Oct-2011,2938.00
NIFTY200 MOMENTUM 30,19-Oct-2011,2984.23
NIFTY200 MOMENTUM 30,20-Oct-2011,2964.23
NIFTY200 MOMENTUM 30,21-Oct-2011,2951.43
NIFTY200 MOMENTUM 30,24-Oct-2011,2980.25
NIFTY200 MOMENTUM 30,25-Oct-2011,3008.19
NIFTY200 MOMENTUM 30,26-Oct-2011,3025.60
NIFTY200 MOMENTUM 30,28-Oct-2011,3059.81
NIFTY200 MOMENTUM 30,31-Oct-2011,3068.91
NIFTY200 MOMENTUM 30,01-Nov-2011,3057.74
NIFTY200 MOMENTUM 30,02-Nov-2011,3059.51
NIFTY200 MOMENTUM 30,03-Nov-2011,3063.29
NIFTY200 MOMENTUM 30,04-Nov-2011,3085.52
NIFTY200 MOMENTUM 30,08-Nov-2011,3076.81
NIFTY200 MOMENTUM 30,09-Nov-2011,3056.54
NIFTY200 MOMENTUM 30,11-Nov-2011,3063.90
NIFTY200 MOMENTUM 30,14-Nov-2011,3058.78
NIFTY200 MOMENTUM 30,15-Nov-2011,3008.30
NIFTY200 MOMENTUM 30,16-Nov-2011,3004.73
NIFTY200 MOMENTUM 30,17-Nov-2011,2967.33
NIFTY200 MOMENTUM 30,18-Nov-2011,2959.57
NIFTY200 MOMENTUM 30,21-Nov-2011,2908.39
NIFTY200 MOMENTUM 30,22-Nov-2011,2893.19
NIFTY200 MOMENTUM 30,23-Nov-2011,2849.26
NIFTY200 MOMENTUM 30,24-Nov-2011,2886.73
NIFTY200 MOMENTUM 30,25-Nov-2011,2872.46
NIFTY200 MOMENTUM 30,28-Nov-2011,2920.96
NIFTY200 MOMENTUM 30,29-Nov-2011,2914.80
NIFTY200 MOMENTUM 30,30-Nov-2011,2927.42
NIFTY200 MOMENTUM 30,01-Dec-2011,2931.14
NIFTY200 MOMENTUM 30,02-Dec-2011,2989.68
NIFTY200 MOMENTUM 30,05-Dec-2011,2983.22
NIFTY200 MOMENTUM 30,07-Dec-2011,2959.68
NIFTY200 MOMENTUM 30,08-Dec-2011,2919.47
NIFTY200 MOMENTUM 30,09-Dec-2011,2883.14
NIFTY200 MOMENTUM 30,12-Dec-2011,2822.70
NIFTY200 MOMENTUM 30,13-Dec-2011,2842.43
NIFTY200 MOMENTUM 30,14-Dec-2011,2830.69
NIFTY200 MOMENTUM 30,15-Dec-2011,2829.72
NIFTY200 MOMENTUM 30,16-Dec-2011,2788.13
NIFTY200 MOMENTUM 30,19-Dec-2011,2764.07
NIFTY200 MOMENTUM 30,20-Dec-2011,2736.31
NIFTY200 MOMENTUM 30,21-Dec-2011,2791.36
NIFTY200 MOMENTUM 30,22-Dec-2011,2811.75
NIFTY200 MOMENTUM 30,23-Dec-2011,2797.47
NIFTY200 MOMENTUM 30,26-Dec-2011,2832.01
NIFTY200 MOMENTUM 30,27-Dec-2011,2825.26
NIFTY200 MOMENTUM 30,28-Dec-2011,2804.50
NIFTY200 MOMENTUM 30,29-Dec-2011,2792.51
NIFTY200 MOMENTUM 30,30-Dec-2011,2793.33
NIFTY200 MOMENTUM 30,02-Jan-2012,2769.81
NIFTY200 MOMENTUM 30,03-Jan-2012,2811.29
NIFTY200 MOMENTUM 30,04-Jan-2012,2782.31
NIFTY200 MOMENTUM 30,05-Jan-2012,2792.59
NIFTY200 MOMENTUM 30,06-Jan-2012,2781.46
NIFTY200 MOMENTUM 30,07-Jan-2012,2781.01
NIFTY200 MOMENTUM 30,09-Jan-2012,2775.66
NIFTY200 MOMENTUM 30,10-Jan-2012,2816.90
NIFTY200 MOMENTUM 30,11-Jan-2012,2821.86
NIFTY200 MOMENTUM 30,12-Jan-2012,2826.91
NIFTY200 MOMENTUM 30,13-Jan-2012,2829.16
NIFTY200 MOMENTUM 30,16-Jan-2012,2826.83
NIFTY200 MOMENTUM 30,17-Jan-2012,2864.09
NIFTY200 MOMENTUM 30,18-Jan-2012,2850.38
NIFTY200 MOMENTUM 30,19-Jan-2012,2866.48
NIFTY200 MOMENTUM 30,20-Jan-2012,2869.96
NIFTY200 MOMENTUM 30,23-Jan-2012,2883.66
NIFTY200 MOMENTUM 30,24-Jan-2012,2913.60
NIFTY200 MOMENTUM 30,25-Jan-2012,2936.61
NIFTY200 MOMENTUM 30,27-Jan-2012,2951.78
NIFTY200 MOMENTUM 30,30-Jan-2012,2920.70
NIFTY200 MOMENTUM 30,31-Jan-2012,2975.33
NIFTY200 MOMENTUM 30,01-Feb-2012,2979.48
NIFTY200 MOMENTUM 30,02-Feb-2012,3006.02
NIFTY200 MOMENTUM 30,03-Feb-2012,3034.50
NIFTY200 MOMENTUM 30,06-Feb-2012,3054.40
NIFTY200 MOMENTUM 30,07-Feb-2012,3027.55
NIFTY200 MOMENTUM 30,08-Feb-2012,3041.22
NIFTY200 MOMENTUM 30,09-Feb-2012,3069.45
NIFTY200 MOMENTUM 30,10-Feb-2012,3055.89
NIFTY200 MOMENTUM 30,13-Feb-2012,3069.69
NIFTY200 MOMENTUM 30,14-Feb-2012,3072.09
NIFTY200 MOMENTUM 30,15-Feb-2012,3117.51
NIFTY200 MOMENTUM 30,16-Feb-2012,3125.70
NIFTY200 MOMENTUM 30,17-Feb-2012,3133.36
NIFTY200 MOMENTUM 30,21-Feb-2012,3151.08
NIFTY200 MOMENTUM 30,22-Feb-2012,3108.72
NIFTY200 MOMENTUM 30,23-Feb-2012,3103.19
NIFTY200 MOMENTUM 30,24-Feb-2012,3094.91
NIFTY200 MOMENTUM 30,27-Feb-2012,3055.64
NIFTY200 MOMENTUM 30,28-Feb-2012,3100.66
NIFTY200 MOMENTUM 30,29-Feb-2012,3099.79
NIFTY200 MOMENTUM 30,01-Mar-2012,3085.15
NIFTY200 MOMENTUM 30,02-Mar-2012,3093.15
NIFTY200 MOMENTUM 30,03-Mar-2012,3089.16
NIFTY200 MOMENTUM 30,05-Mar-2012,3063.82
NIFTY200 MOMENTUM 30,06-Mar-2012,3060.46
NIFTY200 MOMENTUM 30,07-Mar-2012,3060.41
NIFTY200 MOMENTUM 30,09-Mar-2012,3106.71
NIFTY200 MOMENTUM 30,12-Mar-2012,3117.68
NIFTY200 MOMENTUM 30,13-Mar-2012,3139.17
NIFTY200 MOMENTUM 30,14-Mar-2012,3146.40
NIFTY200 MOMENTUM 30,15-Mar-2012,3119.07
NIFTY200 MOMENTUM 30,16-Mar-2012,3104.58
NIFTY200 MOMENTUM 30,19-Mar-2012,3087.76
NIFTY200 MOMENTUM 30,20-Mar-2012,3109.64
NIFTY200 MOMENTUM 30,21-Mar-2012,3156.71
NIFTY200 MOMENTUM 30,22-Mar-2012,3110.44
NIFTY200 MOMENTUM 30,23-Mar-2012,3148.52
NIFTY200 MOMENTUM 30,26-Mar-2012,3125.37
NIFTY200 MOMENTUM 30,27-Mar-2012,3152.58
NIFTY200 MOMENTUM 30,28-Mar-2012,3136.24
NIFTY200 MOMENTUM 30,29-Mar-2012,3136.28
NIFTY200 MOMENTUM 30,30-Mar-2012,3198.49
NIFTY200 MOMENTUM 30,02-Apr-2012,3222.97
NIFTY200 MOMENTUM 30,03-Apr-2012,3224.63
NIFTY200 MOMENTUM 30,04-Apr-2012,3212.90
NIFTY200 MOMENTUM 30,09-Apr-2012,3181.65
NIFTY200 MOMENTUM 30,10-Apr-2012,3182.64
NIFTY200 MOMENTUM 30,11-Apr-2012,3174.37
NIFTY200 MOMENTUM 30,12-Apr-2012,3179.36
NIFTY200 MOMENTUM 30,13-Apr-2012,3185.95
NIFTY200 MOMENTUM 30,16-Apr-2012,3189.54
NIFTY200 MOMENTUM 30,17-Apr-2012,3213.25
NIFTY200 MOMENTUM 30,18-Apr-2012,3224.46
NIFTY200 MOMENTUM 30,19-Apr-2012,3234.11
NIFTY200 MOMENTUM 30,20-Apr-2012,3222.83
NIFTY200 MOMENTUM 30,23-Apr-2012,3182.36
NIFTY200 MOMENTUM 30,24-Apr-2012,3188.64
NIFTY200 MOMENTUM 30,25-Apr-2012,3185.90
NIFTY200 MOMENTUM 30,26-Apr-2012,3176.60
NIFTY200 MOMENTUM 30,27-Apr-2012,3173.02
NIFTY200 MOMENTUM 30,28-Apr-2012,3179.21
NIFTY200 MOMENTUM 30,30-Apr-2012,3204.40
NIFTY200 MOMENTUM 30,02-May-2012,3196.61
NIFTY200 MOMENTUM 30,03-May-2012,3182.41
NIFTY200 MOMENTUM 30,04-May-2012,3140.21
NIFTY200 MOMENTUM 30,07-May-2012,3179.45
NIFTY200 MOMENTUM 30,08-May-2012,3128.53
NIFTY200 MOMENTUM 30,09-May-2012,3122.21
NIFTY200 MOMENTUM 30,10-May-2012,3125.72
NIFTY200 MOMENTUM 30,11-May-2012,3104.36
NIFTY200 MOMENTUM 30,14-May-2012,3101.95
NIFTY200 MOMENTUM 30,15-May-2012,3115.51
NIFTY200 MOMENTUM 30,16-May-2012,3085.73
NIFTY200 MOMENTUM 30,17-May-2012,3082.08
NIFTY200 MOMENTUM 30,18-May-2012,3073.24
NIFTY200 MOMENTUM 30,21-May-2012,3088.72
NIFTY200 MOMENTUM 30,22-May-2012,3057.54
NIFTY200 MOMENTUM 30,23-May-2012,3040.28
NIFTY200 MOMENTUM 30,24-May-2012,3069.63
NIFTY200 MOMENTUM 30,25-May-2012,3070.49
NIFTY200 MOMENTUM 30,28-May-2012,3116.06
NIFTY200 MOMENTUM 30,29-May-2012,3102.61
NIFTY200 MOMENTUM 30,30-May-2012,3064.23
NIFTY200 MOMENTUM 30,31-May-2012,3072.75
NIFTY200 MOMENTUM 30,01-Jun-2012,3027.81
NIFTY200 MOMENTUM 30,04-Jun-2012,2994.91
NIFTY200 MOMENTUM 30,05-Jun-2012,2996.38
NIFTY200 MOMENTUM 30,06-Jun-2012,3068.12
NIFTY200 MOMENTUM 30,07-Jun-2012,3082.06
NIFTY200 MOMENTUM 30,08-Jun-2012,3096.49
NIFTY200 MOMENTUM 30,11-Jun-2012,3093.48
NIFTY200 MOMENTUM 30,12-Jun-2012,3117.96
NIFTY200 MOMENTUM 30,13-Jun-2012,3116.75
NIFTY200 MOMENTUM 30,14-Jun-2012,3084.48
NIFTY200 MOMENTUM 30,15-Jun-2012,3132.08
NIFTY200 MOMENTUM 30,18-Jun-2012,3101.50
NIFTY200 MOMENTUM 30,19-Jun-2012,3115.84
NIFTY200 MOMENTUM 30,20-Jun-2012,3134.61
NIFTY200 MOMENTUM 30,21-Jun-2012,3156.35
NIFTY200 MOMENTUM 30,22-Jun-2012,3152.00
NIFTY200 MOMENTUM 30,25-Jun-2012,3132.12
NIFTY200 MOMENTUM 30,26-Jun-2012,3143.73
NIFTY200 MOMENTUM 30,27-Jun-2012,3149.23
NIFTY200 MOMENTUM 30,28-Jun-2012,3166.17
NIFTY200 MOMENTUM 30,29-Jun-2012,3236.30
NIFTY200 MOMENTUM 30,02-Jul-2012,3246.83
NIFTY200 MOMENTUM 30,03-Jul-2012,3253.10
NIFTY200 MOMENTUM 30,04-Jul-2012,3253.63
NIFTY200 MOMENTUM 30,05-Jul-2012,3268.79
NIFTY200 MOMENTUM 30,06-Jul-2012,3260.36
NIFTY200 MOMENTUM 30,09-Jul-2012,3233.14
NIFTY200 MOMENTUM 30,10-Jul-2012,3259.67
NIFTY200 MOMENTUM 30,11-Jul-2012,3245.75
NIFTY200 MOMENTUM 30,12-Jul-2012,3226.59
NIFTY200 MOMENTUM 30,13-Jul-2012,3228.92
NIFTY200 MOMENTUM 30,16-Jul-2012,3217.15
NIFTY200 MOMENTUM 30,17-Jul-2012,3209.17
NIFTY200 MOMENTUM 30,18-Jul-2012,3229.20
NIFTY200 MOMENTUM 30,19-Jul-2012,3234.72
NIFTY200 MOMENTUM 30,20-Jul-2012,3235.60
NIFTY200 MOMENTUM 30,23-Jul-2012,3195.87
NIFTY200 MOMENTUM 30,24-Jul-2012,3215.48
NIFTY200 MOMENTUM 30,25-Jul-2012,3209.83
NIFTY200 MOMENTUM 30,26-Jul-2012,3176.56
NIFTY200 MOMENTUM 30,27-Jul-2012,3206.48
NIFTY200 MOMENTUM 30,30-Jul-2012,3254.97
NIFTY200 MOMENTUM 30,31-Jul-2012,3273.32
NIFTY200 MOMENTUM 30,01-Aug-2012,3283.89
NIFTY200 MOMENTUM 30,02-Aug-2012,3290.65
NIFTY200 MOMENTUM 30,03-Aug-2012,3300.02
NIFTY200 MOMENTUM 30,06-Aug-2012,3325.28
NIFTY200 MOMENTUM 30,07-Aug-2012,3345.32
NIFTY200 MOMENTUM 30,08-Aug-2012,3345.67
NIFTY200 MOMENTUM 30,09-Aug-2012,3358.63
NIFTY200 MOMENTUM 30,10-Aug-2012,3363.33
NIFTY200 MOMENTUM 30,13-Aug-2012,3383.53
NIFTY200 MOMENTUM 30,14-Aug-2012,3392.74
NIFTY200 MOMENTUM 30,16-Aug-2012,3368.59
NIFTY200 MOMENTUM 30,17-Aug-2012,3379.89
NIFTY200 MOMENTUM 30,21-Aug-2012,3400.33
NIFTY200 MOMENTUM 30,22-Aug-2012,3407.51
NIFTY200 MOMENTUM 30,23-Aug-2012,3406.18
NIFTY200 MOMENTUM 30,24-Aug-2012,3397.34
NIFTY200 MOMENTUM 30,27-Aug-2012,3391.92
NIFTY200 MOMENTUM 30,28-Aug-2012,3384.76
NIFTY200 MOMENTUM 30,29-Aug-2012,3363.95
NIFTY200 MOMENTUM 30,30-Aug-2012,3387.55
NIFTY200 MOMENTUM 30,31-Aug-2012,3363.94
NIFTY200 MOMENTUM 30,03-Sep-2012,3368.53
NIFTY200 MOMENTUM 30,04-Sep-2012,3373.52
NIFTY200 MOMENTUM 30,05-Sep-2012,3363.11
NIFTY200 MOMENTUM 30,06-Sep-2012,3376.15
NIFTY200 MOMENTUM 30,07-Sep-2012,3425.78
NIFTY200 MOMENTUM 30,08-Sep-2012,3434.25
NIFTY200 MOMENTUM 30,10-Sep-2012,3445.38
NIFTY200 MOMENTUM 30,11-Sep-2012,3460.08
NIFTY200 MOMENTUM 30,12-Sep-2012,3486.84
NIFTY200 MOMENTUM 30,13-Sep-2012,3478.38
NIFTY200 MOMENTUM 30,14-Sep-2012,3514.75
NIFTY200 MOMENTUM 30,17-Sep-2012,3495.47
NIFTY200 MOMENTUM 30,18-Sep-2012,3489.11
NIFTY200 MOMENTUM 30,20-Sep-2012,3495.94
NIFTY200 MOMENTUM 30,21-Sep-2012,3536.64
NIFTY200 MOMENTUM 30,24-Sep-2012,3524.90
NIFTY200 MOMENTUM 30,25-Sep-2012,3539.24
NIFTY200 MOMENTUM 30,26-Sep-2012,3546.91
NIFTY200 MOMENTUM 30,27-Sep-2012,3576.12
NIFTY200 MOMENTUM 30,28-Sep-2012,3629.03
NIFTY200 MOMENTUM 30,01-Oct-2012,3665.97
NIFTY200 MOMENTUM 30,03-Oct-2012,3680.17
NIFTY200 MOMENTUM 30,04-Oct-2012,3679.68
NIFTY200 MOMENTUM 30,05-Oct-2012,3651.07
NIFTY200 MOMENTUM 30,08-Oct-2012,3632.73
NIFTY200 MOMENTUM 30,09-Oct-2012,3668.42
NIFTY200 MOMENTUM 30,10-Oct-2012,3643.43
NIFTY200 MOMENTUM 30,11-Oct-2012,3654.64
NIFTY200 MOMENTUM 30,12-Oct-2012,3676.59
NIFTY200 MOMENTUM 30,15-Oct-2012,3674.18
NIFTY200 MOMENTUM 30,16-Oct-2012,3655.60
NIFTY200 MOMENTUM 30,17-Oct-2012,3660.37
NIFTY200 MOMENTUM 30,18-Oct-2012,3676.59
NIFTY200 MOMENTUM 30,19-Oct-2012,3653.50
NIFTY200 MOMENTUM 30,22-Oct-2012,3671.19
NIFTY200 MOMENTUM 30,23-Oct-2012,3651.21
NIFTY200 MOMENTUM 30,25-Oct-2012,3644.17
NIFTY200 MOMENTUM 30,26-Oct-2012,3617.68
NIFTY200 MOMENTUM 30,29-Oct-2012,3599.64
NIFTY200 MOMENTUM 30,30-Oct-2012,3574.33
NIFTY200 MOMENTUM 30,31-Oct-2012,3602.41
NIFTY200 MOMENTUM 30,01-Nov-2012,3630.51
NIFTY200 MOMENTUM 30,02-Nov-2012,3650.86
NIFTY200 MOMENTUM 30,05-Nov-2012,3665.99
NIFTY200 MOMENTUM 30,06-Nov-2012,3694.10
NIFTY200 MOMENTUM 30,07-Nov-2012,3720.77
NIFTY200 MOMENTUM 30,08-Nov-2012,3732.41
NIFTY200 MOMENTUM 30,09-Nov-2012,3713.32
NIFTY200 MOMENTUM 30,12-Nov-2012,3761.23
NIFTY200 MOMENTUM 30,13-Nov-2012,3752.00
NIFTY200 MOMENTUM 30,15-Nov-2012,3729.85
NIFTY200 MOMENTUM 30,16-Nov-2012,3674.95
NIFTY200 MOMENTUM 30,19-Nov-2012,3649.53
NIFTY200 MOMENTUM 30,20-Nov-2012,3644.46
NIFTY200 MOMENTUM 30,21-Nov-2012,3689.27
NIFTY200 MOMENTUM 30,22-Nov-2012,3698.19
NIFTY200 MOMENTUM 30,23-Nov-2012,3705.88
NIFTY200 MOMENTUM 30,26-Nov-2012,3721.18
NIFTY200 MOMENTUM 30,27-Nov-2012,3776.68
NIFTY200 MOMENTUM 30,29-Nov-2012,3840.51
NIFTY200 MOMENTUM 30,30-Nov-2012,3847.13
NIFTY200 MOMENTUM 30,03-Dec-2012,3852.65
NIFTY200 MOMENTUM 30,04-Dec-2012,3851.48
NIFTY200 MOMENTUM 30,05-Dec-2012,3860.61
NIFTY200 MOMENTUM 30,06-Dec-2012,3860.54
NIFTY200 MOMENTUM 30,07-Dec-2012,3837.62
NIFTY200 MOMENTUM 30,10-Dec-2012,3847.42
NIFTY200 MOMENTUM 30,11-Dec-2012,3852.49
NIFTY200 MOMENTUM 30,12-Dec-2012,3846.38
NIFTY200 MOMENTUM 30,13-Dec-2012,3810.63
NIFTY200 MOMENTUM 30,14-Dec-2012,3832.06
NIFTY200 MOMENTUM 30,17-Dec-2012,3818.17
NIFTY200 MOMENTUM 30,18-Dec-2012,3860.07
NIFTY200 MOMENTUM 30,19-Dec-2012,3901.59
NIFTY200 MOMENTUM 30,20-Dec-2012,3904.55
NIFTY200 MOMENTUM 30,21-Dec-2012,3849.33
NIFTY200 MOMENTUM 30,24-Dec-2012,3860.57
NIFTY200 MOMENTUM 30,26-Dec-2012,3873.06
NIFTY200 MOMENTUM 30,27-Dec-2012,3848.86
NIFTY200 MOMENTUM 30,28-Dec-2012,3863.64
NIFTY200 MOMENTUM 30,31-Dec-2012,3877.11
NIFTY200 MOMENTUM 30,01-Jan-2013,3905.09
NIFTY200 MOMENTUM 30,02-Jan-2013,3926.06
NIFTY200 MOMENTUM 30,03-Jan-2013,3918.79
NIFTY200 MOMENTUM 30,04-Jan-2013,3911.35
NIFTY200 MOMENTUM 30,07-Jan-2013,3892.46
NIFTY200 MOMENTUM 30,08-Jan-2013,3898.86
NIFTY200 MOMENTUM 30,09-Jan-2013,3883.46
NIFTY200 MOMENTUM 30,10-Jan-2013,3870.92
NIFTY200 MOMENTUM 30,11-Jan-2013,3826.41
NIFTY200 MOMENTUM 30,14-Jan-2013,3833.10
NIFTY200 MOMENTUM 30,15-Jan-2013,3847.32
NIFTY200 MOMENTUM 30,16-Jan-2013,3809.87
NIFTY200 MOMENTUM 30,17-Jan-2013,3816.81
NIFTY200 MOMENTUM 30,18-Jan-2013,3807.32
NIFTY200 MOMENTUM 30,21-Jan-2013,3800.47
NIFTY200 MOMENTUM 30,22-Jan-2013,3789.56
NIFTY200 MOMENTUM 30,23-Jan-2013,3787.15
NIFTY200 MOMENTUM 30,24-Jan-2013,3752.93
NIFTY200 MOMENTUM 30,25-Jan-2013,3794.08
NIFTY200 MOMENTUM 30,28-Jan-2013,3802.44
NIFTY200 MOMENTUM 30,29-Jan-2013,3775.35
NIFTY200 MOMENTUM 30,30-Jan-2013,3791.10
NIFTY200 MOMENTUM 30,31-Jan-2013,3798.69
NIFTY200 MOMENTUM 30,01-Feb-2013,3788.49
NIFTY200 MOMENTUM 30,04-Feb-2013,3786.25
NIFTY200 MOMENTUM 30,05-Feb-2013,3796.75
NIFTY200 MOMENTUM 30,06-Feb-2013,3815.71
NIFTY200 MOMENTUM 30,07-Feb-2013,3804.87
NIFTY200 MOMENTUM 30,08-Feb-2013,3766.52
NIFTY200 MOMENTUM 30,11-Feb-2013,3780.41
NIFTY200 MOMENTUM 30,12-Feb-2013,3800.53
NIFTY200 MOMENTUM 30,13-Feb-2013,3792.31
NIFTY200 MOMENTUM 30,14-Feb-2013,3787.74
NIFTY200 MOMENTUM 30,15-Feb-2013,3791.27
NIFTY200 MOMENTUM 30,18-Feb-2013,3785.76
NIFTY200 MOMENTUM 30,19-Feb-2013,3823.31
NIFTY200 MOMENTUM 30,20-Feb-2013,3826.14
NIFTY200 MOMENTUM 30,21-Feb-2013,3774.86
NIFTY200 MOMENTUM 30,22-Feb-2013,3775.53
NIFTY200 MOMENTUM 30,25-Feb-2013,3777.37
NIFTY200 MOMENTUM 30,26-Feb-2013,3732.90
NIFTY200 MOMENTUM 30,27-Feb-2013,3727.81
NIFTY200 MOMENTUM 30,28-Feb-2013,3682.01
NIFTY200 MOMENTUM 30,01-Mar-2013,3712.52
NIFTY200 MOMENTUM 30,04-Mar-2013,3689.66
NIFTY200 MOMENTUM 30,05-Mar-2013,3753.49
NIFTY200 MOMENTUM 30,06-Mar-2013,3756.22
NIFTY200 MOMENTUM 30,07-Mar-2013,3774.10
NIFTY200 MOMENTUM 30,08-Mar-2013,3811.63
NIFTY200 MOMENTUM 30,11-Mar-2013,3813.18
NIFTY200 MOMENTUM 30,12-Mar-2013,3816.94
NIFTY200 MOMENTUM 30,13-Mar-2013,3786.27
NIFTY200 MOMENTUM 30,14-Mar-2013,3819.00
NIFTY200 MOMENTUM 30,15-Mar-2013,3814.78
NIFTY200 MOMENTUM 30,18-Mar-2013,3807.41
NIFTY200 MOMENTUM 30,19-Mar-2013,3757.77
NIFTY200 MOMENTUM 30,20-Mar-2013,3732.51
NIFTY200 MOMENTUM 30,21-Mar-2013,3703.41
NIFTY200 MOMENTUM 30,22-Mar-2013,3702.15
NIFTY200 MOMENTUM 30,25-Mar-2013,3693.79
NIFTY200 MOMENTUM 30,26-Mar-2013,3702.76
NIFTY200 MOMENTUM 30,28-Mar-2013,3724.41
NIFTY200 MOMENTUM 30,01-Apr-2013,3737.84
NIFTY200 MOMENTUM 30,02-Apr-2013,3754.82
NIFTY200 MOMENTUM 30,03-Apr-2013,3701.03
NIFTY200 MOMENTUM 30,04-Apr-2013,3627.99
NIFTY200 MOMENTUM 30,05-Apr-2013,3610.21
NIFTY200 MOMENTUM 30,08-Apr-2013,3599.95
NIFTY200 MOMENTUM 30,09-Apr-2013,3588.89
NIFTY200 MOMENTUM 30,10-Apr-2013,3631.91
NIFTY200 MOMENTUM 30,11-Apr-2013,3673.62
NIFTY200 MOMENTUM 30,12-Apr-2013,3689.11
NIFTY200 MOMENTUM 30,15-Apr-2013,3694.42
NIFTY200 MOMENTUM 30,16-Apr-2013,3761.88
NIFTY200 MOMENTUM 30,17-Apr-2013,3792.90
NIFTY200 MOMENTUM 30,18-Apr-2013,3847.11
NIFTY200 MOMENTUM 30,22-Apr-2013,3870.41
NIFTY200 MOMENTUM 30,23-Apr-2013,3873.82
NIFTY200 MOMENTUM 30,25-Apr-2013,3923.25
NIFTY200 MOMENTUM 30,26-Apr-2013,3907.35
NIFTY200 MOMENTUM 30,29-Apr-2013,3936.80
NIFTY200 MOMENTUM 30,30-Apr-2013,3976.86
NIFTY200 MOMENTUM 30,02-May-2013,4023.82
NIFTY200 MOMENTUM 30,03-May-2013,3999.22
NIFTY200 MOMENTUM 30,06-May-2013,4016.56
NIFTY200 MOMENTUM 30,07-May-2013,4068.62
NIFTY200 MOMENTUM 30,08-May-2013,4078.95
NIFTY200 MOMENTUM 30,09-May-2013,4053.22
NIFTY200 MOMENTUM 30,10-May-2013,4088.12
NIFTY200 MOMENTUM 30,11-May-2013,4107.30
NIFTY200 MOMENTUM 30,13-May-2013,4036.54
NIFTY200 MOMENTUM 30,14-May-2013,4048.47
NIFTY200 MOMENTUM 30,15-May-2013,4139.70
NIFTY200 MOMENTUM 30,16-May-2013,4150.11
NIFTY200 MOMENTUM 30,17-May-2013,4151.65
NIFTY200 MOMENTUM 30,20-May-2013,4127.35
NIFTY200 MOMENTUM 30,21-May-2013,4087.99
NIFTY200 MOMENTUM 30,22-May-2013,4099.61
NIFTY200 MOMENTUM 30,23-May-2013,4049.68
NIFTY200 MOMENTUM 30,24-May-2013,4065.24
NIFTY200 MOMENTUM 30,27-May-2013,4125.01
NIFTY200 MOMENTUM 30,28-May-2013,4116.95
NIFTY200 MOMENTUM 30,29-May-2013,4124.30
NIFTY200 MOMENTUM 30,30-May-2013,4157.28
NIFTY200 MOMENTUM 30,31-May-2013,4074.66
NIFTY200 MOMENTUM 30,03-Jun-2013,4057.42
NIFTY200 MOMENTUM 30,04-Jun-2013,4059.56
NIFTY200 MOMENTUM 30,05-Jun-2013,4059.71
NIFTY200 MOMENTUM 30,06-Jun-2013,4067.49
NIFTY200 MOMENTUM 30,07-Jun-2013,4032.46
NIFTY200 MOMENTUM 30,10-Jun-2013,4015.76
NIFTY200 MOMENTUM 30,11-Jun-2013,3958.45
NIFTY200 MOMENTUM 30,12-Jun-2013,3937.75
NIFTY200 MOMENTUM 30,13-Jun-2013,3877.69
NIFTY200 MOMENTUM 30,14-Jun-2013,3943.95
NIFTY200 MOMENTUM 30,17-Jun-2013,3999.94
NIFTY200 MOMENTUM 30,18-Jun-2013,3990.68
NIFTY200 MOMENTUM 30,19-Jun-2013,4003.08
NIFTY200 MOMENTUM 30,20-Jun-2013,3905.99
NIFTY200 MOMENTUM 30,21-Jun-2013,3902.32
NIFTY200 MOMENTUM 30,24-Jun-2013,3824.52
NIFTY200 MOMENTUM 30,25-Jun-2013,3845.75
NIFTY200 MOMENTUM 30,26-Jun-2013,3822.83
NIFTY200 MOMENTUM 30,27-Jun-2013,3888.75
NIFTY200 MOMENTUM 30,28-Jun-2013,3966.77
NIFTY200 MOMENTUM 30,01-Jul-2013,4031.32
NIFTY200 MOMENTUM 30,02-Jul-2013,4000.95
NIFTY200 MOMENTUM 30,03-Jul-2013,3978.14
NIFTY200 MOMENTUM 30,04-Jul-2013,4029.15
NIFTY200 MOMENTUM 30,05-Jul-2013,4038.92
NIFTY200 MOMENTUM 30,08-Jul-2013,4035.45
NIFTY200 MOMENTUM 30,09-Jul-2013,4095.46
NIFTY200 MOMENTUM 30,10-Jul-2013,4082.35
NIFTY200 MOMENTUM 30,11-Jul-2013,4139.27
NIFTY200 MOMENTUM 30,12-Jul-2013,4164.97
NIFTY200 MOMENTUM 30,15-Jul-2013,4201.87
NIFTY200 MOMENTUM 30,16-Jul-2013,4139.53
NIFTY200 MOMENTUM 30,17-Jul-2013,4115.28
NIFTY200 MOMENTUM 30,18-Jul-2013,4163.52
NIFTY200 MOMENTUM 30,19-Jul-2013,4146.94
NIFTY200 MOMENTUM 30,22-Jul-2013,4172.23
NIFTY200 MOMENTUM 30,23-Jul-2013,4195.75
NIFTY200 MOMENTUM 30,24-Jul-2013,4130.13
NIFTY200 MOMENTUM 30,25-Jul-2013,4113.66
NIFTY200 MOMENTUM 30,26-Jul-2013,4100.39
NIFTY200 MOMENTUM 30,29-Jul-2013,4074.94
NIFTY200 MOMENTUM 30,30-Jul-2013,4017.15
NIFTY200 MOMENTUM 30,31-Jul-2013,4005.55
NIFTY200 MOMENTUM 30,01-Aug-2013,3990.82
NIFTY200 MOMENTUM 30,02-Aug-2013,3949.32
NIFTY200 MOMENTUM 30,05-Aug-2013,3955.27
NIFTY200 MOMENTUM 30,06-Aug-2013,3837.77
NIFTY200 MOMENTUM 30,07-Aug-2013,3789.35
NIFTY200 MOMENTUM 30,08-Aug-2013,3812.89
NIFTY200 MOMENTUM 30,12-Aug-2013,3872.80
NIFTY200 MOMENTUM 30,13-Aug-2013,3964.98
NIFTY200 MOMENTUM 30,14-Aug-2013,4004.26
NIFTY200 MOMENTUM 30,16-Aug-2013,3851.69
NIFTY200 MOMENTUM 30,19-Aug-2013,3757.83
NIFTY200 MOMENTUM 30,20-Aug-2013,3717.23
NIFTY200 MOMENTUM 30,21-Aug-2013,3661.73
NIFTY200 MOMENTUM 30,22-Aug-2013,3702.79
NIFTY200 MOMENTUM 30,23-Aug-2013,3758.14
NIFTY200 MOMENTUM 30,26-Aug-2013,3773.74
NIFTY200 MOMENTUM 30,27-Aug-2013,3638.21
NIFTY200 MOMENTUM 30,28-Aug-2013,3618.87
NIFTY200 MOMENTUM 30,29-Aug-2013,3708.80
NIFTY200 MOMENTUM 30,30-Aug-2013,3769.29
NIFTY200 MOMENTUM 30,02-Sep-2013,3809.80
NIFTY200 MOMENTUM 30,03-Sep-2013,3683.73
NIFTY200 MOMENTUM 30,04-Sep-2013,3763.56
NIFTY200 MOMENTUM 30,05-Sep-2013,3866.09
NIFTY200 MOMENTUM 30,06-Sep-2013,3898.67
NIFTY200 MOMENTUM 30,10-Sep-2013,4045.21
NIFTY200 MOMENTUM 30,11-Sep-2013,4078.04
NIFTY200 MOMENTUM 30,12-Sep-2013,4027.66
NIFTY200 MOMENTUM 30,13-Sep-2013,4032.54
NIFTY200 MOMENTUM 30,16-Sep-2013,4023.99
NIFTY200 MOMENTUM 30,17-Sep-2013,4030.58
NIFTY200 MOMENTUM 30,18-Sep-2013,4065.87
NIFTY200 MOMENTUM 30,19-Sep-2013,4209.39
NIFTY200 MOMENTUM 30,20-Sep-2013,4159.80
NIFTY200 MOMENTUM 30,23-Sep-2013,4089.36
NIFTY200 MOMENTUM 30,24-Sep-2013,4098.54
NIFTY200 MOMENTUM 30,25-Sep-2013,4094.80
NIFTY200 MOMENTUM 30,26-Sep-2013,4097.46
NIFTY200 MOMENTUM 30,27-Sep-2013,4096.07
NIFTY200 MOMENTUM 30,30-Sep-2013,4063.01
NIFTY200 MOMENTUM 30,01-Oct-2013,4069.64
NIFTY200 MOMENTUM 30,03-Oct-2013,4151.58
NIFTY200 MOMENTUM 30,04-Oct-2013,4143.03
NIFTY200 MOMENTUM 30,07-Oct-2013,4169.83
NIFTY200 MOMENTUM 30,08-Oct-2013,4178.23
NIFTY200 MOMENTUM 30,09-Oct-2013,4229.32
NIFTY200 MOMENTUM 30,10-Oct-2013,4254.97
NIFTY200 MOMENTUM 30,11-Oct-2013,4286.39
NIFTY200 MOMENTUM 30,14-Oct-2013,4301.87
NIFTY200 MOMENTUM 30,15-Oct-2013,4292.49
NIFTY200 MOMENTUM 30,17-Oct-2013,4230.08
NIFTY200 MOMENTUM 30,18-Oct-2013,4297.49
NIFTY200 MOMENTUM 30,21-Oct-2013,4317.73
NIFTY200 MOMENTUM 30,22-Oct-2013,4331.09
NIFTY200 MOMENTUM 30,23-Oct-2013,4305.53
NIFTY200 MOMENTUM 30,24-Oct-2013,4267.71
NIFTY200 MOMENTUM 30,25-Oct-2013,4256.71
NIFTY200 MOMENTUM 30,28-Oct-2013,4200.07
NIFTY200 MOMENTUM 30,29-Oct-2013,4261.06
NIFTY200 MOMENTUM 30,30-Oct-2013,4294.03
NIFTY200 MOMENTUM 30,31-Oct-2013,4297.87
NIFTY200 MOMENTUM 30,01-Nov-2013,4302.87
NIFTY200 MOMENTUM 30,03-Nov-2013,4321.83
NIFTY200 MOMENTUM 30,05-Nov-2013,4267.28
NIFTY200 MOMENTUM 30,06-Nov-2013,4266.33
NIFTY200 MOMENTUM 30,07-Nov-2013,4255.72
NIFTY200 MOMENTUM 30,08-Nov-2013,4264.96
NIFTY200 MOMENTUM 30,11-Nov-2013,4236.43
NIFTY200 MOMENTUM 30,12-Nov-2013,4203.67
NIFTY200 MOMENTUM 30,13-Nov-2013,4195.82
NIFTY200 MOMENTUM 30,14-Nov-2013,4225.13
NIFTY200 MOMENTUM 30,18-Nov-2013,4275.31
NIFTY200 MOMENTUM 30,19-Nov-2013,4278.11
NIFTY200 MOMENTUM 30,20-Nov-2013,4220.47
NIFTY200 MOMENTUM 30,21-Nov-2013,4146.38
NIFTY200 MOMENTUM 30,22-Nov-2013,4140.34
NIFTY200 MOMENTUM 30,25-Nov-2013,4194.38
NIFTY200 MOMENTUM 30,26-Nov-2013,4192.90
NIFTY200 MOMENTUM 30,27-Nov-2013,4193.19
NIFTY200 MOMENTUM 30,28-Nov-2013,4202.94
NIFTY200 MOMENTUM 30,29-Nov-2013,4240.15
NIFTY200 MOMENTUM 30,02-Dec-2013,4279.38
NIFTY200 MOMENTUM 30,03-Dec-2013,4253.87
NIFTY200 MOMENTUM 30,04-Dec-2013,4234.56
NIFTY200 MOMENTUM 30,05-Dec-2013,4217.65
NIFTY200 MOMENTUM 30,06-Dec-2013,4236.61
NIFTY200 MOMENTUM 30,09-Dec-2013,4274.97
NIFTY200 MOMENTUM 30,10-Dec-2013,4309.38
NIFTY200 MOMENTUM 30,11-Dec-2013,4289.74
NIFTY200 MOMENTUM 30,12-Dec-2013,4244.32
NIFTY200 MOMENTUM 30,13-Dec-2013,4227.43
NIFTY200 MOMENTUM 30,16-Dec-2013,4241.69
NIFTY200 MOMENTUM 30,17-Dec-2013,4253.04
NIFTY200 MOMENTUM 30,18-Dec-2013,4299.69
NIFTY200 MOMENTUM 30,19-Dec-2013,4327.91
NIFTY200 MOMENTUM 30,20-Dec-2013,4378.71
NIFTY200 MOMENTUM 30,23-Dec-2013,4370.28
NIFTY200 MOMENTUM 30,24-Dec-2013,4356.40
NIFTY200 MOMENTUM 30,26-Dec-2013,4348.05
NIFTY200 MOMENTUM 30,27-Dec-2013,4380.59
NIFTY200 MOMENTUM 30,30-Dec-2013,4367.50
NIFTY200 MOMENTUM 30,31-Dec-2013,4376.69
NIFTY200 MOMENTUM 30,01-Jan-2014,4385.98
NIFTY200 MOMENTUM 30,02-Jan-2014,4335.25
NIFTY200 MOMENTUM 30,03-Jan-2014,4373.16
NIFTY200 MOMENTUM 30,06-Jan-2014,4374.66
NIFTY200 MOMENTUM 30,07-Jan-2014,4359.60
NIFTY200 MOMENTUM 30,08-Jan-2014,4375.36
NIFTY200 MOMENTUM 30,09-Jan-2014,4380.71
NIFTY200 MOMENTUM 30,10-Jan-2014,4409.91
NIFTY200 MOMENTUM 30,13-Jan-2014,4442.40
NIFTY200 MOMENTUM 30,14-Jan-2014,4435.22
NIFTY200 MOMENTUM 30,15-Jan-2014,4464.61
NIFTY200 MOMENTUM 30,16-Jan-2014,4448.60
NIFTY200 MOMENTUM 30,17-Jan-2014,4400.07
NIFTY200 MOMENTUM 30,20-Jan-2014,4475.90
NIFTY200 MOMENTUM 30,21-Jan-2014,4470.62
NIFTY200 MOMENTUM 30,22-Jan-2014,4496.82
NIFTY200 MOMENTUM 30,23-Jan-2014,4482.04
NIFTY200 MOMENTUM 30,24-Jan-2014,4424.69
NIFTY200 MOMENTUM 30,27-Jan-2014,4349.47
NIFTY200 MOMENTUM 30,28-Jan-2014,4330.06
NIFTY200 MOMENTUM 30,29-Jan-2014,4341.27
NIFTY200 MOMENTUM 30,30-Jan-2014,4306.75
NIFTY200 MOMENTUM 30,31-Jan-2014,4342.38
NIFTY200 MOMENTUM 30,03-Feb-2014,4318.30
NIFTY200 MOMENTUM 30,04-Feb-2014,4316.39
NIFTY200 MOMENTUM 30,05-Feb-2014,4337.17
NIFTY200 MOMENTUM 30,06-Feb-2014,4348.20
NIFTY200 MOMENTUM 30,07-Feb-2014,4352.96
NIFTY200 MOMENTUM 30,10-Feb-2014,4331.01
NIFTY200 MOMENTUM 30,11-Feb-2014,4345.74
NIFTY200 MOMENTUM 30,12-Feb-2014,4347.34
NIFTY200 MOMENTUM 30,13-Feb-2014,4293.75
NIFTY200 MOMENTUM 30,14-Feb-2014,4316.93
NIFTY200 MOMENTUM 30,17-Feb-2014,4321.81
NIFTY200 MOMENTUM 30,18-Feb-2014,4340.52
NIFTY200 MOMENTUM 30,19-Feb-2014,4362.77
NIFTY200 MOMENTUM 30,20-Feb-2014,4337.38
NIFTY200 MOMENTUM 30,21-Feb-2014,4368.05
NIFTY200 MOMENTUM 30,24-Feb-2014,4381.17
NIFTY200 MOMENTUM 30,25-Feb-2014,4402.42
NIFTY200 MOMENTUM 30,26-Feb-2014,4420.06
NIFTY200 MOMENTUM 30,28-Feb-2014,4479.09
NIFTY200 MOMENTUM 30,03-Mar-2014,4431.05
NIFTY200 MOMENTUM 30,04-Mar-2014,4454.34
NIFTY200 MOMENTUM 30,05-Mar-2014,4462.01
NIFTY200 MOMENTUM 30,06-Mar-2014,4483.77
NIFTY200 MOMENTUM 30,07-Mar-2014,4459.66
NIFTY200 MOMENTUM 30,10-Mar-2014,4434.61
NIFTY200 MOMENTUM 30,11-Mar-2014,4421.94
NIFTY200 MOMENTUM 30,12-Mar-2014,4447.90
NIFTY200 MOMENTUM 30,13-Mar-2014,4403.93
NIFTY200 MOMENTUM 30,14-Mar-2014,4399.71
NIFTY200 MOMENTUM 30,18-Mar-2014,4406.57
NIFTY200 MOMENTUM 30,19-Mar-2014,4414.92
NIFTY200 MOMENTUM 30,20-Mar-2014,4430.09
NIFTY200 MOMENTUM 30,21-Mar-2014,4447.30
NIFTY200 MOMENTUM 30,22-Mar-2014,4460.58
NIFTY200 MOMENTUM 30,24-Mar-2014,4474.89
NIFTY200 MOMENTUM 30,25-Mar-2014,4471.64
NIFTY200 MOMENTUM 30,26-Mar-2014,4445.86
NIFTY200 MOMENTUM 30,27-Mar-2014,4456.85
NIFTY200 MOMENTUM 30,28-Mar-2014,4504.71
NIFTY200 MOMENTUM 30,31-Mar-2014,4520.63
NIFTY200 MOMENTUM 30,01-Apr-2014,4556.61
NIFTY200 MOMENTUM 30,02-Apr-2014,4612.72
NIFTY200 MOMENTUM 30,03-Apr-2014,4621.15
NIFTY200 MOMENTUM 30,04-Apr-2014,4602.35
NIFTY200 MOMENTUM 30,07-Apr-2014,4597.66
NIFTY200 MOMENTUM 30,09-Apr-2014,4644.22
NIFTY200 MOMENTUM 30,10-Apr-2014,4672.92
NIFTY200 MOMENTUM 30,11-Apr-2014,4682.08
NIFTY200 MOMENTUM 30,15-Apr-2014,4677.12
NIFTY200 MOMENTUM 30,16-Apr-2014,4627.85
NIFTY200 MOMENTUM 30,17-Apr-2014,4704.14
NIFTY200 MOMENTUM 30,21-Apr-2014,4734.39
NIFTY200 MOMENTUM 30,22-Apr-2014,4715.50
NIFTY200 MOMENTUM 30,23-Apr-2014,4712.80
NIFTY200 MOMENTUM 30,25-Apr-2014,4711.62
NIFTY200 MOMENTUM 30,28-Apr-2014,4746.02
NIFTY200 MOMENTUM 30,29-Apr-2014,4699.59
NIFTY200 MOMENTUM 30,30-Apr-2014,4661.28
NIFTY200 MOMENTUM 30,02-May-2014,4699.84
NIFTY200 MOMENTUM 30,05-May-2014,4674.06
NIFTY200 MOMENTUM 30,06-May-2014,4683.64
NIFTY200 MOMENTUM 30,07-May-2014,4653.69
NIFTY200 MOMENTUM 30,08-May-2014,4658.61
NIFTY200 MOMENTUM 30,09-May-2014,4703.21
NIFTY200 MOMENTUM 30,12-May-2014,4754.24
NIFTY200 MOMENTUM 30,13-May-2014,4820.89
NIFTY200 MOMENTUM 30,14-May-2014,4836.54
NIFTY200 MOMENTUM 30,15-May-2014,4793.22
NIFTY200 MOMENTUM 30,16-May-2014,4808.81
NIFTY200 MOMENTUM 30,19-May-2014,4811.46
NIFTY200 MOMENTUM 30,20-May-2014,4842.89
NIFTY200 MOMENTUM 30,21-May-2014,4842.94
NIFTY200 MOMENTUM 30,22-May-2014,4836.06
NIFTY200 MOMENTUM 30,23-May-2014,4879.80
NIFTY200 MOMENTUM 30,26-May-2014,4856.26
NIFTY200 MOMENTUM 30,27-May-2014,4863.20
NIFTY200 MOMENTUM 30,28-May-2014,4881.04
NIFTY200 MOMENTUM 30,29-May-2014,4825.72
NIFTY200 MOMENTUM 30,30-May-2014,4885.47
NIFTY200 MOMENTUM 30,02-Jun-2014,4905.80
NIFTY200 MOMENTUM 30,03-Jun-2014,4922.36
NIFTY200 MOMENTUM 30,04-Jun-2014,4943.92
NIFTY200 MOMENTUM 30,05-Jun-2014,5023.78
NIFTY200 MOMENTUM 30,06-Jun-2014,5072.38
NIFTY200 MOMENTUM 30,09-Jun-2014,5133.69
NIFTY200 MOMENTUM 30,10-Jun-2014,5185.93
NIFTY200 MOMENTUM 30,11-Jun-2014,5173.42
NIFTY200 MOMENTUM 30,12-Jun-2014,5205.63
NIFTY200 MOMENTUM 30,13-Jun-2014,5130.17
NIFTY200 MOMENTUM 30,16-Jun-2014,5153.06
NIFTY200 MOMENTUM 30,17-Jun-2014,5212.43
NIFTY200 MOMENTUM 30,18-Jun-2014,5183.74
NIFTY200 MOMENTUM 30,19-Jun-2014,5182.24
NIFTY200 MOMENTUM 30,20-Jun-2014,5142.37
NIFTY200 MOMENTUM 30,23-Jun-2014,5168.92
NIFTY200 MOMENTUM 30,24-Jun-2014,5204.35
NIFTY200 MOMENTUM 30,25-Jun-2014,5216.33
NIFTY200 MOMENTUM 30,26-Jun-2014,5217.24
NIFTY200 MOMENTUM 30,27-Jun-2014,5297.79
NIFTY200 MOMENTUM 30,30-Jun-2014,5383.77
NIFTY200 MOMENTUM 30,01-Jul-2014,5396.91
NIFTY200 MOMENTUM 30,02-Jul-2014,5468.84
NIFTY200 MOMENTUM 30,03-Jul-2014,5510.79
NIFTY200 MOMENTUM 30,04-Jul-2014,5532.21
NIFTY200 MOMENTUM 30,07-Jul-2014,5571.46
NIFTY200 MOMENTUM 30,08-Jul-2014,5380.25
NIFTY200 MOMENTUM 30,09-Jul-2014,5275.18
NIFTY200 MOMENTUM 30,10-Jul-2014,5256.23
NIFTY200 MOMENTUM 30,11-Jul-2014,5211.40
NIFTY200 MOMENTUM 30,14-Jul-2014,5203.67
NIFTY200 MOMENTUM 30,15-Jul-2014,5292.05
NIFTY200 MOMENTUM 30,16-Jul-2014,5358.86
NIFTY200 MOMENTUM 30,17-Jul-2014,5430.48
NIFTY200 MOMENTUM 30,18-Jul-2014,5432.68
NIFTY200 MOMENTUM 30,21-Jul-2014,5427.50
NIFTY200 MOMENTUM 30,22-Jul-2014,5460.32
NIFTY200 MOMENTUM 30,23-Jul-2014,5472.85
NIFTY200 MOMENTUM 30,24-Jul-2014,5481.41
NIFTY200 MOMENTUM 30,25-Jul-2014,5414.11
NIFTY200 MOMENTUM 30,28-Jul-2014,5405.36
NIFTY200 MOMENTUM 30,30-Jul-2014,5440.12
NIFTY200 MOMENTUM 30,31-Jul-2014,5432.21
NIFTY200 MOMENTUM 30,01-Aug-2014,5357.61
NIFTY200 MOMENTUM 30,04-Aug-2014,5449.10
NIFTY200 MOMENTUM 30,05-Aug-2014,5479.77
NIFTY200 MOMENTUM 30,06-Aug-2014,5453.00
NIFTY200 MOMENTUM 30,07-Aug-2014,5432.12
NIFTY200 MOMENTUM 30,08-Aug-2014,5372.69
NIFTY200 MOMENTUM 30,11-Aug-2014,5426.90
NIFTY200 MOMENTUM 30,12-Aug-2014,5469.41
NIFTY200 MOMENTUM 30,13-Aug-2014,5467.88
NIFTY200 MOMENTUM 30,14-Aug-2014,5542.22
NIFTY200 MOMENTUM 30,18-Aug-2014,5624.62
NIFTY200 MOMENTUM 30,19-Aug-2014,5655.28
NIFTY200 MOMENTUM 30,20-Aug-2014,5695.74
NIFTY200 MOMENTUM 30,21-Aug-2014,5715.58
NIFTY200 MOMENTUM 30,22-Aug-2014,5761.12
NIFTY200 MOMENTUM 30,25-Aug-2014,5755.10
NIFTY200 MOMENTUM 30,26-Aug-2014,5781.35
NIFTY200 MOMENTUM 30,27-Aug-2014,5802.42
NIFTY200 MOMENTUM 30,28-Aug-2014,5791.98
NIFTY200 MOMENTUM 30,01-Sep-2014,5864.74
NIFTY200 MOMENTUM 30,02-Sep-2014,5898.99
NIFTY200 MOMENTUM 30,03-Sep-2014,5976.79
NIFTY200 MOMENTUM 30,04-Sep-2014,6021.44
NIFTY200 MOMENTUM 30,05-Sep-2014,6055.92
NIFTY200 MOMENTUM 30,08-Sep-2014,6149.32
NIFTY200 MOMENTUM 30,09-Sep-2014,6149.29
NIFTY200 MOMENTUM 30,10-Sep-2014,6144.26
NIFTY200 MOMENTUM 30,11-Sep-2014,6129.76
NIFTY200 MOMENTUM 30,12-Sep-2014,6122.29
NIFTY200 MOMENTUM 30,15-Sep-2014,6108.57
NIFTY200 MOMENTUM 30,16-Sep-2014,5933.28
NIFTY200 MOMENTUM 30,17-Sep-2014,6013.85
NIFTY200 MOMENTUM 30,18-Sep-2014,6134.98
NIFTY200 MOMENTUM 30,19-Sep-2014,6050.50
NIFTY200 MOMENTUM 30,22-Sep-2014,6050.69
NIFTY200 MOMENTUM 30,23-Sep-2014,5913.59
NIFTY200 MOMENTUM 30,24-Sep-2014,5856.61
NIFTY200 MOMENTUM 30,25-Sep-2014,5766.31
NIFTY200 MOMENTUM 30,26-Sep-2014,5895.05
NIFTY200 MOMENTUM 30,29-Sep-2014,5945.06
NIFTY200 MOMENTUM 30,30-Sep-2014,5955.13
NIFTY200 MOMENTUM 30,01-Oct-2014,5933.55
NIFTY200 MOMENTUM 30,07-Oct-2014,5860.51
NIFTY200 MOMENTUM 30,08-Oct-2014,5880.24
NIFTY200 MOMENTUM 30,09-Oct-2014,5962.85
NIFTY200 MOMENTUM 30,10-Oct-2014,5841.20
NIFTY200 MOMENTUM 30,13-Oct-2014,5864.95
NIFTY200 MOMENTUM 30,14-Oct-2014,5850.32
NIFTY200 MOMENTUM 30,16-Oct-2014,5713.36
NIFTY200 MOMENTUM 30,17-Oct-2014,5792.11
NIFTY200 MOMENTUM 30,20-Oct-2014,5939.72
NIFTY200 MOMENTUM 30,21-Oct-2014,5978.14
NIFTY200 MOMENTUM 30,22-Oct-2014,6052.11
NIFTY200 MOMENTUM 30,23-Oct-2014,6069.92
NIFTY200 MOMENTUM 30,27-Oct-2014,6064.27
NIFTY200 MOMENTUM 30,28-Oct-2014,6089.66
NIFTY200 MOMENTUM 30,29-Oct-2014,6126.89
NIFTY200 MOMENTUM 30,30-Oct-2014,6175.67
NIFTY200 MOMENTUM 30,31-Oct-2014,6304.43
NIFTY200 MOMENTUM 30,03-Nov-2014,6336.84
NIFTY200 MOMENTUM 30,05-Nov-2014,6363.38
NIFTY200 MOMENTUM 30,07-Nov-2014,6394.40
NIFTY200 MOMENTUM 30,10-Nov-2014,6424.74
NIFTY200 MOMENTUM 30,11-Nov-2014,6485.71
NIFTY200 MOMENTUM 30,12-Nov-2014,6542.12
NIFTY200 MOMENTUM 30,13-Nov-2014,6506.86
NIFTY200 MOMENTUM 30,14-Nov-2014,6563.67
NIFTY200 MOMENTUM 30,17-Nov-2014,6564.01
NIFTY200 MOMENTUM 30,18-Nov-2014,6620.34
NIFTY200 MOMENTUM 30,19-Nov-2014,6550.31
NIFTY200 MOMENTUM 30,20-Nov-2014,6529.01
NIFTY200 MOMENTUM 30,21-Nov-2014,6550.96
NIFTY200 MOMENTUM 30,24-Nov-2014,6569.96
NIFTY200 MOMENTUM 30,25-Nov-2014,6454.27
NIFTY200 MOMENTUM 30,26-Nov-2014,6453.61
NIFTY200 MOMENTUM 30,27-Nov-2014,6489.26
NIFTY200 MOMENTUM 30,28-Nov-2014,6608.72
NIFTY200 MOMENTUM 30,01-Dec-2014,6605.94
NIFTY200 MOMENTUM 30,02-Dec-2014,6621.91
NIFTY200 MOMENTUM 30,03-Dec-2014,6718.40
NIFTY200 MOMENTUM 30,04-Dec-2014,6708.62
NIFTY200 MOMENTUM 30,05-Dec-2014,6664.42
NIFTY200 MOMENTUM 30,08-Dec-2014,6580.78
NIFTY200 MOMENTUM 30,09-Dec-2014,6460.35
NIFTY200 MOMENTUM 30,10-Dec-2014,6482.53
NIFTY200 MOMENTUM 30,11-Dec-2014,6418.69
NIFTY200 MOMENTUM 30,12-Dec-2014,6384.79
NIFTY200 MOMENTUM 30,15-Dec-2014,6348.83
NIFTY200 MOMENTUM 30,16-Dec-2014,6229.12
NIFTY200 MOMENTUM 30,17-Dec-2014,6161.83
NIFTY200 MOMENTUM 30,18-Dec-2014,6366.93
NIFTY200 MOMENTUM 30,19-Dec-2014,6395.15
NIFTY200 MOMENTUM 30,22-Dec-2014,6449.77
NIFTY200 MOMENTUM 30,23-Dec-2014,6387.30
NIFTY200 MOMENTUM 30,24-Dec-2014,6353.50
NIFTY200 MOMENTUM 30,26-Dec-2014,6390.78
NIFTY200 MOMENTUM 30,29-Dec-2014,6471.56
NIFTY200 MOMENTUM 30,30-Dec-2014,6523.25
NIFTY200 MOMENTUM 30,31-Dec-2014,6545.95
NIFTY200 MOMENTUM 30,01-Jan-2015,6563.01
NIFTY200 MOMENTUM 30,02-Jan-2015,6594.08
NIFTY200 MOMENTUM 30,05-Jan-2015,6627.02
NIFTY200 MOMENTUM 30,06-Jan-2015,6440.24
NIFTY200 MOMENTUM 30,07-Jan-2015,6456.97
NIFTY200 MOMENTUM 30,08-Jan-2015,6605.28
NIFTY200 MOMENTUM 30,09-Jan-2015,6590.81
NIFTY200 MOMENTUM 30,12-Jan-2015,6656.79
NIFTY200 MOMENTUM 30,13-Jan-2015,6634.57
NIFTY200 MOMENTUM 30,14-Jan-2015,6602.32
NIFTY200 MOMENTUM 30,15-Jan-2015,6717.92
NIFTY200 MOMENTUM 30,16-Jan-2015,6770.63
NIFTY200 MOMENTUM 30,19-Jan-2015,6811.64
NIFTY200 MOMENTUM 30,20-Jan-2015,6865.43
NIFTY200 MOMENTUM 30,21-Jan-2015,6888.46
NIFTY200 MOMENTUM 30,22-Jan-2015,6926.75
NIFTY200 MOMENTUM 30,23-Jan-2015,6996.29
NIFTY200 MOMENTUM 30,27-Jan-2015,7070.03
NIFTY200 MOMENTUM 30,28-Jan-2015,7081.36
NIFTY200 MOMENTUM 30,29-Jan-2015,7148.25
NIFTY200 MOMENTUM 30,30-Jan-2015,7147.30
NIFTY200 MOMENTUM 30,02-Feb-2015,7178.14
NIFTY200 MOMENTUM 30,03-Feb-2015,7065.74
NIFTY200 MOMENTUM 30,04-Feb-2015,7018.23
NIFTY200 MOMENTUM 30,05-Feb-2015,6940.60
NIFTY200 MOMENTUM 30,06-Feb-2015,6842.97
NIFTY200 MOMENTUM 30,09-Feb-2015,6689.04
NIFTY200 MOMENTUM 30,10-Feb-2015,6757.44
NIFTY200 MOMENTUM 30,11-Feb-2015,6954.57
NIFTY200 MOMENTUM 30,12-Feb-2015,7060.41
NIFTY200 MOMENTUM 30,13-Feb-2015,7115.61
NIFTY200 MOMENTUM 30,16-Feb-2015,7026.56
NIFTY200 MOMENTUM 30,18-Feb-2015,7084.04
NIFTY200 MOMENTUM 30,19-Feb-2015,7133.27
NIFTY200 MOMENTUM 30,20-Feb-2015,7117.03
NIFTY200 MOMENTUM 30,23-Feb-2015,7023.25
NIFTY200 MOMENTUM 30,24-Feb-2015,7044.30
NIFTY200 MOMENTUM 30,25-Feb-2015,7007.39
NIFTY200 MOMENTUM 30,26-Feb-2015,6927.85
NIFTY200 MOMENTUM 30,27-Feb-2015,7109.45
NIFTY200 MOMENTUM 30,28-Feb-2015,7199.22
NIFTY200 MOMENTUM 30,02-Mar-2015,7370.07
NIFTY200 MOMENTUM 30,03-Mar-2015,7385.80
NIFTY200 MOMENTUM 30,04-Mar-2015,7292.15
NIFTY200 MOMENTUM 30,05-Mar-2015,7369.98
NIFTY200 MOMENTUM 30,09-Mar-2015,7248.76
NIFTY200 MOMENTUM 30,10-Mar-2015,7270.23
NIFTY200 MOMENTUM 30,11-Mar-2015,7245.32
NIFTY200 MOMENTUM 30,12-Mar-2015,7341.14
NIFTY200 MOMENTUM 30,13-Mar-2015,7195.34
NIFTY200 MOMENTUM 30,16-Mar-2015,7209.58
NIFTY200 MOMENTUM 30,17-Mar-2015,7298.02
NIFTY200 MOMENTUM 30,18-Mar-2015,7316.10
NIFTY200 MOMENTUM 30,19-Mar-2015,7263.37
NIFTY200 MOMENTUM 30,20-Mar-2015,7139.13
NIFTY200 MOMENTUM 30,23-Mar-2015,7121.94
NIFTY200 MOMENTUM 30,24-Mar-2015,7131.45
NIFTY200 MOMENTUM 30,25-Mar-2015,7138.09
NIFTY200 MOMENTUM 30,26-Mar-2015,7045.00
NIFTY200 MOMENTUM 30,27-Mar-2015,7077.84
NIFTY200 MOMENTUM 30,30-Mar-2015,7225.83
NIFTY200 MOMENTUM 30,31-Mar-2015,7240.99
NIFTY200 MOMENTUM 30,01-Apr-2015,7348.68
NIFTY200 MOMENTUM 30,06-Apr-2015,7414.11
NIFTY200 MOMENTUM 30,07-Apr-2015,7413.99
NIFTY200 MOMENTUM 30,08-Apr-2015,7439.88
NIFTY200 MOMENTUM 30,09-Apr-2015,7496.00
NIFTY200 MOMENTUM 30,10-Apr-2015,7489.33
NIFTY200 MOMENTUM 30,13-Apr-2015,7508.06
NIFTY200 MOMENTUM 30,15-Apr-2015,7428.32
NIFTY200 MOMENTUM 30,16-Apr-2015,7363.32
NIFTY200 MOMENTUM 30,17-Apr-2015,7149.26
NIFTY200 MOMENTUM 30,20-Apr-2015,7010.08
NIFTY200 MOMENTUM 30,21-Apr-2015,6944.60
NIFTY200 MOMENTUM 30,22-Apr-2015,6979.53
NIFTY200 MOMENTUM 30,23-Apr-2015,7019.04
NIFTY200 MOMENTUM 30,24-Apr-2015,6889.25
NIFTY200 MOMENTUM 30,27-Apr-2015,6754.06
NIFTY200 MOMENTUM 30,28-Apr-2015,6895.08
NIFTY200 MOMENTUM 30,29-Apr-2015,6924.08
NIFTY200 MOMENTUM 30,30-Apr-2015,6978.46
NIFTY200 MOMENTUM 30,04-May-2015,7095.16
NIFTY200 MOMENTUM 30,05-May-2015,7135.67
NIFTY200 MOMENTUM 30,06-May-2015,6845.26
NIFTY200 MOMENTUM 30,07-May-2015,6698.47
NIFTY200 MOMENTUM 30,08-May-2015,6895.90
NIFTY200 MOMENTUM 30,11-May-2015,7027.25
NIFTY200 MOMENTUM 30,12-May-2015,6875.32
NIFTY200 MOMENTUM 30,13-May-2015,6992.28
NIFTY200 MOMENTUM 30,14-May-2015,7051.09
NIFTY200 MOMENTUM 30,15-May-2015,7092.57
NIFTY200 MOMENTUM 30,18-May-2015,7165.89
NIFTY200 MOMENTUM 30,19-May-2015,7144.70
NIFTY200 MOMENTUM 30,20-May-2015,7163.42
NIFTY200 MOMENTUM 30,21-May-2015,7176.36
NIFTY200 MOMENTUM 30,22-May-2015,7181.66
NIFTY200 MOMENTUM 30,25-May-2015,7172.28
NIFTY200 MOMENTUM 30,26-May-2015,7189.62
NIFTY200 MOMENTUM 30,27-May-2015,7203.94
NIFTY200 MOMENTUM 30,28-May-2015,7139.66
NIFTY200 MOMENTUM 30,29-May-2015,7309.87
NIFTY200 MOMENTUM 30,01-Jun-2015,7310.98
NIFTY200 MOMENTUM 30,02-Jun-2015,7107.17
NIFTY200 MOMENTUM 30,03-Jun-2015,7040.08
NIFTY200 MOMENTUM 30,04-Jun-2015,7032.70
NIFTY200 MOMENTUM 30,05-Jun-2015,7008.73
NIFTY200 MOMENTUM 30,08-Jun-2015,6921.79
NIFTY200 MOMENTUM 30,09-Jun-2015,6848.46
NIFTY200 MOMENTUM 30,10-Jun-2015,6947.27
NIFTY200 MOMENTUM 30,11-Jun-2015,6771.53
NIFTY200 MOMENTUM 30,12-Jun-2015,6808.91
NIFTY200 MOMENTUM 30,15-Jun-2015,6797.85
NIFTY200 MOMENTUM 30,16-Jun-2015,6854.50
NIFTY200 MOMENTUM 30,17-Jun-2015,6966.04
NIFTY200 MOMENTUM 30,18-Jun-2015,7048.14
NIFTY200 MOMENTUM 30,19-Jun-2015,7109.73
NIFTY200 MOMENTUM 30,22-Jun-2015,7224.78
NIFTY200 MOMENTUM 30,23-Jun-2015,7259.33
NIFTY200 MOMENTUM 30,24-Jun-2015,7244.68
NIFTY200 MOMENTUM 30,25-Jun-2015,7278.85
NIFTY200 MOMENTUM 30,26-Jun-2015,7280.72
NIFTY200 MOMENTUM 30,29-Jun-2015,7186.48
NIFTY200 MOMENTUM 30,30-Jun-2015,7275.69
NIFTY200 MOMENTUM 30,01-Jul-2015,7388.65
NIFTY200 MOMENTUM 30,02-Jul-2015,7458.46
NIFTY200 MOMENTUM 30,03-Jul-2015,7436.53
NIFTY200 MOMENTUM 30,06-Jul-2015,7504.45
NIFTY200 MOMENTUM 30,07-Jul-2015,7502.75
NIFTY200 MOMENTUM 30,08-Jul-2015,7381.95
NIFTY200 MOMENTUM 30,09-Jul-2015,7379.78
NIFTY200 MOMENTUM 30,10-Jul-2015,7406.07
NIFTY200 MOMENTUM 30,13-Jul-2015,7543.00
NIFTY200 MOMENTUM 30,14-Jul-2015,7562.37
NIFTY200 MOMENTUM 30,15-Jul-2015,7585.54
NIFTY200 MOMENTUM 30,16-Jul-2015,7710.76
NIFTY200 MOMENTUM 30,17-Jul-2015,7717.22
NIFTY200 MOMENTUM 30,20-Jul-2015,7764.36
NIFTY200 MOMENTUM 30,21-Jul-2015,7623.89
NIFTY200 MOMENTUM 30,22-Jul-2015,7747.42
NIFTY200 MOMENTUM 30,23-Jul-2015,7715.98
NIFTY200 MOMENTUM 30,24-Jul-2015,7672.17
NIFTY200 MOMENTUM 30,27-Jul-2015,7578.32
NIFTY200 MOMENTUM 30,28-Jul-2015,7600.65
NIFTY200 MOMENTUM 30,29-Jul-2015,7664.31
NIFTY200 MOMENTUM 30,30-Jul-2015,7683.42
NIFTY200 MOMENTUM 30,31-Jul-2015,7784.57
NIFTY200 MOMENTUM 30,03-Aug-2015,7816.42
NIFTY200 MOMENTUM 30,04-Aug-2015,7923.80
NIFTY200 MOMENTUM 30,05-Aug-2015,7996.32
NIFTY200 MOMENTUM 30,06-Aug-2015,8018.57
NIFTY200 MOMENTUM 30,07-Aug-2015,7974.58
NIFTY200 MOMENTUM 30,10-Aug-2015,7976.50
NIFTY200 MOMENTUM 30,11-Aug-2015,7921.26
NIFTY200 MOMENTUM 30,12-Aug-2015,7726.76
NIFTY200 MOMENTUM 30,13-Aug-2015,7757.26
NIFTY200 MOMENTUM 30,14-Aug-2015,7947.97
NIFTY200 MOMENTUM 30,17-Aug-2015,7942.27
NIFTY200 MOMENTUM 30,18-Aug-2015,7977.72
NIFTY200 MOMENTUM 30,19-Aug-2015,8006.18
NIFTY200 MOMENTUM 30,20-Aug-2015,7871.56
NIFTY200 MOMENTUM 30,21-Aug-2015,7769.45
NIFTY200 MOMENTUM 30,24-Aug-2015,7153.70
NIFTY200 MOMENTUM 30,25-Aug-2015,7293.94
NIFTY200 MOMENTUM 30,26-Aug-2015,7246.09
NIFTY200 MOMENTUM 30,27-Aug-2015,7421.47
NIFTY200 MOMENTUM 30,28-Aug-2015,7433.04
NIFTY200 MOMENTUM 30,31-Aug-2015,7423.38
NIFTY200 MOMENTUM 30,01-Sep-2015,7197.31
NIFTY200 MOMENTUM 30,02-Sep-2015,7121.47
NIFTY200 MOMENTUM 30,03-Sep-2015,7230.53
NIFTY200 MOMENTUM 30,04-Sep-2015,7086.55
NIFTY200 MOMENTUM 30,07-Sep-2015,6926.04
NIFTY200 MOMENTUM 30,08-Sep-2015,7031.81
NIFTY200 MOMENTUM 30,09-Sep-2015,7176.65
NIFTY200 MOMENTUM 30,10-Sep-2015,7180.90
NIFTY200 MOMENTUM 30,11-Sep-2015,7212.81
NIFTY200 MOMENTUM 30,14-Sep-2015,7322.29
NIFTY200 MOMENTUM 30,15-Sep-2015,7244.38
NIFTY200 MOMENTUM 30,16-Sep-2015,7227.14
NIFTY200 MOMENTUM 30,18-Sep-2015,7300.17
NIFTY200 MOMENTUM 30,21-Sep-2015,7314.99
NIFTY200 MOMENTUM 30,22-Sep-2015,7192.93
NIFTY200 MOMENTUM 30,23-Sep-2015,7259.23
NIFTY200 MOMENTUM 30,24-Sep-2015,7272.95
NIFTY200 MOMENTUM 30,28-Sep-2015,7266.63
NIFTY200 MOMENTUM 30,29-Sep-2015,7304.19
NIFTY200 MOMENTUM 30,30-Sep-2015,7448.31
NIFTY200 MOMENTUM 30,01-Oct-2015,7490.94
NIFTY200 MOMENTUM 30,05-Oct-2015,7549.90
NIFTY200 MOMENTUM 30,06-Oct-2015,7585.81
NIFTY200 MOMENTUM 30,07-Oct-2015,7566.99
NIFTY200 MOMENTUM 30,08-Oct-2015,7489.11
NIFTY200 MOMENTUM 30,09-Oct-2015,7484.16
NIFTY200 MOMENTUM 30,12-Oct-2015,7472.36
NIFTY200 MOMENTUM 30,13-Oct-2015,7472.20
NIFTY200 MOMENTUM 30,14-Oct-2015,7494.90
NIFTY200 MOMENTUM 30,15-Oct-2015,7523.67
NIFTY200 MOMENTUM 30,16-Oct-2015,7567.68
NIFTY200 MOMENTUM 30,19-Oct-2015,7640.21
NIFTY200 MOMENTUM 30,20-Oct-2015,7644.00
NIFTY200 MOMENTUM 30,21-Oct-2015,7609.80
NIFTY200 MOMENTUM 30,23-Oct-2015,7611.15
NIFTY200 MOMENTUM 30,26-Oct-2015,7536.95
NIFTY200 MOMENTUM 30,27-Oct-2015,7539.80
NIFTY200 MOMENTUM 30,28-Oct-2015,7476.52
NIFTY200 MOMENTUM 30,29-Oct-2015,7442.70
NIFTY200 MOMENTUM 30,30-Oct-2015,7457.37
NIFTY200 MOMENTUM 30,02-Nov-2015,7439.88
NIFTY200 MOMENTUM 30,03-Nov-2015,7445.31
NIFTY200 MOMENTUM 30,04-Nov-2015,7423.16
NIFTY200 MOMENTUM 30,05-Nov-2015,7321.55
NIFTY200 MOMENTUM 30,06-Nov-2015,7218.53
NIFTY200 MOMENTUM 30,09-Nov-2015,7242.45
NIFTY200 MOMENTUM 30,10-Nov-2015,7112.70
NIFTY200 MOMENTUM 30,11-Nov-2015,7170.55
NIFTY200 MOMENTUM 30,13-Nov-2015,7057.39
NIFTY200 MOMENTUM 30,16-Nov-2015,7069.05
NIFTY200 MOMENTUM 30,17-Nov-2015,7106.88
NIFTY200 MOMENTUM 30,18-Nov-2015,7062.83
NIFTY200 MOMENTUM 30,19-Nov-2015,7153.13
NIFTY200 MOMENTUM 30,20-Nov-2015,7225.20
NIFTY200 MOMENTUM 30,23-Nov-2015,7266.23
NIFTY200 MOMENTUM 30,24-Nov-2015,7239.64
NIFTY200 MOMENTUM 30,26-Nov-2015,7157.86
NIFTY200 MOMENTUM 30,27-Nov-2015,7200.23
NIFTY200 MOMENTUM 30,30-Nov-2015,7193.69
NIFTY200 MOMENTUM 30,01-Dec-2015,7236.44
NIFTY200 MOMENTUM 30,02-Dec-2015,7256.29
NIFTY200 MOMENTUM 30,03-Dec-2015,7206.79
NIFTY200 MOMENTUM 30,04-Dec-2015,7137.93
NIFTY200 MOMENTUM 30,07-Dec-2015,7141.39
NIFTY200 MOMENTUM 30,08-Dec-2015,7088.47
NIFTY200 MOMENTUM 30,09-Dec-2015,6930.93
NIFTY200 MOMENTUM 30,10-Dec-2015,7001.77
NIFTY200 MOMENTUM 30,11-Dec-2015,6943.64
NIFTY200 MOMENTUM 30,14-Dec-2015,6963.15
NIFTY200 MOMENTUM 30,15-Dec-2015,7030.27
NIFTY200 MOMENTUM 30,16-Dec-2015,7060.58
NIFTY200 MOMENTUM 30,17-Dec-2015,7148.76
NIFTY200 MOMENTUM 30,18-Dec-2015,7127.88
NIFTY200 MOMENTUM 30,21-Dec-2015,7168.56
NIFTY200 MOMENTUM 30,22-Dec-2015,7152.56
NIFTY200 MOMENTUM 30,23-Dec-2015,7195.95
NIFTY200 MOMENTUM 30,24-Dec-2015,7195.25
NIFTY200 MOMENTUM 30,28-Dec-2015,7255.09
NIFTY200 MOMENTUM 30,29-Dec-2015,7295.13
NIFTY200 MOMENTUM 30,30-Dec-2015,7271.69
NIFTY200 MOMENTUM 30,31-Dec-2015,7256.05
NIFTY200 MOMENTUM 30,01-Jan-2016,7309.36
NIFTY200 MOMENTUM 30,04-Jan-2016,7230.10
NIFTY200 MOMENTUM 30,05-Jan-2016,7246.04
NIFTY200 MOMENTUM 30,06-Jan-2016,7262.97
NIFTY200 MOMENTUM 30,07-Jan-2016,7065.78
NIFTY200 MOMENTUM 30,08-Jan-2016,7107.33
NIFTY200 MOMENTUM 30,11-Jan-2016,7066.15
NIFTY200 MOMENTUM 30,12-Jan-2016,7034.33
NIFTY200 MOMENTUM 30,13-Jan-2016,6996.45
NIFTY200 MOMENTUM 30,14-Jan-2016,6969.50
NIFTY200 MOMENTUM 30,15-Jan-2016,6828.77
NIFTY200 MOMENTUM 30,18-Jan-2016,6626.66
NIFTY200 MOMENTUM 30,19-Jan-2016,6720.42
NIFTY200 MOMENTUM 30,20-Jan-2016,6601.63
NIFTY200 MOMENTUM 30,21-Jan-2016,6534.32
NIFTY200 MOMENTUM 30,22-Jan-2016,6702.44
NIFTY200 MOMENTUM 30,25-Jan-2016,6725.46
NIFTY200 MOMENTUM 30,27-Jan-2016,6741.18
NIFTY200 MOMENTUM 30,28-Jan-2016,6725.23
NIFTY200 MOMENTUM 30,29-Jan-2016,6851.54
NIFTY200 MOMENTUM 30,01-Feb-2016,6884.56
NIFTY200 MOMENTUM 30,02-Feb-2016,6757.06
NIFTY200 MOMENTUM 30,03-Feb-2016,6681.85
NIFTY200 MOMENTUM 30,04-Feb-2016,6626.58
NIFTY200 MOMENTUM 30,05-Feb-2016,6781.11
NIFTY200 MOMENTUM 30,08-Feb-2016,6735.63
NIFTY200 MOMENTUM 30,09-Feb-2016,6624.41
NIFTY200 MOMENTUM 30,10-Feb-2016,6528.29
NIFTY200 MOMENTUM 30,11-Feb-2016,6332.31
NIFTY200 MOMENTUM 30,12-Feb-2016,6264.47
NIFTY200 MOMENTUM 30,15-Feb-2016,6463.96
NIFTY200 MOMENTUM 30,16-Feb-2016,6331.09
NIFTY200 MOMENTUM 30,17-Feb-2016,6397.23
NIFTY200 MOMENTUM 30,18-Feb-2016,6434.32
NIFTY200 MOMENTUM 30,19-Feb-2016,6436.36
NIFTY200 MOMENTUM 30,22-Feb-2016,6478.80
NIFTY200 MOMENTUM 30,23-Feb-2016,6401.08
NIFTY200 MOMENTUM 30,24-Feb-2016,6300.50
NIFTY200 MOMENTUM 30,25-Feb-2016,6223.63
NIFTY200 MOMENTUM 30,26-Feb-2016,6258.96
NIFTY200 MOMENTUM 30,29-Feb-2016,6303.02
NIFTY200 MOMENTUM 30,01-Mar-2016,6511.93
NIFTY200 MOMENTUM 30,02-Mar-2016,6621.78
NIFTY200 MOMENTUM 30,03-Mar-2016,6677.23
NIFTY200 MOMENTUM 30,04-Mar-2016,6746.58
NIFTY200 MOMENTUM 30,08-Mar-2016,6757.18
NIFTY200 MOMENTUM 30,09-Mar-2016,6828.84
NIFTY200 MOMENTUM 30,10-Mar-2016,6831.50
NIFTY200 MOMENTUM 30,11-Mar-2016,6845.02
NIFTY200 MOMENTUM 30,14-Mar-2016,6869.26
NIFTY200 MOMENTUM 30,15-Mar-2016,6747.78
NIFTY200 MOMENTUM 30,16-Mar-2016,6726.05
NIFTY200 MOMENTUM 30,17-Mar-2016,6713.99
NIFTY200 MOMENTUM 30,18-Mar-2016,6735.50
NIFTY200 MOMENTUM 30,21-Mar-2016,6824.52
NIFTY200 MOMENTUM 30,22-Mar-2016,6824.65
NIFTY200 MOMENTUM 30,23-Mar-2016,6845.57
NIFTY200 MOMENTUM 30,28-Mar-2016,6764.59
NIFTY200 MOMENTUM 30,29-Mar-2016,6737.40
NIFTY200 MOMENTUM 30,30-Mar-2016,6858.55
NIFTY200 MOMENTUM 30,31-Mar-2016,6923.56
NIFTY200 MOMENTUM 30,01-Apr-2016,6916.50
NIFTY200 MOMENTUM 30,04-Apr-2016,6945.87
NIFTY200 MOMENTUM 30,05-Apr-2016,6873.29
NIFTY200 MOMENTUM 30,06-Apr-2016,6957.47
NIFTY200 MOMENTUM 30,07-Apr-2016,6922.85
NIFTY200 MOMENTUM 30,08-Apr-2016,6965.35
NIFTY200 MOMENTUM 30,11-Apr-2016,7047.45
NIFTY200 MOMENTUM 30,12-Apr-2016,7124.87
NIFTY200 MOMENTUM 30,13-Apr-2016,7178.41
NIFTY200 MOMENTUM 30,18-Apr-2016,7271.90
NIFTY200 MOMENTUM 30,20-Apr-2016,7253.51
NIFTY200 MOMENTUM 30,21-Apr-2016,7185.52
NIFTY200 MOMENTUM 30,22-Apr-2016,7171.38
NIFTY200 MOMENTUM 30,25-Apr-2016,7116.05
NIFTY200 MOMENTUM 30,26-Apr-2016,7194.32
NIFTY200 MOMENTUM 30,27-Apr-2016,7179.92
NIFTY200 MOMENTUM 30,28-Apr-2016,7106.89
NIFTY200 MOMENTUM 30,29-Apr-2016,7130.60
NIFTY200 MOMENTUM 30,02-May-2016,7176.89
NIFTY200 MOMENTUM 30,03-May-2016,7118.47
NIFTY200 MOMENTUM 30,04-May-2016,7062.84
NIFTY200 MOMENTUM 30,05-May-2016,7075.10
NIFTY200 MOMENTUM 30,06-May-2016,7116.39
NIFTY200 MOMENTUM 30,09-May-2016,7189.12
NIFTY200 MOMENTUM 30,10-May-2016,7162.84
NIFTY200 MOMENTUM 30,11-May-2016,7202.42
NIFTY200 MOMENTUM 30,12-May-2016,7242.87
NIFTY200 MOMENTUM 30,13-May-2016,7195.31
NIFTY200 MOMENTUM 30,16-May-2016,7228.28
NIFTY200 MOMENTUM 30,17-May-2016,7234.96
NIFTY200 MOMENTUM 30,18-May-2016,7235.28
NIFTY200 MOMENTUM 30,19-May-2016,7177.47
NIFTY200 MOMENTUM 30,20-May-2016,7106.83
NIFTY200 MOMENTUM 30,23-May-2016,7059.06
NIFTY200 MOMENTUM 30,24-May-2016,7036.58
NIFTY200 MOMENTUM 30,25-May-2016,7114.75
NIFTY200 MOMENTUM 30,26-May-2016,7180.77
NIFTY200 MOMENTUM 30,27-May-2016,7318.40
NIFTY200 MOMENTUM 30,30-May-2016,7312.62
NIFTY200 MOMENTUM 30,31-May-2016,7291.89
NIFTY200 MOMENTUM 30,01-Jun-2016,7321.57
NIFTY200 MOMENTUM 30,02-Jun-2016,7372.74
NIFTY200 MOMENTUM 30,03-Jun-2016,7345.37
NIFTY200 MOMENTUM 30,06-Jun-2016,7327.80
NIFTY200 MOMENTUM 30,07-Jun-2016,7339.70
NIFTY200 MOMENTUM 30,08-Jun-2016,7343.65
NIFTY200 MOMENTUM 30,09-Jun-2016,7333.84
NIFTY200 MOMENTUM 30,10-Jun-2016,7296.18
NIFTY200 MOMENTUM 30,13-Jun-2016,7279.41
NIFTY200 MOMENTUM 30,14-Jun-2016,7293.00
NIFTY200 MOMENTUM 30,15-Jun-2016,7310.39
NIFTY200 MOMENTUM 30,16-Jun-2016,7294.55
NIFTY200 MOMENTUM 30,17-Jun-2016,7277.46
NIFTY200 MOMENTUM 30,20-Jun-2016,7309.84
NIFTY200 MOMENTUM 30,21-Jun-2016,7303.44
NIFTY200 MOMENTUM 30,22-Jun-2016,7295.53
NIFTY200 MOMENTUM 30,23-Jun-2016,7315.18
NIFTY200 MOMENTUM 30,24-Jun-2016,7232.33
NIFTY200 MOMENTUM 30,27-Jun-2016,7279.99
NIFTY200 MOMENTUM 30,28-Jun-2016,7356.14
NIFTY200 MOMENTUM 30,29-Jun-2016,7426.91
NIFTY200 MOMENTUM 30,30-Jun-2016,7500.17
NIFTY200 MOMENTUM 30,01-Jul-2016,7546.48
NIFTY200 MOMENTUM 30,04-Jul-2016,7607.29
NIFTY200 MOMENTUM 30,05-Jul-2016,7596.62
NIFTY200 MOMENTUM 30,07-Jul-2016,7568.51
NIFTY200 MOMENTUM 30,08-Jul-2016,7585.22
NIFTY200 MOMENTUM 30,11-Jul-2016,7688.79
NIFTY200 MOMENTUM 30,12-Jul-2016,7723.20
NIFTY200 MOMENTUM 30,13-Jul-2016,7669.68
NIFTY200 MOMENTUM 30,14-Jul-2016,7693.51
NIFTY200 MOMENTUM 30,15-Jul-2016,7714.07
NIFTY200 MOMENTUM 30,18-Jul-2016,7669.37
NIFTY200 MOMENTUM 30,19-Jul-2016,7687.38
NIFTY200 MOMENTUM 30,20-Jul-2016,7743.34
NIFTY200 MOMENTUM 30,21-Jul-2016,7734.37
NIFTY200 MOMENTUM 30,22-Jul-2016,7841.09
NIFTY200 MOMENTUM 30,25-Jul-2016,7929.61
NIFTY200 MOMENTUM 30,26-Jul-2016,7959.87
NIFTY200 MOMENTUM 30,27-Jul-2016,8017.79
NIFTY200 MOMENTUM 30,28-Jul-2016,8097.62
NIFTY200 MOMENTUM 30,29-Jul-2016,8198.00
NIFTY200 MOMENTUM 30,01-Aug-2016,8277.72
NIFTY200 MOMENTUM 30,02-Aug-2016,8187.02
NIFTY200 MOMENTUM 30,03-Aug-2016,8043.67
NIFTY200 MOMENTUM 30,04-Aug-2016,8066.28
NIFTY200 MOMENTUM 30,05-Aug-2016,8199.68
NIFTY200 MOMENTUM 30,08-Aug-2016,8309.82
NIFTY200 MOMENTUM 30,09-Aug-2016,8254.72
NIFTY200 MOMENTUM 30,10-Aug-2016,8117.99
NIFTY200 MOMENTUM 30,11-Aug-2016,8170.85
NIFTY200 MOMENTUM 30,12-Aug-2016,8208.75
NIFTY200 MOMENTUM 30,16-Aug-2016,8229.16
NIFTY200 MOMENTUM 30,17-Aug-2016,8235.89
NIFTY200 MOMENTUM 30,18-Aug-2016,8273.06
NIFTY200 MOMENTUM 30,19-Aug-2016,8300.91
NIFTY200 MOMENTUM 30,22-Aug-2016,8247.67
NIFTY200 MOMENTUM 30,23-Aug-2016,8235.70
NIFTY200 MOMENTUM 30,24-Aug-2016,8293.29
NIFTY200 MOMENTUM 30,25-Aug-2016,8253.05
NIFTY200 MOMENTUM 30,26-Aug-2016,8287.06
NIFTY200 MOMENTUM 30,29-Aug-2016,8321.33
NIFTY200 MOMENTUM 30,30-Aug-2016,8431.61
NIFTY200 MOMENTUM 30,31-Aug-2016,8467.46
NIFTY200 MOMENTUM 30,01-Sep-2016,8426.98
NIFTY200 MOMENTUM 30,02-Sep-2016,8454.25
NIFTY200 MOMENTUM 30,06-Sep-2016,8580.44
NIFTY200 MOMENTUM 30,07-Sep-2016,8546.00
NIFTY200 MOMENTUM 30,08-Sep-2016,8596.90
NIFTY200 MOMENTUM 30,09-Sep-2016,8513.25
NIFTY200 MOMENTUM 30,12-Sep-2016,8265.40
NIFTY200 MOMENTUM 30,14-Sep-2016,8349.82
NIFTY200 MOMENTUM 30,15-Sep-2016,8358.46
NIFTY200 MOMENTUM 30,16-Sep-2016,8349.78
NIFTY200 MOMENTUM 30,19-Sep-2016,8401.64
NIFTY200 MOMENTUM 30,20-Sep-2016,8393.64
NIFTY200 MOMENTUM 30,21-Sep-2016,8387.42
NIFTY200 MOMENTUM 30,22-Sep-2016,8539.76
NIFTY200 MOMENTUM 30,23-Sep-2016,8550.95
NIFTY200 MOMENTUM 30,26-Sep-2016,8537.02
NIFTY200 MOMENTUM 30,27-Sep-2016,8551.77
NIFTY200 MOMENTUM 30,28-Sep-2016,8623.36
NIFTY200 MOMENTUM 30,29-Sep-2016,8312.78
NIFTY200 MOMENTUM 30,30-Sep-2016,8430.75
NIFTY200 MOMENTUM 30,03-Oct-2016,8654.13
NIFTY200 MOMENTUM 30,04-Oct-2016,8706.51
NIFTY200 MOMENTUM 30,05-Oct-2016,8746.59
NIFTY200 MOMENTUM 30,06-Oct-2016,8773.75
NIFTY200 MOMENTUM 30,07-Oct-2016,8735.60
NIFTY200 MOMENTUM 30,10-Oct-2016,8778.41
NIFTY200 MOMENTUM 30,13-Oct-2016,8665.82
NIFTY200 MOMENTUM 30,14-Oct-2016,8722.29
NIFTY200 MOMENTUM 30,17-Oct-2016,8609.70
NIFTY200 MOMENTUM 30,18-Oct-2016,8723.14
NIFTY200 MOMENTUM 30,19-Oct-2016,8728.09
NIFTY200 MOMENTUM 30,20-Oct-2016,8757.29
NIFTY200 MOMENTUM 30,21-Oct-2016,8753.81
NIFTY200 MOMENTUM 30,24-Oct-2016,8715.08
NIFTY200 MOMENTUM 30,25-Oct-2016,8722.40
NIFTY200 MOMENTUM 30,26-Oct-2016,8642.72
NIFTY200 MOMENTUM 30,27-Oct-2016,8516.63
NIFTY200 MOMENTUM 30,28-Oct-2016,8590.81
NIFTY200 MOMENTUM 30,30-Oct-2016,8584.59
NIFTY200 MOMENTUM 30,01-Nov-2016,8643.78
NIFTY200 MOMENTUM 30,02-Nov-2016,8482.99
NIFTY200 MOMENTUM 30,03-Nov-2016,8443.88
NIFTY200 MOMENTUM 30,04-Nov-2016,8323.09
NIFTY200 MOMENTUM 30,07-Nov-2016,8424.98
NIFTY200 MOMENTUM 30,08-Nov-2016,8492.89
NIFTY200 MOMENTUM 30,09-Nov-2016,8336.77
NIFTY200 MOMENTUM 30,10-Nov-2016,8534.01
NIFTY200 MOMENTUM 30,11-Nov-2016,8213.75
NIFTY200 MOMENTUM 30,15-Nov-2016,7831.96
NIFTY200 MOMENTUM 30,16-Nov-2016,7879.59
NIFTY200 MOMENTUM 30,17-Nov-2016,7880.33
NIFTY200 MOMENTUM 30,18-Nov-2016,7920.92
NIFTY200 MOMENTUM 30,21-Nov-2016,7677.07
NIFTY200 MOMENTUM 30,22-Nov-2016,7822.00
NIFTY200 MOMENTUM 30,23-Nov-2016,7913.03
NIFTY200 MOMENTUM 30,24-Nov-2016,7900.97
NIFTY200 MOMENTUM 30,25-Nov-2016,8040.82
NIFTY200 MOMENTUM 30,28-Nov-2016,8089.79
NIFTY200 MOMENTUM 30,29-Nov-2016,8119.40
NIFTY200 MOMENTUM 30,30-Nov-2016,8241.40
NIFTY200 MOMENTUM 30,01-Dec-2016,8113.23
NIFTY200 MOMENTUM 30,02-Dec-2016,8004.20
NIFTY200 MOMENTUM 30,05-Dec-2016,8084.04
NIFTY200 MOMENTUM 30,06-Dec-2016,8116.31
NIFTY200 MOMENTUM 30,07-Dec-2016,8126.88
NIFTY200 MOMENTUM 30,08-Dec-2016,8273.55
NIFTY200 MOMENTUM 30,09-Dec-2016,8277.72
NIFTY200 MOMENTUM 30,12-Dec-2016,8112.67
NIFTY200 MOMENTUM 30,13-Dec-2016,8074.42
NIFTY200 MOMENTUM 30,14-Dec-2016,8018.28
NIFTY200 MOMENTUM 30,15-Dec-2016,8014.39
NIFTY200 MOMENTUM 30,16-Dec-2016,7949.83
NIFTY200 MOMENTUM 30,19-Dec-2016,7916.51
NIFTY200 MOMENTUM 30,20-Dec-2016,7844.05
NIFTY200 MOMENTUM 30,21-Dec-2016,7846.84
NIFTY200 MOMENTUM 30,22-Dec-2016,7725.92
NIFTY200 MOMENTUM 30,23-Dec-2016,7752.03
NIFTY200 MOMENTUM 30,26-Dec-2016,7591.79
NIFTY200 MOMENTUM 30,27-Dec-2016,7737.57
NIFTY200 MOMENTUM 30,28-Dec-2016,7738.16
NIFTY200 MOMENTUM 30,29-Dec-2016,7863.75
NIFTY200 MOMENTUM 30,30-Dec-2016,7950.03
NIFTY200 MOMENTUM 30,02-Jan-2017,8029.75
NIFTY200 MOMENTUM 30,03-Jan-2017,8097.87
NIFTY200 MOMENTUM 30,04-Jan-2017,8062.31
NIFTY200 MOMENTUM 30,05-Jan-2017,8245.49
NIFTY200 MOMENTUM 30,06-Jan-2017,8225.69
NIFTY200 MOMENTUM 30,09-Jan-2017,8221.21
NIFTY200 MOMENTUM 30,10-Jan-2017,8283.01
NIFTY200 MOMENTUM 30,11-Jan-2017,8470.64
NIFTY200 MOMENTUM 30,12-Jan-2017,8516.60
NIFTY200 MOMENTUM 30,13-Jan-2017,8460.73
NIFTY200 MOMENTUM 30,16-Jan-2017,8521.19
NIFTY200 MOMENTUM 30,17-Jan-2017,8489.04
NIFTY200 MOMENTUM 30,18-Jan-2017,8594.99
NIFTY200 MOMENTUM 30,19-Jan-2017,8637.08
NIFTY200 MOMENTUM 30,20-Jan-2017,8528.48
NIFTY200 MOMENTUM 30,23-Jan-2017,8685.98
NIFTY200 MOMENTUM 30,24-Jan-2017,8814.04
NIFTY200 MOMENTUM 30,25-Jan-2017,9020.47
NIFTY200 MOMENTUM 30,27-Jan-2017,9042.47
NIFTY200 MOMENTUM 30,30-Jan-2017,9051.68
NIFTY200 MOMENTUM 30,31-Jan-2017,8961.85
NIFTY200 MOMENTUM 30,01-Feb-2017,9179.86
NIFTY200 MOMENTUM 30,02-Feb-2017,9156.52
NIFTY200 MOMENTUM 30,03-Feb-2017,9135.69
NIFTY200 MOMENTUM 30,06-Feb-2017,9224.12
NIFTY200 MOMENTUM 30,07-Feb-2017,9177.18
NIFTY200 MOMENTUM 30,08-Feb-2017,9247.34
NIFTY200 MOMENTUM 30,09-Feb-2017,9249.13
NIFTY200 MOMENTUM 30,10-Feb-2017,9250.27
NIFTY200 MOMENTUM 30,13-Feb-2017,9273.65
NIFTY200 MOMENTUM 30,14-Feb-2017,9205.73
NIFTY200 MOMENTUM 30,15-Feb-2017,9092.90
NIFTY200 MOMENTUM 30,16-Feb-2017,9248.41
NIFTY200 MOMENTUM 30,17-Feb-2017,9307.44
NIFTY200 MOMENTUM 30,20-Feb-2017,9386.27
NIFTY200 MOMENTUM 30,21-Feb-2017,9424.54
NIFTY200 MOMENTUM 30,22-Feb-2017,9346.25
NIFTY200 MOMENTUM 30,23-Feb-2017,9334.14
NIFTY200 MOMENTUM 30,27-Feb-2017,9273.30
NIFTY200 MOMENTUM 30,28-Feb-2017,9283.76
NIFTY200 MOMENTUM 30,01-Mar-2017,9316.72
NIFTY200 MOMENTUM 30,02-Mar-2017,9218.15
NIFTY200 MOMENTUM 30,03-Mar-2017,9278.78
NIFTY200 MOMENTUM 30,06-Mar-2017,9320.57
NIFTY200 MOMENTUM 30,07-Mar-2017,9292.17
NIFTY200 MOMENTUM 30,08-Mar-2017,9258.72
NIFTY200 MOMENTUM 30,09-Mar-2017,9258.12
NIFTY200 MOMENTUM 30,10-Mar-2017,9227.17
NIFTY200 MOMENTUM 30,14-Mar-2017,9402.88
NIFTY200 MOMENTUM 30,15-Mar-2017,9428.33
NIFTY200 MOMENTUM 30,16-Mar-2017,9594.95
NIFTY200 MOMENTUM 30,17-Mar-2017,9568.34
NIFTY200 MOMENTUM 30,20-Mar-2017,9578.87
NIFTY200 MOMENTUM 30,21-Mar-2017,9583.89
NIFTY200 MOMENTUM 30,22-Mar-2017,9480.94
NIFTY200 MOMENTUM 30,23-Mar-2017,9583.66
NIFTY200 MOMENTUM 30,24-Mar-2017,9580.36
NIFTY200 MOMENTUM 30,27-Mar-2017,9529.21
NIFTY200 MOMENTUM 30,28-Mar-2017,9579.27
NIFTY200 MOMENTUM 30,29-Mar-2017,9595.80
NIFTY200 MOMENTUM 30,30-Mar-2017,9640.99
NIFTY200 MOMENTUM 30,31-Mar-2017,9704.96
NIFTY200 MOMENTUM 30,03-Apr-2017,9713.55
NIFTY200 MOMENTUM 30,05-Apr-2017,9804.40
NIFTY200 MOMENTUM 30,06-Apr-2017,9824.70
NIFTY200 MOMENTUM 30,07-Apr-2017,9796.76
NIFTY200 MOMENTUM 30,10-Apr-2017,9870.71
NIFTY200 MOMENTUM 30,11-Apr-2017,9954.85
NIFTY200 MOMENTUM 30,12-Apr-2017,9923.77
NIFTY200 MOMENTUM 30,13-Apr-2017,9827.84
NIFTY200 MOMENTUM 30,17-Apr-2017,9849.25
NIFTY200 MOMENTUM 30,18-Apr-2017,9792.76
NIFTY200 MOMENTUM 30,19-Apr-2017,9847.65
NIFTY200 MOMENTUM 30,20-Apr-2017,9903.11
NIFTY200 MOMENTUM 30,21-Apr-2017,9900.32
NIFTY200 MOMENTUM 30,24-Apr-2017,9983.55
NIFTY200 MOMENTUM 30,25-Apr-2017,10086.52
NIFTY200 MOMENTUM 30,26-Apr-2017,10105.96
NIFTY200 MOMENTUM 30,27-Apr-2017,10123.68
NIFTY200 MOMENTUM 30,28-Apr-2017,10215.50
NIFTY200 MOMENTUM 30,02-May-2017,10317.92
NIFTY200 MOMENTUM 30,03-May-2017,10242.98
NIFTY200 MOMENTUM 30,04-May-2017,10209.77
NIFTY200 MOMENTUM 30,05-May-2017,10067.03
NIFTY200 MOMENTUM 30,08-May-2017,10118.92
NIFTY200 MOMENTUM 30,09-May-2017,10162.76
NIFTY200 MOMENTUM 30,10-May-2017,10189.03
NIFTY200 MOMENTUM 30,11-May-2017,10186.57
NIFTY200 MOMENTUM 30,12-May-2017,10135.88
NIFTY200 MOMENTUM 30,15-May-2017,10295.71
NIFTY200 MOMENTUM 30,16-May-2017,10300.01
NIFTY200 MOMENTUM 30,17-May-2017,10351.26
NIFTY200 MOMENTUM 30,18-May-2017,10107.09
NIFTY200 MOMENTUM 30,19-May-2017,10071.41
NIFTY200 MOMENTUM 30,22-May-2017,9954.85
NIFTY200 MOMENTUM 30,23-May-2017,9884.39
NIFTY200 MOMENTUM 30,24-May-2017,9809.32
NIFTY200 MOMENTUM 30,25-May-2017,10000.37
NIFTY200 MOMENTUM 30,26-May-2017,10204.35
NIFTY200 MOMENTUM 30,29-May-2017,10107.45
NIFTY200 MOMENTUM 30,30-May-2017,10187.50
NIFTY200 MOMENTUM 30,31-May-2017,10180.23
NIFTY200 MOMENTUM 30,01-Jun-2017,10138.36
NIFTY200 MOMENTUM 30,02-Jun-2017,10155.41
NIFTY200 MOMENTUM 30,05-Jun-2017,10176.72
NIFTY200 MOMENTUM 30,06-Jun-2017,10153.55
NIFTY200 MOMENTUM 30,07-Jun-2017,10199.00
NIFTY200 MOMENTUM 30,08-Jun-2017,10211.75
NIFTY200 MOMENTUM 30,09-Jun-2017,10307.83
NIFTY200 MOMENTUM 30,12-Jun-2017,10275.51
NIFTY200 MOMENTUM 30,13-Jun-2017,10253.85
NIFTY200 MOMENTUM 30,14-Jun-2017,10226.95
NIFTY200 MOMENTUM 30,15-Jun-2017,10181.70
NIFTY200 MOMENTUM 30,16-Jun-2017,10204.51
NIFTY200 MOMENTUM 30,19-Jun-2017,10292.15
NIFTY200 MOMENTUM 30,20-Jun-2017,10310.94
NIFTY200 MOMENTUM 30,21-Jun-2017,10237.90
NIFTY200 MOMENTUM 30,22-Jun-2017,10117.46
NIFTY200 MOMENTUM 30,23-Jun-2017,9979.62
NIFTY200 MOMENTUM 30,27-Jun-2017,9901.98
NIFTY200 MOMENTUM 30,28-Jun-2017,9975.87
NIFTY200 MOMENTUM 30,29-Jun-2017,10042.41
NIFTY200 MOMENTUM 30,30-Jun-2017,10061.85
NIFTY200 MOMENTUM 30,03-Jul-2017,10189.97
NIFTY200 MOMENTUM 30,04-Jul-2017,10182.97
NIFTY200 MOMENTUM 30,05-Jul-2017,10256.82
NIFTY200 MOMENTUM 30,06-Jul-2017,10276.74
NIFTY200 MOMENTUM 30,07-Jul-2017,10273.05
NIFTY200 MOMENTUM 30,10-Jul-2017,10352.86
NIFTY200 MOMENTUM 30,11-Jul-2017,10339.29
NIFTY200 MOMENTUM 30,12-Jul-2017,10464.98
NIFTY200 MOMENTUM 30,13-Jul-2017,10520.15
NIFTY200 MOMENTUM 30,14-Jul-2017,10562.35
NIFTY200 MOMENTUM 30,17-Jul-2017,10596.81
NIFTY200 MOMENTUM 30,18-Jul-2017,10545.90
NIFTY200 MOMENTUM 30,19-Jul-2017,10660.25
NIFTY200 MOMENTUM 30,20-Jul-2017,10619.68
NIFTY200 MOMENTUM 30,21-Jul-2017,10596.85
NIFTY200 MOMENTUM 30,24-Jul-2017,10580.22
NIFTY200 MOMENTUM 30,25-Jul-2017,10637.64
NIFTY200 MOMENTUM 30,26-Jul-2017,10729.98
NIFTY200 MOMENTUM 30,27-Jul-2017,10728.10
NIFTY200 MOMENTUM 30,28-Jul-2017,10765.82
NIFTY200 MOMENTUM 30,31-Jul-2017,10861.30
NIFTY200 MOMENTUM 30,01-Aug-2017,10912.32
NIFTY200 MOMENTUM 30,02-Aug-2017,10899.70
NIFTY200 MOMENTUM 30,03-Aug-2017,10828.64
NIFTY200 MOMENTUM 30,04-Aug-2017,10996.95
NIFTY200 MOMENTUM 30,07-Aug-2017,11126.85
NIFTY200 MOMENTUM 30,08-Aug-2017,11067.03
NIFTY200 MOMENTUM 30,09-Aug-2017,10959.14
NIFTY200 MOMENTUM 30,10-Aug-2017,10714.92
NIFTY200 MOMENTUM 30,11-Aug-2017,10624.86
NIFTY200 MOMENTUM 30,14-Aug-2017,10906.71
NIFTY200 MOMENTUM 30,16-Aug-2017,11015.98
NIFTY200 MOMENTUM 30,17-Aug-2017,10999.82
NIFTY200 MOMENTUM 30,18-Aug-2017,10973.49
NIFTY200 MOMENTUM 30,21-Aug-2017,10821.16
NIFTY200 MOMENTUM 30,22-Aug-2017,10822.10
NIFTY200 MOMENTUM 30,23-Aug-2017,10985.57
NIFTY200 MOMENTUM 30,24-Aug-2017,11039.28
NIFTY200 MOMENTUM 30,28-Aug-2017,11137.45
NIFTY200 MOMENTUM 30,29-Aug-2017,11031.21
NIFTY200 MOMENTUM 30,30-Aug-2017,11251.92
NIFTY200 MOMENTUM 30,31-Aug-2017,11280.84
NIFTY200 MOMENTUM 30,01-Sep-2017,11419.39
NIFTY200 MOMENTUM 30,04-Sep-2017,11337.95
NIFTY200 MOMENTUM 30,05-Sep-2017,11436.88
NIFTY200 MOMENTUM 30,06-Sep-2017,11459.12
NIFTY200 MOMENTUM 30,07-Sep-2017,11522.77
NIFTY200 MOMENTUM 30,08-Sep-2017,11502.67
NIFTY200 MOMENTUM 30,11-Sep-2017,11674.14
NIFTY200 MOMENTUM 30,12-Sep-2017,11790.77
NIFTY200 MOMENTUM 30,13-Sep-2017,11655.77
NIFTY200 MOMENTUM 30,14-Sep-2017,11660.40
NIFTY200 MOMENTUM 30,15-Sep-2017,11685.82
NIFTY200 MOMENTUM 30,18-Sep-2017,11757.40
NIFTY200 MOMENTUM 30,19-Sep-2017,11808.14
NIFTY200 MOMENTUM 30,20-Sep-2017,11767.93
NIFTY200 MOMENTUM 30,21-Sep-2017,11719.53
NIFTY200 MOMENTUM 30,22-Sep-2017,11374.06
NIFTY200 MOMENTUM 30,25-Sep-2017,11236.52
NIFTY200 MOMENTUM 30,26-Sep-2017,11309.69
NIFTY200 MOMENTUM 30,27-Sep-2017,11116.10
NIFTY200 MOMENTUM 30,28-Sep-2017,11153.74
NIFTY200 MOMENTUM 30,29-Sep-2017,11312.79
NIFTY200 MOMENTUM 30,03-Oct-2017,11418.15
NIFTY200 MOMENTUM 30,04-Oct-2017,11444.54
NIFTY200 MOMENTUM 30,05-Oct-2017,11446.89
NIFTY200 MOMENTUM 30,06-Oct-2017,11690.70
NIFTY200 MOMENTUM 30,09-Oct-2017,11665.02
NIFTY200 MOMENTUM 30,10-Oct-2017,11725.27
NIFTY200 MOMENTUM 30,11-Oct-2017,11661.28
NIFTY200 MOMENTUM 30,12-Oct-2017,11794.37
NIFTY200 MOMENTUM 30,13-Oct-2017,11840.17
NIFTY200 MOMENTUM 30,16-Oct-2017,11927.23
NIFTY200 MOMENTUM 30,17-Oct-2017,11978.57
NIFTY200 MOMENTUM 30,18-Oct-2017,11971.47
NIFTY200 MOMENTUM 30,19-Oct-2017,11857.07
NIFTY200 MOMENTUM 30,23-Oct-2017,11899.45
NIFTY200 MOMENTUM 30,24-Oct-2017,11935.65
NIFTY200 MOMENTUM 30,25-Oct-2017,11857.36
NIFTY200 MOMENTUM 30,26-Oct-2017,12023.10
NIFTY200 MOMENTUM 30,27-Oct-2017,11968.31
NIFTY200 MOMENTUM 30,30-Oct-2017,12059.67
NIFTY200 MOMENTUM 30,31-Oct-2017,11987.32
NIFTY200 MOMENTUM 30,01-Nov-2017,12065.22
NIFTY200 MOMENTUM 30,02-Nov-2017,12059.66
NIFTY200 MOMENTUM 30,03-Nov-2017,12102.81
NIFTY200 MOMENTUM 30,06-Nov-2017,12093.67
NIFTY200 MOMENTUM 30,07-Nov-2017,11951.59
NIFTY200 MOMENTUM 30,08-Nov-2017,11848.23
NIFTY200 MOMENTUM 30,09-Nov-2017,11866.35
NIFTY200 MOMENTUM 30,10-Nov-2017,11870.77
NIFTY200 MOMENTUM 30,13-Nov-2017,11785.91
NIFTY200 MOMENTUM 30,14-Nov-2017,11695.52
NIFTY200 MOMENTUM 30,15-Nov-2017,11522.04
NIFTY200 MOMENTUM 30,16-Nov-2017,11617.31
NIFTY200 MOMENTUM 30,17-Nov-2017,11754.51
NIFTY200 MOMENTUM 30,20-Nov-2017,11853.63
NIFTY200 MOMENTUM 30,21-Nov-2017,11878.92
NIFTY200 MOMENTUM 30,22-Nov-2017,11873.37
NIFTY200 MOMENTUM 30,23-Nov-2017,11885.02
NIFTY200 MOMENTUM 30,24-Nov-2017,11898.85
NIFTY200 MOMENTUM 30,27-Nov-2017,11892.62
NIFTY200 MOMENTUM 30,28-Nov-2017,11906.00
NIFTY200 MOMENTUM 30,29-Nov-2017,11870.49
NIFTY200 MOMENTUM 30,30-Nov-2017,11757.39
NIFTY200 MOMENTUM 30,01-Dec-2017,11612.47
NIFTY200 MOMENTUM 30,04-Dec-2017,11682.88
NIFTY200 MOMENTUM 30,05-Dec-2017,11681.30
NIFTY200 MOMENTUM 30,06-Dec-2017,11551.80
NIFTY200 MOMENTUM 30,07-Dec-2017,11783.49
NIFTY200 MOMENTUM 30,08-Dec-2017,11906.35
NIFTY200 MOMENTUM 30,11-Dec-2017,11933.67
NIFTY200 MOMENTUM 30,12-Dec-2017,11828.56
NIFTY200 MOMENTUM 30,13-Dec-2017,11749.15
NIFTY200 MOMENTUM 30,14-Dec-2017,11787.79
NIFTY200 MOMENTUM 30,15-Dec-2017,11973.37
NIFTY200 MOMENTUM 30,18-Dec-2017,12098.81
NIFTY200 MOMENTUM 30,19-Dec-2017,12256.94
NIFTY200 MOMENTUM 30,20-Dec-2017,12246.89
NIFTY200 MOMENTUM 30,21-Dec-2017,12308.07
NIFTY200 MOMENTUM 30,22-Dec-2017,12365.79
NIFTY200 MOMENTUM 30,26-Dec-2017,12448.83
NIFTY200 MOMENTUM 30,27-Dec-2017,12388.08
NIFTY200 MOMENTUM 30,28-Dec-2017,12431.20
NIFTY200 MOMENTUM 30,29-Dec-2017,12517.94
NIFTY200 MOMENTUM 30,01-Jan-2018,12444.14
NIFTY200 MOMENTUM 30,02-Jan-2018,12381.90
NIFTY200 MOMENTUM 30,03-Jan-2018,12417.67
NIFTY200 MOMENTUM 30,04-Jan-2018,12550.41
NIFTY200 MOMENTUM 30,05-Jan-2018,12709.67
NIFTY200 MOMENTUM 30,08-Jan-2018,12807.17
NIFTY200 MOMENTUM 30,09-Jan-2018,12784.41
NIFTY200 MOMENTUM 30,10-Jan-2018,12730.13
NIFTY200 MOMENTUM 30,11-Jan-2018,12710.11
NIFTY200 MOMENTUM 30,12-Jan-2018,12745.46
NIFTY200 MOMENTUM 30,15-Jan-2018,12732.42
NIFTY200 MOMENTUM 30,16-Jan-2018,12541.57
NIFTY200 MOMENTUM 30,17-Jan-2018,12587.88
NIFTY200 MOMENTUM 30,18-Jan-2018,12433.56
NIFTY200 MOMENTUM 30,19-Jan-2018,12567.04
NIFTY200 MOMENTUM 30,22-Jan-2018,12678.30
NIFTY200 MOMENTUM 30,23-Jan-2018,12797.96
NIFTY200 MOMENTUM 30,24-Jan-2018,12653.71
NIFTY200 MOMENTUM 30,25-Jan-2018,12570.45
NIFTY200 MOMENTUM 30,29-Jan-2018,12630.34
NIFTY200 MOMENTUM 30,30-Jan-2018,12535.88
NIFTY200 MOMENTUM 30,31-Jan-2018,12408.17
NIFTY200 MOMENTUM 30,01-Feb-2018,12377.70
NIFTY200 MOMENTUM 30,02-Feb-2018,11899.03
NIFTY200 MOMENTUM 30,05-Feb-2018,11822.35
NIFTY200 MOMENTUM 30,06-Feb-2018,11694.02
NIFTY200 MOMENTUM 30,07-Feb-2018,11705.60
NIFTY200 MOMENTUM 30,08-Feb-2018,11922.29
NIFTY200 MOMENTUM 30,09-Feb-2018,11918.41
NIFTY200 MOMENTUM 30,12-Feb-2018,12123.29
NIFTY200 MOMENTUM 30,14-Feb-2018,12156.29
NIFTY200 MOMENTUM 30,15-Feb-2018,12077.61
NIFTY200 MOMENTUM 30,16-Feb-2018,11921.13
NIFTY200 MOMENTUM 30,19-Feb-2018,11788.08
NIFTY200 MOMENTUM 30,20-Feb-2018,11780.07
NIFTY200 MOMENTUM 30,21-Feb-2018,11713.62
NIFTY200 MOMENTUM 30,22-Feb-2018,11659.11
NIFTY200 MOMENTUM 30,23-Feb-2018,11917.68
NIFTY200 MOMENTUM 30,26-Feb-2018,12073.20
NIFTY200 MOMENTUM 30,27-Feb-2018,12053.32
NIFTY200 MOMENTUM 30,28-Feb-2018,11989.73
NIFTY200 MOMENTUM 30,01-Mar-2018,11948.90
NIFTY200 MOMENTUM 30,05-Mar-2018,11776.46
NIFTY200 MOMENTUM 30,06-Mar-2018,11677.43
NIFTY200 MOMENTUM 30,07-Mar-2018,11603.08
NIFTY200 MOMENTUM 30,08-Mar-2018,11652.51
NIFTY200 MOMENTUM 30,09-Mar-2018,11626.06
NIFTY200 MOMENTUM 30,12-Mar-2018,11818.20
NIFTY200 MOMENTUM 30,13-Mar-2018,11879.55
NIFTY200 MOMENTUM 30,14-Mar-2018,11886.14
NIFTY200 MOMENTUM 30,15-Mar-2018,11866.11
NIFTY200 MOMENTUM 30,16-Mar-2018,11718.82
NIFTY200 MOMENTUM 30,19-Mar-2018,11543.70
NIFTY200 MOMENTUM 30,20-Mar-2018,11607.69
NIFTY200 MOMENTUM 30,21-Mar-2018,11674.68
NIFTY200 MOMENTUM 30,22-Mar-2018,11654.97
NIFTY200 MOMENTUM 30,23-Mar-2018,11529.87
NIFTY200 MOMENTUM 30,26-Mar-2018,11770.55
NIFTY200 MOMENTUM 30,27-Mar-2018,11910.40
NIFTY200 MOMENTUM 30,28-Mar-2018,11798.85
NIFTY200 MOMENTUM 30,02-Apr-2018,12050.25
NIFTY200 MOMENTUM 30,03-Apr-2018,12124.90
NIFTY200 MOMENTUM 30,04-Apr-2018,11971.12
NIFTY200 MOMENTUM 30,05-Apr-2018,12255.74
NIFTY200 MOMENTUM 30,06-Apr-2018,12356.29
NIFTY200 MOMENTUM 30,09-Apr-2018,12467.26
NIFTY200 MOMENTUM 30,10-Apr-2018,12443.40
NIFTY200 MOMENTUM 30,11-Apr-2018,12497.60
NIFTY200 MOMENTUM 30,12-Apr-2018,12467.27
NIFTY200 MOMENTUM 30,13-Apr-2018,12533.92
NIFTY200 MOMENTUM 30,16-Apr-2018,12645.09
NIFTY200 MOMENTUM 30,17-Apr-2018,12669.13
NIFTY200 MOMENTUM 30,18-Apr-2018,12625.73
NIFTY200 MOMENTUM 30,19-Apr-2018,12694.51
NIFTY200 MOMENTUM 30,20-Apr-2018,12609.28
NIFTY200 MOMENTUM 30,23-Apr-2018,12643.19
NIFTY200 MOMENTUM 30,24-Apr-2018,12686.53
NIFTY200 MOMENTUM 30,25-Apr-2018,12622.98
NIFTY200 MOMENTUM 30,26-Apr-2018,12682.01
NIFTY200 MOMENTUM 30,27-Apr-2018,12728.84
NIFTY200 MOMENTUM 30,30-Apr-2018,12777.55
NIFTY200 MOMENTUM 30,02-May-2018,12570.36
NIFTY200 MOMENTUM 30,03-May-2018,12460.73
NIFTY200 MOMENTUM 30,04-May-2018,12443.32
NIFTY200 MOMENTUM 30,07-May-2018,12637.40
NIFTY200 MOMENTUM 30,08-May-2018,12554.84
NIFTY200 MOMENTUM 30,09-May-2018,12542.19
NIFTY200 MOMENTUM 30,10-May-2018,12430.26
NIFTY200 MOMENTUM 30,11-May-2018,12541.88
NIFTY200 MOMENTUM 30,14-May-2018,12422.23
NIFTY200 MOMENTUM 30,15-May-2018,12399.61
NIFTY200 MOMENTUM 30,16-May-2018,12438.70
NIFTY200 MOMENTUM 30,17-May-2018,12448.53
NIFTY200 MOMENTUM 30,18-May-2018,12350.04
NIFTY200 MOMENTUM 30,21-May-2018,12164.76
NIFTY200 MOMENTUM 30,22-May-2018,12267.98
NIFTY200 MOMENTUM 30,23-May-2018,12115.21
NIFTY200 MOMENTUM 30,24-May-2018,12072.36
NIFTY200 MOMENTUM 30,25-May-2018,12327.15
NIFTY200 MOMENTUM 30,28-May-2018,12453.93
NIFTY200 MOMENTUM 30,29-May-2018,12408.01
NIFTY200 MOMENTUM 30,30-May-2018,12435.29
NIFTY200 MOMENTUM 30,31-May-2018,12479.72
NIFTY200 MOMENTUM 30,01-Jun-2018,12361.90
NIFTY200 MOMENTUM 30,04-Jun-2018,12270.60
NIFTY200 MOMENTUM 30,05-Jun-2018,12221.53
NIFTY200 MOMENTUM 30,06-Jun-2018,12383.92
NIFTY200 MOMENTUM 30,07-Jun-2018,12500.76
NIFTY200 MOMENTUM 30,08-Jun-2018,12535.21
NIFTY200 MOMENTUM 30,11-Jun-2018,12543.16
NIFTY200 MOMENTUM 30,12-Jun-2018,12624.72
NIFTY200 MOMENTUM 30,13-Jun-2018,12599.28
NIFTY200 MOMENTUM 30,14-Jun-2018,12647.76
NIFTY200 MOMENTUM 30,15-Jun-2018,12624.70
NIFTY200 MOMENTUM 30,18-Jun-2018,12565.02
NIFTY200 MOMENTUM 30,19-Jun-2018,12447.67
NIFTY200 MOMENTUM 30,20-Jun-2018,12537.29
NIFTY200 MOMENTUM 30,21-Jun-2018,12467.84
NIFTY200 MOMENTUM 30,22-Jun-2018,12572.16
NIFTY200 MOMENTUM 30,25-Jun-2018,12551.05
NIFTY200 MOMENTUM 30,26-Jun-2018,12545.00
NIFTY200 MOMENTUM 30,27-Jun-2018,12428.90
NIFTY200 MOMENTUM 30,28-Jun-2018,12274.58
NIFTY200 MOMENTUM 30,29-Jun-2018,12419.59
NIFTY200 MOMENTUM 30,02-Jul-2018,12386.75
NIFTY200 MOMENTUM 30,03-Jul-2018,12462.31
NIFTY200 MOMENTUM 30,04-Jul-2018,12525.36
NIFTY200 MOMENTUM 30,05-Jul-2018,12403.27
NIFTY200 MOMENTUM 30,06-Jul-2018,12425.97
NIFTY200 MOMENTUM 30,09-Jul-2018,12549.13
NIFTY200 MOMENTUM 30,10-Jul-2018,12607.24
NIFTY200 MOMENTUM 30,11-Jul-2018,12622.06
NIFTY200 MOMENTUM 30,12-Jul-2018,12670.33
NIFTY200 MOMENTUM 30,13-Jul-2018,12690.26
NIFTY200 MOMENTUM 30,16-Jul-2018,12589.58
NIFTY200 MOMENTUM 30,17-Jul-2018,12627.20
NIFTY200 MOMENTUM 30,18-Jul-2018,12463.87
NIFTY200 MOMENTUM 30,19-Jul-2018,12416.46
NIFTY200 MOMENTUM 30,20-Jul-2018,12559.67
NIFTY200 MOMENTUM 30,23-Jul-2018,12608.80
NIFTY200 MOMENTUM 30,24-Jul-2018,12644.13
NIFTY200 MOMENTUM 30,25-Jul-2018,12596.33
NIFTY200 MOMENTUM 30,26-Jul-2018,12593.87
NIFTY200 MOMENTUM 30,27-Jul-2018,12712.37
NIFTY200 MOMENTUM 30,30-Jul-2018,12737.35
NIFTY200 MOMENTUM 30,31-Jul-2018,12907.43
NIFTY200 MOMENTUM 30,01-Aug-2018,12948.32
NIFTY200 MOMENTUM 30,02-Aug-2018,12884.18
NIFTY200 MOMENTUM 30,03-Aug-2018,12955.47
NIFTY200 MOMENTUM 30,06-Aug-2018,12908.28
NIFTY200 MOMENTUM 30,07-Aug-2018,12944.21
NIFTY200 MOMENTUM 30,08-Aug-2018,13063.73
NIFTY200 MOMENTUM 30,09-Aug-2018,13075.61
NIFTY200 MOMENTUM 30,10-Aug-2018,13048.62
NIFTY200 MOMENTUM 30,13-Aug-2018,13067.92
NIFTY200 MOMENTUM 30,14-Aug-2018,13209.46
NIFTY200 MOMENTUM 30,16-Aug-2018,13167.51
NIFTY200 MOMENTUM 30,17-Aug-2018,13306.38
NIFTY200 MOMENTUM 30,20-Aug-2018,13356.28
NIFTY200 MOMENTUM 30,21-Aug-2018,13378.01
NIFTY200 MOMENTUM 30,23-Aug-2018,13470.78
NIFTY200 MOMENTUM 30,24-Aug-2018,13403.10
NIFTY200 MOMENTUM 30,27-Aug-2018,13556.80
NIFTY200 MOMENTUM 30,28-Aug-2018,13610.27
NIFTY200 MOMENTUM 30,29-Aug-2018,13621.99
NIFTY200 MOMENTUM 30,30-Aug-2018,13558.17
NIFTY200 MOMENTUM 30,31-Aug-2018,13608.11
NIFTY200 MOMENTUM 30,03-Sep-2018,13447.63
NIFTY200 MOMENTUM 30,04-Sep-2018,13258.97
NIFTY200 MOMENTUM 30,05-Sep-2018,13209.78
NIFTY200 MOMENTUM 30,06-Sep-2018,13280.45
NIFTY200 MOMENTUM 30,07-Sep-2018,13415.95
NIFTY200 MOMENTUM 30,10-Sep-2018,13172.59
NIFTY200 MOMENTUM 30,11-Sep-2018,12993.52
NIFTY200 MOMENTUM 30,12-Sep-2018,13070.02
NIFTY200 MOMENTUM 30,14-Sep-2018,13264.33
NIFTY200 MOMENTUM 30,17-Sep-2018,13148.65
NIFTY200 MOMENTUM 30,18-Sep-2018,13129.85
NIFTY200 MOMENTUM 30,19-Sep-2018,13054.14
NIFTY200 MOMENTUM 30,21-Sep-2018,12812.04
NIFTY200 MOMENTUM 30,24-Sep-2018,12579.77
NIFTY200 MOMENTUM 30,25-Sep-2018,12705.41
NIFTY200 MOMENTUM 30,26-Sep-2018,12694.09
NIFTY200 MOMENTUM 30,27-Sep-2018,12600.77
NIFTY200 MOMENTUM 30,28-Sep-2018,12478.72
NIFTY200 MOMENTUM 30,01-Oct-2018,12565.28
NIFTY200 MOMENTUM 30,03-Oct-2018,12325.30
NIFTY200 MOMENTUM 30,04-Oct-2018,11957.94
NIFTY200 MOMENTUM 30,05-Oct-2018,11749.53
NIFTY200 MOMENTUM 30,08-Oct-2018,11747.21
NIFTY200 MOMENTUM 30,09-Oct-2018,11646.31
NIFTY200 MOMENTUM 30,10-Oct-2018,11912.10
NIFTY200 MOMENTUM 30,11-Oct-2018,11638.36
NIFTY200 MOMENTUM 30,12-Oct-2018,11951.93
NIFTY200 MOMENTUM 30,15-Oct-2018,11961.95
NIFTY200 MOMENTUM 30,16-Oct-2018,12053.93
NIFTY200 MOMENTUM 30,17-Oct-2018,11859.77
NIFTY200 MOMENTUM 30,19-Oct-2018,11729.57
NIFTY200 MOMENTUM 30,22-Oct-2018,11570.39
NIFTY200 MOMENTUM 30,23-Oct-2018,11406.17
NIFTY200 MOMENTUM 30,24-Oct-2018,11545.22
NIFTY200 MOMENTUM 30,25-Oct-2018,11449.95
NIFTY200 MOMENTUM 30,26-Oct-2018,11352.31
NIFTY200 MOMENTUM 30,29-Oct-2018,11524.22
NIFTY200 MOMENTUM 30,30-Oct-2018,11509.44
NIFTY200 MOMENTUM 30,31-Oct-2018,11760.68
NIFTY200 MOMENTUM 30,01-Nov-2018,11740.74
NIFTY200 MOMENTUM 30,02-Nov-2018,11827.23
NIFTY200 MOMENTUM 30,05-Nov-2018,11835.66
NIFTY200 MOMENTUM 30,06-Nov-2018,11779.32
NIFTY200 MOMENTUM 30,07-Nov-2018,11859.96
NIFTY200 MOMENTUM 30,09-Nov-2018,11879.78
NIFTY200 MOMENTUM 30,12-Nov-2018,11868.32
NIFTY200 MOMENTUM 30,13-Nov-2018,11939.27
NIFTY200 MOMENTUM 30,14-Nov-2018,11845.62
NIFTY200 MOMENTUM 30,15-Nov-2018,11929.61
NIFTY200 MOMENTUM 30,16-Nov-2018,11969.20
NIFTY200 MOMENTUM 30,19-Nov-2018,12085.01
NIFTY200 MOMENTUM 30,20-Nov-2018,11980.00
NIFTY200 MOMENTUM 30,21-Nov-2018,11967.81
NIFTY200 MOMENTUM 30,22-Nov-2018,11869.03
NIFTY200 MOMENTUM 30,26-Nov-2018,11974.11
NIFTY200 MOMENTUM 30,27-Nov-2018,12055.74
NIFTY200 MOMENTUM 30,28-Nov-2018,12102.35
NIFTY200 MOMENTUM 30,29-Nov-2018,12249.78
NIFTY200 MOMENTUM 30,30-Nov-2018,12358.31
NIFTY200 MOMENTUM 30,03-Dec-2018,12374.44
NIFTY200 MOMENTUM 30,04-Dec-2018,12337.73
NIFTY200 MOMENTUM 30,05-Dec-2018,12239.94
NIFTY200 MOMENTUM 30,06-Dec-2018,11993.36
NIFTY200 MOMENTUM 30,07-Dec-2018,12112.30
NIFTY200 MOMENTUM 30,10-Dec-2018,11871.56
NIFTY200 MOMENTUM 30,11-Dec-2018,12010.59
NIFTY200 MOMENTUM 30,12-Dec-2018,12228.72
NIFTY200 MOMENTUM 30,13-Dec-2018,12310.95
NIFTY200 MOMENTUM 30,14-Dec-2018,12312.63
NIFTY200 MOMENTUM 30,17-Dec-2018,12366.90
NIFTY200 MOMENTUM 30,18-Dec-2018,12373.30
NIFTY200 MOMENTUM 30,19-Dec-2018,12455.34
NIFTY200 MOMENTUM 30,20-Dec-2018,12416.06
NIFTY200 MOMENTUM 30,21-Dec-2018,12194.31
NIFTY200 MOMENTUM 30,24-Dec-2018,12056.61
NIFTY200 MOMENTUM 30,26-Dec-2018,12073.69
NIFTY200 MOMENTUM 30,27-Dec-2018,12147.25
NIFTY200 MOMENTUM 30,28-Dec-2018,12262.32
NIFTY200 MOMENTUM 30,31-Dec-2018,12309.56
NIFTY200 MOMENTUM 30,01-Jan-2019,12301.38
NIFTY200 MOMENTUM 30,02-Jan-2019,12222.70
NIFTY200 MOMENTUM 30,03-Jan-2019,12123.31
NIFTY200 MOMENTUM 30,04-Jan-2019,12128.31
NIFTY200 MOMENTUM 30,07-Jan-2019,12168.01
NIFTY200 MOMENTUM 30,08-Jan-2019,12161.67
NIFTY200 MOMENTUM 30,09-Jan-2019,12238.04
NIFTY200 MOMENTUM 30,10-Jan-2019,12259.68
NIFTY200 MOMENTUM 30,11-Jan-2019,12241.78
NIFTY200 MOMENTUM 30,14-Jan-2019,12212.84
NIFTY200 MOMENTUM 30,15-Jan-2019,12408.41
NIFTY200 MOMENTUM 30,16-Jan-2019,12398.24
NIFTY200 MOMENTUM 30,17-Jan-2019,12401.31
NIFTY200 MOMENTUM 30,18-Jan-2019,12436.00
NIFTY200 MOMENTUM 30,21-Jan-2019,12488.66
NIFTY200 MOMENTUM 30,22-Jan-2019,12555.91
NIFTY200 MOMENTUM 30,23-Jan-2019,12514.69
NIFTY200 MOMENTUM 30,24-Jan-2019,12556.61
NIFTY200 MOMENTUM 30,25-Jan-2019,12512.48
NIFTY200 MOMENTUM 30,28-Jan-2019,12333.19
NIFTY200 MOMENTUM 30,29-Jan-2019,12393.11
NIFTY200 MOMENTUM 30,30-Jan-2019,12411.14
NIFTY200 MOMENTUM 30,31-Jan-2019,12599.94
NIFTY200 MOMENTUM 30,01-Feb-2019,12750.96
NIFTY200 MOMENTUM 30,04-Feb-2019,12784.37
NIFTY200 MOMENTUM 30,05-Feb-2019,12779.05
NIFTY200 MOMENTUM 30,06-Feb-2019,12939.18
NIFTY200 MOMENTUM 30,07-Feb-2019,12969.75
NIFTY200 MOMENTUM 30,08-Feb-2019,12857.00
NIFTY200 MOMENTUM 30,11-Feb-2019,12736.28
NIFTY200 MOMENTUM 30,12-Feb-2019,12679.13
NIFTY200 MOMENTUM 30,13-Feb-2019,12656.57
NIFTY200 MOMENTUM 30,14-Feb-2019,12602.72
NIFTY200 MOMENTUM 30,15-Feb-2019,12454.86
NIFTY200 MOMENTUM 30,18-Feb-2019,12362.10
NIFTY200 MOMENTUM 30,19-Feb-2019,12273.47
NIFTY200 MOMENTUM 30,20-Feb-2019,12400.35
NIFTY200 MOMENTUM 30,21-Feb-2019,12505.59
NIFTY200 MOMENTUM 30,22-Feb-2019,12527.59
NIFTY200 MOMENTUM 30,25-Feb-2019,12638.35
NIFTY200 MOMENTUM 30,26-Feb-2019,12623.61
NIFTY200 MOMENTUM 30,27-Feb-2019,12554.32
NIFTY200 MOMENTUM 30,28-Feb-2019,12542.85
NIFTY200 MOMENTUM 30,01-Mar-2019,12613.51
NIFTY200 MOMENTUM 30,05-Mar-2019,12642.23
NIFTY200 MOMENTUM 30,06-Mar-2019,12749.32
NIFTY200 MOMENTUM 30,07-Mar-2019,12671.36
NIFTY200 MOMENTUM 30,08-Mar-2019,12635.21
NIFTY200 MOMENTUM 30,11-Mar-2019,12783.74
NIFTY200 MOMENTUM 30,12-Mar-2019,12903.77
NIFTY200 MOMENTUM 30,13-Mar-2019,12891.47
NIFTY200 MOMENTUM 30,14-Mar-2019,12891.31
NIFTY200 MOMENTUM 30,15-Mar-2019,12971.52
NIFTY200 MOMENTUM 30,18-Mar-2019,13008.97
NIFTY200 MOMENTUM 30,19-Mar-2019,13064.79
NIFTY200 MOMENTUM 30,20-Mar-2019,13060.54
NIFTY200 MOMENTUM 30,22-Mar-2019,13003.01
NIFTY200 MOMENTUM 30,25-Mar-2019,12920.12
NIFTY200 MOMENTUM 30,26-Mar-2019,13049.59
NIFTY200 MOMENTUM 30,27-Mar-2019,12978.22
NIFTY200 MOMENTUM 30,28-Mar-2019,13059.46
NIFTY200 MOMENTUM 30,29-Mar-2019,13164.26
NIFTY200 MOMENTUM 30,01-Apr-2019,13209.56
NIFTY200 MOMENTUM 30,02-Apr-2019,13205.27
NIFTY200 MOMENTUM 30,03-Apr-2019,13140.70
NIFTY200 MOMENTUM 30,04-Apr-2019,13115.94
NIFTY200 MOMENTUM 30,05-Apr-2019,13164.70
NIFTY200 MOMENTUM 30,08-Apr-2019,13123.14
NIFTY200 MOMENTUM 30,09-Apr-2019,13200.25
NIFTY200 MOMENTUM 30,10-Apr-2019,13161.29
NIFTY200 MOMENTUM 30,11-Apr-2019,13152.98
NIFTY200 MOMENTUM 30,12-Apr-2019,13176.32
NIFTY200 MOMENTUM 30,15-Apr-2019,13246.88
NIFTY200 MOMENTUM 30,16-Apr-2019,13310.17
NIFTY200 MOMENTUM 30,18-Apr-2019,13300.31
NIFTY200 MOMENTUM 30,22-Apr-2019,13189.97
NIFTY200 MOMENTUM 30,23-Apr-2019,13213.42
NIFTY200 MOMENTUM 30,24-Apr-2019,13370.89
NIFTY200 MOMENTUM 30,25-Apr-2019,13315.78
NIFTY200 MOMENTUM 30,26-Apr-2019,13424.33
NIFTY200 MOMENTUM 30,30-Apr-2019,13503.43
NIFTY200 MOMENTUM 30,02-May-2019,13370.61
NIFTY200 MOMENTUM 30,03-May-2019,13263.50
NIFTY200 MOMENTUM 30,06-May-2019,13110.73
NIFTY200 MOMENTUM 30,07-May-2019,13039.54
NIFTY200 MOMENTUM 30,08-May-2019,12893.60
NIFTY200 MOMENTUM 30,09-May-2019,12872.67
NIFTY200 MOMENTUM 30,10-May-2019,12875.61
NIFTY200 MOMENTUM 30,13-May-2019,12776.16
NIFTY200 MOMENTUM 30,14-May-2019,12733.39
NIFTY200 MOMENTUM 30,15-May-2019,12727.93
NIFTY200 MOMENTUM 30,16-May-2019,12856.03
NIFTY200 MOMENTUM 30,17-May-2019,12969.81
NIFTY200 MOMENTUM 30,20-May-2019,13229.42
NIFTY200 MOMENTUM 30,21-May-2019,13201.57
NIFTY200 MOMENTUM 30,22-May-2019,13168.97
NIFTY200 MOMENTUM 30,23-May-2019,13083.03
NIFTY200 MOMENTUM 30,24-May-2019,13223.52
NIFTY200 MOMENTUM 30,27-May-2019,13198.61
NIFTY200 MOMENTUM 30,28-May-2019,13221.71
NIFTY200 MOMENTUM 30,29-May-2019,13198.39
NIFTY200 MOMENTUM 30,30-May-2019,13281.89
NIFTY200 MOMENTUM 30,31-May-2019,13322.58
NIFTY200 MOMENTUM 30,03-Jun-2019,13525.63
NIFTY200 MOMENTUM 30,04-Jun-2019,13429.97
NIFTY200 MOMENTUM 30,06-Jun-2019,13304.27
NIFTY200 MOMENTUM 30,07-Jun-2019,13327.31
NIFTY200 MOMENTUM 30,10-Jun-2019,13441.92
NIFTY200 MOMENTUM 30,11-Jun-2019,13490.43
NIFTY200 MOMENTUM 30,12-Jun-2019,13424.29
NIFTY200 MOMENTUM 30,13-Jun-2019,13445.55
NIFTY200 MOMENTUM 30,14-Jun-2019,13328.75
NIFTY200 MOMENTUM 30,17-Jun-2019,13222.46
NIFTY200 MOMENTUM 30,18-Jun-2019,13239.08
NIFTY200 MOMENTUM 30,19-Jun-2019,13246.88
NIFTY200 MOMENTUM 30,20-Jun-2019,13368.29
NIFTY200 MOMENTUM 30,21-Jun-2019,13239.13
NIFTY200 MOMENTUM 30,24-Jun-2019,13169.85
NIFTY200 MOMENTUM 30,25-Jun-2019,13266.50
NIFTY200 MOMENTUM 30,26-Jun-2019,13294.32
NIFTY200 MOMENTUM 30,27-Jun-2019,13275.86
NIFTY200 MOMENTUM 30,28-Jun-2019,13242.39
NIFTY200 MOMENTUM 30,01-Jul-2019,13309.20
NIFTY200 MOMENTUM 30,02-Jul-2019,13378.29
NIFTY200 MOMENTUM 30,03-Jul-2019,13367.10
NIFTY200 MOMENTUM 30,04-Jul-2019,13441.42
NIFTY200 MOMENTUM 30,05-Jul-2019,13245.47
NIFTY200 MOMENTUM 30,08-Jul-2019,12920.72
NIFTY200 MOMENTUM 30,09-Jul-2019,12885.34
NIFTY200 MOMENTUM 30,10-Jul-2019,12755.00
NIFTY200 MOMENTUM 30,11-Jul-2019,12798.37
NIFTY200 MOMENTUM 30,12-Jul-2019,12762.30
NIFTY200 MOMENTUM 30,15-Jul-2019,12819.31
NIFTY200 MOMENTUM 30,16-Jul-2019,12915.80
NIFTY200 MOMENTUM 30,17-Jul-2019,12965.95
NIFTY200 MOMENTUM 30,18-Jul-2019,12886.24
NIFTY200 MOMENTUM 30,19-Jul-2019,12639.58
NIFTY200 MOMENTUM 30,22-Jul-2019,12524.01
NIFTY200 MOMENTUM 30,23-Jul-2019,12503.84
NIFTY200 MOMENTUM 30,24-Jul-2019,12387.23
NIFTY200 MOMENTUM 30,25-Jul-2019,12362.31
NIFTY200 MOMENTUM 30,26-Jul-2019,12469.70
NIFTY200 MOMENTUM 30,29-Jul-2019,12384.71
NIFTY200 MOMENTUM 30,30-Jul-2019,12226.12
NIFTY200 MOMENTUM 30,31-Jul-2019,12239.69
NIFTY200 MOMENTUM 30,01-Aug-2019,12089.56
NIFTY200 MOMENTUM 30,02-Aug-2019,12099.82
NIFTY200 MOMENTUM 30,05-Aug-2019,11918.39
NIFTY200 MOMENTUM 30,06-Aug-2019,12077.92
NIFTY200 MOMENTUM 30,07-Aug-2019,11968.16
NIFTY200 MOMENTUM 30,08-Aug-2019,12145.49
NIFTY200 MOMENTUM 30,09-Aug-2019,12266.61
NIFTY200 MOMENTUM 30,13-Aug-2019,11969.21
NIFTY200 MOMENTUM 30,14-Aug-2019,12136.47
NIFTY200 MOMENTUM 30,16-Aug-2019,12169.57
NIFTY200 MOMENTUM 30,19-Aug-2019,12200.18
NIFTY200 MOMENTUM 30,20-Aug-2019,12155.90
NIFTY200 MOMENTUM 30,21-Aug-2019,12045.48
NIFTY200 MOMENTUM 30,22-Aug-2019,11846.54
NIFTY200 MOMENTUM 30,23-Aug-2019,11958.40
NIFTY200 MOMENTUM 30,26-Aug-2019,12234.61
NIFTY200 MOMENTUM 30,27-Aug-2019,12247.88
NIFTY200 MOMENTUM 30,28-Aug-2019,12171.06
NIFTY200 MOMENTUM 30,29-Aug-2019,12049.19
NIFTY200 MOMENTUM 30,30-Aug-2019,12156.58
NIFTY200 MOMENTUM 30,03-Sep-2019,11908.65
NIFTY200 MOMENTUM 30,04-Sep-2019,11973.10
NIFTY200 MOMENTUM 30,05-Sep-2019,11958.62
NIFTY200 MOMENTUM 30,06-Sep-2019,12083.85
NIFTY200 MOMENTUM 30,09-Sep-2019,12224.53
NIFTY200 MOMENTUM 30,11-Sep-2019,12250.45
NIFTY200 MOMENTUM 30,12-Sep-2019,12193.86
NIFTY200 MOMENTUM 30,13-Sep-2019,12319.93
NIFTY200 MOMENTUM 30,16-Sep-2019,12253.83
NIFTY200 MOMENTUM 30,17-Sep-2019,12058.05
NIFTY200 MOMENTUM 30,18-Sep-2019,12093.97
NIFTY200 MOMENTUM 30,19-Sep-2019,11932.24
NIFTY200 MOMENTUM 30,20-Sep-2019,12592.10
NIFTY200 MOMENTUM 30,23-Sep-2019,12987.47
NIFTY200 MOMENTUM 30,24-Sep-2019,12975.56
NIFTY200 MOMENTUM 30,25-Sep-2019,12803.22
NIFTY200 MOMENTUM 30,26-Sep-2019,12926.06
NIFTY200 MOMENTUM 30,27-Sep-2019,12913.03
NIFTY200 MOMENTUM 30,30-Sep-2019,12848.03
NIFTY200 MOMENTUM 30,01-Oct-2019,12683.36
NIFTY200 MOMENTUM 30,03-Oct-2019,12610.86
NIFTY200 MOMENTUM 30,04-Oct-2019,12448.00
NIFTY200 MOMENTUM 30,07-Oct-2019,12421.26
NIFTY200 MOMENTUM 30,09-Oct-2019,12622.35
NIFTY200 MOMENTUM 30,10-Oct-2019,12516.70
NIFTY200 MOMENTUM 30,11-Oct-2019,12551.27
NIFTY200 MOMENTUM 30,14-Oct-2019,12540.49
NIFTY200 MOMENTUM 30,15-Oct-2019,12584.55
NIFTY200 MOMENTUM 30,16-Oct-2019,12657.66
NIFTY200 MOMENTUM 30,17-Oct-2019,12807.68
NIFTY200 MOMENTUM 30,18-Oct-2019,12917.90
NIFTY200 MOMENTUM 30,22-Oct-2019,12851.50
NIFTY200 MOMENTUM 30,23-Oct-2019,12881.11
NIFTY200 MOMENTUM 30,24-Oct-2019,12889.67
NIFTY200 MOMENTUM 30,25-Oct-2019,12849.68
NIFTY200 MOMENTUM 30,27-Oct-2019,12866.31
NIFTY200 MOMENTUM 30,29-Oct-2019,13001.57
NIFTY200 MOMENTUM 30,30-Oct-2019,13045.93
NIFTY200 MOMENTUM 30,31-Oct-2019,13162.14
NIFTY200 MOMENTUM 30,01-Nov-2019,13158.87
NIFTY200 MOMENTUM 30,04-Nov-2019,13244.05
NIFTY200 MOMENTUM 30,05-Nov-2019,13231.50
NIFTY200 MOMENTUM 30,06-Nov-2019,13228.49
NIFTY200 MOMENTUM 30,07-Nov-2019,13279.97
NIFTY200 MOMENTUM 30,08-Nov-2019,13196.39
NIFTY200 MOMENTUM 30,11-Nov-2019,13213.11
NIFTY200 MOMENTUM 30,13-Nov-2019,13099.26
NIFTY200 MOMENTUM 30,14-Nov-2019,13167.80
NIFTY200 MOMENTUM 30,15-Nov-2019,13186.94
NIFTY200 MOMENTUM 30,18-Nov-2019,13203.99
NIFTY200 MOMENTUM 30,19-Nov-2019,13254.84
NIFTY200 MOMENTUM 30,20-Nov-2019,13297.19
NIFTY200 MOMENTUM 30,21-Nov-2019,13229.78
NIFTY200 MOMENTUM 30,22-Nov-2019,13133.92
NIFTY200 MOMENTUM 30,25-Nov-2019,13315.83
NIFTY200 MOMENTUM 30,26-Nov-2019,13284.26
NIFTY200 MOMENTUM 30,27-Nov-2019,13390.34
NIFTY200 MOMENTUM 30,28-Nov-2019,13463.24
NIFTY200 MOMENTUM 30,29-Nov-2019,13336.77
NIFTY200 MOMENTUM 30,02-Dec-2019,13304.83
NIFTY200 MOMENTUM 30,03-Dec-2019,13286.93
NIFTY200 MOMENTUM 30,04-Dec-2019,13374.18
NIFTY200 MOMENTUM 30,05-Dec-2019,13349.53
NIFTY200 MOMENTUM 30,06-Dec-2019,13223.66
NIFTY200 MOMENTUM 30,09-Dec-2019,13249.82
NIFTY200 MOMENTUM 30,10-Dec-2019,13182.87
NIFTY200 MOMENTUM 30,11-Dec-2019,13282.64
NIFTY200 MOMENTUM 30,12-Dec-2019,13361.89
NIFTY200 MOMENTUM 30,13-Dec-2019,13455.78
NIFTY200 MOMENTUM 30,16-Dec-2019,13443.24
NIFTY200 MOMENTUM 30,17-Dec-2019,13537.34
NIFTY200 MOMENTUM 30,18-Dec-2019,13565.59
NIFTY200 MOMENTUM 30,19-Dec-2019,13584.23
NIFTY200 MOMENTUM 30,20-Dec-2019,13648.46
NIFTY200 MOMENTUM 30,23-Dec-2019,13648.49
NIFTY200 MOMENTUM 30,24-Dec-2019,13595.94
NIFTY200 MOMENTUM 30,26-Dec-2019,13545.72
NIFTY200 MOMENTUM 30,27-Dec-2019,13651.11
NIFTY200 MOMENTUM 30,30-Dec-2019,13685.95
NIFTY200 MOMENTUM 30,31-Dec-2019,13608.39
NIFTY200 MOMENTUM 30,01-Jan-2020,13599.71
NIFTY200 MOMENTUM 30,02-Jan-2020,13673.95
NIFTY200 MOMENTUM 30,03-Jan-2020,13592.39
NIFTY200 MOMENTUM 30,06-Jan-2020,13332.81
NIFTY200 MOMENTUM 30,07-Jan-2020,13412.80
NIFTY200 MOMENTUM 30,08-Jan-2020,13469.23
NIFTY200 MOMENTUM 30,09-Jan-2020,13681.17
NIFTY200 MOMENTUM 30,10-Jan-2020,13738.52
NIFTY200 MOMENTUM 30,13-Jan-2020,13843.76
NIFTY200 MOMENTUM 30,14-Jan-2020,13927.49
NIFTY200 MOMENTUM 30,15-Jan-2020,13972.67
NIFTY200 MOMENTUM 30,16-Jan-2020,14059.35
NIFTY200 MOMENTUM 30,17-Jan-2020,14142.91
NIFTY200 MOMENTUM 30,20-Jan-2020,14078.21
NIFTY200 MOMENTUM 30,21-Jan-2020,14038.50
NIFTY200 MOMENTUM 30,22-Jan-2020,13984.61
NIFTY200 MOMENTUM 30,23-Jan-2020,14115.81
NIFTY200 MOMENTUM 30,24-Jan-2020,14229.30
NIFTY200 MOMENTUM 30,27-Jan-2020,14172.72
NIFTY200 MOMENTUM 30,28-Jan-2020,14160.39
NIFTY200 MOMENTUM 30,29-Jan-2020,14245.35
NIFTY200 MOMENTUM 30,30-Jan-2020,14127.25
NIFTY200 MOMENTUM 30,31-Jan-2020,13995.19
NIFTY200 MOMENTUM 30,01-Feb-2020,13688.19
NIFTY200 MOMENTUM 30,03-Feb-2020,13971.52
NIFTY200 MOMENTUM 30,04-Feb-2020,14264.05
NIFTY200 MOMENTUM 30,05-Feb-2020,14381.14
NIFTY200 MOMENTUM 30,06-Feb-2020,14447.46
NIFTY200 MOMENTUM 30,07-Feb-2020,14422.83
NIFTY200 MOMENTUM 30,10-Feb-2020,14397.36
NIFTY200 MOMENTUM 30,11-Feb-2020,14411.60
NIFTY200 MOMENTUM 30,12-Feb-2020,14510.00
NIFTY200 MOMENTUM 30,13-Feb-2020,14484.44
NIFTY200 MOMENTUM 30,14-Feb-2020,14484.57
NIFTY200 MOMENTUM 30,17-Feb-2020,14420.16
NIFTY200 MOMENTUM 30,18-Feb-2020,14364.36
NIFTY200 MOMENTUM 30,19-Feb-2020,14590.32
NIFTY200 MOMENTUM 30,20-Feb-2020,14502.31
NIFTY200 MOMENTUM 30,24-Feb-2020,14258.15
NIFTY200 MOMENTUM 30,25-Feb-2020,14225.30
NIFTY200 MOMENTUM 30,26-Feb-2020,14121.09
NIFTY200 MOMENTUM 30,27-Feb-2020,14100.31
NIFTY200 MOMENTUM 30,28-Feb-2020,13598.81
NIFTY200 MOMENTUM 30,02-Mar-2020,13503.58
NIFTY200 MOMENTUM 30,03-Mar-2020,13737.88
NIFTY200 MOMENTUM 30,04-Mar-2020,13641.60
NIFTY200 MOMENTUM 30,05-Mar-2020,13709.08
NIFTY200 MOMENTUM 30,06-Mar-2020,13472.32
NIFTY200 MOMENTUM 30,09-Mar-2020,12976.34
NIFTY200 MOMENTUM 30,11-Mar-2020,12968.29
NIFTY200 MOMENTUM 30,12-Mar-2020,12038.01
NIFTY200 MOMENTUM 30,13-Mar-2020,12414.73
NIFTY200 MOMENTUM 30,16-Mar-2020,11666.94
NIFTY200 MOMENTUM 30,17-Mar-2020,11399.84
NIFTY200 MOMENTUM 30,18-Mar-2020,10651.82
NIFTY200 MOMENTUM 30,19-Mar-2020,10327.58
NIFTY200 MOMENTUM 30,20-Mar-2020,11047.76
NIFTY200 MOMENTUM 30,23-Mar-2020,9635.79
NIFTY200 MOMENTUM 30,24-Mar-2020,9909.80
NIFTY200 MOMENTUM 30,25-Mar-2020,10549.30
NIFTY200 MOMENTUM 30,26-Mar-2020,10947.90
NIFTY200 MOMENTUM 30,27-Mar-2020,10821.45
NIFTY200 MOMENTUM 30,30-Mar-2020,10579.50
NIFTY200 MOMENTUM 30,31-Mar-2020,11002.27
NIFTY200 MOMENTUM 30,01-Apr-2020,10616.55
NIFTY200 MOMENTUM 30,03-Apr-2020,10460.95
NIFTY200 MOMENTUM 30,07-Apr-2020,11355.81
NIFTY200 MOMENTUM 30,08-Apr-2020,11345.51
NIFTY200 MOMENTUM 30,09-Apr-2020,11724.67
NIFTY200 MOMENTUM 30,13-Apr-2020,11682.00
NIFTY200 MOMENTUM 30,15-Apr-2020,11737.47
NIFTY200 MOMENTUM 30,16-Apr-2020,11863.47
NIFTY200 MOMENTUM 30,17-Apr-2020,12023.13
NIFTY200 MOMENTUM 30,20-Apr-2020,11979.56
NIFTY200 MOMENTUM 30,21-Apr-2020,11823.76
NIFTY200 MOMENTUM 30,22-Apr-2020,12084.64
NIFTY200 MOMENTUM 30,23-Apr-2020,12153.18
NIFTY200 MOMENTUM 30,24-Apr-2020,11947.03
NIFTY200 MOMENTUM 30,27-Apr-2020,12200.60
NIFTY200 MOMENTUM 30,28-Apr-2020,12277.31
NIFTY200 MOMENTUM 30,29-Apr-2020,12345.61
NIFTY200 MOMENTUM 30,30-Apr-2020,12533.46
NIFTY200 MOMENTUM 30,04-May-2020,11963.43
NIFTY200 MOMENTUM 30,05-May-2020,11763.07
NIFTY200 MOMENTUM 30,06-May-2020,11900.23
NIFTY200 MOMENTUM 30,07-May-2020,11752.21
NIFTY200 MOMENTUM 30,08-May-2020,11905.98
NIFTY200 MOMENTUM 30,11-May-2020,11849.65
NIFTY200 MOMENTUM 30,12-May-2020,11779.29
NIFTY200 MOMENTUM 30,13-May-2020,11874.29
NIFTY200 MOMENTUM 30,14-May-2020,11699.36
NIFTY200 MOMENTUM 30,15-May-2020,11743.83
NIFTY200 MOMENTUM 30,18-May-2020,11325.35
NIFTY200 MOMENTUM 30,19-May-2020,11422.87
NIFTY200 MOMENTUM 30,20-May-2020,11670.84
NIFTY200 MOMENTUM 30,21-May-2020,11652.91
NIFTY200 MOMENTUM 30,22-May-2020,11553.95
NIFTY200 MOMENTUM 30,26-May-2020,11542.08
NIFTY200 MOMENTUM 30,27-May-2020,11734.56
NIFTY200 MOMENTUM 30,28-May-2020,11892.79
NIFTY200 MOMENTUM 30,29-May-2020,12141.83
NIFTY200 MOMENTUM 30,01-Jun-2020,12384.51
NIFTY200 MOMENTUM 30,02-Jun-2020,12528.51
NIFTY200 MOMENTUM 30,03-Jun-2020,12673.01
NIFTY200 MOMENTUM 30,04-Jun-2020,12624.61
NIFTY200 MOMENTUM 30,05-Jun-2020,12741.49
NIFTY200 MOMENTUM 30,08-Jun-2020,12718.08
NIFTY200 MOMENTUM 30,09-Jun-2020,12612.26
NIFTY200 MOMENTUM 30,10-Jun-2020,12660.64
NIFTY200 MOMENTUM 30,11-Jun-2020,12483.38
NIFTY200 MOMENTUM 30,12-Jun-2020,12625.12
NIFTY200 MOMENTUM 30,15-Jun-2020,12414.46
NIFTY200 MOMENTUM 30,16-Jun-2020,12476.44
NIFTY200 MOMENTUM 30,17-Jun-2020,12445.16
NIFTY200 MOMENTUM 30,18-Jun-2020,12645.62
NIFTY200 MOMENTUM 30,19-Jun-2020,12848.57
NIFTY200 MOMENTUM 30,22-Jun-2020,12993.92
NIFTY200 MOMENTUM 30,23-Jun-2020,13207.85
NIFTY200 MOMENTUM 30,24-Jun-2020,13005.61
NIFTY200 MOMENTUM 30,25-Jun-2020,12998.70
NIFTY200 MOMENTUM 30,26-Jun-2020,12983.44
NIFTY200 MOMENTUM 30,29-Jun-2020,12994.67
NIFTY200 MOMENTUM 30,30-Jun-2020,12952.24
NIFTY200 MOMENTUM 30,01-Jul-2020,12874.06
NIFTY200 MOMENTUM 30,02-Jul-2020,12941.16
NIFTY200 MOMENTUM 30,03-Jul-2020,13039.02
NIFTY200 MOMENTUM 30,06-Jul-2020,13067.53
NIFTY200 MOMENTUM 30,07-Jul-2020,13084.92
NIFTY200 MOMENTUM 30,08-Jul-2020,13040.19
NIFTY200 MOMENTUM 30,09-Jul-2020,13103.59
NIFTY200 MOMENTUM 30,10-Jul-2020,13142.12
NIFTY200 MOMENTUM 30,13-Jul-2020,13237.67
NIFTY200 MOMENTUM 30,14-Jul-2020,13213.45
NIFTY200 MOMENTUM 30,15-Jul-2020,13173.94
NIFTY200 MOMENTUM 30,16-Jul-2020,13314.68
NIFTY200 MOMENTUM 30,17-Jul-2020,13495.21
NIFTY200 MOMENTUM 30,20-Jul-2020,13585.30
NIFTY200 MOMENTUM 30,21-Jul-2020,13437.31
NIFTY200 MOMENTUM 30,22-Jul-2020,13409.80
NIFTY200 MOMENTUM 30,23-Jul-2020,13516.14
NIFTY200 MOMENTUM 30,24-Jul-2020,13418.84
NIFTY200 MOMENTUM 30,27-Jul-2020,13346.48
NIFTY200 MOMENTUM 30,28-Jul-2020,13402.64
NIFTY200 MOMENTUM 30,29-Jul-2020,13531.08
NIFTY200 MOMENTUM 30,30-Jul-2020,13614.78
NIFTY200 MOMENTUM 30,31-Jul-2020,13804.99
NIFTY200 MOMENTUM 30,03-Aug-2020,13756.42
NIFTY200 MOMENTUM 30,04-Aug-2020,13929.08
NIFTY200 MOMENTUM 30,05-Aug-2020,13942.27
NIFTY200 MOMENTUM 30,06-Aug-2020,14077.81
NIFTY200 MOMENTUM 30,07-Aug-2020,14219.89
NIFTY200 MOMENTUM 30,10-Aug-2020,14523.44
NIFTY200 MOMENTUM 30,11-Aug-2020,14392.19
NIFTY200 MOMENTUM 30,12-Aug-2020,14257.49
NIFTY200 MOMENTUM 30,13-Aug-2020,14238.17
NIFTY200 MOMENTUM 30,14-Aug-2020,14244.07
NIFTY200 MOMENTUM 30,17-Aug-2020,14275.88
NIFTY200 MOMENTUM 30,18-Aug-2020,14387.49
NIFTY200 MOMENTUM 30,19-Aug-2020,14399.68
NIFTY200 MOMENTUM 30,20-Aug-2020,14380.09
NIFTY200 MOMENTUM 30,21-Aug-2020,14446.07
NIFTY200 MOMENTUM 30,24-Aug-2020,14483.52
NIFTY200 MOMENTUM 30,25-Aug-2020,14443.10
NIFTY200 MOMENTUM 30,26-Aug-2020,14424.21
NIFTY200 MOMENTUM 30,27-Aug-2020,14431.92
NIFTY200 MOMENTUM 30,28-Aug-2020,14400.47
NIFTY200 MOMENTUM 30,31-Aug-2020,13915.67
NIFTY200 MOMENTUM 30,01-Sep-2020,14242.43
NIFTY200 MOMENTUM 30,02-Sep-2020,14370.63
NIFTY200 MOMENTUM 30,03-Sep-2020,14471.20
NIFTY200 MOMENTUM 30,04-Sep-2020,14222.58
NIFTY200 MOMENTUM 30,07-Sep-2020,14161.47
NIFTY200 MOMENTUM 30,08-Sep-2020,14017.41
NIFTY200 MOMENTUM 30,09-Sep-2020,14176.12
NIFTY200 MOMENTUM 30,10-Sep-2020,14321.56
NIFTY200 MOMENTUM 30,11-Sep-2020,14406.54
NIFTY200 MOMENTUM 30,14-Sep-2020,14371.99
NIFTY200 MOMENTUM 30,15-Sep-2020,14525.48
NIFTY200 MOMENTUM 30,16-Sep-2020,14656.04
NIFTY200 MOMENTUM 30,17-Sep-2020,14631.51
NIFTY200 MOMENTUM 30,18-Sep-2020,14848.69
NIFTY200 MOMENTUM 30,21-Sep-2020,14297.73
NIFTY200 MOMENTUM 30,22-Sep-2020,14227.91
NIFTY200 MOMENTUM 30,23-Sep-2020,14129.93
NIFTY200 MOMENTUM 30,24-Sep-2020,13839.97
NIFTY200 MOMENTUM 30,25-Sep-2020,14198.67
NIFTY200 MOMENTUM 30,28-Sep-2020,14424.44
NIFTY200 MOMENTUM 30,29-Sep-2020,14354.21
NIFTY200 MOMENTUM 30,30-Sep-2020,14434.81
NIFTY200 MOMENTUM 30,01-Oct-2020,14558.60
NIFTY200 MOMENTUM 30,05-Oct-2020,14574.20
NIFTY200 MOMENTUM 30,06-Oct-2020,14603.44
NIFTY200 MOMENTUM 30,07-Oct-2020,14624.31
NIFTY200 MOMENTUM 30,08-Oct-2020,14740.45
NIFTY200 MOMENTUM 30,09-Oct-2020,14572.87
NIFTY200 MOMENTUM 30,12-Oct-2020,14621.44
NIFTY200 MOMENTUM 30,13-Oct-2020,14525.24
NIFTY200 MOMENTUM 30,14-Oct-2020,14574.90
NIFTY200 MOMENTUM 30,15-Oct-2020,14346.12
NIFTY200 MOMENTUM 30,16-Oct-2020,14472.50
NIFTY200 MOMENTUM 30,19-Oct-2020,14425.07
NIFTY200 MOMENTUM 30,20-Oct-2020,14440.73
NIFTY200 MOMENTUM 30,21-Oct-2020,14339.66
NIFTY200 MOMENTUM 30,22-Oct-2020,14269.14
NIFTY200 MOMENTUM 30,23-Oct-2020,14331.11
NIFTY200 MOMENTUM 30,26-Oct-2020,14173.08
NIFTY200 MOMENTUM 30,27-Oct-2020,14533.43
NIFTY200 MOMENTUM 30,28-Oct-2020,14390.72
NIFTY200 MOMENTUM 30,29-Oct-2020,14427.13
NIFTY200 MOMENTUM 30,30-Oct-2020,14363.76
NIFTY200 MOMENTUM 30,02-Nov-2020,14243.25
NIFTY200 MOMENTUM 30,03-Nov-2020,14277.96
NIFTY200 MOMENTUM 30,04-Nov-2020,14423.96
NIFTY200 MOMENTUM 30,05-Nov-2020,14658.96
NIFTY200 MOMENTUM 30,06-Nov-2020,14665.36
NIFTY200 MOMENTUM 30,09-Nov-2020,14836.96
NIFTY200 MOMENTUM 30,10-Nov-2020,14459.44
NIFTY200 MOMENTUM 30,11-Nov-2020,14679.64
NIFTY200 MOMENTUM 30,12-Nov-2020,14794.18
NIFTY200 MOMENTUM 30,13-Nov-2020,14927.01
NIFTY200 MOMENTUM 30,14-Nov-2020,14962.65
NIFTY200 MOMENTUM 30,17-Nov-2020,14939.85
NIFTY200 MOMENTUM 30,18-Nov-2020,14919.54
NIFTY200 MOMENTUM 30,19-Nov-2020,14809.31
NIFTY200 MOMENTUM 30,20-Nov-2020,14886.49
NIFTY200 MOMENTUM 30,23-Nov-2020,15058.93
NIFTY200 MOMENTUM 30,24-Nov-2020,15122.07
NIFTY200 MOMENTUM 30,25-Nov-2020,14843.32
NIFTY200 MOMENTUM 30,26-Nov-2020,14991.39
NIFTY200 MOMENTUM 30,27-Nov-2020,15183.24
NIFTY200 MOMENTUM 30,01-Dec-2020,15229.19
NIFTY200 MOMENTUM 30,02-Dec-2020,15317.61
NIFTY200 MOMENTUM 30,03-Dec-2020,15451.31
NIFTY200 MOMENTUM 30,04-Dec-2020,15572.87
NIFTY200 MOMENTUM 30,07-Dec-2020,15706.07
NIFTY200 MOMENTUM 30,08-Dec-2020,15646.68
NIFTY200 MOMENTUM 30,09-Dec-2020,15733.94
NIFTY200 MOMENTUM 30,10-Dec-2020,15867.10
NIFTY200 MOMENTUM 30,11-Dec-2020,15811.90
NIFTY200 MOMENTUM 30,14-Dec-2020,15906.86
NIFTY200 MOMENTUM 30,15-Dec-2020,15828.36
NIFTY200 MOMENTUM 30,16-Dec-2020,15976.53
NIFTY200 MOMENTUM 30,17-Dec-2020,16012.57
NIFTY200 MOMENTUM 30,18-Dec-2020,16116.94
NIFTY200 MOMENTUM 30,21-Dec-2020,15606.77
NIFTY200 MOMENTUM 30,22-Dec-2020,15882.25
NIFTY200 MOMENTUM 30,23-Dec-2020,16145.13
NIFTY200 MOMENTUM 30,24-Dec-2020,16202.92
NIFTY200 MOMENTUM 30,28-Dec-2020,16246.22
NIFTY200 MOMENTUM 30,29-Dec-2020,16231.24
NIFTY200 MOMENTUM 30,30-Dec-2020,16301.35
NIFTY200 MOMENTUM 30,31-Dec-2020,16323.67
NIFTY200 MOMENTUM 30,01-Jan-2021,16439.73
NIFTY200 MOMENTUM 30,04-Jan-2021,16730.30
NIFTY200 MOMENTUM 30,05-Jan-2021,16881.00
NIFTY200 MOMENTUM 30,06-Jan-2021,16815.20
NIFTY200 MOMENTUM 30,07-Jan-2021,16914.49
NIFTY200 MOMENTUM 30,08-Jan-2021,17210.32
NIFTY200 MOMENTUM 30,11-Jan-2021,17399.69
NIFTY200 MOMENTUM 30,12-Jan-2021,17322.65
NIFTY200 MOMENTUM 30,13-Jan-2021,17296.61
NIFTY200 MOMENTUM 30,14-Jan-2021,17208.78
NIFTY200 MOMENTUM 30,15-Jan-2021,16906.21
NIFTY200 MOMENTUM 30,18-Jan-2021,16558.47
NIFTY200 MOMENTUM 30,19-Jan-2021,16832.95
NIFTY200 MOMENTUM 30,20-Jan-2021,17124.63
NIFTY200 MOMENTUM 30,21-Jan-2021,17045.66
NIFTY200 MOMENTUM 30,22-Jan-2021,16786.15
NIFTY200 MOMENTUM 30,25-Jan-2021,16660.99
NIFTY200 MOMENTUM 30,27-Jan-2021,16358.32
NIFTY200 MOMENTUM 30,28-Jan-2021,16262.23
NIFTY200 MOMENTUM 30,29-Jan-2021,15795.44
NIFTY200 MOMENTUM 30,01-Feb-2021,16277.59
NIFTY200 MOMENTUM 30,02-Feb-2021,16624.78
NIFTY200 MOMENTUM 30,03-Feb-2021,16844.91
NIFTY200 MOMENTUM 30,04-Feb-2021,17043.03
NIFTY200 MOMENTUM 30,05-Feb-2021,17084.66
NIFTY200 MOMENTUM 30,08-Feb-2021,17450.79
NIFTY200 MOMENTUM 30,09-Feb-2021,17359.17
NIFTY200 MOMENTUM 30,10-Feb-2021,17495.00
NIFTY200 MOMENTUM 30,11-Feb-2021,17601.84
NIFTY200 MOMENTUM 30,12-Feb-2021,17575.29
NIFTY200 MOMENTUM 30,15-Feb-2021,17817.66
NIFTY200 MOMENTUM 30,16-Feb-2021,17850.76
NIFTY200 MOMENTUM 30,17-Feb-2021,17706.35
NIFTY200 MOMENTUM 30,18-Feb-2021,17711.17
NIFTY200 MOMENTUM 30,19-Feb-2021,17395.39
NIFTY200 MOMENTUM 30,22-Feb-2021,17184.18
NIFTY200 MOMENTUM 30,23-Feb-2021,17293.26
NIFTY200 MOMENTUM 30,24-Feb-2021,17335.75
NIFTY200 MOMENTUM 30,25-Feb-2021,17550.80
NIFTY200 MOMENTUM 30,26-Feb-2021,17052.89
NIFTY200 MOMENTUM 30,01-Mar-2021,17317.21
NIFTY200 MOMENTUM 30,02-Mar-2021,17643.92
NIFTY200 MOMENTUM 30,03-Mar-2021,17955.15
NIFTY200 MOMENTUM 30,04-Mar-2021,17854.32
NIFTY200 MOMENTUM 30,05-Mar-2021,17505.93
NIFTY200 MOMENTUM 30,08-Mar-2021,17512.64
NIFTY200 MOMENTUM 30,09-Mar-2021,17462.12
NIFTY200 MOMENTUM 30,10-Mar-2021,17707.82
NIFTY200 MOMENTUM 30,12-Mar-2021,17614.63
NIFTY200 MOMENTUM 30,15-Mar-2021,17580.68
NIFTY200 MOMENTUM 30,16-Mar-2021,17645.60
NIFTY200 MOMENTUM 30,17-Mar-2021,17348.20
NIFTY200 MOMENTUM 30,18-Mar-2021,17041.49
NIFTY200 MOMENTUM 30,19-Mar-2021,17317.74
NIFTY200 MOMENTUM 30,22-Mar-2021,17609.64
NIFTY200 MOMENTUM 30,23-Mar-2021,17746.11
NIFTY200 MOMENTUM 30,24-Mar-2021,17497.41
NIFTY200 MOMENTUM 30,25-Mar-2021,17192.12
NIFTY200 MOMENTUM 30,26-Mar-2021,17475.73
NIFTY200 MOMENTUM 30,30-Mar-2021,17841.53
NIFTY200 MOMENTUM 30,31-Mar-2021,17866.29
NIFTY200 MOMENTUM 30,01-Apr-2021,18261.82
NIFTY200 MOMENTUM 30,05-Apr-2021,18213.22
NIFTY200 MOMENTUM 30,06-Apr-2021,18556.70
NIFTY200 MOMENTUM 30,07-Apr-2021,18803.11
NIFTY200 MOMENTUM 30,08-Apr-2021,19057.41
NIFTY200 MOMENTUM 30,09-Apr-2021,19179.79
NIFTY200 MOMENTUM 30,12-Apr-2021,18481.67
NIFTY200 MOMENTUM 30,13-Apr-2021,18605.13
NIFTY200 MOMENTUM 30,15-Apr-2021,18694.77
NIFTY200 MOMENTUM 30,16-Apr-2021,18984.56
NIFTY200 MOMENTUM 30,19-Apr-2021,18869.12
NIFTY200 MOMENTUM 30,20-Apr-2021,19005.25
NIFTY200 MOMENTUM 30,22-Apr-2021,19117.47
NIFTY200 MOMENTUM 30,23-Apr-2021,19033.61
NIFTY200 MOMENTUM 30,26-Apr-2021,19117.05
NIFTY200 MOMENTUM 30,27-Apr-2021,19364.84
NIFTY200 MOMENTUM 30,28-Apr-2021,19454.28
NIFTY200 MOMENTUM 30,29-Apr-2021,19716.04
NIFTY200 MOMENTUM 30,30-Apr-2021,19578.57
NIFTY200 MOMENTUM 30,03-May-2021,19789.77
NIFTY200 MOMENTUM 30,04-May-2021,19570.50
NIFTY200 MOMENTUM 30,05-May-2021,19784.71
NIFTY200 MOMENTUM 30,06-May-2021,20004.92
NIFTY200 MOMENTUM 30,07-May-2021,20097.95
NIFTY200 MOMENTUM 30,10-May-2021,20292.08
NIFTY200 MOMENTUM 30,11-May-2021,20191.51
NIFTY200 MOMENTUM 30,12-May-2021,19873.64
NIFTY200 MOMENTUM 30,14-May-2021,19658.62
NIFTY200 MOMENTUM 30,17-May-2021,19919.02
NIFTY200 MOMENTUM 30,18-May-2021,20260.45
NIFTY200 MOMENTUM 30,19-May-2021,20211.19
NIFTY200 MOMENTUM 30,20-May-2021,20120.36
NIFTY200 MOMENTUM 30,21-May-2021,20207.79
NIFTY200 MOMENTUM 30,24-May-2021,20125.81
NIFTY200 MOMENTUM 30,25-May-2021,20219.63
NIFTY200 MOMENTUM 30,26-May-2021,20303.06
NIFTY200 MOMENTUM 30,27-May-2021,20364.38
NIFTY200 MOMENTUM 30,28-May-2021,20371.54
NIFTY200 MOMENTUM 30,31-May-2021,20513.33
NIFTY200 MOMENTUM 30,01-Jun-2021,20577.86
NIFTY200 MOMENTUM 30,02-Jun-2021,20865.03
NIFTY200 MOMENTUM 30,03-Jun-2021,21097.67
NIFTY200 MOMENTUM 30,04-Jun-2021,21240.72
NIFTY200 MOMENTUM 30,07-Jun-2021,21172.20
NIFTY200 MOMENTUM 30,08-Jun-2021,21220.82
NIFTY200 MOMENTUM 30,09-Jun-2021,21070.82
NIFTY200 MOMENTUM 30,10-Jun-2021,21359.91
NIFTY200 MOMENTUM 30,11-Jun-2021,21541.17
NIFTY200 MOMENTUM 30,14-Jun-2021,21488.91
NIFTY200 MOMENTUM 30,15-Jun-2021,21570.40
NIFTY200 MOMENTUM 30,16-Jun-2021,21301.69
NIFTY200 MOMENTUM 30,17-Jun-2021,21147.44
NIFTY200 MOMENTUM 30,18-Jun-2021,21122.64
NIFTY200 MOMENTUM 30,21-Jun-2021,21188.58
NIFTY200 MOMENTUM 30,22-Jun-2021,21219.05
NIFTY200 MOMENTUM 30,23-Jun-2021,21035.79
NIFTY200 MOMENTUM 30,24-Jun-2021,21161.14
NIFTY200 MOMENTUM 30,25-Jun-2021,21404.92
NIFTY200 MOMENTUM 30,28-Jun-2021,21520.84
NIFTY200 MOMENTUM 30,29-Jun-2021,21473.90
NIFTY200 MOMENTUM 30,30-Jun-2021,21420.53
NIFTY200 MOMENTUM 30,01-Jul-2021,21411.16
NIFTY200 MOMENTUM 30,02-Jul-2021,21357.06
NIFTY200 MOMENTUM 30,05-Jul-2021,21544.35
NIFTY200 MOMENTUM 30,06-Jul-2021,21384.14
NIFTY200 MOMENTUM 30,07-Jul-2021,21614.24
NIFTY200 MOMENTUM 30,08-Jul-2021,21317.96
NIFTY200 MOMENTUM 30,09-Jul-2021,21513.18
NIFTY200 MOMENTUM 30,12-Jul-2021,21532.23
NIFTY200 MOMENTUM 30,13-Jul-2021,21604.80
NIFTY200 MOMENTUM 30,14-Jul-2021,21716.20
NIFTY200 MOMENTUM 30,15-Jul-2021,21847.87
NIFTY200 MOMENTUM 30,16-Jul-2021,21935.65
NIFTY200 MOMENTUM 30,19-Jul-2021,21745.37
NIFTY200 MOMENTUM 30,20-Jul-2021,21501.00
NIFTY200 MOMENTUM 30,22-Jul-2021,21950.15
NIFTY200 MOMENTUM 30,23-Jul-2021,21900.54
NIFTY200 MOMENTUM 30,26-Jul-2021,21938.76
NIFTY200 MOMENTUM 30,27-Jul-2021,21917.35
NIFTY200 MOMENTUM 30,28-Jul-2021,21967.31
NIFTY200 MOMENTUM 30,29-Jul-2021,22534.20
NIFTY200 MOMENTUM 30,30-Jul-2021,22529.41
NIFTY200 MOMENTUM 30,02-Aug-2021,22769.15
NIFTY200 MOMENTUM 30,03-Aug-2021,22922.12
NIFTY200 MOMENTUM 30,04-Aug-2021,22802.23
NIFTY200 MOMENTUM 30,05-Aug-2021,22876.36
NIFTY200 MOMENTUM 30,06-Aug-2021,22910.87
NIFTY200 MOMENTUM 30,09-Aug-2021,22674.68
NIFTY200 MOMENTUM 30,10-Aug-2021,22351.85
NIFTY200 MOMENTUM 30,11-Aug-2021,22620.67
NIFTY200 MOMENTUM 30,12-Aug-2021,22801.57
NIFTY200 MOMENTUM 30,13-Aug-2021,22879.95
NIFTY200 MOMENTUM 30,16-Aug-2021,22996.37
NIFTY200 MOMENTUM 30,17-Aug-2021,22908.08
NIFTY200 MOMENTUM 30,18-Aug-2021,22864.11
NIFTY200 MOMENTUM 30,20-Aug-2021,22179.77
NIFTY200 MOMENTUM 30,23-Aug-2021,22081.35
NIFTY200 MOMENTUM 30,24-Aug-2021,22508.02
NIFTY200 MOMENTUM 30,25-Aug-2021,22541.58
NIFTY200 MOMENTUM 30,26-Aug-2021,22392.56
NIFTY200 MOMENTUM 30,27-Aug-2021,22659.68
NIFTY200 MOMENTUM 30,30-Aug-2021,23013.48
NIFTY200 MOMENTUM 30,31-Aug-2021,23369.67
NIFTY200 MOMENTUM 30,01-Sep-2021,23373.32
NIFTY200 MOMENTUM 30,02-Sep-2021,23590.57
NIFTY200 MOMENTUM 30,03-Sep-2021,23749.19
NIFTY200 MOMENTUM 30,06-Sep-2021,23891.60
NIFTY200 MOMENTUM 30,07-Sep-2021,23768.11
NIFTY200 MOMENTUM 30,08-Sep-2021,23783.17
NIFTY200 MOMENTUM 30,09-Sep-2021,23847.38
NIFTY200 MOMENTUM 30,13-Sep-2021,24019.68
NIFTY200 MOMENTUM 30,14-Sep-2021,24039.96
NIFTY200 MOMENTUM 30,15-Sep-2021,24278.04
NIFTY200 MOMENTUM 30,16-Sep-2021,24287.17
NIFTY200 MOMENTUM 30,17-Sep-2021,23990.42
NIFTY200 MOMENTUM 30,20-Sep-2021,23156.29
NIFTY200 MOMENTUM 30,21-Sep-2021,23601.46
NIFTY200 MOMENTUM 30,22-Sep-2021,23813.72
NIFTY200 MOMENTUM 30,23-Sep-2021,24191.01
NIFTY200 MOMENTUM 30,24-Sep-2021,23959.05
NIFTY200 MOMENTUM 30,27-Sep-2021,23877.93
NIFTY200 MOMENTUM 30,28-Sep-2021,23627.48
NIFTY200 MOMENTUM 30,29-Sep-2021,23907.76
NIFTY200 MOMENTUM 30,30-Sep-2021,23830.30
NIFTY200 MOMENTUM 30,01-Oct-2021,23782.19
NIFTY200 MOMENTUM 30,04-Oct-2021,24264.34
NIFTY200 MOMENTUM 30,05-Oct-2021,24377.02
NIFTY200 MOMENTUM 30,06-Oct-2021,23975.96
NIFTY200 MOMENTUM 30,07-Oct-2021,24324.55
NIFTY200 MOMENTUM 30,08-Oct-2021,24504.09
NIFTY200 MOMENTUM 30,11-Oct-2021,24771.79
NIFTY200 MOMENTUM 30,12-Oct-2021,24978.20
NIFTY200 MOMENTUM 30,13-Oct-2021,25779.83
NIFTY200 MOMENTUM 30,14-Oct-2021,26238.00
NIFTY200 MOMENTUM 30,18-Oct-2021,26836.99
NIFTY200 MOMENTUM 30,19-Oct-2021,26281.80
NIFTY200 MOMENTUM 30,20-Oct-2021,25894.12
NIFTY200 MOMENTUM 30,21-Oct-2021,25542.37
NIFTY200 MOMENTUM 30,22-Oct-2021,25014.91
NIFTY200 MOMENTUM 30,25-Oct-2021,24797.01
NIFTY200 MOMENTUM 30,26-Oct-2021,25392.70
NIFTY200 MOMENTUM 30,27-Oct-2021,25271.64
NIFTY200 MOMENTUM 30,28-Oct-2021,24535.11
NIFTY200 MOMENTUM 30,29-Oct-2021,24574.67
NIFTY200 MOMENTUM 30,01-Nov-2021,25075.93
NIFTY200 MOMENTUM 30,02-Nov-2021,24983.88
NIFTY200 MOMENTUM 30,03-Nov-2021,25148.00
NIFTY200 MOMENTUM 30,04-Nov-2021,25224.74
NIFTY200 MOMENTUM 30,08-Nov-2021,25608.39
NIFTY200 MOMENTUM 30,09-Nov-2021,25758.53
NIFTY200 MOMENTUM 30,10-Nov-2021,25630.02
NIFTY200 MOMENTUM 30,11-Nov-2021,25482.15
NIFTY200 MOMENTUM 30,12-Nov-2021,25809.95
NIFTY200 MOMENTUM 30,15-Nov-2021,25806.36
NIFTY200 MOMENTUM 30,16-Nov-2021,25743.29
NIFTY200 MOMENTUM 30,17-Nov-2021,25864.17
NIFTY200 MOMENTUM 30,18-Nov-2021,25336.01
NIFTY200 MOMENTUM 30,22-Nov-2021,24896.61
NIFTY200 MOMENTUM 30,23-Nov-2021,25349.11
NIFTY200 MOMENTUM 30,24-Nov-2021,25220.36
NIFTY200 MOMENTUM 30,25-Nov-2021,25417.21
NIFTY200 MOMENTUM 30,26-Nov-2021,24312.88
NIFTY200 MOMENTUM 30,29-Nov-2021,24218.95
NIFTY200 MOMENTUM 30,30-Nov-2021,24047.75
NIFTY200 MOMENTUM 30,01-Dec-2021,24432.31
NIFTY200 MOMENTUM 30,02-Dec-2021,24811.31
NIFTY200 MOMENTUM 30,03-Dec-2021,24693.55
NIFTY200 MOMENTUM 30,06-Dec-2021,24259.61
NIFTY200 MOMENTUM 30,07-Dec-2021,24773.85
NIFTY200 MOMENTUM 30,08-Dec-2021,25261.19
NIFTY200 MOMENTUM 30,09-Dec-2021,25362.48
NIFTY200 MOMENTUM 30,10-Dec-2021,25467.58
NIFTY200 MOMENTUM 30,13-Dec-2021,25372.05
NIFTY200 MOMENTUM 30,14-Dec-2021,25366.88
NIFTY200 MOMENTUM 30,15-Dec-2021,25095.20
NIFTY200 MOMENTUM 30,16-Dec-2021,25156.00
NIFTY200 MOMENTUM 30,17-Dec-2021,24646.95
NIFTY200 MOMENTUM 30,20-Dec-2021,23854.53
NIFTY200 MOMENTUM 30,21-Dec-2021,24372.06
NIFTY200 MOMENTUM 30,22-Dec-2021,24758.55
NIFTY200 MOMENTUM 30,23-Dec-2021,24933.94
NIFTY200 MOMENTUM 30,24-Dec-2021,24793.69
NIFTY200 MOMENTUM 30,27-Dec-2021,24845.28
NIFTY200 MOMENTUM 30,28-Dec-2021,25127.56
NIFTY200 MOMENTUM 30,29-Dec-2021,24986.48
NIFTY200 MOMENTUM 30,30-Dec-2021,24845.49
NIFTY200 MOMENTUM 30,31-Dec-2021,25107.81
NIFTY200 MOMENTUM 30,03-Jan-2022,25417.66
NIFTY200 MOMENTUM 30,04-Jan-2022,25509.87
NIFTY200 MOMENTUM 30,05-Jan-2022,25402.02
NIFTY200 MOMENTUM 30,06-Jan-2022,25317.35
NIFTY200 MOMENTUM 30,07-Jan-2022,25389.85
NIFTY200 MOMENTUM 30,10-Jan-2022,25578.05
NIFTY200 MOMENTUM 30,11-Jan-2022,25671.96
NIFTY200 MOMENTUM 30,12-Jan-2022,25856.40
NIFTY200 MOMENTUM 30,13-Jan-2022,25987.06
NIFTY200 MOMENTUM 30,14-Jan-2022,25931.32
NIFTY200 MOMENTUM 30,17-Jan-2022,26028.49
NIFTY200 MOMENTUM 30,18-Jan-2022,25391.79
NIFTY200 MOMENTUM 30,19-Jan-2022,25249.39
NIFTY200 MOMENTUM 30,20-Jan-2022,25204.23
NIFTY200 MOMENTUM 30,21-Jan-2022,24552.70
NIFTY200 MOMENTUM 30,24-Jan-2022,23474.00
NIFTY200 MOMENTUM 30,25-Jan-2022,23725.20
NIFTY200 MOMENTUM 30,27-Jan-2022,23241.40
NIFTY200 MOMENTUM 30,28-Jan-2022,23516.60
NIFTY200 MOMENTUM 30,31-Jan-2022,24050.14
NIFTY200 MOMENTUM 30,01-Feb-2022,24258.65
NIFTY200 MOMENTUM 30,02-Feb-2022,24567.36
NIFTY200 MOMENTUM 30,03-Feb-2022,24277.95
NIFTY200 MOMENTUM 30,04-Feb-2022,24294.15
NIFTY200 MOMENTUM 30,07-Feb-2022,23921.80
NIFTY200 MOMENTUM 30,08-Feb-2022,23821.52
NIFTY200 MOMENTUM 30,09-Feb-2022,24285.87
NIFTY200 MOMENTUM 30,10-Feb-2022,24459.43
NIFTY200 MOMENTUM 30,11-Feb-2022,23851.94
NIFTY200 MOMENTUM 30,14-Feb-2022,23020.62
NIFTY200 MOMENTUM 30,15-Feb-2022,23954.36
NIFTY200 MOMENTUM 30,16-Feb-2022,23842.13
NIFTY200 MOMENTUM 30,17-Feb-2022,23748.49
NIFTY200 MOMENTUM 30,18-Feb-2022,23581.35
NIFTY200 MOMENTUM 30,21-Feb-2022,23454.53
NIFTY200 MOMENTUM 30,22-Feb-2022,23359.55
NIFTY200 MOMENTUM 30,23-Feb-2022,23440.90
NIFTY200 MOMENTUM 30,24-Feb-2022,22088.81
NIFTY200 MOMENTUM 30,25-Feb-2022,23061.66
NIFTY200 MOMENTUM 30,28-Feb-2022,23381.00
NIFTY200 MOMENTUM 30,02-Mar-2022,23321.09
NIFTY200 MOMENTUM 30,03-Mar-2022,23320.77
NIFTY200 MOMENTUM 30,04-Mar-2022,22814.61
NIFTY200 MOMENTUM 30,07-Mar-2022,22408.54
NIFTY200 MOMENTUM 30,08-Mar-2022,22737.74
NIFTY200 MOMENTUM 30,09-Mar-2022,23147.96
NIFTY200 MOMENTUM 30,10-Mar-2022,23501.79
NIFTY200 MOMENTUM 30,11-Mar-2022,23540.82
NIFTY200 MOMENTUM 30,14-Mar-2022,23790.05
NIFTY200 MOMENTUM 30,15-Mar-2022,23443.20
NIFTY200 MOMENTUM 30,16-Mar-2022,23898.77
NIFTY200 MOMENTUM 30,17-Mar-2022,24197.08
NIFTY200 MOMENTUM 30,21-Mar-2022,24058.19
NIFTY200 MOMENTUM 30,22-Mar-2022,24324.62
NIFTY200 MOMENTUM 30,23-Mar-2022,24256.84
NIFTY200 MOMENTUM 30,24-Mar-2022,24417.71
NIFTY200 MOMENTUM 30,25-Mar-2022,24320.77
NIFTY200 MOMENTUM 30,28-Mar-2022,24331.54
NIFTY200 MOMENTUM 30,29-Mar-2022,24417.89
NIFTY200 MOMENTUM 30,30-Mar-2022,24702.46
NIFTY200 MOMENTUM 30,31-Mar-2022,24607.66
NIFTY200 MOMENTUM 30,01-Apr-2022,24772.89
NIFTY200 MOMENTUM 30,04-Apr-2022,25064.92
NIFTY200 MOMENTUM 30,05-Apr-2022,25382.77
NIFTY200 MOMENTUM 30,06-Apr-2022,25392.53
NIFTY200 MOMENTUM 30,07-Apr-2022,25034.85
NIFTY200 MOMENTUM 30,08-Apr-2022,25286.03
NIFTY200 MOMENTUM 30,11-Apr-2022,25240.06
NIFTY200 MOMENTUM 30,12-Apr-2022,24732.24
NIFTY200 MOMENTUM 30,13-Apr-2022,24778.57
NIFTY200 MOMENTUM 30,18-Apr-2022,24316.01
NIFTY200 MOMENTUM 30,19-Apr-2022,23865.98
NIFTY200 MOMENTUM 30,20-Apr-2022,23966.37
NIFTY200 MOMENTUM 30,21-Apr-2022,24347.15
NIFTY200 MOMENTUM 30,22-Apr-2022,24060.98
NIFTY200 MOMENTUM 30,25-Apr-2022,23609.60
NIFTY200 MOMENTUM 30,26-Apr-2022,23979.28
NIFTY200 MOMENTUM 30,27-Apr-2022,23636.27
NIFTY200 MOMENTUM 30,28-Apr-2022,23837.79
NIFTY200 MOMENTUM 30,29-Apr-2022,23560.41
NIFTY200 MOMENTUM 30,02-May-2022,23313.35
NIFTY200 MOMENTUM 30,04-May-2022,22733.37
NIFTY200 MOMENTUM 30,05-May-2022,22834.21
NIFTY200 MOMENTUM 30,06-May-2022,22362.07
NIFTY200 MOMENTUM 30,09-May-2022,21980.80
NIFTY200 MOMENTUM 30,10-May-2022,21550.38
NIFTY200 MOMENTUM 30,11-May-2022,21479.59
NIFTY200 MOMENTUM 30,12-May-2022,20908.52
NIFTY200 MOMENTUM 30,13-May-2022,20912.31
NIFTY200 MOMENTUM 30,16-May-2022,21031.12
NIFTY200 MOMENTUM 30,17-May-2022,21798.91
NIFTY200 MOMENTUM 30,18-May-2022,21632.82
NIFTY200 MOMENTUM 30,19-May-2022,20837.23
NIFTY200 MOMENTUM 30,20-May-2022,21287.17
NIFTY200 MOMENTUM 30,23-May-2022,21248.98
NIFTY200 MOMENTUM 30,24-May-2022,21004.00
NIFTY200 MOMENTUM 30,25-May-2022,20514.88
NIFTY200 MOMENTUM 30,26-May-2022,20702.40
NIFTY200 MOMENTUM 30,27-May-2022,21080.11
NIFTY200 MOMENTUM 30,30-May-2022,21762.00
NIFTY200 MOMENTUM 30,31-May-2022,21806.76
NIFTY200 MOMENTUM 30,01-Jun-2022,21598.48
NIFTY200 MOMENTUM 30,02-Jun-2022,21738.29
NIFTY200 MOMENTUM 30,03-Jun-2022,21442.55
NIFTY200 MOMENTUM 30,06-Jun-2022,21419.70
NIFTY200 MOMENTUM 30,07-Jun-2022,21239.55
NIFTY200 MOMENTUM 30,08-Jun-2022,21116.92
NIFTY200 MOMENTUM 30,09-Jun-2022,21225.22
NIFTY200 MOMENTUM 30,10-Jun-2022,21064.22
NIFTY200 MOMENTUM 30,13-Jun-2022,20279.77
NIFTY200 MOMENTUM 30,14-Jun-2022,20430.86
NIFTY200 MOMENTUM 30,15-Jun-2022,20517.20
NIFTY200 MOMENTUM 30,16-Jun-2022,19809.10
NIFTY200 MOMENTUM 30,17-Jun-2022,19625.34
NIFTY200 MOMENTUM 30,20-Jun-2022,19386.19
NIFTY200 MOMENTUM 30,21-Jun-2022,19986.85
NIFTY200 MOMENTUM 30,22-Jun-2022,19604.57
NIFTY200 MOMENTUM 30,23-Jun-2022,19861.05
NIFTY200 MOMENTUM 30,24-Jun-2022,19984.28
NIFTY200 MOMENTUM 30,27-Jun-2022,20283.07
NIFTY200 MOMENTUM 30,28-Jun-2022,20331.51
NIFTY200 MOMENTUM 30,29-Jun-2022,20086.85
NIFTY200 MOMENTUM 30,30-Jun-2022,19871.86
NIFTY200 MOMENTUM 30,01-Jul-2022,19654.44
NIFTY200 MOMENTUM 30,04-Jul-2022,19809.84
NIFTY200 MOMENTUM 30,05-Jul-2022,19770.81
NIFTY200 MOMENTUM 30,06-Jul-2022,19915.45
NIFTY200 MOMENTUM 30,07-Jul-2022,20184.99
NIFTY200 MOMENTUM 30,08-Jul-2022,20388.09
NIFTY200 MOMENTUM 30,11-Jul-2022,20512.93
NIFTY200 MOMENTUM 30,12-Jul-2022,20377.76
NIFTY200 MOMENTUM 30,13-Jul-2022,20348.05
NIFTY200 MOMENTUM 30,14-Jul-2022,20372.08
NIFTY200 MOMENTUM 30,15-Jul-2022,20616.92
NIFTY200 MOMENTUM 30,18-Jul-2022,20888.40
NIFTY200 MOMENTUM 30,19-Jul-2022,20993.03
NIFTY200 MOMENTUM 30,20-Jul-2022,21031.94
NIFTY200 MOMENTUM 30,21-Jul-2022,21320.08
NIFTY200 MOMENTUM 30,22-Jul-2022,21297.08
NIFTY200 MOMENTUM 30,25-Jul-2022,21298.83
NIFTY200 MOMENTUM 30,26-Jul-2022,21210.86
NIFTY200 MOMENTUM 30,27-Jul-2022,21335.49
NIFTY200 MOMENTUM 30,28-Jul-2022,21463.21
NIFTY200 MOMENTUM 30,29-Jul-2022,21768.75
NIFTY200 MOMENTUM 30,01-Aug-2022,22267.01
NIFTY200 MOMENTUM 30,02-Aug-2022,22375.74
NIFTY200 MOMENTUM 30,03-Aug-2022,22281.70
NIFTY200 MOMENTUM 30,04-Aug-2022,22280.35
NIFTY200 MOMENTUM 30,05-Aug-2022,22291.90
NIFTY200 MOMENTUM 30,08-Aug-2022,22554.77
NIFTY200 MOMENTUM 30,10-Aug-2022,22639.69
NIFTY200 MOMENTUM 30,11-Aug-2022,22753.22
NIFTY200 MOMENTUM 30,12-Aug-2022,22942.06
NIFTY200 MOMENTUM 30,16-Aug-2022,23207.38
NIFTY200 MOMENTUM 30,17-Aug-2022,23281.05
NIFTY200 MOMENTUM 30,18-Aug-2022,23373.27
NIFTY200 MOMENTUM 30,19-Aug-2022,23039.25
NIFTY200 MOMENTUM 30,22-Aug-2022,22710.79
NIFTY200 MOMENTUM 30,23-Aug-2022,23071.48
NIFTY200 MOMENTUM 30,24-Aug-2022,23142.77
NIFTY200 MOMENTUM 30,25-Aug-2022,23060.63
NIFTY200 MOMENTUM 30,26-Aug-2022,23371.48
NIFTY200 MOMENTUM 30,29-Aug-2022,23247.33
NIFTY200 MOMENTUM 30,30-Aug-2022,23684.74
NIFTY200 MOMENTUM 30,01-Sep-2022,23739.16
NIFTY200 MOMENTUM 30,02-Sep-2022,23719.83
NIFTY200 MOMENTUM 30,05-Sep-2022,23883.49
NIFTY200 MOMENTUM 30,06-Sep-2022,24039.69
NIFTY200 MOMENTUM 30,07-Sep-2022,24047.23
NIFTY200 MOMENTUM 30,08-Sep-2022,24106.35
NIFTY200 MOMENTUM 30,09-Sep-2022,24035.50
NIFTY200 MOMENTUM 30,12-Sep-2022,24257.33
NIFTY200 MOMENTUM 30,13-Sep-2022,24485.54
NIFTY200 MOMENTUM 30,14-Sep-2022,24503.03
NIFTY200 MOMENTUM 30,15-Sep-2022,24640.22
NIFTY200 MOMENTUM 30,16-Sep-2022,24132.96
NIFTY200 MOMENTUM 30,19-Sep-2022,24157.32
NIFTY200 MOMENTUM 30,20-Sep-2022,24425.17
NIFTY200 MOMENTUM 30,21-Sep-2022,24190.26
NIFTY200 MOMENTUM 30,22-Sep-2022,24323.98
NIFTY200 MOMENTUM 30,23-Sep-2022,23798.00
NIFTY200 MOMENTUM 30,26-Sep-2022,23030.81
NIFTY200 MOMENTUM 30,27-Sep-2022,23035.13
NIFTY200 MOMENTUM 30,28-Sep-2022,22907.87
NIFTY200 MOMENTUM 30,29-Sep-2022,23069.27
NIFTY200 MOMENTUM 30,30-Sep-2022,23349.07
NIFTY200 MOMENTUM 30,03-Oct-2022,22997.87
NIFTY200 MOMENTUM 30,04-Oct-2022,23486.73
NIFTY200 MOMENTUM 30,06-Oct-2022,23684.77
NIFTY200 MOMENTUM 30,07-Oct-2022,23782.89
NIFTY200 MOMENTUM 30,10-Oct-2022,23531.15
NIFTY200 MOMENTUM 30,11-Oct-2022,23235.80
NIFTY200 MOMENTUM 30,12-Oct-2022,23418.89
NIFTY200 MOMENTUM 30,13-Oct-2022,23286.41
NIFTY200 MOMENTUM 30,14-Oct-2022,23227.01
NIFTY200 MOMENTUM 30,17-Oct-2022,23408.84
NIFTY200 MOMENTUM 30,18-Oct-2022,23787.33
NIFTY200 MOMENTUM 30,19-Oct-2022,23772.63
NIFTY200 MOMENTUM 30,20-Oct-2022,23865.58
NIFTY200 MOMENTUM 30,21-Oct-2022,23710.05
NIFTY200 MOMENTUM 30,24-Oct-2022,23851.07
NIFTY200 MOMENTUM 30,25-Oct-2022,23875.39
NIFTY200 MOMENTUM 30,27-Oct-2022,24103.81
NIFTY200 MOMENTUM 30,28-Oct-2022,24131.24
NIFTY200 MOMENTUM 30,31-Oct-2022,24434.48
NIFTY200 MOMENTUM 30,01-Nov-2022,24829.25
NIFTY200 MOMENTUM 30,02-Nov-2022,24767.58
NIFTY200 MOMENTUM 30,03-Nov-2022,24761.29
NIFTY200 MOMENTUM 30,04-Nov-2022,24822.46
NIFTY200 MOMENTUM 30,07-Nov-2022,24979.17
NIFTY200 MOMENTUM 30,09-Nov-2022,24875.85
NIFTY200 MOMENTUM 30,10-Nov-2022,24558.44
NIFTY200 MOMENTUM 30,11-Nov-2022,24554.83
NIFTY200 MOMENTUM 30,14-Nov-2022,24460.50
NIFTY200 MOMENTUM 30,15-Nov-2022,24567.63
NIFTY200 MOMENTUM 30,16-Nov-2022,24491.63
NIFTY200 MOMENTUM 30,17-Nov-2022,24415.33
NIFTY200 MOMENTUM 30,18-Nov-2022,24204.42
NIFTY200 MOMENTUM 30,21-Nov-2022,24150.43
NIFTY200 MOMENTUM 30,22-Nov-2022,24317.71
NIFTY200 MOMENTUM 30,23-Nov-2022,24284.27
NIFTY200 MOMENTUM 30,24-Nov-2022,24427.86
NIFTY200 MOMENTUM 30,25-Nov-2022,24515.50
NIFTY200 MOMENTUM 30,28-Nov-2022,24570.77
NIFTY200 MOMENTUM 30,29-Nov-2022,24514.35
NIFTY200 MOMENTUM 30,30-Nov-2022,24740.51
NIFTY200 MOMENTUM 30,01-Dec-2022,24740.88
NIFTY200 MOMENTUM 30,02-Dec-2022,24717.26
NIFTY200 MOMENTUM 30,05-Dec-2022,24773.18
NIFTY200 MOMENTUM 30,06-Dec-2022,24786.52
NIFTY200 MOMENTUM 30,07-Dec-2022,24662.58
NIFTY200 MOMENTUM 30,08-Dec-2022,24692.32
NIFTY200 MOMENTUM 30,09-Dec-2022,24658.53
NIFTY200 MOMENTUM 30,12-Dec-2022,24640.40
NIFTY200 MOMENTUM 30,13-Dec-2022,24741.39
NIFTY200 MOMENTUM 30,14-Dec-2022,24858.01
NIFTY200 MOMENTUM 30,15-Dec-2022,24578.28
NIFTY200 MOMENTUM 30,16-Dec-2022,24186.84
NIFTY200 MOMENTUM 30,19-Dec-2022,24460.90
NIFTY200 MOMENTUM 30,20-Dec-2022,24441.99
NIFTY200 MOMENTUM 30,21-Dec-2022,23968.49
NIFTY200 MOMENTUM 30,22-Dec-2022,23746.59
NIFTY200 MOMENTUM 30,23-Dec-2022,23105.49
NIFTY200 MOMENTUM 30,26-Dec-2022,23528.31
NIFTY200 MOMENTUM 30,27-Dec-2022,23679.15
NIFTY200 MOMENTUM 30,28-Dec-2022,23795.01
NIFTY200 MOMENTUM 30,29-Dec-2022,23747.12
NIFTY200 MOMENTUM 30,30-Dec-2022,23740.17
NIFTY200 MOMENTUM 30,02-Jan-2023,23825.89
NIFTY200 MOMENTUM 30,03-Jan-2023,23866.11
NIFTY200 MOMENTUM 30,04-Jan-2023,23559.47
NIFTY200 MOMENTUM 30,05-Jan-2023,23699.10
NIFTY200 MOMENTUM 30,06-Jan-2023,23548.04
NIFTY200 MOMENTUM 30,09-Jan-2023,23793.93
NIFTY200 MOMENTUM 30,10-Jan-2023,23442.23
NIFTY200 MOMENTUM 30,11-Jan-2023,23395.60
NIFTY200 MOMENTUM 30,12-Jan-2023,23355.15
NIFTY200 MOMENTUM 30,13-Jan-2023,23541.41
NIFTY200 MOMENTUM 30,16-Jan-2023,23426.62
NIFTY200 MOMENTUM 30,17-Jan-2023,23411.36
NIFTY200 MOMENTUM 30,18-Jan-2023,23489.07
NIFTY200 MOMENTUM 30,19-Jan-2023,23414.99
NIFTY200 MOMENTUM 30,20-Jan-2023,23347.26
NIFTY200 MOMENTUM 30,23-Jan-2023,23431.67
NIFTY200 MOMENTUM 30,24-Jan-2023,23321.30
NIFTY200 MOMENTUM 30,25-Jan-2023,22929.41
NIFTY200 MOMENTUM 30,27-Jan-2023,22180.21
NIFTY200 MOMENTUM 30,30-Jan-2023,22255.70
NIFTY200 MOMENTUM 30,31-Jan-2023,22722.99
NIFTY200 MOMENTUM 30,01-Feb-2023,22037.42
NIFTY200 MOMENTUM 30,02-Feb-2023,21938.78
NIFTY200 MOMENTUM 30,03-Feb-2023,22340.73
NIFTY200 MOMENTUM 30,06-Feb-2023,22369.87
NIFTY200 MOMENTUM 30,07-Feb-2023,22387.96
NIFTY200 MOMENTUM 30,08-Feb-2023,22583.48
NIFTY200 MOMENTUM 30,09-Feb-2023,22509.65
NIFTY200 MOMENTUM 30,10-Feb-2023,22489.02
NIFTY200 MOMENTUM 30,13-Feb-2023,22289.69
NIFTY200 MOMENTUM 30,14-Feb-2023,22381.59
NIFTY200 MOMENTUM 30,15-Feb-2023,22575.91
NIFTY200 MOMENTUM 30,16-Feb-2023,22733.42
NIFTY200 MOMENTUM 30,17-Feb-2023,22517.18
NIFTY200 MOMENTUM 30,20-Feb-2023,22394.11
NIFTY200 MOMENTUM 30,21-Feb-2023,22331.84
NIFTY200 MOMENTUM 30,22-Feb-2023,21969.84
NIFTY200 MOMENTUM 30,23-Feb-2023,22015.84
NIFTY200 MOMENTUM 30,24-Feb-2023,21917.34
NIFTY200 MOMENTUM 30,27-Feb-2023,21860.57
NIFTY200 MOMENTUM 30,28-Feb-2023,21886.68
NIFTY200 MOMENTUM 30,01-Mar-2023,22312.07
NIFTY200 MOMENTUM 30,02-Mar-2023,22273.18
NIFTY200 MOMENTUM 30,03-Mar-2023,22717.89
NIFTY200 MOMENTUM 30,06-Mar-2023,22882.20
NIFTY200 MOMENTUM 30,08-Mar-2023,23126.00
NIFTY200 MOMENTUM 30,09-Mar-2023,22913.40
NIFTY200 MOMENTUM 30,10-Mar-2023,22705.42
NIFTY200 MOMENTUM 30,13-Mar-2023,22283.01
NIFTY200 MOMENTUM 30,14-Mar-2023,22150.14
NIFTY200 MOMENTUM 30,15-Mar-2023,22101.18
NIFTY200 MOMENTUM 30,16-Mar-2023,22189.93
NIFTY200 MOMENTUM 30,17-Mar-2023,22278.16
NIFTY200 MOMENTUM 30,20-Mar-2023,22058.47
NIFTY200 MOMENTUM 30,21-Mar-2023,22185.63
NIFTY200 MOMENTUM 30,22-Mar-2023,22192.22
NIFTY200 MOMENTUM 30,23-Mar-2023,22072.74
NIFTY200 MOMENTUM 30,24-Mar-2023,21861.44
NIFTY200 MOMENTUM 30,27-Mar-2023,21831.96
NIFTY200 MOMENTUM 30,28-Mar-2023,21712.00
NIFTY200 MOMENTUM 30,29-Mar-2023,22086.40
NIFTY200 MOMENTUM 30,31-Mar-2023,22346.65
NIFTY200 MOMENTUM 30,03-Apr-2023,22423.60
NIFTY200 MOMENTUM 30,05-Apr-2023,22381.45
NIFTY200 MOMENTUM 30,06-Apr-2023,22486.16
NIFTY200 MOMENTUM 30,10-Apr-2023,22562.89
NIFTY200 MOMENTUM 30,11-Apr-2023,22729.69
NIFTY200 MOMENTUM 30,12-Apr-2023,22778.95
NIFTY200 MOMENTUM 30,13-Apr-2023,22837.47
NIFTY200 MOMENTUM 30,17-Apr-2023,22971.47
NIFTY200 MOMENTUM 30,18-Apr-2023,22997.51
NIFTY200 MOMENTUM 30,19-Apr-2023,22955.71
NIFTY200 MOMENTUM 30,20-Apr-2023,23011.26
NIFTY200 MOMENTUM 30,21-Apr-2023,22903.69
NIFTY200 MOMENTUM 30,24-Apr-2023,23069.56
NIFTY200 MOMENTUM 30,25-Apr-2023,23202.84
NIFTY200 MOMENTUM 30,26-Apr-2023,23300.81
NIFTY200 MOMENTUM 30,27-Apr-2023,23386.25
NIFTY200 MOMENTUM 30,28-Apr-2023,23643.08
NIFTY200 MOMENTUM 30,02-May-2023,23822.16
NIFTY200 MOMENTUM 30,03-May-2023,23801.60
NIFTY200 MOMENTUM 30,04-May-2023,23956.96
NIFTY200 MOMENTUM 30,05-May-2023,23871.77
NIFTY200 MOMENTUM 30,08-May-2023,24048.18
NIFTY200 MOMENTUM 30,09-May-2023,23951.14
NIFTY200 MOMENTUM 30,10-May-2023,24019.36
NIFTY200 MOMENTUM 30,11-May-2023,24108.53
NIFTY200 MOMENTUM 30,12-May-2023,24159.31
NIFTY200 MOMENTUM 30,15-May-2023,24283.49
NIFTY200 MOMENTUM 30,16-May-2023,24303.91
NIFTY200 MOMENTUM 30,17-May-2023,24318.60
NIFTY200 MOMENTUM 30,18-May-2023,24099.02
NIFTY200 MOMENTUM 30,19-May-2023,24154.15
NIFTY200 MOMENTUM 30,22-May-2023,24333.02
NIFTY200 MOMENTUM 30,23-May-2023,24474.48
NIFTY200 MOMENTUM 30,24-May-2023,24398.10
NIFTY200 MOMENTUM 30,25-May-2023,24554.46
NIFTY200 MOMENTUM 30,26-May-2023,24803.17
NIFTY200 MOMENTUM 30,29-May-2023,24968.16
NIFTY200 MOMENTUM 30,30-May-2023,25045.73
NIFTY200 MOMENTUM 30,31-May-2023,25066.73
NIFTY200 MOMENTUM 30,01-Jun-2023,24995.50
NIFTY200 MOMENTUM 30,02-Jun-2023,25199.60
NIFTY200 MOMENTUM 30,05-Jun-2023,25325.93
NIFTY200 MOMENTUM 30,06-Jun-2023,25510.67
NIFTY200 MOMENTUM 30,07-Jun-2023,25681.57
NIFTY200 MOMENTUM 30,08-Jun-2023,25479.92
NIFTY200 MOMENTUM 30,09-Jun-2023,25519.87
NIFTY200 MOMENTUM 30,12-Jun-2023,25604.22
NIFTY200 MOMENTUM 30,13-Jun-2023,25801.54
NIFTY200 MOMENTUM 30,14-Jun-2023,25849.38
NIFTY200 MOMENTUM 30,15-Jun-2023,25738.66
NIFTY200 MOMENTUM 30,16-Jun-2023,26075.69
NIFTY200 MOMENTUM 30,19-Jun-2023,26001.62
NIFTY200 MOMENTUM 30,20-Jun-2023,26076.87
NIFTY200 MOMENTUM 30,21-Jun-2023,25993.87
NIFTY200 MOMENTUM 30,22-Jun-2023,25756.89
NIFTY200 MOMENTUM 30,23-Jun-2023,25528.82
NIFTY200 MOMENTUM 30,26-Jun-2023,25629.95
NIFTY200 MOMENTUM 30,27-Jun-2023,25729.61
NIFTY200 MOMENTUM 30,28-Jun-2023,25980.13
NIFTY200 MOMENTUM 30,30-Jun-2023,26119.84
NIFTY200 MOMENTUM 30,03-Jul-2023,26147.42
NIFTY200 MOMENTUM 30,04-Jul-2023,25992.01
NIFTY200 MOMENTUM 30,05-Jul-2023,26263.27
NIFTY200 MOMENTUM 30,06-Jul-2023,26379.90
NIFTY200 MOMENTUM 30,07-Jul-2023,26193.64
NIFTY200 MOMENTUM 30,10-Jul-2023,26089.48
NIFTY200 MOMENTUM 30,11-Jul-2023,26425.21
NIFTY200 MOMENTUM 30,12-Jul-2023,26496.45
NIFTY200 MOMENTUM 30,13-Jul-2023,26219.59
NIFTY200 MOMENTUM 30,14-Jul-2023,26330.45
NIFTY200 MOMENTUM 30,17-Jul-2023,26357.03
NIFTY200 MOMENTUM 30,18-Jul-2023,26326.71
NIFTY200 MOMENTUM 30,19-Jul-2023,26573.83
NIFTY200 MOMENTUM 30,20-Jul-2023,26619.24
NIFTY200 MOMENTUM 30,21-Jul-2023,26465.36
NIFTY200 MOMENTUM 30,24-Jul-2023,26588.48
NIFTY200 MOMENTUM 30,25-Jul-2023,26554.39
NIFTY200 MOMENTUM 30,26-Jul-2023,26728.49
NIFTY200 MOMENTUM 30,27-Jul-2023,26811.85
NIFTY200 MOMENTUM 30,28-Jul-2023,27085.41
NIFTY200 MOMENTUM 30,31-Jul-2023,27320.37
NIFTY200 MOMENTUM 30,01-Aug-2023,27134.24
NIFTY200 MOMENTUM 30,02-Aug-2023,26752.50
NIFTY200 MOMENTUM 30,03-Aug-2023,26660.49
NIFTY200 MOMENTUM 30,04-Aug-2023,26727.31
NIFTY200 MOMENTUM 30,07-Aug-2023,26828.15
NIFTY200 MOMENTUM 30,08-Aug-2023,26807.66
NIFTY200 MOMENTUM 30,09-Aug-2023,26951.24
NIFTY200 MOMENTUM 30,10-Aug-2023,26819.13
NIFTY200 MOMENTUM 30,11-Aug-2023,26741.61
NIFTY200 MOMENTUM 30,14-Aug-2023,26705.54
NIFTY200 MOMENTUM 30,16-Aug-2023,26682.30
NIFTY200 MOMENTUM 30,17-Aug-2023,26722.35
NIFTY200 MOMENTUM 30,18-Aug-2023,26640.25
NIFTY200 MOMENTUM 30,21-Aug-2023,26857.22
NIFTY200 MOMENTUM 30,22-Aug-2023,27124.80
NIFTY200 MOMENTUM 30,23-Aug-2023,27332.16
NIFTY200 MOMENTUM 30,24-Aug-2023,27345.15
NIFTY200 MOMENTUM 30,25-Aug-2023,27030.08
NIFTY200 MOMENTUM 30,28-Aug-2023,27189.67
NIFTY200 MOMENTUM 30,29-Aug-2023,27220.85
NIFTY200 MOMENTUM 30,30-Aug-2023,27454.60
NIFTY200 MOMENTUM 30,31-Aug-2023,27268.70
NIFTY200 MOMENTUM 30,01-Sep-2023,27404.44
NIFTY200 MOMENTUM 30,04-Sep-2023,27592.73
NIFTY200 MOMENTUM 30,05-Sep-2023,27723.49
NIFTY200 MOMENTUM 30,06-Sep-2023,27767.17
NIFTY200 MOMENTUM 30,07-Sep-2023,27912.78
NIFTY200 MOMENTUM 30,08-Sep-2023,28341.29
NIFTY200 MOMENTUM 30,11-Sep-2023,28577.74
NIFTY200 MOMENTUM 30,12-Sep-2023,27859.91
NIFTY200 MOMENTUM 30,13-Sep-2023,27943.23
NIFTY200 MOMENTUM 30,14-Sep-2023,28135.19
NIFTY200 MOMENTUM 30,15-Sep-2023,28247.08
NIFTY200 MOMENTUM 30,18-Sep-2023,28298.95
NIFTY200 MOMENTUM 30,20-Sep-2023,28284.44
NIFTY200 MOMENTUM 30,21-Sep-2023,27988.51
NIFTY200 MOMENTUM 30,22-Sep-2023,27991.48
NIFTY200 MOMENTUM 30,25-Sep-2023,28173.33
NIFTY200 MOMENTUM 30,26-Sep-2023,28172.66
NIFTY200 MOMENTUM 30,27-Sep-2023,28522.74
NIFTY200 MOMENTUM 30,28-Sep-2023,28133.03
NIFTY200 MOMENTUM 30,29-Sep-2023,28520.47
NIFTY200 MOMENTUM 30,03-Oct-2023,28559.41
NIFTY200 MOMENTUM 30,04-Oct-2023,27998.14
NIFTY200 MOMENTUM 30,05-Oct-2023,28026.38
NIFTY200 MOMENTUM 30,06-Oct-2023,28287.61
NIFTY200 MOMENTUM 30,09-Oct-2023,28020.51
NIFTY200 MOMENTUM 30,10-Oct-2023,28398.64
NIFTY200 MOMENTUM 30,11-Oct-2023,28514.93
NIFTY200 MOMENTUM 30,12-Oct-2023,28569.91
NIFTY200 MOMENTUM 30,13-Oct-2023,28544.90
NIFTY200 MOMENTUM 30,16-Oct-2023,28634.26
NIFTY200 MOMENTUM 30,17-Oct-2023,28723.19
NIFTY200 MOMENTUM 30,18-Oct-2023,28342.50
NIFTY200 MOMENTUM 30,19-Oct-2023,28354.22
NIFTY200 MOMENTUM 30,20-Oct-2023,27982.82
NIFTY200 MOMENTUM 30,23-Oct-2023,27502.08
NIFTY200 MOMENTUM 30,25-Oct-2023,27308.48
NIFTY200 MOMENTUM 30,26-Oct-2023,26996.11
NIFTY200 MOMENTUM 30,27-Oct-2023,27512.90
NIFTY200 MOMENTUM 30,30-Oct-2023,27443.65
NIFTY200 MOMENTUM 30,31-Oct-2023,27478.90
NIFTY200 MOMENTUM 30,01-Nov-2023,27350.10
NIFTY200 MOMENTUM 30,02-Nov-2023,27827.30
NIFTY200 MOMENTUM 30,03-Nov-2023,28031.72
NIFTY200 MOMENTUM 30,06-Nov-2023,28236.31
NIFTY200 MOMENTUM 30,07-Nov-2023,28434.74
NIFTY200 MOMENTUM 30,08-Nov-2023,28757.53
NIFTY200 MOMENTUM 30,09-Nov-2023,28876.36
NIFTY200 MOMENTUM 30,10-Nov-2023,29009.61
NIFTY200 MOMENTUM 30,12-Nov-2023,29208.59
NIFTY200 MOMENTUM 30,13-Nov-2023,29344.10
NIFTY200 MOMENTUM 30,15-Nov-2023,29593.00
NIFTY200 MOMENTUM 30,16-Nov-2023,29656.34
NIFTY200 MOMENTUM 30,17-Nov-2023,29831.34
NIFTY200 MOMENTUM 30,20-Nov-2023,29942.38
NIFTY200 MOMENTUM 30,21-Nov-2023,29906.68
NIFTY200 MOMENTUM 30,22-Nov-2023,29860.50
NIFTY200 MOMENTUM 30,23-Nov-2023,30005.30
NIFTY200 MOMENTUM 30,24-Nov-2023,30018.56
NIFTY200 MOMENTUM 30,28-Nov-2023,30231.10
NIFTY200 MOMENTUM 30,29-Nov-2023,30479.99
NIFTY200 MOMENTUM 30,30-Nov-2023,30824.23
NIFTY200 MOMENTUM 30,01-Dec-2023,31501.09
NIFTY200 MOMENTUM 30,04-Dec-2023,32104.44
NIFTY200 MOMENTUM 30,05-Dec-2023,32249.48
NIFTY200 MOMENTUM 30,06-Dec-2023,32403.77
NIFTY200 MOMENTUM 30,07-Dec-2023,32376.65
NIFTY200 MOMENTUM 30,08-Dec-2023,32427.65
NIFTY200 MOMENTUM 30,11-Dec-2023,32756.81
NIFTY200 MOMENTUM 30,12-Dec-2023,32676.90
NIFTY200 MOMENTUM 30,13-Dec-2023,33373.98
NIFTY200 MOMENTUM 30,14-Dec-2023,33586.34
NIFTY200 MOMENTUM 30,15-Dec-2023,33467.75
NIFTY200 MOMENTUM 30,18-Dec-2023,33694.43
NIFTY200 MOMENTUM 30,19-Dec-2023,33642.20
NIFTY200 MOMENTUM 30,20-Dec-2023,32605.53
NIFTY200 MOMENTUM 30,21-Dec-2023,32951.37
NIFTY200 MOMENTUM 30,22-Dec-2023,33062.30
NIFTY200 MOMENTUM 30,26-Dec-2023,33437.53
NIFTY200 MOMENTUM 30,27-Dec-2023,33561.75
NIFTY200 MOMENTUM 30,28-Dec-2023,33557.98
NIFTY200 MOMENTUM 30,29-Dec-2023,33642.11
NIFTY200 MOMENTUM 30,01-Jan-2024,33744.47
NIFTY200 MOMENTUM 30,02-Jan-2024,33703.38
NIFTY200 MOMENTUM 30,03-Jan-2024,33841.33
NIFTY200 MOMENTUM 30,04-Jan-2024,34230.50
NIFTY200 MOMENTUM 30,05-Jan-2024,34278.46
NIFTY200 MOMENTUM 30,08-Jan-2024,34150.32
NIFTY200 MOMENTUM 30,09-Jan-2024,34254.22
NIFTY200 MOMENTUM 30,10-Jan-2024,34218.64
NIFTY200 MOMENTUM 30,11-Jan-2024,34213.08
NIFTY200 MOMENTUM 30,12-Jan-2024,34292.34
NIFTY200 MOMENTUM 30,15-Jan-2024,34605.50
NIFTY200 MOMENTUM 30,16-Jan-2024,34407.99
NIFTY200 MOMENTUM 30,17-Jan-2024,34089.81
NIFTY200 MOMENTUM 30,18-Jan-2024,34117.34
NIFTY200 MOMENTUM 30,19-Jan-2024,34753.48
NIFTY200 MOMENTUM 30,20-Jan-2024,34738.82
NIFTY200 MOMENTUM 30,23-Jan-2024,33817.30
NIFTY200 MOMENTUM 30,24-Jan-2024,34626.44
NIFTY200 MOMENTUM 30,25-Jan-2024,34804.91
NIFTY200 MOMENTUM 30,29-Jan-2024,35600.19
NIFTY200 MOMENTUM 30,30-Jan-2024,35355.60
NIFTY200 MOMENTUM 30,31-Jan-2024,35727.81
NIFTY200 MOMENTUM 30,01-Feb-2024,35477.71
NIFTY200 MOMENTUM 30,02-Feb-2024,35882.86
NIFTY200 MOMENTUM 30,05-Feb-2024,36045.15
NIFTY200 MOMENTUM 30,06-Feb-2024,36358.82
NIFTY200 MOMENTUM 30,07-Feb-2024,36804.12
NIFTY200 MOMENTUM 30,08-Feb-2024,37037.74
NIFTY200 MOMENTUM 30,09-Feb-2024,36570.21
NIFTY200 MOMENTUM 30,12-Feb-2024,35834.49
NIFTY200 MOMENTUM 30,13-Feb-2024,36176.04
NIFTY200 MOMENTUM 30,14-Feb-2024,36710.05
NIFTY200 MOMENTUM 30,15-Feb-2024,37126.77
NIFTY200 MOMENTUM 30,16-Feb-2024,37555.73
NIFTY200 MOMENTUM 30,19-Feb-2024,37409.75
NIFTY200 MOMENTUM 30,20-Feb-2024,37268.47
NIFTY200 MOMENTUM 30,21-Feb-2024,36763.91
NIFTY200 MOMENTUM 30,22-Feb-2024,37259.38
NIFTY200 MOMENTUM 30,23-Feb-2024,37381.64
NIFTY200 MOMENTUM 30,26-Feb-2024,37315.15
NIFTY200 MOMENTUM 30,27-Feb-2024,37293.23
NIFTY200 MOMENTUM 30,28-Feb-2024,36792.44
NIFTY200 MOMENTUM 30,29-Feb-2024,36965.21
NIFTY200 MOMENTUM 30,01-Mar-2024,37579.51
NIFTY200 MOMENTUM 30,02-Mar-2024,37812.82
NIFTY200 MOMENTUM 30,04-Mar-2024,38363.93
NIFTY200 MOMENTUM 30,05-Mar-2024,38528.18
NIFTY200 MOMENTUM 30,06-Mar-2024,38494.52
NIFTY200 MOMENTUM 30,07-Mar-2024,38799.64
NIFTY200 MOMENTUM 30,11-Mar-2024,38729.96
NIFTY200 MOMENTUM 30,12-Mar-2024,38144.70
NIFTY200 MOMENTUM 30,13-Mar-2024,36532.43
NIFTY200 MOMENTUM 30,14-Mar-2024,37107.59
NIFTY200 MOMENTUM 30,15-Mar-2024,36465.57
NIFTY200 MOMENTUM 30,18-Mar-2024,36617.27
NIFTY200 MOMENTUM 30,19-Mar-2024,36013.47
NIFTY200 MOMENTUM 30,20-Mar-2024,36016.46
NIFTY200 MOMENTUM 30,21-Mar-2024,36989.84
NIFTY200 MOMENTUM 30,22-Mar-2024,37286.17
NIFTY200 MOMENTUM 30,26-Mar-2024,37624.66
NIFTY200 MOMENTUM 30,27-Mar-2024,37490.61
NIFTY200 MOMENTUM 30,28-Mar-2024,37982.13
NIFTY200 MOMENTUM 30,01-Apr-2024,38504.80
NIFTY200 MOMENTUM 30,02-Apr-2024,38783.25
NIFTY200 MOMENTUM 30,03-Apr-2024,38892.09
NIFTY200 MOMENTUM 30,04-Apr-2024,38844.04
NIFTY200 MOMENTUM 30,05-Apr-2024,38911.83
NIFTY200 MOMENTUM 30,08-Apr-2024,38981.76
NIFTY200 MOMENTUM 30,09-Apr-2024,38719.56
NIFTY200 MOMENTUM 30,10-Apr-2024,39032.63
NIFTY200 MOMENTUM 30,12-Apr-2024,38903.19
NIFTY200 MOMENTUM 30,15-Apr-2024,38432.24
NIFTY200 MOMENTUM 30,16-Apr-2024,38433.65
NIFTY200 MOMENTUM 30,18-Apr-2024,38108.34
NIFTY200 MOMENTUM 30,19-Apr-2024,37939.02
NIFTY200 MOMENTUM 30,22-Apr-2024,38400.56
NIFTY200 MOMENTUM 30,23-Apr-2024,38510.23
NIFTY200 MOMENTUM 30,24-Apr-2024,38854.64
NIFTY200 MOMENTUM 30,25-Apr-2024,39519.55
NIFTY200 MOMENTUM 30,26-Apr-2024,39757.35
NIFTY200 MOMENTUM 30,29-Apr-2024,39804.76
NIFTY200 MOMENTUM 30,30-Apr-2024,40200.00
NIFTY200 MOMENTUM 30,02-May-2024,40946.40
NIFTY200 MOMENTUM 30,03-May-2024,40957.80
NIFTY200 MOMENTUM 30,06-May-2024,40371.85
NIFTY200 MOMENTUM 30,07-May-2024,39470.37
NIFTY200 MOMENTUM 30,08-May-2024,40203.41
NIFTY200 MOMENTUM 30,09-May-2024,39440.92
NIFTY200 MOMENTUM 30,10-May-2024,39870.56
NIFTY200 MOMENTUM 30,13-May-2024,39980.81
NIFTY200 MOMENTUM 30,14-May-2024,40411.30
NIFTY200 MOMENTUM 30,15-May-2024,40591.95
NIFTY200 MOMENTUM 30,16-May-2024,41246.90
NIFTY200 MOMENTUM 30,17-May-2024,41565.14
NIFTY200 MOMENTUM 30,18-May-2024,42009.48
NIFTY200 MOMENTUM 30,21-May-2024,42348.59
NIFTY200 MOMENTUM 30,22-May-2024,42361.14
NIFTY200 MOMENTUM 30,23-May-2024,42634.34
NIFTY200 MOMENTUM 30,24-May-2024,43099.82
NIFTY200 MOMENTUM 30,27-May-2024,43102.92
NIFTY200 MOMENTUM 30,28-May-2024,42882.45
NIFTY200 MOMENTUM 30,29-May-2024,42849.60
NIFTY200 MOMENTUM 30,30-May-2024,42222.12
NIFTY200 MOMENTUM 30,31-May-2024,42172.90
NIFTY200 MOMENTUM 30,03-Jun-2024,44115.95
NIFTY200 MOMENTUM 30,04-Jun-2024,39796.53
NIFTY200 MOMENTUM 30,05-Jun-2024,41352.78
NIFTY200 MOMENTUM 30,06-Jun-2024,42284.03
NIFTY200 MOMENTUM 30,07-Jun-2024,42991.84
NIFTY200 MOMENTUM 30,10-Jun-2024,43223.82
NIFTY200 MOMENTUM 30,11-Jun-2024,43481.07
NIFTY200 MOMENTUM 30,12-Jun-2024,43830.15
NIFTY200 MOMENTUM 30,13-Jun-2024,44267.64
NIFTY200 MOMENTUM 30,14-Jun-2024,44784.30
NIFTY200 MOMENTUM 30,18-Jun-2024,44926.00
NIFTY200 MOMENTUM 30,19-Jun-2024,44137.21
NIFTY200 MOMENTUM 30,20-Jun-2024,44095.62
NIFTY200 MOMENTUM 30,21-Jun-2024,43829.63
NIFTY200 MOMENTUM 30,24-Jun-2024,44062.07
NIFTY200 MOMENTUM 30,25-Jun-2024,43874.55
NIFTY200 MOMENTUM 30,26-Jun-2024,43595.66
NIFTY200 MOMENTUM 30,27-Jun-2024,43545.15
NIFTY200 MOMENTUM 30,28-Jun-2024,43655.61
NIFTY200 MOMENTUM 30,01-Jul-2024,44111.79
NIFTY200 MOMENTUM 30,02-Jul-2024,43845.27
NIFTY200 MOMENTUM 30,03-Jul-2024,44416.23
NIFTY200 MOMENTUM 30,04-Jul-2024,44873.88
NIFTY200 MOMENTUM 30,05-Jul-2024,45109.85
NIFTY200 MOMENTUM 30,08-Jul-2024,45071.75
NIFTY200 MOMENTUM 30,09-Jul-2024,45257.18
NIFTY200 MOMENTUM 30,10-Jul-2024,45105.92
NIFTY200 MOMENTUM 30,11-Jul-2024,45214.86
NIFTY200 MOMENTUM 30,12-Jul-2024,44882.62
NIFTY200 MOMENTUM 30,15-Jul-2024,45243.02
NIFTY200 MOMENTUM 30,16-Jul-2024,45058.55
NIFTY200 MOMENTUM 30,18-Jul-2024,44339.13
NIFTY200 MOMENTUM 30,19-Jul-2024,42982.04
NIFTY200 MOMENTUM 30,22-Jul-2024,43662.01
NIFTY200 MOMENTUM 30,23-Jul-2024,43317.00
NIFTY200 MOMENTUM 30,24-Jul-2024,43380.14
NIFTY200 MOMENTUM 30,25-Jul-2024,43639.18
NIFTY200 MOMENTUM 30,26-Jul-2024,44797.48
NIFTY200 MOMENTUM 30,29-Jul-2024,45363.10
NIFTY200 MOMENTUM 30,30-Jul-2024,45485.34
NIFTY200 MOMENTUM 30,31-Jul-2024,45828.12
NIFTY200 MOMENTUM 30,01-Aug-2024,45565.47
NIFTY200 MOMENTUM 30,02-Aug-2024,44534.85
NIFTY200 MOMENTUM 30,05-Aug-2024,42886.62
NIFTY200 MOMENTUM 30,06-Aug-2024,42483.78
NIFTY200 MOMENTUM 30,07-Aug-2024,43840.08
NIFTY200 MOMENTUM 30,08-Aug-2024,43616.60
NIFTY200 MOMENTUM 30,09-Aug-2024,44435.21
NIFTY200 MOMENTUM 30,12-Aug-2024,44242.34
NIFTY200 MOMENTUM 30,13-Aug-2024,43736.01
NIFTY200 MOMENTUM 30,14-Aug-2024,43633.35
NIFTY200 MOMENTUM 30,16-Aug-2024,44523.78
NIFTY200 MOMENTUM 30,19-Aug-2024,44660.36
NIFTY200 MOMENTUM 30,20-Aug-2024,44945.36
NIFTY200 MOMENTUM 30,21-Aug-2024,45128.95
NIFTY200 MOMENTUM 30,22-Aug-2024,45215.75
NIFTY200 MOMENTUM 30,23-Aug-2024,45368.49
NIFTY200 MOMENTUM 30,26-Aug-2024,45573.12
NIFTY200 MOMENTUM 30,27-Aug-2024,45570.70
NIFTY200 MOMENTUM 30,28-Aug-2024,45732.43
NIFTY200 MOMENTUM 30,29-Aug-2024,45790.82
NIFTY200 MOMENTUM 30,30-Aug-2024,46059.97
NIFTY200 MOMENTUM 30,02-Sep-2024,45752.57
NIFTY200 MOMENTUM 30,03-Sep-2024,45860.19
NIFTY200 MOMENTUM 30,04-Sep-2024,45641.33
NIFTY200 MOMENTUM 30,05-Sep-2024,45451.74
NIFTY200 MOMENTUM 30,06-Sep-2024,44634.40
NIFTY200 MOMENTUM 30,09-Sep-2024,44390.43
NIFTY200 MOMENTUM 30,10-Sep-2024,44706.40
NIFTY200 MOMENTUM 30,11-Sep-2024,44317.84
NIFTY200 MOMENTUM 30,12-Sep-2024,45226.34
NIFTY200 MOMENTUM 30,13-Sep-2024,45244.61
NIFTY200 MOMENTUM 30,16-Sep-2024,45376.95
NIFTY200 MOMENTUM 30,17-Sep-2024,45408.07
NIFTY200 MOMENTUM 30,18-Sep-2024,45191.58
NIFTY200 MOMENTUM 30,19-Sep-2024,44741.28
NIFTY200 MOMENTUM 30,20-Sep-2024,45418.97
NIFTY200 MOMENTUM 30,23-Sep-2024,46303.08
NIFTY200 MOMENTUM 30,24-Sep-2024,46610.67
NIFTY200 MOMENTUM 30,25-Sep-2024,46532.00
NIFTY200 MOMENTUM 30,26-Sep-2024,46954.98
NIFTY200 MOMENTUM 30,27-Sep-2024,47321.11
NIFTY200 MOMENTUM 30,30-Sep-2024,46667.59
NIFTY200 MOMENTUM 30,01-Oct-2024,46850.05
NIFTY200 MOMENTUM 30,03-Oct-2024,45735.43
NIFTY200 MOMENTUM 30,04-Oct-2024,45200.77
NIFTY200 MOMENTUM 30,07-Oct-2024,44331.85
NIFTY200 MOMENTUM 30,08-Oct-2024,45720.48
NIFTY200 MOMENTUM 30,09-Oct-2024,46192.52
NIFTY200 MOMENTUM 30,10-Oct-2024,46286.22
NIFTY200 MOMENTUM 30,11-Oct-2024,46367.32
NIFTY200 MOMENTUM 30,14-Oct-2024,46589.73
NIFTY200 MOMENTUM 30,15-Oct-2024,46593.70
NIFTY200 MOMENTUM 30,16-Oct-2024,46369.85
NIFTY200 MOMENTUM 30,17-Oct-2024,45156.97
NIFTY200 MOMENTUM 30,18-Oct-2024,45493.78
NIFTY200 MOMENTUM 30,21-Oct-2024,44958.94
NIFTY200 MOMENTUM 30,22-Oct-2024,43746.95
NIFTY200 MOMENTUM 30,23-Oct-2024,43415.08
NIFTY200 MOMENTUM 30,24-Oct-2024,43480.60
NIFTY200 MOMENTUM 30,25-Oct-2024,42557.04
NIFTY200 MOMENTUM 30,28-Oct-2024,42849.93
NIFTY200 MOMENTUM 30,29-Oct-2024,43293.27
NIFTY200 MOMENTUM 30,30-Oct-2024,43070.84
NIFTY200 MOMENTUM 30,31-Oct-2024,42867.75
NIFTY200 MOMENTUM 30,01-Nov-2024,43201.21
NIFTY200 MOMENTUM 30,04-Nov-2024,42630.22
NIFTY200 MOMENTUM 30,05-Nov-2024,42891.71
NIFTY200 MOMENTUM 30,06-Nov-2024,43737.95
NIFTY200 MOMENTUM 30,07-Nov-2024,43073.52
NIFTY200 MOMENTUM 30,08-Nov-2024,42723.41
NIFTY200 MOMENTUM 30,11-Nov-2024,42793.55
NIFTY200 MOMENTUM 30,12-Nov-2024,41800.44
NIFTY200 MOMENTUM 30,13-Nov-2024,40977.63
NIFTY200 MOMENTUM 30,14-Nov-2024,40900.16
NIFTY200 MOMENTUM 30,18-Nov-2024,40860.15
NIFTY200 MOMENTUM 30,19-Nov-2024,41156.64
NIFTY200 MOMENTUM 30,21-Nov-2024,40505.83
NIFTY200 MOMENTUM 30,22-Nov-2024,41392.37
NIFTY200 MOMENTUM 30,25-Nov-2024,42251.23
NIFTY200 MOMENTUM 30,26-Nov-2024,41940.29
NIFTY200 MOMENTUM 30,27-Nov-2024,42511.66
NIFTY200 MOMENTUM 30,28-Nov-2024,42178.89
NIFTY200 MOMENTUM 30,29-Nov-2024,42562.16
NIFTY200 MOMENTUM 30,02-Dec-2024,42874.46
NIFTY200 MOMENTUM 30,03-Dec-2024,43386.79
NIFTY200 MOMENTUM 30,04-Dec-2024,43377.17
NIFTY200 MOMENTUM 30,05-Dec-2024,43585.43
NIFTY200 MOMENTUM 30,06-Dec-2024,43873.03
NIFTY200 MOMENTUM 30,09-Dec-2024,43806.92
NIFTY200 MOMENTUM 30,10-Dec-2024,43787.02
NIFTY200 MOMENTUM 30,11-Dec-2024,43957.99
NIFTY200 MOMENTUM 30,12-Dec-2024,43678.98
NIFTY200 MOMENTUM 30,13-Dec-2024,43828.06
NIFTY200 MOMENTUM 30,16-Dec-2024,43984.77
NIFTY200 MOMENTUM 30,17-Dec-2024,43322.69
NIFTY200 MOMENTUM 30,18-Dec-2024,42835.30
NIFTY200 MOMENTUM 30,19-Dec-2024,42458.83
NIFTY200 MOMENTUM 30,20-Dec-2024,41167.42
NIFTY200 MOMENTUM 30,23-Dec-2024,41315.00
NIFTY200 MOMENTUM 30,24-Dec-2024,41266.64
NIFTY200 MOMENTUM 30,26-Dec-2024,41644.26
NIFTY200 MOMENTUM 30,27-Dec-2024,41461.26
NIFTY200 MOMENTUM 30,30-Dec-2024,40845.77
NIFTY200 MOMENTUM 30,31-Dec-2024,40818.38
NIFTY200 MOMENTUM 30,01-Jan-2025,40925.83
NIFTY200 MOMENTUM 30,02-Jan-2025,41666.63
NIFTY200 MOMENTUM 30,03-Jan-2025,41312.22
NIFTY200 MOMENTUM 30,06-Jan-2025,40426.40
NIFTY200 MOMENTUM 30,07-Jan-2025,40330.49
NIFTY200 MOMENTUM 30,08-Jan-2025,39679.26
NIFTY200 MOMENTUM 30,09-Jan-2025,39192.51
NIFTY200 MOMENTUM 30,10-Jan-2025,38893.83
NIFTY200 MOMENTUM 30,13-Jan-2025,37461.53
NIFTY200 MOMENTUM 30,14-Jan-2025,37774.29
NIFTY200 MOMENTUM 30,15-Jan-2025,38112.07
NIFTY200 MOMENTUM 30,16-Jan-2025,38251.91
NIFTY200 MOMENTUM 30,17-Jan-2025,38127.32
NIFTY200 MOMENTUM 30,20-Jan-2025,38187.02
NIFTY200 MOMENTUM 30,21-Jan-2025,36838.62
NIFTY200 MOMENTUM 30,22-Jan-2025,36742.18
NIFTY200 MOMENTUM 30,23-Jan-2025,37612.00
NIFTY200 MOMENTUM 30,24-Jan-2025,37223.92
NIFTY200 MOMENTUM 30,27-Jan-2025,36129.00
NIFTY200 MOMENTUM 30,28-Jan-2025,35669.60
NIFTY200 MOMENTUM 30,29-Jan-2025,36582.03
NIFTY200 MOMENTUM 30,30-Jan-2025,36346.87
NIFTY200 MOMENTUM 30,31-Jan-2025,36752.53
NIFTY200 MOMENTUM 30,01-Feb-2025,36867.59
NIFTY200 MOMENTUM 30,03-Feb-2025,36913.23
NIFTY200 MOMENTUM 30,04-Feb-2025,37402.50
NIFTY200 MOMENTUM 30,05-Feb-2025,37625.16
NIFTY200 MOMENTUM 30,06-Feb-2025,37157.70
NIFTY200 MOMENTUM 30,07-Feb-2025,37551.73
NIFTY200 MOMENTUM 30,10-Feb-2025,36863.63
NIFTY200 MOMENTUM 30,11-Feb-2025,35992.16
NIFTY200 MOMENTUM 30,12-Feb-2025,35889.08
NIFTY200 MOMENTUM 30,13-Feb-2025,35940.95
NIFTY200 MOMENTUM 30,14-Feb-2025,35210.49
NIFTY200 MOMENTUM 30,17-Feb-2025,35119.19
NIFTY200 MOMENTUM 30,18-Feb-2025,35164.41
NIFTY200 MOMENTUM 30,19-Feb-2025,35428.81
NIFTY200 MOMENTUM 30,20-Feb-2025,35732.84
NIFTY200 MOMENTUM 30,21-Feb-2025,35136.45
NIFTY200 MOMENTUM 30,24-Feb-2025,34671.33
NIFTY200 MOMENTUM 30,25-Feb-2025,34577.07
NIFTY200 MOMENTUM 30,27-Feb-2025,34274.20
NIFTY200 MOMENTUM 30,28-Feb-2025,33219.12
NIFTY200 MOMENTUM 30,03-Mar-2025,33460.25
NIFTY200 MOMENTUM 30,04-Mar-2025,33323.12
NIFTY200 MOMENTUM 30,05-Mar-2025,34131.20
NIFTY200 MOMENTUM 30,06-Mar-2025,34126.89
NIFTY200 MOMENTUM 30,07-Mar-2025,33848.27
NIFTY200 MOMENTUM 30,10-Mar-2025,33341.51
NIFTY200 MOMENTUM 30,11-Mar-2025,33560.19
NIFTY200 MOMENTUM 30,12-Mar-2025,33340.37
NIFTY200 MOMENTUM 30,13-Mar-2025,33147.72
NIFTY200 MOMENTUM 30,17-Mar-2025,33416.89
NIFTY200 MOMENTUM 30,18-Mar-2025,34247.17
NIFTY200 MOMENTUM 30,19-Mar-2025,34578.28
NIFTY200 MOMENTUM 30,20-Mar-2025,34895.67
NIFTY200 MOMENTUM 30,21-Mar-2025,35131.36
NIFTY200 MOMENTUM 30,24-Mar-2025,35548.40
NIFTY200 MOMENTUM 30,25-Mar-2025,35226.65
NIFTY200 MOMENTUM 30,26-Mar-2025,35061.03
NIFTY200 MOMENTUM 30,27-Mar-2025,35270.42
NIFTY200 MOMENTUM 30,28-Mar-2025,35084.96
NIFTY200 MOMENTUM 30,01-Apr-2025,34448.05
NIFTY200 MOMENTUM 30,02-Apr-2025,35038.66
NIFTY200 MOMENTUM 30,03-Apr-2025,34635.94
NIFTY200 MOMENTUM 30,04-Apr-2025,33552.76
NIFTY200 MOMENTUM 30,07-Apr-2025,32384.79
NIFTY200 MOMENTUM 30,08-Apr-2025,33113.77
NIFTY200 MOMENTUM 30,09-Apr-2025,32650.12
NIFTY200 MOMENTUM 30,11-Apr-2025,33415.14
NIFTY200 MOMENTUM 30,15-Apr-2025,34351.53
NIFTY200 MOMENTUM 30,16-Apr-2025,34492.08
NIFTY200 MOMENTUM 30,17-Apr-2025,34850.01
NIFTY200 MOMENTUM 30,21-Apr-2025,35662.38
NIFTY200 MOMENTUM 30,22-Apr-2025,35849.92
NIFTY200 MOMENTUM 30,23-Apr-2025,36524.27
NIFTY200 MOMENTUM 30,24-Apr-2025,36539.01
NIFTY200 MOMENTUM 30,25-Apr-2025,35903.38
NIFTY200 MOMENTUM 30,28-Apr-2025,36320.95
NIFTY200 MOMENTUM 30,29-Apr-2025,36602.40
NIFTY200 MOMENTUM 30,30-Apr-2025,36481.34
NIFTY200 MOMENTUM 30,02-May-2025,36381.92
NIFTY200 MOMENTUM 30,05-May-2025,36915.17
NIFTY200 MOMENTUM 30,06-May-2025,36373.16
NIFTY200 MOMENTUM 30,07-May-2025,36738.02
NIFTY200 MOMENTUM 30,08-May-2025,36234.15
NIFTY200 MOMENTUM 30,09-May-2025,35994.96
NIFTY200 MOMENTUM 30,12-May-2025,37509.54
NIFTY200 MOMENTUM 30,13-May-2025,37375.74
NIFTY200 MOMENTUM 30,14-May-2025,37745.69
NIFTY200 MOMENTUM 30,15-May-2025,38150.05
NIFTY200 MOMENTUM 30,16-May-2025,38199.41
NIFTY200 MOMENTUM 30,19-May-2025,38109.94
NIFTY200 MOMENTUM 30,20-May-2025,37597.97
NIFTY200 MOMENTUM 30,21-May-2025,37955.25
NIFTY200 MOMENTUM 30,22-May-2025,37594.59
NIFTY200 MOMENTUM 30,23-May-2025,37862.54
NIFTY200 MOMENTUM 30,26-May-2025,38100.34
NIFTY200 MOMENTUM 30,27-May-2025,37930.84
NIFTY200 MOMENTUM 30,28-May-2025,37755.82
NIFTY200 MOMENTUM 30,29-May-2025,38080.91
NIFTY200 MOMENTUM 30,30-May-2025,38053.24
NIFTY200 MOMENTUM 30,02-Jun-2025,38060.71
NIFTY200 MOMENTUM 30,03-Jun-2025,37964.45
NIFTY200 MOMENTUM 30,04-Jun-2025,38343.11
NIFTY200 MOMENTUM 30,05-Jun-2025,38775.36
NIFTY200 MOMENTUM 30,06-Jun-2025,39043.36
NIFTY200 MOMENTUM 30,09-Jun-2025,39317.43
NIFTY200 MOMENTUM 30,10-Jun-2025,39488.45
NIFTY200 MOMENTUM 30,11-Jun-2025,39425.03
NIFTY200 MOMENTUM 30,12-Jun-2025,38837.85
NIFTY200 MOMENTUM 30,13-Jun-2025,38700.42
NIFTY200 MOMENTUM 30,16-Jun-2025,39151.64
NIFTY200 MOMENTUM 30,17-Jun-2025,38970.96
NIFTY200 MOMENTUM 30,18-Jun-2025,38958.37
NIFTY200 MOMENTUM 30,19-Jun-2025,38640.16
NIFTY200 MOMENTUM 30,20-Jun-2025,39306.71
NIFTY200 MOMENTUM 30,23-Jun-2025,39336.98
NIFTY200 MOMENTUM 30,24-Jun-2025,39353.15
NIFTY200 MOMENTUM 30,25-Jun-2025,39589.68
NIFTY200 MOMENTUM 30,26-Jun-2025,39798.26
NIFTY200 MOMENTUM 30,27-Jun-2025,39739.36
NIFTY200 MOMENTUM 30,30-Jun-2025,39802.92
NIFTY200 MOMENTUM 30,01-Jul-2025,39816.46
NIFTY200 MOMENTUM 30,02-Jul-2025,39580.27
NIFTY200 MOMENTUM 30,03-Jul-2025,39317.73
NIFTY200 MOMENTUM 30,04-Jul-2025,39233.35
NIFTY200 MOMENTUM 30,07-Jul-2025,39159.76
NIFTY200 MOMENTUM 30,08-Jul-2025,39217.99
NIFTY200 MOMENTUM 30,09-Jul-2025,39275.30
NIFTY200 MOMENTUM 30,10-Jul-2025,38992.07
NIFTY200 MOMENTUM 30,11-Jul-2025,38580.82
NIFTY200 MOMENTUM 30,14-Jul-2025,38659.41
NIFTY200 MOMENTUM 30,15-Jul-2025,38868.80
NIFTY200 MOMENTUM 30,16-Jul-2025,38846.12
NIFTY200 MOMENTUM 30,17-Jul-2025,38556.13
NIFTY200 MOMENTUM 30,18-Jul-2025,38315.64
NIFTY200 MOMENTUM 30,21-Jul-2025,38719.59
NIFTY200 MOMENTUM 30,22-Jul-2025,38786.24
NIFTY200 MOMENTUM 30,23-Jul-2025,38951.18
NIFTY200 MOMENTUM 30,24-Jul-2025,38593.59
NIFTY200 MOMENTUM 30,25-Jul-2025,38216.36
NIFTY200 MOMENTUM 30,28-Jul-2025,37863.86
NIFTY200 MOMENTUM 30,29-Jul-2025,37906.13
NIFTY200 MOMENTUM 30,30-Jul-2025,37852.20
NIFTY200 MOMENTUM 30,31-Jul-2025,37754.37
NIFTY200 MOMENTUM 30,01-Aug-2025,37303.94
NIFTY200 MOMENTUM 30,04-Aug-2025,37765.86
NIFTY200 MOMENTUM 30,05-Aug-2025,37699.21
NIFTY200 MOMENTUM 30,06-Aug-2025,37535.04
NIFTY200 MOMENTUM 30,07-Aug-2025,37655.57
NIFTY200 MOMENTUM 30,08-Aug-2025,37103.94
NIFTY200 MOMENTUM 30,11-Aug-2025,37443.92
NIFTY200 MOMENTUM 30,12-Aug-2025,37219.33
NIFTY200 MOMENTUM 30,13-Aug-2025,37691.78
NIFTY200 MOMENTUM 30,14-Aug-2025,37771.02
NIFTY200 MOMENTUM 30,18-Aug-2025,38326.84
NIFTY200 MOMENTUM 30,19-Aug-2025,38354.02
NIFTY200 MOMENTUM 30,20-Aug-2025,38366.67
NIFTY200 MOMENTUM 30,21-Aug-2025,38367.91
NIFTY200 MOMENTUM 30,22-Aug-2025,38273.35
NIFTY200 MOMENTUM 30,25-Aug-2025,38277.43
NIFTY200 MOMENTUM 30,26-Aug-2025,37664.60
NIFTY200 MOMENTUM 30,28-Aug-2025,37203.91
NIFTY200 MOMENTUM 30,29-Aug-2025,37059.59
NIFTY200 MOMENTUM 30,01-Sep-2025,37580.43
NIFTY200 MOMENTUM 30,02-Sep-2025,37533.62
NIFTY200 MOMENTUM 30,03-Sep-2025,37733.51
NIFTY200 MOMENTUM 30,04-Sep-2025,37608.32
NIFTY200 MOMENTUM 30,05-Sep-2025,37701.64
NIFTY200 MOMENTUM 30,08-Sep-2025,37773.09
NIFTY200 MOMENTUM 30,09-Sep-2025,37876.80
NIFTY200 MOMENTUM 30,10-Sep-2025,38219.18
NIFTY200 MOMENTUM 30,11-Sep-2025,38117.93
NIFTY200 MOMENTUM 30,12-Sep-2025,38461.23
NIFTY200 MOMENTUM 30,15-Sep-2025,38511.45
NIFTY200 MOMENTUM 30,16-Sep-2025,38680.26
NIFTY200 MOMENTUM 30,17-Sep-2025,38698.25
NIFTY200 MOMENTUM 30,18-Sep-2025,38861.17
NIFTY200 MOMENTUM 30,19-Sep-2025,38697.04
NIFTY200 MOMENTUM 30,22-Sep-2025,38658.98
NIFTY200 MOMENTUM 30,23-Sep-2025,38463.92
NIFTY200 MOMENTUM 30,24-Sep-2025,38178.70
NIFTY200 MOMENTUM 30,25-Sep-2025,37905.59
NIFTY200 MOMENTUM 30,26-Sep-2025,37297.62
NIFTY200 MOMENTUM 30,29-Sep-2025,37370.27
NIFTY200 MOMENTUM 30,30-Sep-2025,37319.90
NIFTY200 MOMENTUM 30,01-Oct-2025,37681.48
NIFTY200 MOMENTUM 30,03-Oct-2025,37812.35
NIFTY200 MOMENTUM 30,06-Oct-2025,38400.97
NIFTY200 MOMENTUM 30,07-Oct-2025,38561.70
NIFTY200 MOMENTUM 30,08-Oct-2025,38405.35
NIFTY200 MOMENTUM 30,09-Oct-2025,38777.62
NIFTY200 MOMENTUM 30,10-Oct-2025,38898.10
NIFTY200 MOMENTUM 30,13-Oct-2025,39031.85
NIFTY200 MOMENTUM 30,14-Oct-2025,38872.40
NIFTY200 MOMENTUM 30,15-Oct-2025,39490.18
NIFTY200 MOMENTUM 30,16-Oct-2025,39665.44
NIFTY200 MOMENTUM 30,17-Oct-2025,39771.90
NIFTY200 MOMENTUM 30,20-Oct-2025,39884.65
NIFTY200 MOMENTUM 30,21-Oct-2025,39868.65
NIFTY200 MOMENTUM 30,23-Oct-2025,39708.63
NIFTY200 MOMENTUM 30,24-Oct-2025,39619.32
NIFTY200 MOMENTUM 30,27-Oct-2025,39761.14
NIFTY200 MOMENTUM 30,28-Oct-2025,39601.66
NIFTY200 MOMENTUM 30,29-Oct-2025,39710.43
NIFTY200 MOMENTUM 30,30-Oct-2025,39552.75
NIFTY200 MOMENTUM 30,31-Oct-2025,39321.35
NIFTY200 MOMENTUM 30,03-Nov-2025,39527.51
NIFTY200 MOMENTUM 30,04-Nov-2025,39365.33
NIFTY200 MOMENTUM 30,06-Nov-2025,39037.42
NIFTY200 MOMENTUM 30,07-Nov-2025,39291.45
NIFTY200 MOMENTUM 30,10-Nov-2025,39442.84
NIFTY200 MOMENTUM 30,11-Nov-2025,39432.12
NIFTY200 MOMENTUM 30,12-Nov-2025,39750.18
NIFTY200 MOMENTUM 30,13-Nov-2025,39755.60
NIFTY200 MOMENTUM 30,14-Nov-2025,39875.60
NIFTY200 MOMENTUM 30,17-Nov-2025,40062.12
NIFTY200 MOMENTUM 30,18-Nov-2025,39800.96
NIFTY200 MOMENTUM 30,19-Nov-2025,39981.08
NIFTY200 MOMENTUM 30,20-Nov-2025,40233.11
NIFTY200 MOMENTUM 30,21-Nov-2025,39853.63
NIFTY200 MOMENTUM 30,24-Nov-2025,39572.67
NIFTY200 MOMENTUM 30,25-Nov-2025,39636.17
NIFTY200 MOMENTUM 30,26-Nov-2025,40211.90
NIFTY200 MOMENTUM 30,27-Nov-2025,40293.92
NIFTY200 MOMENTUM 30,28-Nov-2025,40202.92
NIFTY200 MOMENTUM 30,01-Dec-2025,40181.20
NIFTY200 MOMENTUM 30,02-Dec-2025,39971.29
NIFTY200 MOMENTUM 30,03-Dec-2025,39540.01
NIFTY200 MOMENTUM 30,04-Dec-2025,39639.64
NIFTY200 MOMENTUM 30,05-Dec-2025,39964.45
NIFTY200 MOMENTUM 30,08-Dec-2025,39267.42
NIFTY200 MOMENTUM 30,09-Dec-2025,39142.16
NIFTY200 MOMENTUM 30,10-Dec-2025,38748.35
NIFTY200 MOMENTUM 30,11-Dec-2025,39041.10
NIFTY200 MOMENTUM 30,12-Dec-2025,39331.66
NIFTY200 MOMENTUM 30,15-Dec-2025,39239.95
NIFTY200 MOMENTUM 30,16-Dec-2025,38964.14
NIFTY200 MOMENTUM 30,17-Dec-2025,38657.50
NIFTY200 MOMENTUM 30,18-Dec-2025,38799.49
NIFTY200 MOMENTUM 30,19-Dec-2025,39134.99
NIFTY200 MOMENTUM 30,22-Dec-2025,39399.47
NIFTY200 MOMENTUM 30,23-Dec-2025,39405.67
NIFTY200 MOMENTUM 30,24-Dec-2025,39247.27
NIFTY200 MOMENTUM 30,26-Dec-2025,39006.97
NIFTY200 MOMENTUM 30,29-Dec-2025,38768.10
NIFTY200 MOMENTUM 30,30-Dec-2025,38579.73
NIFTY200 MOMENTUM 30,31-Dec-2025,38954.43
NIFTY200 MOMENTUM 30,01-Jan-2026,39168.16
NIFTY200 MOMENTUM 30,02-Jan-2026,39545.13
NIFTY200 MOMENTUM 30,05-Jan-2026,39669.18
NIFTY200 MOMENTUM 30,06-Jan-2026,39721.05
NIFTY200 MOMENTUM 30,07-Jan-2026,39516.27
NIFTY200 MOMENTUM 30,08-Jan-2026,38996.75
NIFTY200 MOMENTUM 30,09-Jan-2026,38680.48
NIFTY200 MOMENTUM 30,12-Jan-2026,38801.56
NIFTY200 MOMENTUM 30,13-Jan-2026,38719.92
NIFTY200 MOMENTUM 30,14-Jan-2026,38734.32
NIFTY200 MOMENTUM 30,16-Jan-2026,38851.66
NIFTY200 MOMENTUM 30,19-Jan-2026,39056.26
NIFTY200 MOMENTUM 30,20-Jan-2026,38184.41
NIFTY200 MOMENTUM 30,21-Jan-2026,37958.14
NIFTY200 MOMENTUM 30,22-Jan-2026,38324.09
NIFTY200 MOMENTUM 30,23-Jan-2026,37756.99
NIFTY200 MOMENTUM 30,27-Jan-2026,37935.20
NIFTY200 MOMENTUM 30,28-Jan-2026,38277.88
NIFTY200 MOMENTUM 30,29-Jan-2026,38188.32
NIFTY200 MOMENTUM 30,30-Jan-2026,37928.37
NIFTY200 MOMENTUM 30,01-Feb-2026,36787.79
NIFTY200 MOMENTUM 30,02-Feb-2026,37196.88
NIFTY200 MOMENTUM 30,03-Feb-2026,38308.34
NIFTY200 MOMENTUM 30,04-Feb-2026,38677.41
NIFTY200 MOMENTUM 30,05-Feb-2026,38482.50
NIFTY200 MOMENTUM 30,06-Feb-2026,38616.68
NIFTY200 MOMENTUM 30,09-Feb-2026,39290.61
NIFTY200 MOMENTUM 30,10-Feb-2026,39320.54
NIFTY200 MOMENTUM 30,11-Feb-2026,39626.27
NIFTY200 MOMENTUM 30,12-Feb-2026,39922.99
NIFTY200 MOMENTUM 30,13-Feb-2026,39303.75
NIFTY200 MOMENTUM 30,16-Feb-2026,39375.47
NIFTY200 MOMENTUM 30,17-Feb-2026,39517.85
NIFTY200 MOMENTUM 30,18-Feb-2026,39752.19
NIFTY200 MOMENTUM 30,19-Feb-2026,39170.75
NIFTY200 MOMENTUM 30,20-Feb-2026,39543.05
NIFTY200 MOMENTUM 30,23-Feb-2026,39614.77
NIFTY200 MOMENTUM 30,24-Feb-2026,39492.34
NIFTY200 MOMENTUM 30,25-Feb-2026,39780.82
NIFTY200 MOMENTUM 30,26-Feb-2026,39961.23
NIFTY200 MOMENTUM 30,27-Feb-2026,39257.86
NIFTY200 MOMENTUM 30,02-Mar-2026,38612.69
NIFTY200 MOMENTUM 30,04-Mar-2026,37695.56
NIFTY200 MOMENTUM 30,05-Mar-2026,38336.93
NIFTY200 MOMENTUM 30,06-Mar-2026,37776.30
NIFTY200 MOMENTUM 30,09-Mar-2026,36901.38
NIFTY200 MOMENTUM 30,10-Mar-2026,37793.25
NIFTY200 MOMENTUM 30,11-Mar-2026,36944.41
NIFTY200 MOMENTUM 30,12-Mar-2026,36508.49
NIFTY200 MOMENTUM 30,13-Mar-2026,35548.42
NIFTY200 MOMENTUM 30,16-Mar-2026,35820.50
NIFTY200 MOMENTUM 30,17-Mar-2026,36263.24
NIFTY200 MOMENTUM 30,18-Mar-2026,36807.48
NIFTY200 MOMENTUM 30,19-Mar-2026,35441.36
NIFTY200 MOMENTUM 30,20-Mar-2026,35566.85
NIFTY200 MOMENTUM 30,23-Mar-2026,34207.30
NIFTY200 MOMENTUM 30,24-Mar-2026,35057.19
NIFTY200 MOMENTUM 30,25-Mar-2026,35988.30
NIFTY200 MOMENTUM 30,27-Mar-2026,34982.94
NIFTY200 MOMENTUM 30,30-Mar-2026,33895.81
NIFTY200 MOMENTUM 30,01-Apr-2026,34768.65
NIFTY200 MOMENTUM 30,02-Apr-2026,34583.18
NIFTY200 MOMENTUM 30,06-Apr-2026,35348.45
NIFTY200 MOMENTUM 30,07-Apr-2026,35428.63
NIFTY200 MOMENTUM 30,08-Apr-2026,37459.21
NIFTY200 MOMENTUM 30,09-Apr-2026,37362.70
NIFTY200 MOMENTUM 30,10-Apr-2026,38207.24
NIFTY200 MOMENTUM 30,13-Apr-2026,37571.81
NIFTY200 MOMENTUM 30,15-Apr-2026,38233.65
NIFTY200 MOMENTUM 30,16-Apr-2026,38229.71
NIFTY200 MOMENTUM 30,17-Apr-2026,38559.76
NIFTY200 MOMENTUM 30,20-Apr-2026,38660.35
NIFTY200 MOMENTUM 30,21-Apr-2026,38819.12
NIFTY200 MOMENTUM 30,22-Apr-2026,38733.39
NIFTY200 MOMENTUM 30,23-Apr-2026,38230.95
NIFTY200 MOMENTUM 30,24-Apr-2026,38046.75
NIFTY200 MOMENTUM 30,27-Apr-2026,38239.45
NIFTY200 MOMENTUM 30,28-Apr-2026,38048.79
NIFTY200 MOMENTUM 30,29-Apr-2026,38087.28
NIFTY200 MOMENTUM 30,30-Apr-2026,37770.53
NIFTY200 MOMENTUM 30,04-May-2026,38051.41
NIFTY200 MOMENTUM 30,05-May-2026,38088.88
NIFTY200 MOMENTUM 30,06-May-2026,38939.05
NIFTY200 MOMENTUM 30,07-May-2026,39265.75
NIFTY200 MOMENTUM 30,08-May-2026,39015.78
NIFTY200 MOMENTUM 30,11-May-2026,38227.74
NIFTY200 MOMENTUM 30,12-May-2026,37402.04
NIFTY200 MOMENTUM 30,13-May-2026,37512.64
NIFTY200 MOMENTUM 30,14-May-2026,38052.53
NIFTY200 MOMENTUM 30,15-May-2026,37827.72
NIFTY200 MOMENTUM 30,18-May-2026,37555.41
NIFTY200 MOMENTUM 30,19-May-2026,37583.51
NIFTY200 MOMENTUM 30,20-May-2026,37801.87
NIFTY200 MOMENTUM 30,21-May-2026,37740.72
NIFTY200 MOMENTUM 30,22-May-2026,37975.73
NIFTY200 MOMENTUM 30,25-May-2026,38620.49
NIFTY200 MOMENTUM 30,26-May-2026,38586.50
NIFTY200 MOMENTUM 30,27-May-2026,38824.79
NIFTY200 MOMENTUM 30,29-May-2026,38193.91
NIFTY200 MOMENTUM 30,01-Jun-2026,37610.22
NIFTY200 MOMENTUM 30,02-Jun-2026,37617.82
NIFTY200 MOMENTUM 30,03-Jun-2026,37620.31
NIFTY200 MOMENTUM 30,04-Jun-2026,37683.22
NIFTY200 MOMENTUM 30,05-Jun-2026,37645.39
NIFTY200 MOMENTUM 30,08-Jun-2026,37097.83
NIFTY200 MOMENTUM 30,09-Jun-2026,37759.07
NIFTY200 MOMENTUM 30,10-Jun-2026,37298.62
NIFTY200 MOMENTUM 30,11-Jun-2026,36964.45
NIFTY200 MOMENTUM 30,12-Jun-2026,38136.75
NIFTY200 MOMENTUM 30,15-Jun-2026,38972.16
NIFTY200 MOMENTUM 30,16-Jun-2026,38937.00
NIFTY200 MOMENTUM 30,17-Jun-2026,39063.58
NIFTY200 MOMENTUM 30,18-Jun-2026,39216.16
NIFTY200 MOMENTUM 30,19-Jun-2026,39201.78
NIFTY200 MOMENTUM 30,22-Jun-2026,39318.58
NIFTY200 MOMENTUM 30,23-Jun-2026,38895.32
NIFTY200 MOMENTUM 30,24-Jun-2026,39109.97
NIFTY200 MOMENTUM 30,25-Jun-2026,39130.89
