Index Name,Date,Total Returns Index
Nifty500 Momentum 50,01-Apr-2005,1000.00
Nifty500 Momentum 50,04-Apr-2005,1015.42
Nifty500 Momentum 50,05-Apr-2005,1008.76
Nifty500 Momentum 50,06-Apr-2005,1025.13
Nifty500 Momentum 50,07-Apr-2005,1019.09
Nifty500 Momentum 50,08-Apr-2005,1009.69
Nifty500 Momentum 50,11-Apr-2005,999.58
Nifty500 Momentum 50,12-Apr-2005,1005.32
Nifty500 Momentum 50,13-Apr-2005,1005.21
Nifty500 Momentum 50,15-Apr-2005,970.69
Nifty500 Momentum 50,18-Apr-2005,958.05
Nifty500 Momentum 50,19-Apr-2005,957.10
Nifty500 Momentum 50,20-Apr-2005,970.42
Nifty500 Momentum 50,21-Apr-2005,988.07
Nifty500 Momentum 50,22-Apr-2005,1011.97
Nifty500 Momentum 50,25-Apr-2005,1012.76
Nifty500 Momentum 50,26-Apr-2005,1008.01
Nifty500 Momentum 50,27-Apr-2005,1003.14
Nifty500 Momentum 50,28-Apr-2005,996.41
Nifty500 Momentum 50,29-Apr-2005,974.23
Nifty500 Momentum 50,02-May-2005,959.07
Nifty500 Momentum 50,03-May-2005,960.91
Nifty500 Momentum 50,04-May-2005,980.01
Nifty500 Momentum 50,05-May-2005,986.26
Nifty500 Momentum 50,06-May-2005,992.94
Nifty500 Momentum 50,09-May-2005,1011.64
Nifty500 Momentum 50,10-May-2005,1010.75
Nifty500 Momentum 50,11-May-2005,1014.36
Nifty500 Momentum 50,12-May-2005,1027.95
Nifty500 Momentum 50,13-May-2005,1037.02
Nifty500 Momentum 50,16-May-2005,1050.87
Nifty500 Momentum 50,17-May-2005,1038.84
Nifty500 Momentum 50,18-May-2005,1042.25
Nifty500 Momentum 50,19-May-2005,1053.29
Nifty500 Momentum 50,20-May-2005,1051.81
Nifty500 Momentum 50,23-May-2005,1059.09
Nifty500 Momentum 50,24-May-2005,1062.39
Nifty500 Momentum 50,25-May-2005,1062.56
Nifty500 Momentum 50,26-May-2005,1058.43
Nifty500 Momentum 50,27-May-2005,1049.57
Nifty500 Momentum 50,30-May-2005,1041.48
Nifty500 Momentum 50,31-May-2005,1048.48
Nifty500 Momentum 50,01-Jun-2005,1057.05
Nifty500 Momentum 50,02-Jun-2005,1051.00
Nifty500 Momentum 50,03-Jun-2005,1060.57
Nifty500 Momentum 50,04-Jun-2005,1068.60
Nifty500 Momentum 50,06-Jun-2005,1070.55
Nifty500 Momentum 50,07-Jun-2005,1069.57
Nifty500 Momentum 50,08-Jun-2005,1063.81
Nifty500 Momentum 50,09-Jun-2005,1068.44
Nifty500 Momentum 50,10-Jun-2005,1064.31
Nifty500 Momentum 50,13-Jun-2005,1061.60
Nifty500 Momentum 50,14-Jun-2005,1066.94
Nifty500 Momentum 50,15-Jun-2005,1075.16
Nifty500 Momentum 50,16-Jun-2005,1056.24
Nifty500 Momentum 50,17-Jun-2005,1036.96
Nifty500 Momentum 50,20-Jun-2005,1024.42
Nifty500 Momentum 50,21-Jun-2005,1030.56
Nifty500 Momentum 50,22-Jun-2005,1038.36
Nifty500 Momentum 50,23-Jun-2005,1041.89
Nifty500 Momentum 50,24-Jun-2005,1055.24
Nifty500 Momentum 50,27-Jun-2005,1061.57
Nifty500 Momentum 50,28-Jun-2005,1043.31
Nifty500 Momentum 50,29-Jun-2005,1058.94
Nifty500 Momentum 50,30-Jun-2005,1065.76
Nifty500 Momentum 50,01-Jul-2005,1078.03
Nifty500 Momentum 50,04-Jul-2005,1091.40
Nifty500 Momentum 50,05-Jul-2005,1079.76
Nifty500 Momentum 50,06-Jul-2005,1095.93
Nifty500 Momentum 50,07-Jul-2005,1088.18
Nifty500 Momentum 50,08-Jul-2005,1110.83
Nifty500 Momentum 50,11-Jul-2005,1136.24
Nifty500 Momentum 50,12-Jul-2005,1137.17
Nifty500 Momentum 50,13-Jul-2005,1147.68
Nifty500 Momentum 50,14-Jul-2005,1157.84
Nifty500 Momentum 50,15-Jul-2005,1171.73
Nifty500 Momentum 50,18-Jul-2005,1198.13
Nifty500 Momentum 50,19-Jul-2005,1202.95
Nifty500 Momentum 50,20-Jul-2005,1203.74
Nifty500 Momentum 50,21-Jul-2005,1211.44
Nifty500 Momentum 50,22-Jul-2005,1230.42
Nifty500 Momentum 50,25-Jul-2005,1237.93
Nifty500 Momentum 50,26-Jul-2005,1232.74
Nifty500 Momentum 50,27-Jul-2005,1234.97
Nifty500 Momentum 50,29-Jul-2005,1230.03
Nifty500 Momentum 50,01-Aug-2005,1234.58
Nifty500 Momentum 50,02-Aug-2005,1271.06
Nifty500 Momentum 50,03-Aug-2005,1274.05
Nifty500 Momentum 50,04-Aug-2005,1293.45
Nifty500 Momentum 50,05-Aug-2005,1316.89
Nifty500 Momentum 50,08-Aug-2005,1300.38
Nifty500 Momentum 50,09-Aug-2005,1303.87
Nifty500 Momentum 50,10-Aug-2005,1335.71
Nifty500 Momentum 50,11-Aug-2005,1349.98
Nifty500 Momentum 50,12-Aug-2005,1368.19
Nifty500 Momentum 50,16-Aug-2005,1390.81
Nifty500 Momentum 50,17-Aug-2005,1412.69
Nifty500 Momentum 50,18-Aug-2005,1403.37
Nifty500 Momentum 50,19-Aug-2005,1415.68
Nifty500 Momentum 50,22-Aug-2005,1418.78
Nifty500 Momentum 50,23-Aug-2005,1377.98
Nifty500 Momentum 50,24-Aug-2005,1352.50
Nifty500 Momentum 50,25-Aug-2005,1380.13
Nifty500 Momentum 50,26-Aug-2005,1403.25
Nifty500 Momentum 50,29-Aug-2005,1408.64
Nifty500 Momentum 50,30-Aug-2005,1425.54
Nifty500 Momentum 50,31-Aug-2005,1439.22
Nifty500 Momentum 50,01-Sep-2005,1449.73
Nifty500 Momentum 50,02-Sep-2005,1453.76
Nifty500 Momentum 50,05-Sep-2005,1471.19
Nifty500 Momentum 50,06-Sep-2005,1474.26
Nifty500 Momentum 50,08-Sep-2005,1489.85
Nifty500 Momentum 50,09-Sep-2005,1484.10
Nifty500 Momentum 50,12-Sep-2005,1497.65
Nifty500 Momentum 50,13-Sep-2005,1509.99
Nifty500 Momentum 50,14-Sep-2005,1499.05
Nifty500 Momentum 50,15-Sep-2005,1531.14
Nifty500 Momentum 50,16-Sep-2005,1547.19
Nifty500 Momentum 50,19-Sep-2005,1574.38
Nifty500 Momentum 50,20-Sep-2005,1553.01
Nifty500 Momentum 50,21-Sep-2005,1509.98
Nifty500 Momentum 50,22-Sep-2005,1429.71
Nifty500 Momentum 50,23-Sep-2005,1445.65
Nifty500 Momentum 50,26-Sep-2005,1509.18
Nifty500 Momentum 50,27-Sep-2005,1542.45
Nifty500 Momentum 50,28-Sep-2005,1563.36
Nifty500 Momentum 50,29-Sep-2005,1566.55
Nifty500 Momentum 50,30-Sep-2005,1546.57
Nifty500 Momentum 50,03-Oct-2005,1557.40
Nifty500 Momentum 50,04-Oct-2005,1570.83
Nifty500 Momentum 50,05-Oct-2005,1557.89
Nifty500 Momentum 50,06-Oct-2005,1533.29
Nifty500 Momentum 50,07-Oct-2005,1523.83
Nifty500 Momentum 50,10-Oct-2005,1521.62
Nifty500 Momentum 50,11-Oct-2005,1501.65
Nifty500 Momentum 50,13-Oct-2005,1491.83
Nifty500 Momentum 50,14-Oct-2005,1445.64
Nifty500 Momentum 50,17-Oct-2005,1432.18
Nifty500 Momentum 50,18-Oct-2005,1425.34
Nifty500 Momentum 50,19-Oct-2005,1368.32
Nifty500 Momentum 50,20-Oct-2005,1336.91
Nifty500 Momentum 50,21-Oct-2005,1365.79
Nifty500 Momentum 50,24-Oct-2005,1368.52
Nifty500 Momentum 50,25-Oct-2005,1362.89
Nifty500 Momentum 50,26-Oct-2005,1360.04
Nifty500 Momentum 50,27-Oct-2005,1330.18
Nifty500 Momentum 50,28-Oct-2005,1308.60
Nifty500 Momentum 50,31-Oct-2005,1352.75
Nifty500 Momentum 50,01-Nov-2005,1376.93
Nifty500 Momentum 50,02-Nov-2005,1390.91
Nifty500 Momentum 50,07-Nov-2005,1421.66
Nifty500 Momentum 50,08-Nov-2005,1449.63
Nifty500 Momentum 50,09-Nov-2005,1457.11
Nifty500 Momentum 50,10-Nov-2005,1456.19
Nifty500 Momentum 50,11-Nov-2005,1490.05
Nifty500 Momentum 50,14-Nov-2005,1493.75
Nifty500 Momentum 50,16-Nov-2005,1507.15
Nifty500 Momentum 50,17-Nov-2005,1509.80
Nifty500 Momentum 50,18-Nov-2005,1507.16
Nifty500 Momentum 50,21-Nov-2005,1489.77
Nifty500 Momentum 50,22-Nov-2005,1483.52
Nifty500 Momentum 50,23-Nov-2005,1498.99
Nifty500 Momentum 50,24-Nov-2005,1513.30
Nifty500 Momentum 50,25-Nov-2005,1527.92
Nifty500 Momentum 50,26-Nov-2005,1547.58
Nifty500 Momentum 50,28-Nov-2005,1562.59
Nifty500 Momentum 50,29-Nov-2005,1558.06
Nifty500 Momentum 50,30-Nov-2005,1554.20
Nifty500 Momentum 50,01-Dec-2005,1575.13
Nifty500 Momentum 50,02-Dec-2005,1597.16
Nifty500 Momentum 50,05-Dec-2005,1595.25
Nifty500 Momentum 50,06-Dec-2005,1598.17
Nifty500 Momentum 50,07-Dec-2005,1611.79
Nifty500 Momentum 50,08-Dec-2005,1632.95
Nifty500 Momentum 50,09-Dec-2005,1656.89
Nifty500 Momentum 50,12-Dec-2005,1662.79
Nifty500 Momentum 50,13-Dec-2005,1663.70
Nifty500 Momentum 50,14-Dec-2005,1660.62
Nifty500 Momentum 50,15-Dec-2005,1637.22
Nifty500 Momentum 50,16-Dec-2005,1645.57
Nifty500 Momentum 50,19-Dec-2005,1663.46
Nifty500 Momentum 50,20-Dec-2005,1651.72
Nifty500 Momentum 50,21-Dec-2005,1655.82
Nifty500 Momentum 50,22-Dec-2005,1659.85
Nifty500 Momentum 50,23-Dec-2005,1651.64
Nifty500 Momentum 50,26-Dec-2005,1618.13
Nifty500 Momentum 50,27-Dec-2005,1648.59
Nifty500 Momentum 50,28-Dec-2005,1656.50
Nifty500 Momentum 50,29-Dec-2005,1676.08
Nifty500 Momentum 50,30-Dec-2005,1709.31
Nifty500 Momentum 50,02-Jan-2006,1735.99
Nifty500 Momentum 50,03-Jan-2006,1758.39
Nifty500 Momentum 50,04-Jan-2006,1766.24
Nifty500 Momentum 50,05-Jan-2006,1758.31
Nifty500 Momentum 50,06-Jan-2006,1775.78
Nifty500 Momentum 50,09-Jan-2006,1795.17
Nifty500 Momentum 50,10-Jan-2006,1784.38
Nifty500 Momentum 50,12-Jan-2006,1790.84
Nifty500 Momentum 50,13-Jan-2006,1809.65
Nifty500 Momentum 50,16-Jan-2006,1796.88
Nifty500 Momentum 50,17-Jan-2006,1788.19
Nifty500 Momentum 50,18-Jan-2006,1769.87
Nifty500 Momentum 50,19-Jan-2006,1814.20
Nifty500 Momentum 50,20-Jan-2006,1836.49
Nifty500 Momentum 50,23-Jan-2006,1848.61
Nifty500 Momentum 50,24-Jan-2006,1865.02
Nifty500 Momentum 50,25-Jan-2006,1857.88
Nifty500 Momentum 50,27-Jan-2006,1887.40
Nifty500 Momentum 50,30-Jan-2006,1866.35
Nifty500 Momentum 50,31-Jan-2006,1869.66
Nifty500 Momentum 50,01-Feb-2006,1847.00
Nifty500 Momentum 50,02-Feb-2006,1834.39
Nifty500 Momentum 50,03-Feb-2006,1830.10
Nifty500 Momentum 50,06-Feb-2006,1843.58
Nifty500 Momentum 50,07-Feb-2006,1854.97
Nifty500 Momentum 50,08-Feb-2006,1850.85
Nifty500 Momentum 50,10-Feb-2006,1882.90
Nifty500 Momentum 50,13-Feb-2006,1913.30
Nifty500 Momentum 50,14-Feb-2006,1907.46
Nifty500 Momentum 50,15-Feb-2006,1909.09
Nifty500 Momentum 50,16-Feb-2006,1922.07
Nifty500 Momentum 50,17-Feb-2006,1901.61
Nifty500 Momentum 50,20-Feb-2006,1882.12
Nifty500 Momentum 50,21-Feb-2006,1912.19
Nifty500 Momentum 50,22-Feb-2006,1899.82
Nifty500 Momentum 50,23-Feb-2006,1889.41
Nifty500 Momentum 50,24-Feb-2006,1885.58
Nifty500 Momentum 50,27-Feb-2006,1905.87
Nifty500 Momentum 50,28-Feb-2006,1910.38
Nifty500 Momentum 50,01-Mar-2006,1947.93
Nifty500 Momentum 50,02-Mar-2006,1983.02
Nifty500 Momentum 50,03-Mar-2006,2013.24
Nifty500 Momentum 50,06-Mar-2006,2039.59
Nifty500 Momentum 50,07-Mar-2006,2059.31
Nifty500 Momentum 50,08-Mar-2006,2029.25
Nifty500 Momentum 50,09-Mar-2006,2035.53
Nifty500 Momentum 50,10-Mar-2006,2071.66
Nifty500 Momentum 50,13-Mar-2006,2076.28
Nifty500 Momentum 50,14-Mar-2006,2069.76
Nifty500 Momentum 50,16-Mar-2006,2081.79
Nifty500 Momentum 50,17-Mar-2006,2079.41
Nifty500 Momentum 50,20-Mar-2006,2093.14
Nifty500 Momentum 50,21-Mar-2006,2101.67
Nifty500 Momentum 50,22-Mar-2006,2095.76
Nifty500 Momentum 50,23-Mar-2006,2092.36
Nifty500 Momentum 50,24-Mar-2006,2118.71
Nifty500 Momentum 50,27-Mar-2006,2135.29
Nifty500 Momentum 50,28-Mar-2006,2126.99
Nifty500 Momentum 50,29-Mar-2006,2147.86
Nifty500 Momentum 50,30-Mar-2006,2160.99
Nifty500 Momentum 50,31-Mar-2006,2184.08
Nifty500 Momentum 50,03-Apr-2006,2250.68
Nifty500 Momentum 50,04-Apr-2006,2278.66
Nifty500 Momentum 50,05-Apr-2006,2313.40
Nifty500 Momentum 50,07-Apr-2006,2284.17
Nifty500 Momentum 50,10-Apr-2006,2305.96
Nifty500 Momentum 50,12-Apr-2006,2266.17
Nifty500 Momentum 50,13-Apr-2006,2225.63
Nifty500 Momentum 50,17-Apr-2006,2259.28
Nifty500 Momentum 50,18-Apr-2006,2293.33
Nifty500 Momentum 50,19-Apr-2006,2303.32
Nifty500 Momentum 50,20-Apr-2006,2322.93
Nifty500 Momentum 50,21-Apr-2006,2332.24
Nifty500 Momentum 50,24-Apr-2006,2338.92
Nifty500 Momentum 50,25-Apr-2006,2300.91
Nifty500 Momentum 50,26-Apr-2006,2364.96
Nifty500 Momentum 50,27-Apr-2006,2369.49
Nifty500 Momentum 50,28-Apr-2006,2391.96
Nifty500 Momentum 50,29-Apr-2006,2439.36
Nifty500 Momentum 50,02-May-2006,2468.35
Nifty500 Momentum 50,03-May-2006,2478.21
Nifty500 Momentum 50,04-May-2006,2485.07
Nifty500 Momentum 50,05-May-2006,2510.39
Nifty500 Momentum 50,08-May-2006,2519.02
Nifty500 Momentum 50,09-May-2006,2536.07
Nifty500 Momentum 50,10-May-2006,2551.80
Nifty500 Momentum 50,11-May-2006,2549.74
Nifty500 Momentum 50,12-May-2006,2558.62
Nifty500 Momentum 50,15-May-2006,2453.46
Nifty500 Momentum 50,16-May-2006,2434.13
Nifty500 Momentum 50,17-May-2006,2508.25
Nifty500 Momentum 50,18-May-2006,2320.43
Nifty500 Momentum 50,19-May-2006,2208.01
Nifty500 Momentum 50,22-May-2006,2085.34
Nifty500 Momentum 50,23-May-2006,2167.56
Nifty500 Momentum 50,24-May-2006,2151.34
Nifty500 Momentum 50,25-May-2006,2151.79
Nifty500 Momentum 50,26-May-2006,2196.17
Nifty500 Momentum 50,29-May-2006,2237.27
Nifty500 Momentum 50,30-May-2006,2240.65
Nifty500 Momentum 50,31-May-2006,2199.88
Nifty500 Momentum 50,01-Jun-2006,2134.94
Nifty500 Momentum 50,02-Jun-2006,2161.47
Nifty500 Momentum 50,05-Jun-2006,2103.05
Nifty500 Momentum 50,06-Jun-2006,2021.53
Nifty500 Momentum 50,07-Jun-2006,1923.39
Nifty500 Momentum 50,08-Jun-2006,1823.04
Nifty500 Momentum 50,09-Jun-2006,1902.57
Nifty500 Momentum 50,12-Jun-2006,1842.45
Nifty500 Momentum 50,13-Jun-2006,1725.66
Nifty500 Momentum 50,14-Jun-2006,1670.26
Nifty500 Momentum 50,15-Jun-2006,1768.16
Nifty500 Momentum 50,16-Jun-2006,1845.00
Nifty500 Momentum 50,19-Jun-2006,1899.37
Nifty500 Momentum 50,20-Jun-2006,1893.92
Nifty500 Momentum 50,21-Jun-2006,1943.40
Nifty500 Momentum 50,22-Jun-2006,1997.92
Nifty500 Momentum 50,23-Jun-2006,2007.80
Nifty500 Momentum 50,25-Jun-2006,2033.64
Nifty500 Momentum 50,26-Jun-2006,1961.42
Nifty500 Momentum 50,27-Jun-2006,1978.12
Nifty500 Momentum 50,28-Jun-2006,1992.29
Nifty500 Momentum 50,29-Jun-2006,2022.16
Nifty500 Momentum 50,30-Jun-2006,2117.05
Nifty500 Momentum 50,03-Jul-2006,2138.81
Nifty500 Momentum 50,04-Jul-2006,2138.90
Nifty500 Momentum 50,05-Jul-2006,2189.55
Nifty500 Momentum 50,06-Jul-2006,2187.39
Nifty500 Momentum 50,07-Jul-2006,2173.07
Nifty500 Momentum 50,10-Jul-2006,2174.65
Nifty500 Momentum 50,11-Jul-2006,2153.77
Nifty500 Momentum 50,12-Jul-2006,2166.08
Nifty500 Momentum 50,13-Jul-2006,2145.37
Nifty500 Momentum 50,14-Jul-2006,2097.48
Nifty500 Momentum 50,17-Jul-2006,2018.60
Nifty500 Momentum 50,18-Jul-2006,1977.33
Nifty500 Momentum 50,19-Jul-2006,1896.01
Nifty500 Momentum 50,20-Jul-2006,1935.07
Nifty500 Momentum 50,21-Jul-2006,1875.23
Nifty500 Momentum 50,24-Jul-2006,1859.79
Nifty500 Momentum 50,25-Jul-2006,1908.04
Nifty500 Momentum 50,26-Jul-2006,1957.34
Nifty500 Momentum 50,27-Jul-2006,2000.80
Nifty500 Momentum 50,28-Jul-2006,2022.68
Nifty500 Momentum 50,31-Jul-2006,2054.52
Nifty500 Momentum 50,01-Aug-2006,2031.48
Nifty500 Momentum 50,02-Aug-2006,2060.83
Nifty500 Momentum 50,03-Aug-2006,2069.42
Nifty500 Momentum 50,04-Aug-2006,2060.96
Nifty500 Momentum 50,07-Aug-2006,2056.63
Nifty500 Momentum 50,08-Aug-2006,2097.66
Nifty500 Momentum 50,09-Aug-2006,2134.66
Nifty500 Momentum 50,10-Aug-2006,2176.47
Nifty500 Momentum 50,11-Aug-2006,2195.95
Nifty500 Momentum 50,14-Aug-2006,2234.21
Nifty500 Momentum 50,16-Aug-2006,2268.11
Nifty500 Momentum 50,17-Aug-2006,2258.72
Nifty500 Momentum 50,18-Aug-2006,2275.51
Nifty500 Momentum 50,21-Aug-2006,2284.41
Nifty500 Momentum 50,22-Aug-2006,2268.76
Nifty500 Momentum 50,23-Aug-2006,2229.61
Nifty500 Momentum 50,24-Aug-2006,2244.44
Nifty500 Momentum 50,25-Aug-2006,2261.88
Nifty500 Momentum 50,28-Aug-2006,2264.91
Nifty500 Momentum 50,29-Aug-2006,2270.99
Nifty500 Momentum 50,30-Aug-2006,2257.37
Nifty500 Momentum 50,31-Aug-2006,2246.91
Nifty500 Momentum 50,01-Sep-2006,2272.08
Nifty500 Momentum 50,04-Sep-2006,2304.47
Nifty500 Momentum 50,05-Sep-2006,2309.68
Nifty500 Momentum 50,06-Sep-2006,2322.51
Nifty500 Momentum 50,07-Sep-2006,2315.49
Nifty500 Momentum 50,08-Sep-2006,2334.63
Nifty500 Momentum 50,11-Sep-2006,2253.34
Nifty500 Momentum 50,12-Sep-2006,2273.77
Nifty500 Momentum 50,13-Sep-2006,2307.47
Nifty500 Momentum 50,14-Sep-2006,2319.30
Nifty500 Momentum 50,15-Sep-2006,2329.98
Nifty500 Momentum 50,18-Sep-2006,2345.50
Nifty500 Momentum 50,19-Sep-2006,2310.21
Nifty500 Momentum 50,20-Sep-2006,2325.02
Nifty500 Momentum 50,21-Sep-2006,2357.15
Nifty500 Momentum 50,22-Sep-2006,2356.12
Nifty500 Momentum 50,25-Sep-2006,2339.19
Nifty500 Momentum 50,26-Sep-2006,2358.07
Nifty500 Momentum 50,27-Sep-2006,2370.10
Nifty500 Momentum 50,28-Sep-2006,2364.50
Nifty500 Momentum 50,29-Sep-2006,2395.14
Nifty500 Momentum 50,03-Oct-2006,2386.96
Nifty500 Momentum 50,04-Oct-2006,2364.84
Nifty500 Momentum 50,05-Oct-2006,2405.57
Nifty500 Momentum 50,06-Oct-2006,2416.37
Nifty500 Momentum 50,09-Oct-2006,2429.74
Nifty500 Momentum 50,10-Oct-2006,2428.98
Nifty500 Momentum 50,11-Oct-2006,2403.04
Nifty500 Momentum 50,12-Oct-2006,2440.81
Nifty500 Momentum 50,13-Oct-2006,2475.40
Nifty500 Momentum 50,16-Oct-2006,2491.83
Nifty500 Momentum 50,17-Oct-2006,2478.59
Nifty500 Momentum 50,18-Oct-2006,2475.72
Nifty500 Momentum 50,19-Oct-2006,2466.81
Nifty500 Momentum 50,20-Oct-2006,2478.46
Nifty500 Momentum 50,21-Oct-2006,2499.97
Nifty500 Momentum 50,23-Oct-2006,2484.05
Nifty500 Momentum 50,26-Oct-2006,2511.23
Nifty500 Momentum 50,27-Oct-2006,2549.10
Nifty500 Momentum 50,30-Oct-2006,2559.64
Nifty500 Momentum 50,31-Oct-2006,2549.36
Nifty500 Momentum 50,01-Nov-2006,2561.57
Nifty500 Momentum 50,02-Nov-2006,2580.74
Nifty500 Momentum 50,03-Nov-2006,2594.88
Nifty500 Momentum 50,06-Nov-2006,2618.72
Nifty500 Momentum 50,07-Nov-2006,2621.76
Nifty500 Momentum 50,08-Nov-2006,2589.78
Nifty500 Momentum 50,09-Nov-2006,2591.75
Nifty500 Momentum 50,10-Nov-2006,2621.06
Nifty500 Momentum 50,13-Nov-2006,2644.35
Nifty500 Momentum 50,14-Nov-2006,2629.84
Nifty500 Momentum 50,15-Nov-2006,2639.09
Nifty500 Momentum 50,16-Nov-2006,2652.27
Nifty500 Momentum 50,17-Nov-2006,2608.25
Nifty500 Momentum 50,20-Nov-2006,2575.70
Nifty500 Momentum 50,21-Nov-2006,2625.04
Nifty500 Momentum 50,22-Nov-2006,2667.70
Nifty500 Momentum 50,23-Nov-2006,2680.72
Nifty500 Momentum 50,24-Nov-2006,2687.48
Nifty500 Momentum 50,27-Nov-2006,2698.73
Nifty500 Momentum 50,28-Nov-2006,2679.30
Nifty500 Momentum 50,29-Nov-2006,2699.63
Nifty500 Momentum 50,30-Nov-2006,2690.01
Nifty500 Momentum 50,01-Dec-2006,2731.72
Nifty500 Momentum 50,04-Dec-2006,2779.55
Nifty500 Momentum 50,05-Dec-2006,2776.30
Nifty500 Momentum 50,06-Dec-2006,2761.40
Nifty500 Momentum 50,07-Dec-2006,2771.23
Nifty500 Momentum 50,08-Dec-2006,2758.71
Nifty500 Momentum 50,11-Dec-2006,2687.00
Nifty500 Momentum 50,12-Dec-2006,2577.87
Nifty500 Momentum 50,13-Dec-2006,2624.77
Nifty500 Momentum 50,14-Dec-2006,2685.09
Nifty500 Momentum 50,15-Dec-2006,2710.95
Nifty500 Momentum 50,18-Dec-2006,2707.36
Nifty500 Momentum 50,19-Dec-2006,2645.48
Nifty500 Momentum 50,20-Dec-2006,2632.01
Nifty500 Momentum 50,21-Dec-2006,2629.63
Nifty500 Momentum 50,22-Dec-2006,2659.79
Nifty500 Momentum 50,26-Dec-2006,2709.76
Nifty500 Momentum 50,27-Dec-2006,2735.28
Nifty500 Momentum 50,28-Dec-2006,2720.08
Nifty500 Momentum 50,29-Dec-2006,2739.47
Nifty500 Momentum 50,02-Jan-2007,2787.04
Nifty500 Momentum 50,03-Jan-2007,2795.78
Nifty500 Momentum 50,04-Jan-2007,2787.08
Nifty500 Momentum 50,05-Jan-2007,2765.24
Nifty500 Momentum 50,08-Jan-2007,2731.28
Nifty500 Momentum 50,09-Jan-2007,2711.53
Nifty500 Momentum 50,10-Jan-2007,2672.75
Nifty500 Momentum 50,11-Jan-2007,2716.88
Nifty500 Momentum 50,12-Jan-2007,2768.92
Nifty500 Momentum 50,15-Jan-2007,2796.91
Nifty500 Momentum 50,16-Jan-2007,2807.77
Nifty500 Momentum 50,17-Jan-2007,2828.08
Nifty500 Momentum 50,18-Jan-2007,2833.30
Nifty500 Momentum 50,19-Jan-2007,2821.99
Nifty500 Momentum 50,22-Jan-2007,2841.40
Nifty500 Momentum 50,23-Jan-2007,2770.86
Nifty500 Momentum 50,24-Jan-2007,2772.90
Nifty500 Momentum 50,25-Jan-2007,2789.56
Nifty500 Momentum 50,29-Jan-2007,2778.54
Nifty500 Momentum 50,31-Jan-2007,2754.75
Nifty500 Momentum 50,01-Feb-2007,2783.42
Nifty500 Momentum 50,02-Feb-2007,2808.53
Nifty500 Momentum 50,05-Feb-2007,2824.63
Nifty500 Momentum 50,06-Feb-2007,2833.23
Nifty500 Momentum 50,07-Feb-2007,2849.91
Nifty500 Momentum 50,08-Feb-2007,2846.22
Nifty500 Momentum 50,09-Feb-2007,2797.28
Nifty500 Momentum 50,12-Feb-2007,2702.24
Nifty500 Momentum 50,13-Feb-2007,2675.20
Nifty500 Momentum 50,14-Feb-2007,2669.21
Nifty500 Momentum 50,15-Feb-2007,2745.36
Nifty500 Momentum 50,19-Feb-2007,2753.28
Nifty500 Momentum 50,20-Feb-2007,2723.12
Nifty500 Momentum 50,21-Feb-2007,2714.58
Nifty500 Momentum 50,22-Feb-2007,2660.46
Nifty500 Momentum 50,23-Feb-2007,2587.50
Nifty500 Momentum 50,26-Feb-2007,2609.10
Nifty500 Momentum 50,27-Feb-2007,2599.10
Nifty500 Momentum 50,28-Feb-2007,2501.37
Nifty500 Momentum 50,01-Mar-2007,2498.82
Nifty500 Momentum 50,02-Mar-2007,2452.96
Nifty500 Momentum 50,05-Mar-2007,2344.09
Nifty500 Momentum 50,06-Mar-2007,2370.93
Nifty500 Momentum 50,07-Mar-2007,2336.61
Nifty500 Momentum 50,08-Mar-2007,2425.26
Nifty500 Momentum 50,09-Mar-2007,2377.73
Nifty500 Momentum 50,12-Mar-2007,2380.20
Nifty500 Momentum 50,13-Mar-2007,2409.40
Nifty500 Momentum 50,14-Mar-2007,2354.58
Nifty500 Momentum 50,15-Mar-2007,2367.00
Nifty500 Momentum 50,16-Mar-2007,2340.48
Nifty500 Momentum 50,19-Mar-2007,2377.80
Nifty500 Momentum 50,20-Mar-2007,2392.99
Nifty500 Momentum 50,21-Mar-2007,2402.04
Nifty500 Momentum 50,22-Mar-2007,2449.38
Nifty500 Momentum 50,23-Mar-2007,2465.22
Nifty500 Momentum 50,26-Mar-2007,2450.12
Nifty500 Momentum 50,28-Mar-2007,2417.13
Nifty500 Momentum 50,29-Mar-2007,2427.89
Nifty500 Momentum 50,30-Mar-2007,2463.82
Nifty500 Momentum 50,02-Apr-2007,2349.11
Nifty500 Momentum 50,03-Apr-2007,2374.51
Nifty500 Momentum 50,04-Apr-2007,2406.48
Nifty500 Momentum 50,05-Apr-2007,2419.52
Nifty500 Momentum 50,09-Apr-2007,2485.49
Nifty500 Momentum 50,10-Apr-2007,2527.21
Nifty500 Momentum 50,11-Apr-2007,2554.79
Nifty500 Momentum 50,12-Apr-2007,2548.93
Nifty500 Momentum 50,13-Apr-2007,2600.95
Nifty500 Momentum 50,16-Apr-2007,2643.18
Nifty500 Momentum 50,17-Apr-2007,2620.30
Nifty500 Momentum 50,18-Apr-2007,2614.98
Nifty500 Momentum 50,19-Apr-2007,2604.77
Nifty500 Momentum 50,20-Apr-2007,2635.06
Nifty500 Momentum 50,23-Apr-2007,2637.84
Nifty500 Momentum 50,24-Apr-2007,2653.93
Nifty500 Momentum 50,25-Apr-2007,2673.70
Nifty500 Momentum 50,26-Apr-2007,2674.77
Nifty500 Momentum 50,27-Apr-2007,2648.91
Nifty500 Momentum 50,30-Apr-2007,2689.28
Nifty500 Momentum 50,03-May-2007,2693.93
Nifty500 Momentum 50,04-May-2007,2667.49
Nifty500 Momentum 50,07-May-2007,2662.69
Nifty500 Momentum 50,08-May-2007,2638.02
Nifty500 Momentum 50,09-May-2007,2645.04
Nifty500 Momentum 50,10-May-2007,2648.65
Nifty500 Momentum 50,11-May-2007,2664.08
Nifty500 Momentum 50,14-May-2007,2705.26
Nifty500 Momentum 50,15-May-2007,2723.29
Nifty500 Momentum 50,16-May-2007,2740.63
Nifty500 Momentum 50,17-May-2007,2777.29
Nifty500 Momentum 50,18-May-2007,2777.44
Nifty500 Momentum 50,21-May-2007,2771.77
Nifty500 Momentum 50,22-May-2007,2790.55
Nifty500 Momentum 50,23-May-2007,2779.90
Nifty500 Momentum 50,24-May-2007,2774.68
Nifty500 Momentum 50,25-May-2007,2788.88
Nifty500 Momentum 50,28-May-2007,2798.80
Nifty500 Momentum 50,29-May-2007,2832.53
Nifty500 Momentum 50,30-May-2007,2823.24
Nifty500 Momentum 50,31-May-2007,2855.37
Nifty500 Momentum 50,01-Jun-2007,2876.83
Nifty500 Momentum 50,04-Jun-2007,2865.23
Nifty500 Momentum 50,05-Jun-2007,2911.52
Nifty500 Momentum 50,06-Jun-2007,2872.99
Nifty500 Momentum 50,07-Jun-2007,2885.96
Nifty500 Momentum 50,08-Jun-2007,2862.95
Nifty500 Momentum 50,11-Jun-2007,2868.00
Nifty500 Momentum 50,12-Jun-2007,2855.04
Nifty500 Momentum 50,13-Jun-2007,2843.16
Nifty500 Momentum 50,14-Jun-2007,2882.42
Nifty500 Momentum 50,15-Jun-2007,2902.56
Nifty500 Momentum 50,18-Jun-2007,2897.91
Nifty500 Momentum 50,19-Jun-2007,2938.31
Nifty500 Momentum 50,20-Jun-2007,2986.73
Nifty500 Momentum 50,21-Jun-2007,3005.66
Nifty500 Momentum 50,22-Jun-2007,3011.51
Nifty500 Momentum 50,25-Jun-2007,3018.87
Nifty500 Momentum 50,26-Jun-2007,3061.27
Nifty500 Momentum 50,27-Jun-2007,3074.55
Nifty500 Momentum 50,28-Jun-2007,3103.01
Nifty500 Momentum 50,29-Jun-2007,3144.65
Nifty500 Momentum 50,02-Jul-2007,3167.53
Nifty500 Momentum 50,03-Jul-2007,3195.20
Nifty500 Momentum 50,04-Jul-2007,3192.15
Nifty500 Momentum 50,05-Jul-2007,3171.76
Nifty500 Momentum 50,06-Jul-2007,3200.14
Nifty500 Momentum 50,09-Jul-2007,3249.77
Nifty500 Momentum 50,10-Jul-2007,3235.97
Nifty500 Momentum 50,11-Jul-2007,3237.51
Nifty500 Momentum 50,12-Jul-2007,3287.77
Nifty500 Momentum 50,13-Jul-2007,3297.43
Nifty500 Momentum 50,16-Jul-2007,3311.15
Nifty500 Momentum 50,17-Jul-2007,3261.97
Nifty500 Momentum 50,18-Jul-2007,3257.23
Nifty500 Momentum 50,19-Jul-2007,3296.71
Nifty500 Momentum 50,20-Jul-2007,3307.34
Nifty500 Momentum 50,23-Jul-2007,3317.80
Nifty500 Momentum 50,24-Jul-2007,3307.18
Nifty500 Momentum 50,25-Jul-2007,3295.38
Nifty500 Momentum 50,26-Jul-2007,3307.73
Nifty500 Momentum 50,27-Jul-2007,3234.31
Nifty500 Momentum 50,30-Jul-2007,3252.74
Nifty500 Momentum 50,31-Jul-2007,3321.42
Nifty500 Momentum 50,01-Aug-2007,3193.00
Nifty500 Momentum 50,02-Aug-2007,3263.88
Nifty500 Momentum 50,03-Aug-2007,3332.57
Nifty500 Momentum 50,06-Aug-2007,3298.56
Nifty500 Momentum 50,07-Aug-2007,3322.05
Nifty500 Momentum 50,08-Aug-2007,3365.81
Nifty500 Momentum 50,09-Aug-2007,3316.14
Nifty500 Momentum 50,10-Aug-2007,3297.69
Nifty500 Momentum 50,13-Aug-2007,3324.50
Nifty500 Momentum 50,14-Aug-2007,3329.21
Nifty500 Momentum 50,16-Aug-2007,3228.56
Nifty500 Momentum 50,17-Aug-2007,3171.32
Nifty500 Momentum 50,20-Aug-2007,3230.19
Nifty500 Momentum 50,21-Aug-2007,3112.40
Nifty500 Momentum 50,22-Aug-2007,3118.47
Nifty500 Momentum 50,23-Aug-2007,3073.91
Nifty500 Momentum 50,24-Aug-2007,3142.95
Nifty500 Momentum 50,27-Aug-2007,3233.45
Nifty500 Momentum 50,28-Aug-2007,3290.03
Nifty500 Momentum 50,29-Aug-2007,3325.86
Nifty500 Momentum 50,30-Aug-2007,3347.03
Nifty500 Momentum 50,31-Aug-2007,3419.33
Nifty500 Momentum 50,03-Sep-2007,3491.83
Nifty500 Momentum 50,04-Sep-2007,3494.74
Nifty500 Momentum 50,05-Sep-2007,3497.98
Nifty500 Momentum 50,06-Sep-2007,3542.97
Nifty500 Momentum 50,07-Sep-2007,3563.28
Nifty500 Momentum 50,10-Sep-2007,3583.09
Nifty500 Momentum 50,11-Sep-2007,3573.83
Nifty500 Momentum 50,12-Sep-2007,3593.14
Nifty500 Momentum 50,13-Sep-2007,3644.81
Nifty500 Momentum 50,14-Sep-2007,3647.70
Nifty500 Momentum 50,17-Sep-2007,3678.20
Nifty500 Momentum 50,18-Sep-2007,3754.07
Nifty500 Momentum 50,19-Sep-2007,3829.01
Nifty500 Momentum 50,20-Sep-2007,3877.57
Nifty500 Momentum 50,21-Sep-2007,3922.92
Nifty500 Momentum 50,24-Sep-2007,4062.25
Nifty500 Momentum 50,25-Sep-2007,4076.27
Nifty500 Momentum 50,26-Sep-2007,4049.53
Nifty500 Momentum 50,27-Sep-2007,4083.77
Nifty500 Momentum 50,28-Sep-2007,4212.49
Nifty500 Momentum 50,01-Oct-2007,4337.23
Nifty500 Momentum 50,03-Oct-2007,4415.65
Nifty500 Momentum 50,04-Oct-2007,4450.63
Nifty500 Momentum 50,05-Oct-2007,4426.61
Nifty500 Momentum 50,08-Oct-2007,4274.66
Nifty500 Momentum 50,09-Oct-2007,4500.18
Nifty500 Momentum 50,10-Oct-2007,4635.65
Nifty500 Momentum 50,11-Oct-2007,4731.85
Nifty500 Momentum 50,12-Oct-2007,4699.94
Nifty500 Momentum 50,15-Oct-2007,4907.28
Nifty500 Momentum 50,16-Oct-2007,4982.83
Nifty500 Momentum 50,17-Oct-2007,4851.55
Nifty500 Momentum 50,18-Oct-2007,4671.52
Nifty500 Momentum 50,19-Oct-2007,4468.74
Nifty500 Momentum 50,22-Oct-2007,4469.40
Nifty500 Momentum 50,23-Oct-2007,4752.99
Nifty500 Momentum 50,24-Oct-2007,4857.09
Nifty500 Momentum 50,25-Oct-2007,4936.46
Nifty500 Momentum 50,26-Oct-2007,5145.08
Nifty500 Momentum 50,29-Oct-2007,5302.04
Nifty500 Momentum 50,30-Oct-2007,5351.51
Nifty500 Momentum 50,31-Oct-2007,5397.00
Nifty500 Momentum 50,01-Nov-2007,5343.84
Nifty500 Momentum 50,02-Nov-2007,5434.89
Nifty500 Momentum 50,05-Nov-2007,5437.11
Nifty500 Momentum 50,06-Nov-2007,5350.63
Nifty500 Momentum 50,07-Nov-2007,5333.97
Nifty500 Momentum 50,08-Nov-2007,5346.60
Nifty500 Momentum 50,09-Nov-2007,5345.39
Nifty500 Momentum 50,12-Nov-2007,5281.03
Nifty500 Momentum 50,13-Nov-2007,5412.38
Nifty500 Momentum 50,14-Nov-2007,5561.46
Nifty500 Momentum 50,15-Nov-2007,5619.52
Nifty500 Momentum 50,16-Nov-2007,5616.01
Nifty500 Momentum 50,19-Nov-2007,5754.81
Nifty500 Momentum 50,20-Nov-2007,5667.96
Nifty500 Momentum 50,21-Nov-2007,5366.23
Nifty500 Momentum 50,22-Nov-2007,5361.42
Nifty500 Momentum 50,23-Nov-2007,5481.34
Nifty500 Momentum 50,26-Nov-2007,5574.35
Nifty500 Momentum 50,27-Nov-2007,5538.51
Nifty500 Momentum 50,28-Nov-2007,5519.91
Nifty500 Momentum 50,29-Nov-2007,5514.72
Nifty500 Momentum 50,30-Nov-2007,5679.48
Nifty500 Momentum 50,03-Dec-2007,5861.96
Nifty500 Momentum 50,04-Dec-2007,5947.96
Nifty500 Momentum 50,05-Dec-2007,6014.53
Nifty500 Momentum 50,06-Dec-2007,5980.56
Nifty500 Momentum 50,07-Dec-2007,5938.79
Nifty500 Momentum 50,10-Dec-2007,5907.76
Nifty500 Momentum 50,11-Dec-2007,5955.02
Nifty500 Momentum 50,12-Dec-2007,6039.74
Nifty500 Momentum 50,13-Dec-2007,6046.61
Nifty500 Momentum 50,14-Dec-2007,6030.63
Nifty500 Momentum 50,17-Dec-2007,5738.38
Nifty500 Momentum 50,18-Dec-2007,5711.42
Nifty500 Momentum 50,19-Dec-2007,5738.25
Nifty500 Momentum 50,20-Dec-2007,5736.45
Nifty500 Momentum 50,24-Dec-2007,5923.96
Nifty500 Momentum 50,26-Dec-2007,6112.59
Nifty500 Momentum 50,27-Dec-2007,6093.61
Nifty500 Momentum 50,28-Dec-2007,6209.85
Nifty500 Momentum 50,31-Dec-2007,6271.36
Nifty500 Momentum 50,01-Jan-2008,6337.64
Nifty500 Momentum 50,02-Jan-2008,6433.15
Nifty500 Momentum 50,03-Jan-2008,6474.48
Nifty500 Momentum 50,04-Jan-2008,6544.10
Nifty500 Momentum 50,07-Jan-2008,6625.35
Nifty500 Momentum 50,08-Jan-2008,6595.02
Nifty500 Momentum 50,09-Jan-2008,6533.93
Nifty500 Momentum 50,10-Jan-2008,6256.57
Nifty500 Momentum 50,11-Jan-2008,6244.96
Nifty500 Momentum 50,14-Jan-2008,6355.04
Nifty500 Momentum 50,15-Jan-2008,6230.05
Nifty500 Momentum 50,16-Jan-2008,6095.99
Nifty500 Momentum 50,17-Jan-2008,6103.97
Nifty500 Momentum 50,18-Jan-2008,5761.38
Nifty500 Momentum 50,21-Jan-2008,5037.57
Nifty500 Momentum 50,22-Jan-2008,4700.01
Nifty500 Momentum 50,23-Jan-2008,5065.08
Nifty500 Momentum 50,24-Jan-2008,4837.78
Nifty500 Momentum 50,25-Jan-2008,5215.57
Nifty500 Momentum 50,28-Jan-2008,5192.01
Nifty500 Momentum 50,29-Jan-2008,5187.48
Nifty500 Momentum 50,30-Jan-2008,5024.29
Nifty500 Momentum 50,31-Jan-2008,4952.11
Nifty500 Momentum 50,01-Feb-2008,4995.29
Nifty500 Momentum 50,04-Feb-2008,5132.15
Nifty500 Momentum 50,05-Feb-2008,5218.03
Nifty500 Momentum 50,06-Feb-2008,5121.71
Nifty500 Momentum 50,07-Feb-2008,4951.08
Nifty500 Momentum 50,08-Feb-2008,4834.20
Nifty500 Momentum 50,11-Feb-2008,4488.96
Nifty500 Momentum 50,12-Feb-2008,4435.84
Nifty500 Momentum 50,13-Feb-2008,4474.27
Nifty500 Momentum 50,14-Feb-2008,4775.19
Nifty500 Momentum 50,15-Feb-2008,4906.07
Nifty500 Momentum 50,18-Feb-2008,4903.48
Nifty500 Momentum 50,19-Feb-2008,4896.30
Nifty500 Momentum 50,20-Feb-2008,4730.56
Nifty500 Momentum 50,21-Feb-2008,4771.96
Nifty500 Momentum 50,22-Feb-2008,4701.84
Nifty500 Momentum 50,25-Feb-2008,4749.15
Nifty500 Momentum 50,26-Feb-2008,4830.12
Nifty500 Momentum 50,27-Feb-2008,4829.30
Nifty500 Momentum 50,28-Feb-2008,4805.35
Nifty500 Momentum 50,29-Feb-2008,4738.72
Nifty500 Momentum 50,03-Mar-2008,4450.46
Nifty500 Momentum 50,04-Mar-2008,4325.02
Nifty500 Momentum 50,05-Mar-2008,4277.40
Nifty500 Momentum 50,07-Mar-2008,4026.92
Nifty500 Momentum 50,10-Mar-2008,4034.56
Nifty500 Momentum 50,11-Mar-2008,4204.75
Nifty500 Momentum 50,12-Mar-2008,4170.34
Nifty500 Momentum 50,13-Mar-2008,3853.03
Nifty500 Momentum 50,14-Mar-2008,3938.85
Nifty500 Momentum 50,17-Mar-2008,3665.52
Nifty500 Momentum 50,18-Mar-2008,3602.28
Nifty500 Momentum 50,19-Mar-2008,3576.18
Nifty500 Momentum 50,24-Mar-2008,3488.76
Nifty500 Momentum 50,25-Mar-2008,3775.56
Nifty500 Momentum 50,26-Mar-2008,3778.84
Nifty500 Momentum 50,27-Mar-2008,3767.61
Nifty500 Momentum 50,28-Mar-2008,3972.72
Nifty500 Momentum 50,31-Mar-2008,3812.48
Nifty500 Momentum 50,01-Apr-2008,3771.54
Nifty500 Momentum 50,02-Apr-2008,3767.15
Nifty500 Momentum 50,03-Apr-2008,3745.08
Nifty500 Momentum 50,04-Apr-2008,3638.34
Nifty500 Momentum 50,07-Apr-2008,3696.70
Nifty500 Momentum 50,08-Apr-2008,3657.76
Nifty500 Momentum 50,09-Apr-2008,3737.89
Nifty500 Momentum 50,10-Apr-2008,3767.57
Nifty500 Momentum 50,11-Apr-2008,3842.94
Nifty500 Momentum 50,15-Apr-2008,3906.63
Nifty500 Momentum 50,16-Apr-2008,3924.45
Nifty500 Momentum 50,17-Apr-2008,3998.09
Nifty500 Momentum 50,21-Apr-2008,4116.98
Nifty500 Momentum 50,22-Apr-2008,4190.02
Nifty500 Momentum 50,23-Apr-2008,4178.70
Nifty500 Momentum 50,24-Apr-2008,4154.34
Nifty500 Momentum 50,25-Apr-2008,4238.22
Nifty500 Momentum 50,28-Apr-2008,4248.17
Nifty500 Momentum 50,29-Apr-2008,4332.87
Nifty500 Momentum 50,30-Apr-2008,4342.54
Nifty500 Momentum 50,02-May-2008,4436.30
Nifty500 Momentum 50,05-May-2008,4439.44
Nifty500 Momentum 50,06-May-2008,4326.13
Nifty500 Momentum 50,07-May-2008,4316.36
Nifty500 Momentum 50,08-May-2008,4258.43
Nifty500 Momentum 50,09-May-2008,4110.11
Nifty500 Momentum 50,12-May-2008,4112.43
Nifty500 Momentum 50,13-May-2008,4126.70
Nifty500 Momentum 50,14-May-2008,4186.59
Nifty500 Momentum 50,15-May-2008,4286.20
Nifty500 Momentum 50,16-May-2008,4304.31
Nifty500 Momentum 50,20-May-2008,4244.95
Nifty500 Momentum 50,21-May-2008,4302.27
Nifty500 Momentum 50,22-May-2008,4209.34
Nifty500 Momentum 50,23-May-2008,4124.90
Nifty500 Momentum 50,26-May-2008,4005.84
Nifty500 Momentum 50,27-May-2008,3951.54
Nifty500 Momentum 50,28-May-2008,3997.48
Nifty500 Momentum 50,29-May-2008,3980.52
Nifty500 Momentum 50,30-May-2008,3967.01
Nifty500 Momentum 50,02-Jun-2008,3837.98
Nifty500 Momentum 50,03-Jun-2008,3808.85
Nifty500 Momentum 50,04-Jun-2008,3653.05
Nifty500 Momentum 50,05-Jun-2008,3714.16
Nifty500 Momentum 50,06-Jun-2008,3658.94
Nifty500 Momentum 50,09-Jun-2008,3550.20
Nifty500 Momentum 50,10-Jun-2008,3509.95
Nifty500 Momentum 50,11-Jun-2008,3563.46
Nifty500 Momentum 50,12-Jun-2008,3621.43
Nifty500 Momentum 50,13-Jun-2008,3595.98
Nifty500 Momentum 50,16-Jun-2008,3642.09
Nifty500 Momentum 50,17-Jun-2008,3742.77
Nifty500 Momentum 50,18-Jun-2008,3684.73
Nifty500 Momentum 50,19-Jun-2008,3586.71
Nifty500 Momentum 50,20-Jun-2008,3434.79
Nifty500 Momentum 50,23-Jun-2008,3273.73
Nifty500 Momentum 50,24-Jun-2008,3188.96
Nifty500 Momentum 50,25-Jun-2008,3237.08
Nifty500 Momentum 50,26-Jun-2008,3249.35
Nifty500 Momentum 50,27-Jun-2008,3123.45
Nifty500 Momentum 50,30-Jun-2008,3016.59
Nifty500 Momentum 50,01-Jul-2008,2869.91
Nifty500 Momentum 50,02-Jul-2008,3056.95
Nifty500 Momentum 50,03-Jul-2008,2904.64
Nifty500 Momentum 50,04-Jul-2008,3003.93
Nifty500 Momentum 50,07-Jul-2008,3029.43
Nifty500 Momentum 50,08-Jul-2008,3011.02
Nifty500 Momentum 50,09-Jul-2008,3145.40
Nifty500 Momentum 50,10-Jul-2008,3177.41
Nifty500 Momentum 50,11-Jul-2008,3065.25
Nifty500 Momentum 50,14-Jul-2008,3082.44
Nifty500 Momentum 50,15-Jul-2008,2951.61
Nifty500 Momentum 50,16-Jul-2008,2899.17
Nifty500 Momentum 50,17-Jul-2008,2977.31
Nifty500 Momentum 50,18-Jul-2008,3054.42
Nifty500 Momentum 50,21-Jul-2008,3068.55
Nifty500 Momentum 50,22-Jul-2008,3178.94
Nifty500 Momentum 50,23-Jul-2008,3432.68
Nifty500 Momentum 50,24-Jul-2008,3403.48
Nifty500 Momentum 50,25-Jul-2008,3334.19
Nifty500 Momentum 50,28-Jul-2008,3363.13
Nifty500 Momentum 50,29-Jul-2008,3231.08
Nifty500 Momentum 50,30-Jul-2008,3354.84
Nifty500 Momentum 50,31-Jul-2008,3380.72
Nifty500 Momentum 50,01-Aug-2008,3467.49
Nifty500 Momentum 50,04-Aug-2008,3504.90
Nifty500 Momentum 50,05-Aug-2008,3559.76
Nifty500 Momentum 50,06-Aug-2008,3512.89
Nifty500 Momentum 50,07-Aug-2008,3510.74
Nifty500 Momentum 50,08-Aug-2008,3538.23
Nifty500 Momentum 50,11-Aug-2008,3626.57
Nifty500 Momentum 50,12-Aug-2008,3558.15
Nifty500 Momentum 50,13-Aug-2008,3542.44
Nifty500 Momentum 50,14-Aug-2008,3439.52
Nifty500 Momentum 50,18-Aug-2008,3389.65
Nifty500 Momentum 50,19-Aug-2008,3388.76
Nifty500 Momentum 50,20-Aug-2008,3450.68
Nifty500 Momentum 50,21-Aug-2008,3347.29
Nifty500 Momentum 50,22-Aug-2008,3377.76
Nifty500 Momentum 50,25-Aug-2008,3376.42
Nifty500 Momentum 50,26-Aug-2008,3389.80
Nifty500 Momentum 50,27-Aug-2008,3339.78
Nifty500 Momentum 50,28-Aug-2008,3293.90
Nifty500 Momentum 50,29-Aug-2008,3417.33
Nifty500 Momentum 50,01-Sep-2008,3405.22
Nifty500 Momentum 50,02-Sep-2008,3501.80
Nifty500 Momentum 50,04-Sep-2008,3472.55
Nifty500 Momentum 50,05-Sep-2008,3387.71
Nifty500 Momentum 50,08-Sep-2008,3454.64
Nifty500 Momentum 50,09-Sep-2008,3413.07
Nifty500 Momentum 50,10-Sep-2008,3379.51
Nifty500 Momentum 50,11-Sep-2008,3335.09
Nifty500 Momentum 50,12-Sep-2008,3290.18
Nifty500 Momentum 50,15-Sep-2008,3155.49
Nifty500 Momentum 50,16-Sep-2008,3112.75
Nifty500 Momentum 50,17-Sep-2008,3057.93
Nifty500 Momentum 50,18-Sep-2008,3043.52
Nifty500 Momentum 50,19-Sep-2008,3143.48
Nifty500 Momentum 50,22-Sep-2008,3145.28
Nifty500 Momentum 50,23-Sep-2008,3095.03
Nifty500 Momentum 50,24-Sep-2008,3125.81
Nifty500 Momentum 50,25-Sep-2008,3107.46
Nifty500 Momentum 50,26-Sep-2008,3028.59
Nifty500 Momentum 50,29-Sep-2008,2913.53
Nifty500 Momentum 50,30-Sep-2008,2954.84
Nifty500 Momentum 50,01-Oct-2008,2963.73
Nifty500 Momentum 50,03-Oct-2008,2887.10
Nifty500 Momentum 50,06-Oct-2008,2697.58
Nifty500 Momentum 50,07-Oct-2008,2672.64
Nifty500 Momentum 50,08-Oct-2008,2587.02
Nifty500 Momentum 50,10-Oct-2008,2399.31
Nifty500 Momentum 50,13-Oct-2008,2472.60
Nifty500 Momentum 50,14-Oct-2008,2534.65
Nifty500 Momentum 50,15-Oct-2008,2435.58
Nifty500 Momentum 50,16-Oct-2008,2411.75
Nifty500 Momentum 50,17-Oct-2008,2343.57
Nifty500 Momentum 50,20-Oct-2008,2339.24
Nifty500 Momentum 50,21-Oct-2008,2400.33
Nifty500 Momentum 50,22-Oct-2008,2341.81
Nifty500 Momentum 50,23-Oct-2008,2238.71
Nifty500 Momentum 50,24-Oct-2008,2066.94
Nifty500 Momentum 50,27-Oct-2008,1971.49
Nifty500 Momentum 50,28-Oct-2008,2080.77
Nifty500 Momentum 50,29-Oct-2008,2054.29
Nifty500 Momentum 50,31-Oct-2008,2145.51
Nifty500 Momentum 50,03-Nov-2008,2240.25
Nifty500 Momentum 50,04-Nov-2008,2287.45
Nifty500 Momentum 50,05-Nov-2008,2250.63
Nifty500 Momentum 50,06-Nov-2008,2209.35
Nifty500 Momentum 50,07-Nov-2008,2240.00
Nifty500 Momentum 50,10-Nov-2008,2329.75
Nifty500 Momentum 50,11-Nov-2008,2251.00
Nifty500 Momentum 50,12-Nov-2008,2208.99
Nifty500 Momentum 50,14-Nov-2008,2185.66
Nifty500 Momentum 50,17-Nov-2008,2157.43
Nifty500 Momentum 50,18-Nov-2008,2114.36
Nifty500 Momentum 50,19-Nov-2008,2088.27
Nifty500 Momentum 50,20-Nov-2008,2021.31
Nifty500 Momentum 50,21-Nov-2008,2041.32
Nifty500 Momentum 50,24-Nov-2008,2049.75
Nifty500 Momentum 50,25-Nov-2008,2038.39
Nifty500 Momentum 50,26-Nov-2008,2078.06
Nifty500 Momentum 50,28-Nov-2008,2090.64
Nifty500 Momentum 50,01-Dec-2008,2041.22
Nifty500 Momentum 50,02-Dec-2008,2027.55
Nifty500 Momentum 50,03-Dec-2008,2030.21
Nifty500 Momentum 50,04-Dec-2008,2075.35
Nifty500 Momentum 50,05-Dec-2008,2054.45
Nifty500 Momentum 50,08-Dec-2008,2074.29
Nifty500 Momentum 50,10-Dec-2008,2115.58
Nifty500 Momentum 50,11-Dec-2008,2133.51
Nifty500 Momentum 50,12-Dec-2008,2138.29
Nifty500 Momentum 50,15-Dec-2008,2195.46
Nifty500 Momentum 50,16-Dec-2008,2242.80
Nifty500 Momentum 50,17-Dec-2008,2181.07
Nifty500 Momentum 50,18-Dec-2008,2220.24
Nifty500 Momentum 50,19-Dec-2008,2235.42
Nifty500 Momentum 50,22-Dec-2008,2212.46
Nifty500 Momentum 50,23-Dec-2008,2172.57
Nifty500 Momentum 50,24-Dec-2008,2163.49
Nifty500 Momentum 50,26-Dec-2008,2162.43
Nifty500 Momentum 50,29-Dec-2008,2209.36
Nifty500 Momentum 50,30-Dec-2008,2232.77
Nifty500 Momentum 50,31-Dec-2008,2245.10
Nifty500 Momentum 50,01-Jan-2009,2276.53
Nifty500 Momentum 50,02-Jan-2009,2288.49
Nifty500 Momentum 50,05-Jan-2009,2303.79
Nifty500 Momentum 50,06-Jan-2009,2304.57
Nifty500 Momentum 50,07-Jan-2009,2211.78
Nifty500 Momentum 50,09-Jan-2009,2189.59
Nifty500 Momentum 50,12-Jan-2009,2153.17
Nifty500 Momentum 50,13-Jan-2009,2123.96
Nifty500 Momentum 50,14-Jan-2009,2174.86
Nifty500 Momentum 50,15-Jan-2009,2140.30
Nifty500 Momentum 50,16-Jan-2009,2172.79
Nifty500 Momentum 50,19-Jan-2009,2183.88
Nifty500 Momentum 50,20-Jan-2009,2160.76
Nifty500 Momentum 50,21-Jan-2009,2123.45
Nifty500 Momentum 50,22-Jan-2009,2109.09
Nifty500 Momentum 50,23-Jan-2009,2101.61
Nifty500 Momentum 50,27-Jan-2009,2132.09
Nifty500 Momentum 50,28-Jan-2009,2174.42
Nifty500 Momentum 50,29-Jan-2009,2149.35
Nifty500 Momentum 50,30-Jan-2009,2176.73
Nifty500 Momentum 50,02-Feb-2009,2131.98
Nifty500 Momentum 50,03-Feb-2009,2129.31
Nifty500 Momentum 50,04-Feb-2009,2133.80
Nifty500 Momentum 50,05-Feb-2009,2131.48
Nifty500 Momentum 50,06-Feb-2009,2155.52
Nifty500 Momentum 50,09-Feb-2009,2182.79
Nifty500 Momentum 50,10-Feb-2009,2198.54
Nifty500 Momentum 50,11-Feb-2009,2191.46
Nifty500 Momentum 50,12-Feb-2009,2201.13
Nifty500 Momentum 50,13-Feb-2009,2225.57
Nifty500 Momentum 50,16-Feb-2009,2166.60
Nifty500 Momentum 50,17-Feb-2009,2135.31
Nifty500 Momentum 50,18-Feb-2009,2125.97
Nifty500 Momentum 50,19-Feb-2009,2122.53
Nifty500 Momentum 50,20-Feb-2009,2102.09
Nifty500 Momentum 50,24-Feb-2009,2086.01
Nifty500 Momentum 50,25-Feb-2009,2099.41
Nifty500 Momentum 50,26-Feb-2009,2101.04
Nifty500 Momentum 50,27-Feb-2009,2099.33
Nifty500 Momentum 50,02-Mar-2009,2054.50
Nifty500 Momentum 50,03-Mar-2009,2023.99
Nifty500 Momentum 50,04-Mar-2009,2043.07
Nifty500 Momentum 50,05-Mar-2009,2002.28
Nifty500 Momentum 50,06-Mar-2009,1999.12
Nifty500 Momentum 50,09-Mar-2009,1983.27
Nifty500 Momentum 50,12-Mar-2009,2013.01
Nifty500 Momentum 50,13-Mar-2009,2056.03
Nifty500 Momentum 50,16-Mar-2009,2111.74
Nifty500 Momentum 50,17-Mar-2009,2123.57
Nifty500 Momentum 50,18-Mar-2009,2178.60
Nifty500 Momentum 50,19-Mar-2009,2191.72
Nifty500 Momentum 50,20-Mar-2009,2154.96
Nifty500 Momentum 50,23-Mar-2009,2226.03
Nifty500 Momentum 50,24-Mar-2009,2221.69
Nifty500 Momentum 50,25-Mar-2009,2236.48
Nifty500 Momentum 50,26-Mar-2009,2207.07
Nifty500 Momentum 50,27-Mar-2009,2237.43
Nifty500 Momentum 50,30-Mar-2009,2211.80
Nifty500 Momentum 50,31-Mar-2009,2248.52
Nifty500 Momentum 50,01-Apr-2009,2232.79
Nifty500 Momentum 50,02-Apr-2009,2273.79
Nifty500 Momentum 50,06-Apr-2009,2274.66
Nifty500 Momentum 50,08-Apr-2009,2339.76
Nifty500 Momentum 50,09-Apr-2009,2326.28
Nifty500 Momentum 50,13-Apr-2009,2334.55
Nifty500 Momentum 50,15-Apr-2009,2391.72
Nifty500 Momentum 50,16-Apr-2009,2353.17
Nifty500 Momentum 50,17-Apr-2009,2364.85
Nifty500 Momentum 50,20-Apr-2009,2388.54
Nifty500 Momentum 50,21-Apr-2009,2376.58
Nifty500 Momentum 50,22-Apr-2009,2345.01
Nifty500 Momentum 50,23-Apr-2009,2375.65
Nifty500 Momentum 50,24-Apr-2009,2395.75
Nifty500 Momentum 50,27-Apr-2009,2381.07
Nifty500 Momentum 50,28-Apr-2009,2331.69
Nifty500 Momentum 50,29-Apr-2009,2377.39
Nifty500 Momentum 50,04-May-2009,2437.19
Nifty500 Momentum 50,05-May-2009,2433.82
Nifty500 Momentum 50,06-May-2009,2407.80
Nifty500 Momentum 50,07-May-2009,2426.27
Nifty500 Momentum 50,08-May-2009,2416.36
Nifty500 Momentum 50,11-May-2009,2380.03
Nifty500 Momentum 50,12-May-2009,2416.95
Nifty500 Momentum 50,13-May-2009,2400.87
Nifty500 Momentum 50,14-May-2009,2408.43
Nifty500 Momentum 50,15-May-2009,2432.16
Nifty500 Momentum 50,18-May-2009,2751.46
Nifty500 Momentum 50,19-May-2009,2725.66
Nifty500 Momentum 50,20-May-2009,2792.04
Nifty500 Momentum 50,21-May-2009,2764.44
Nifty500 Momentum 50,22-May-2009,2776.20
Nifty500 Momentum 50,25-May-2009,2807.26
Nifty500 Momentum 50,26-May-2009,2712.84
Nifty500 Momentum 50,27-May-2009,2759.40
Nifty500 Momentum 50,28-May-2009,2761.87
Nifty500 Momentum 50,29-May-2009,2804.07
Nifty500 Momentum 50,01-Jun-2009,2885.17
Nifty500 Momentum 50,02-Jun-2009,2874.03
Nifty500 Momentum 50,03-Jun-2009,2914.39
Nifty500 Momentum 50,04-Jun-2009,2978.11
Nifty500 Momentum 50,05-Jun-2009,2988.86
Nifty500 Momentum 50,08-Jun-2009,2874.37
Nifty500 Momentum 50,09-Jun-2009,2925.26
Nifty500 Momentum 50,10-Jun-2009,2968.08
Nifty500 Momentum 50,11-Jun-2009,2968.94
Nifty500 Momentum 50,12-Jun-2009,2932.37
Nifty500 Momentum 50,15-Jun-2009,2891.56
Nifty500 Momentum 50,16-Jun-2009,2938.88
Nifty500 Momentum 50,17-Jun-2009,2851.86
Nifty500 Momentum 50,18-Jun-2009,2792.49
Nifty500 Momentum 50,19-Jun-2009,2818.50
Nifty500 Momentum 50,22-Jun-2009,2790.33
Nifty500 Momentum 50,23-Jun-2009,2785.52
Nifty500 Momentum 50,24-Jun-2009,2835.79
Nifty500 Momentum 50,25-Jun-2009,2804.29
Nifty500 Momentum 50,26-Jun-2009,2838.47
Nifty500 Momentum 50,29-Jun-2009,2873.35
Nifty500 Momentum 50,30-Jun-2009,2813.52
Nifty500 Momentum 50,01-Jul-2009,2849.98
Nifty500 Momentum 50,02-Jul-2009,2856.95
Nifty500 Momentum 50,03-Jul-2009,2877.28
Nifty500 Momentum 50,06-Jul-2009,2760.75
Nifty500 Momentum 50,07-Jul-2009,2801.69
Nifty500 Momentum 50,08-Jul-2009,2775.03
Nifty500 Momentum 50,09-Jul-2009,2808.14
Nifty500 Momentum 50,10-Jul-2009,2767.83
Nifty500 Momentum 50,13-Jul-2009,2749.56
Nifty500 Momentum 50,14-Jul-2009,2837.44
Nifty500 Momentum 50,15-Jul-2009,2913.28
Nifty500 Momentum 50,16-Jul-2009,2913.91
Nifty500 Momentum 50,17-Jul-2009,2968.42
Nifty500 Momentum 50,20-Jul-2009,3025.10
Nifty500 Momentum 50,21-Jul-2009,3013.63
Nifty500 Momentum 50,22-Jul-2009,2974.45
Nifty500 Momentum 50,23-Jul-2009,3051.37
Nifty500 Momentum 50,24-Jul-2009,3078.82
Nifty500 Momentum 50,27-Jul-2009,3108.52
Nifty500 Momentum 50,28-Jul-2009,3102.86
Nifty500 Momentum 50,29-Jul-2009,3072.07
Nifty500 Momentum 50,30-Jul-2009,3098.39
Nifty500 Momentum 50,31-Jul-2009,3113.00
Nifty500 Momentum 50,03-Aug-2009,3133.96
Nifty500 Momentum 50,04-Aug-2009,3140.19
Nifty500 Momentum 50,05-Aug-2009,3128.99
Nifty500 Momentum 50,06-Aug-2009,3066.91
Nifty500 Momentum 50,07-Aug-2009,3016.91
Nifty500 Momentum 50,10-Aug-2009,2957.59
Nifty500 Momentum 50,11-Aug-2009,2973.51
Nifty500 Momentum 50,12-Aug-2009,2978.15
Nifty500 Momentum 50,13-Aug-2009,3066.59
Nifty500 Momentum 50,14-Aug-2009,3039.42
Nifty500 Momentum 50,17-Aug-2009,2937.64
Nifty500 Momentum 50,18-Aug-2009,2982.18
Nifty500 Momentum 50,19-Aug-2009,2942.61
Nifty500 Momentum 50,20-Aug-2009,2987.18
Nifty500 Momentum 50,21-Aug-2009,3016.55
Nifty500 Momentum 50,24-Aug-2009,3066.52
Nifty500 Momentum 50,25-Aug-2009,3063.44
Nifty500 Momentum 50,26-Aug-2009,3077.72
Nifty500 Momentum 50,27-Aug-2009,3082.91
Nifty500 Momentum 50,28-Aug-2009,3104.16
Nifty500 Momentum 50,31-Aug-2009,3114.45
Nifty500 Momentum 50,01-Sep-2009,3105.32
Nifty500 Momentum 50,02-Sep-2009,3102.63
Nifty500 Momentum 50,03-Sep-2009,3097.53
Nifty500 Momentum 50,04-Sep-2009,3134.67
Nifty500 Momentum 50,07-Sep-2009,3174.33
Nifty500 Momentum 50,08-Sep-2009,3155.39
Nifty500 Momentum 50,09-Sep-2009,3141.91
Nifty500 Momentum 50,10-Sep-2009,3130.24
Nifty500 Momentum 50,11-Sep-2009,3108.59
Nifty500 Momentum 50,14-Sep-2009,3107.44
Nifty500 Momentum 50,15-Sep-2009,3168.30
Nifty500 Momentum 50,16-Sep-2009,3199.88
Nifty500 Momentum 50,17-Sep-2009,3201.26
Nifty500 Momentum 50,18-Sep-2009,3217.41
Nifty500 Momentum 50,22-Sep-2009,3248.81
Nifty500 Momentum 50,23-Sep-2009,3227.08
Nifty500 Momentum 50,24-Sep-2009,3234.43
Nifty500 Momentum 50,25-Sep-2009,3262.27
Nifty500 Momentum 50,29-Sep-2009,3276.84
Nifty500 Momentum 50,30-Sep-2009,3297.55
Nifty500 Momentum 50,01-Oct-2009,3283.17
Nifty500 Momentum 50,05-Oct-2009,3257.21
Nifty500 Momentum 50,06-Oct-2009,3264.32
Nifty500 Momentum 50,07-Oct-2009,3263.03
Nifty500 Momentum 50,08-Oct-2009,3276.26
Nifty500 Momentum 50,09-Oct-2009,3258.50
Nifty500 Momentum 50,12-Oct-2009,3300.62
Nifty500 Momentum 50,14-Oct-2009,3337.92
Nifty500 Momentum 50,15-Oct-2009,3350.38
Nifty500 Momentum 50,16-Oct-2009,3359.82
Nifty500 Momentum 50,17-Oct-2009,3369.43
Nifty500 Momentum 50,20-Oct-2009,3352.99
Nifty500 Momentum 50,21-Oct-2009,3306.15
Nifty500 Momentum 50,22-Oct-2009,3263.57
Nifty500 Momentum 50,23-Oct-2009,3294.70
Nifty500 Momentum 50,26-Oct-2009,3269.36
Nifty500 Momentum 50,27-Oct-2009,3193.92
Nifty500 Momentum 50,28-Oct-2009,3207.70
Nifty500 Momentum 50,29-Oct-2009,3163.88
Nifty500 Momentum 50,30-Oct-2009,3147.69
Nifty500 Momentum 50,03-Nov-2009,3046.06
Nifty500 Momentum 50,04-Nov-2009,3133.86
Nifty500 Momentum 50,05-Nov-2009,3208.09
Nifty500 Momentum 50,06-Nov-2009,3253.61
Nifty500 Momentum 50,09-Nov-2009,3332.76
Nifty500 Momentum 50,10-Nov-2009,3313.36
Nifty500 Momentum 50,11-Nov-2009,3407.69
Nifty500 Momentum 50,12-Nov-2009,3376.01
Nifty500 Momentum 50,13-Nov-2009,3399.09
Nifty500 Momentum 50,16-Nov-2009,3434.82
Nifty500 Momentum 50,17-Nov-2009,3438.50
Nifty500 Momentum 50,18-Nov-2009,3449.66
Nifty500 Momentum 50,19-Nov-2009,3390.95
Nifty500 Momentum 50,20-Nov-2009,3416.72
Nifty500 Momentum 50,23-Nov-2009,3434.64
Nifty500 Momentum 50,24-Nov-2009,3446.07
Nifty500 Momentum 50,25-Nov-2009,3449.55
Nifty500 Momentum 50,26-Nov-2009,3390.57
Nifty500 Momentum 50,27-Nov-2009,3372.61
Nifty500 Momentum 50,30-Nov-2009,3416.88
Nifty500 Momentum 50,01-Dec-2009,3486.72
Nifty500 Momentum 50,02-Dec-2009,3491.00
Nifty500 Momentum 50,03-Dec-2009,3517.81
Nifty500 Momentum 50,04-Dec-2009,3496.67
Nifty500 Momentum 50,07-Dec-2009,3475.94
Nifty500 Momentum 50,08-Dec-2009,3510.81
Nifty500 Momentum 50,09-Dec-2009,3512.91
Nifty500 Momentum 50,10-Dec-2009,3500.48
Nifty500 Momentum 50,11-Dec-2009,3495.68
Nifty500 Momentum 50,14-Dec-2009,3499.53
Nifty500 Momentum 50,15-Dec-2009,3448.43
Nifty500 Momentum 50,16-Dec-2009,3470.33
Nifty500 Momentum 50,17-Dec-2009,3495.20
Nifty500 Momentum 50,18-Dec-2009,3487.30
Nifty500 Momentum 50,21-Dec-2009,3458.18
Nifty500 Momentum 50,22-Dec-2009,3485.70
Nifty500 Momentum 50,23-Dec-2009,3548.24
Nifty500 Momentum 50,24-Dec-2009,3573.03
Nifty500 Momentum 50,29-Dec-2009,3584.82
Nifty500 Momentum 50,30-Dec-2009,3598.87
Nifty500 Momentum 50,31-Dec-2009,3620.51
Nifty500 Momentum 50,04-Jan-2010,3670.26
Nifty500 Momentum 50,05-Jan-2010,3692.10
Nifty500 Momentum 50,06-Jan-2010,3684.76
Nifty500 Momentum 50,07-Jan-2010,3672.69
Nifty500 Momentum 50,08-Jan-2010,3662.77
Nifty500 Momentum 50,11-Jan-2010,3684.67
Nifty500 Momentum 50,12-Jan-2010,3694.14
Nifty500 Momentum 50,13-Jan-2010,3717.95
Nifty500 Momentum 50,14-Jan-2010,3737.17
Nifty500 Momentum 50,15-Jan-2010,3746.33
Nifty500 Momentum 50,18-Jan-2010,3762.03
Nifty500 Momentum 50,19-Jan-2010,3739.37
Nifty500 Momentum 50,20-Jan-2010,3744.38
Nifty500 Momentum 50,21-Jan-2010,3667.29
Nifty500 Momentum 50,22-Jan-2010,3649.59
Nifty500 Momentum 50,25-Jan-2010,3564.12
Nifty500 Momentum 50,27-Jan-2010,3376.15
Nifty500 Momentum 50,28-Jan-2010,3406.31
Nifty500 Momentum 50,29-Jan-2010,3406.59
Nifty500 Momentum 50,01-Feb-2010,3462.33
Nifty500 Momentum 50,02-Feb-2010,3429.78
Nifty500 Momentum 50,03-Feb-2010,3497.87
Nifty500 Momentum 50,04-Feb-2010,3419.90
Nifty500 Momentum 50,05-Feb-2010,3354.01
Nifty500 Momentum 50,06-Feb-2010,3397.13
Nifty500 Momentum 50,08-Feb-2010,3390.29
Nifty500 Momentum 50,09-Feb-2010,3423.81
Nifty500 Momentum 50,10-Feb-2010,3421.95
Nifty500 Momentum 50,11-Feb-2010,3479.81
Nifty500 Momentum 50,15-Feb-2010,3489.94
Nifty500 Momentum 50,16-Feb-2010,3521.86
Nifty500 Momentum 50,17-Feb-2010,3552.90
Nifty500 Momentum 50,18-Feb-2010,3523.81
Nifty500 Momentum 50,19-Feb-2010,3495.85
Nifty500 Momentum 50,22-Feb-2010,3498.14
Nifty500 Momentum 50,23-Feb-2010,3472.32
Nifty500 Momentum 50,24-Feb-2010,3456.65
Nifty500 Momentum 50,25-Feb-2010,3415.31
Nifty500 Momentum 50,26-Feb-2010,3476.18
Nifty500 Momentum 50,02-Mar-2010,3575.48
Nifty500 Momentum 50,03-Mar-2010,3629.09
Nifty500 Momentum 50,04-Mar-2010,3639.44
Nifty500 Momentum 50,05-Mar-2010,3650.13
Nifty500 Momentum 50,08-Mar-2010,3687.49
Nifty500 Momentum 50,09-Mar-2010,3669.44
Nifty500 Momentum 50,10-Mar-2010,3662.54
Nifty500 Momentum 50,11-Mar-2010,3652.18
Nifty500 Momentum 50,12-Mar-2010,3660.01
Nifty500 Momentum 50,15-Mar-2010,3646.13
Nifty500 Momentum 50,16-Mar-2010,3683.87
Nifty500 Momentum 50,17-Mar-2010,3693.10
Nifty500 Momentum 50,18-Mar-2010,3683.76
Nifty500 Momentum 50,19-Mar-2010,3686.13
Nifty500 Momentum 50,22-Mar-2010,3648.26
Nifty500 Momentum 50,23-Mar-2010,3639.50
Nifty500 Momentum 50,25-Mar-2010,3664.95
Nifty500 Momentum 50,26-Mar-2010,3700.16
Nifty500 Momentum 50,29-Mar-2010,3698.75
Nifty500 Momentum 50,30-Mar-2010,3667.66
Nifty500 Momentum 50,31-Mar-2010,3676.88
Nifty500 Momentum 50,01-Apr-2010,3711.57
Nifty500 Momentum 50,05-Apr-2010,3769.62
Nifty500 Momentum 50,06-Apr-2010,3752.72
Nifty500 Momentum 50,07-Apr-2010,3760.20
Nifty500 Momentum 50,08-Apr-2010,3744.67
Nifty500 Momentum 50,09-Apr-2010,3750.10
Nifty500 Momentum 50,12-Apr-2010,3743.11
Nifty500 Momentum 50,13-Apr-2010,3756.16
Nifty500 Momentum 50,15-Apr-2010,3757.75
Nifty500 Momentum 50,16-Apr-2010,3742.92
Nifty500 Momentum 50,19-Apr-2010,3708.15
Nifty500 Momentum 50,20-Apr-2010,3724.79
Nifty500 Momentum 50,21-Apr-2010,3773.61
Nifty500 Momentum 50,22-Apr-2010,3792.72
Nifty500 Momentum 50,23-Apr-2010,3798.95
Nifty500 Momentum 50,26-Apr-2010,3824.96
Nifty500 Momentum 50,27-Apr-2010,3814.38
Nifty500 Momentum 50,28-Apr-2010,3762.04
Nifty500 Momentum 50,29-Apr-2010,3794.39
Nifty500 Momentum 50,30-Apr-2010,3813.99
Nifty500 Momentum 50,03-May-2010,3765.30
Nifty500 Momentum 50,04-May-2010,3712.97
Nifty500 Momentum 50,05-May-2010,3726.24
Nifty500 Momentum 50,06-May-2010,3707.81
Nifty500 Momentum 50,07-May-2010,3601.48
Nifty500 Momentum 50,10-May-2010,3721.04
Nifty500 Momentum 50,11-May-2010,3682.42
Nifty500 Momentum 50,12-May-2010,3708.48
Nifty500 Momentum 50,13-May-2010,3745.76
Nifty500 Momentum 50,14-May-2010,3705.52
Nifty500 Momentum 50,17-May-2010,3679.26
Nifty500 Momentum 50,18-May-2010,3682.63
Nifty500 Momentum 50,19-May-2010,3573.40
Nifty500 Momentum 50,20-May-2010,3580.81
Nifty500 Momentum 50,21-May-2010,3535.80
Nifty500 Momentum 50,24-May-2010,3533.05
Nifty500 Momentum 50,25-May-2010,3413.59
Nifty500 Momentum 50,26-May-2010,3483.50
Nifty500 Momentum 50,27-May-2010,3521.15
Nifty500 Momentum 50,28-May-2010,3584.77
Nifty500 Momentum 50,31-May-2010,3632.28
Nifty500 Momentum 50,01-Jun-2010,3562.49
Nifty500 Momentum 50,02-Jun-2010,3595.28
Nifty500 Momentum 50,03-Jun-2010,3653.55
Nifty500 Momentum 50,04-Jun-2010,3657.99
Nifty500 Momentum 50,07-Jun-2010,3580.74
Nifty500 Momentum 50,08-Jun-2010,3551.48
Nifty500 Momentum 50,09-Jun-2010,3558.05
Nifty500 Momentum 50,10-Jun-2010,3615.65
Nifty500 Momentum 50,11-Jun-2010,3642.99
Nifty500 Momentum 50,14-Jun-2010,3672.80
Nifty500 Momentum 50,15-Jun-2010,3684.20
Nifty500 Momentum 50,16-Jun-2010,3695.76
Nifty500 Momentum 50,17-Jun-2010,3724.12
Nifty500 Momentum 50,18-Jun-2010,3707.23
Nifty500 Momentum 50,21-Jun-2010,3766.21
Nifty500 Momentum 50,22-Jun-2010,3742.37
Nifty500 Momentum 50,23-Jun-2010,3762.71
Nifty500 Momentum 50,24-Jun-2010,3754.76
Nifty500 Momentum 50,25-Jun-2010,3718.93
Nifty500 Momentum 50,28-Jun-2010,3757.21
Nifty500 Momentum 50,29-Jun-2010,3713.48
Nifty500 Momentum 50,30-Jun-2010,3723.51
Nifty500 Momentum 50,01-Jul-2010,3706.19
Nifty500 Momentum 50,02-Jul-2010,3710.11
Nifty500 Momentum 50,05-Jul-2010,3727.98
Nifty500 Momentum 50,06-Jul-2010,3765.30
Nifty500 Momentum 50,07-Jul-2010,3745.84
Nifty500 Momentum 50,08-Jul-2010,3785.96
Nifty500 Momentum 50,09-Jul-2010,3807.33
Nifty500 Momentum 50,12-Jul-2010,3831.17
Nifty500 Momentum 50,13-Jul-2010,3832.97
Nifty500 Momentum 50,14-Jul-2010,3830.38
Nifty500 Momentum 50,15-Jul-2010,3828.73
Nifty500 Momentum 50,16-Jul-2010,3875.50
Nifty500 Momentum 50,19-Jul-2010,3878.85
Nifty500 Momentum 50,20-Jul-2010,3864.58
Nifty500 Momentum 50,21-Jul-2010,3894.53
Nifty500 Momentum 50,22-Jul-2010,3912.90
Nifty500 Momentum 50,23-Jul-2010,3902.21
Nifty500 Momentum 50,26-Jul-2010,3883.79
Nifty500 Momentum 50,27-Jul-2010,3905.55
Nifty500 Momentum 50,28-Jul-2010,3893.90
Nifty500 Momentum 50,29-Jul-2010,3904.15
Nifty500 Momentum 50,30-Jul-2010,3899.15
Nifty500 Momentum 50,02-Aug-2010,3934.61
Nifty500 Momentum 50,03-Aug-2010,3947.18
Nifty500 Momentum 50,04-Aug-2010,3982.50
Nifty500 Momentum 50,05-Aug-2010,3983.49
Nifty500 Momentum 50,06-Aug-2010,3985.88
Nifty500 Momentum 50,09-Aug-2010,4030.25
Nifty500 Momentum 50,10-Aug-2010,4022.83
Nifty500 Momentum 50,11-Aug-2010,3999.66
Nifty500 Momentum 50,12-Aug-2010,4014.14
Nifty500 Momentum 50,13-Aug-2010,4038.29
Nifty500 Momentum 50,16-Aug-2010,4015.81
Nifty500 Momentum 50,17-Aug-2010,4032.46
Nifty500 Momentum 50,18-Aug-2010,4104.66
Nifty500 Momentum 50,19-Aug-2010,4160.14
Nifty500 Momentum 50,20-Aug-2010,4153.00
Nifty500 Momentum 50,23-Aug-2010,4166.65
Nifty500 Momentum 50,24-Aug-2010,4153.15
Nifty500 Momentum 50,25-Aug-2010,4096.74
Nifty500 Momentum 50,26-Aug-2010,4112.56
Nifty500 Momentum 50,27-Aug-2010,4067.61
Nifty500 Momentum 50,30-Aug-2010,4067.36
Nifty500 Momentum 50,31-Aug-2010,4040.61
Nifty500 Momentum 50,01-Sep-2010,4099.17
Nifty500 Momentum 50,02-Sep-2010,4119.93
Nifty500 Momentum 50,03-Sep-2010,4152.22
Nifty500 Momentum 50,06-Sep-2010,4244.26
Nifty500 Momentum 50,07-Sep-2010,4249.95
Nifty500 Momentum 50,08-Sep-2010,4255.62
Nifty500 Momentum 50,09-Sep-2010,4237.01
Nifty500 Momentum 50,13-Sep-2010,4283.35
Nifty500 Momentum 50,14-Sep-2010,4282.08
Nifty500 Momentum 50,15-Sep-2010,4317.00
Nifty500 Momentum 50,16-Sep-2010,4280.11
Nifty500 Momentum 50,17-Sep-2010,4334.74
Nifty500 Momentum 50,20-Sep-2010,4365.77
Nifty500 Momentum 50,21-Sep-2010,4370.01
Nifty500 Momentum 50,22-Sep-2010,4339.23
Nifty500 Momentum 50,23-Sep-2010,4318.20
Nifty500 Momentum 50,24-Sep-2010,4360.25
Nifty500 Momentum 50,27-Sep-2010,4373.57
Nifty500 Momentum 50,28-Sep-2010,4368.73
Nifty500 Momentum 50,29-Sep-2010,4361.60
Nifty500 Momentum 50,30-Sep-2010,4356.48
Nifty500 Momentum 50,01-Oct-2010,4428.27
Nifty500 Momentum 50,04-Oct-2010,4462.01
Nifty500 Momentum 50,05-Oct-2010,4501.62
Nifty500 Momentum 50,06-Oct-2010,4547.83
Nifty500 Momentum 50,07-Oct-2010,4507.57
Nifty500 Momentum 50,08-Oct-2010,4470.32
Nifty500 Momentum 50,11-Oct-2010,4524.55
Nifty500 Momentum 50,12-Oct-2010,4500.69
Nifty500 Momentum 50,13-Oct-2010,4537.00
Nifty500 Momentum 50,14-Oct-2010,4527.83
Nifty500 Momentum 50,15-Oct-2010,4458.02
Nifty500 Momentum 50,18-Oct-2010,4431.18
Nifty500 Momentum 50,19-Oct-2010,4421.86
Nifty500 Momentum 50,20-Oct-2010,4412.14
Nifty500 Momentum 50,21-Oct-2010,4460.06
Nifty500 Momentum 50,22-Oct-2010,4489.90
Nifty500 Momentum 50,25-Oct-2010,4555.00
Nifty500 Momentum 50,26-Oct-2010,4581.67
Nifty500 Momentum 50,27-Oct-2010,4592.24
Nifty500 Momentum 50,28-Oct-2010,4570.03
Nifty500 Momentum 50,29-Oct-2010,4567.30
Nifty500 Momentum 50,01-Nov-2010,4639.35
Nifty500 Momentum 50,02-Nov-2010,4636.64
Nifty500 Momentum 50,03-Nov-2010,4665.64
Nifty500 Momentum 50,04-Nov-2010,4710.96
Nifty500 Momentum 50,05-Nov-2010,4733.48
Nifty500 Momentum 50,08-Nov-2010,4726.01
Nifty500 Momentum 50,09-Nov-2010,4754.03
Nifty500 Momentum 50,10-Nov-2010,4777.71
Nifty500 Momentum 50,11-Nov-2010,4750.15
Nifty500 Momentum 50,12-Nov-2010,4642.84
Nifty500 Momentum 50,15-Nov-2010,4663.16
Nifty500 Momentum 50,16-Nov-2010,4573.79
Nifty500 Momentum 50,18-Nov-2010,4563.28
Nifty500 Momentum 50,19-Nov-2010,4489.50
Nifty500 Momentum 50,22-Nov-2010,4568.69
Nifty500 Momentum 50,23-Nov-2010,4538.19
Nifty500 Momentum 50,24-Nov-2010,4453.10
Nifty500 Momentum 50,25-Nov-2010,4373.10
Nifty500 Momentum 50,26-Nov-2010,4285.40
Nifty500 Momentum 50,29-Nov-2010,4299.09
Nifty500 Momentum 50,30-Nov-2010,4354.70
Nifty500 Momentum 50,01-Dec-2010,4474.55
Nifty500 Momentum 50,02-Dec-2010,4527.11
Nifty500 Momentum 50,03-Dec-2010,4455.60
Nifty500 Momentum 50,06-Dec-2010,4426.99
Nifty500 Momentum 50,07-Dec-2010,4350.01
Nifty500 Momentum 50,08-Dec-2010,4242.16
Nifty500 Momentum 50,09-Dec-2010,4075.91
Nifty500 Momentum 50,10-Dec-2010,4142.04
Nifty500 Momentum 50,13-Dec-2010,4208.30
Nifty500 Momentum 50,14-Dec-2010,4280.98
Nifty500 Momentum 50,15-Dec-2010,4208.14
Nifty500 Momentum 50,16-Dec-2010,4219.18
Nifty500 Momentum 50,20-Dec-2010,4222.62
Nifty500 Momentum 50,21-Dec-2010,4233.75
Nifty500 Momentum 50,22-Dec-2010,4246.28
Nifty500 Momentum 50,23-Dec-2010,4240.87
Nifty500 Momentum 50,24-Dec-2010,4250.40
Nifty500 Momentum 50,27-Dec-2010,4247.57
Nifty500 Momentum 50,28-Dec-2010,4249.62
Nifty500 Momentum 50,29-Dec-2010,4279.59
Nifty500 Momentum 50,30-Dec-2010,4302.55
Nifty500 Momentum 50,31-Dec-2010,4366.79
Nifty500 Momentum 50,03-Jan-2011,4378.31
Nifty500 Momentum 50,04-Jan-2011,4321.97
Nifty500 Momentum 50,05-Jan-2011,4251.97
Nifty500 Momentum 50,06-Jan-2011,4199.39
Nifty500 Momentum 50,07-Jan-2011,4082.86
Nifty500 Momentum 50,10-Jan-2011,3993.11
Nifty500 Momentum 50,11-Jan-2011,3983.88
Nifty500 Momentum 50,12-Jan-2011,4063.86
Nifty500 Momentum 50,13-Jan-2011,4027.31
Nifty500 Momentum 50,14-Jan-2011,3956.89
Nifty500 Momentum 50,17-Jan-2011,3935.64
Nifty500 Momentum 50,18-Jan-2011,3979.54
Nifty500 Momentum 50,19-Jan-2011,3999.49
Nifty500 Momentum 50,20-Jan-2011,4021.09
Nifty500 Momentum 50,21-Jan-2011,4022.36
Nifty500 Momentum 50,24-Jan-2011,4049.96
Nifty500 Momentum 50,25-Jan-2011,4012.28
Nifty500 Momentum 50,27-Jan-2011,3954.50
Nifty500 Momentum 50,28-Jan-2011,3854.47
Nifty500 Momentum 50,31-Jan-2011,3872.32
Nifty500 Momentum 50,01-Feb-2011,3788.21
Nifty500 Momentum 50,02-Feb-2011,3777.20
Nifty500 Momentum 50,03-Feb-2011,3821.78
Nifty500 Momentum 50,04-Feb-2011,3769.50
Nifty500 Momentum 50,07-Feb-2011,3739.69
Nifty500 Momentum 50,08-Feb-2011,3676.35
Nifty500 Momentum 50,09-Feb-2011,3578.90
Nifty500 Momentum 50,10-Feb-2011,3590.05
Nifty500 Momentum 50,11-Feb-2011,3687.73
Nifty500 Momentum 50,14-Feb-2011,3819.62
Nifty500 Momentum 50,15-Feb-2011,3866.34
Nifty500 Momentum 50,16-Feb-2011,3884.52
Nifty500 Momentum 50,17-Feb-2011,3942.48
Nifty500 Momentum 50,18-Feb-2011,3897.45
Nifty500 Momentum 50,21-Feb-2011,3893.52
Nifty500 Momentum 50,22-Feb-2011,3865.72
Nifty500 Momentum 50,23-Feb-2011,3859.13
Nifty500 Momentum 50,24-Feb-2011,3721.70
Nifty500 Momentum 50,25-Feb-2011,3725.10
Nifty500 Momentum 50,28-Feb-2011,3737.36
Nifty500 Momentum 50,01-Mar-2011,3885.62
Nifty500 Momentum 50,03-Mar-2011,3911.56
Nifty500 Momentum 50,04-Mar-2011,3914.55
Nifty500 Momentum 50,07-Mar-2011,3862.62
Nifty500 Momentum 50,08-Mar-2011,3904.07
Nifty500 Momentum 50,09-Mar-2011,3942.25
Nifty500 Momentum 50,10-Mar-2011,3928.56
Nifty500 Momentum 50,11-Mar-2011,3898.48
Nifty500 Momentum 50,14-Mar-2011,3921.48
Nifty500 Momentum 50,15-Mar-2011,3874.92
Nifty500 Momentum 50,16-Mar-2011,3920.73
Nifty500 Momentum 50,17-Mar-2011,3920.10
Nifty500 Momentum 50,18-Mar-2011,3892.32
Nifty500 Momentum 50,21-Mar-2011,3886.51
Nifty500 Momentum 50,22-Mar-2011,3935.12
Nifty500 Momentum 50,23-Mar-2011,3964.80
Nifty500 Momentum 50,24-Mar-2011,3992.92
Nifty500 Momentum 50,25-Mar-2011,4036.30
Nifty500 Momentum 50,28-Mar-2011,4075.42
Nifty500 Momentum 50,29-Mar-2011,4091.35
Nifty500 Momentum 50,30-Mar-2011,4146.89
Nifty500 Momentum 50,31-Mar-2011,4158.51
Nifty500 Momentum 50,01-Apr-2011,4183.63
Nifty500 Momentum 50,04-Apr-2011,4243.86
Nifty500 Momentum 50,05-Apr-2011,4285.41
Nifty500 Momentum 50,06-Apr-2011,4295.90
Nifty500 Momentum 50,07-Apr-2011,4306.95
Nifty500 Momentum 50,08-Apr-2011,4253.90
Nifty500 Momentum 50,11-Apr-2011,4210.09
Nifty500 Momentum 50,13-Apr-2011,4281.80
Nifty500 Momentum 50,15-Apr-2011,4285.25
Nifty500 Momentum 50,18-Apr-2011,4231.82
Nifty500 Momentum 50,19-Apr-2011,4243.27
Nifty500 Momentum 50,20-Apr-2011,4320.04
Nifty500 Momentum 50,21-Apr-2011,4282.08
Nifty500 Momentum 50,25-Apr-2011,4294.36
Nifty500 Momentum 50,26-Apr-2011,4285.94
Nifty500 Momentum 50,27-Apr-2011,4281.49
Nifty500 Momentum 50,28-Apr-2011,4245.57
Nifty500 Momentum 50,29-Apr-2011,4186.64
Nifty500 Momentum 50,02-May-2011,4123.81
Nifty500 Momentum 50,03-May-2011,4033.10
Nifty500 Momentum 50,04-May-2011,4001.34
Nifty500 Momentum 50,05-May-2011,3939.01
Nifty500 Momentum 50,06-May-2011,4047.47
Nifty500 Momentum 50,09-May-2011,4053.63
Nifty500 Momentum 50,10-May-2011,4052.69
Nifty500 Momentum 50,11-May-2011,4084.72
Nifty500 Momentum 50,12-May-2011,4037.91
Nifty500 Momentum 50,13-May-2011,4073.63
Nifty500 Momentum 50,16-May-2011,4033.85
Nifty500 Momentum 50,17-May-2011,4009.92
Nifty500 Momentum 50,18-May-2011,3987.92
Nifty500 Momentum 50,19-May-2011,3982.89
Nifty500 Momentum 50,20-May-2011,4034.71
Nifty500 Momentum 50,23-May-2011,3977.59
Nifty500 Momentum 50,24-May-2011,4015.70
Nifty500 Momentum 50,25-May-2011,3996.78
Nifty500 Momentum 50,26-May-2011,4027.51
Nifty500 Momentum 50,27-May-2011,4060.91
Nifty500 Momentum 50,30-May-2011,4080.98
Nifty500 Momentum 50,31-May-2011,4136.15
Nifty500 Momentum 50,01-Jun-2011,4155.36
Nifty500 Momentum 50,02-Jun-2011,4132.38
Nifty500 Momentum 50,03-Jun-2011,4124.02
Nifty500 Momentum 50,06-Jun-2011,4138.96
Nifty500 Momentum 50,07-Jun-2011,4152.87
Nifty500 Momentum 50,08-Jun-2011,4157.96
Nifty500 Momentum 50,09-Jun-2011,4155.50
Nifty500 Momentum 50,10-Jun-2011,4149.43
Nifty500 Momentum 50,13-Jun-2011,4150.11
Nifty500 Momentum 50,14-Jun-2011,4155.19
Nifty500 Momentum 50,15-Jun-2011,4125.62
Nifty500 Momentum 50,16-Jun-2011,4078.94
Nifty500 Momentum 50,17-Jun-2011,4057.56
Nifty500 Momentum 50,20-Jun-2011,3967.88
Nifty500 Momentum 50,21-Jun-2011,3960.37
Nifty500 Momentum 50,22-Jun-2011,3938.82
Nifty500 Momentum 50,23-Jun-2011,3951.73
Nifty500 Momentum 50,24-Jun-2011,4030.54
Nifty500 Momentum 50,27-Jun-2011,4064.74
Nifty500 Momentum 50,28-Jun-2011,4099.25
Nifty500 Momentum 50,29-Jun-2011,4138.54
Nifty500 Momentum 50,30-Jun-2011,4162.25
Nifty500 Momentum 50,01-Jul-2011,4182.08
Nifty500 Momentum 50,04-Jul-2011,4235.64
Nifty500 Momentum 50,05-Jul-2011,4250.48
Nifty500 Momentum 50,06-Jul-2011,4270.56
Nifty500 Momentum 50,07-Jul-2011,4317.83
Nifty500 Momentum 50,08-Jul-2011,4285.89
Nifty500 Momentum 50,11-Jul-2011,4272.06
Nifty500 Momentum 50,12-Jul-2011,4229.46
Nifty500 Momentum 50,13-Jul-2011,4293.45
Nifty500 Momentum 50,14-Jul-2011,4307.05
Nifty500 Momentum 50,15-Jul-2011,4303.23
Nifty500 Momentum 50,18-Jul-2011,4303.75
Nifty500 Momentum 50,19-Jul-2011,4346.08
Nifty500 Momentum 50,20-Jul-2011,4310.25
Nifty500 Momentum 50,21-Jul-2011,4290.54
Nifty500 Momentum 50,22-Jul-2011,4343.94
Nifty500 Momentum 50,25-Jul-2011,4360.73
Nifty500 Momentum 50,26-Jul-2011,4310.04
Nifty500 Momentum 50,27-Jul-2011,4301.09
Nifty500 Momentum 50,28-Jul-2011,4281.71
Nifty500 Momentum 50,29-Jul-2011,4255.05
Nifty500 Momentum 50,01-Aug-2011,4271.33
Nifty500 Momentum 50,02-Aug-2011,4214.32
Nifty500 Momentum 50,03-Aug-2011,4168.78
Nifty500 Momentum 50,04-Aug-2011,4134.73
Nifty500 Momentum 50,05-Aug-2011,4071.92
Nifty500 Momentum 50,08-Aug-2011,4015.64
Nifty500 Momentum 50,09-Aug-2011,3967.44
Nifty500 Momentum 50,10-Aug-2011,4085.69
Nifty500 Momentum 50,11-Aug-2011,4060.94
Nifty500 Momentum 50,12-Aug-2011,4022.55
Nifty500 Momentum 50,16-Aug-2011,4010.17
Nifty500 Momentum 50,17-Aug-2011,3998.24
Nifty500 Momentum 50,18-Aug-2011,3890.89
Nifty500 Momentum 50,19-Aug-2011,3828.90
Nifty500 Momentum 50,22-Aug-2011,3870.60
Nifty500 Momentum 50,23-Aug-2011,3926.31
Nifty500 Momentum 50,24-Aug-2011,3883.23
Nifty500 Momentum 50,25-Aug-2011,3851.57
Nifty500 Momentum 50,26-Aug-2011,3776.25
Nifty500 Momentum 50,29-Aug-2011,3895.88
Nifty500 Momentum 50,30-Aug-2011,3955.26
Nifty500 Momentum 50,02-Sep-2011,3999.59
Nifty500 Momentum 50,05-Sep-2011,4028.03
Nifty500 Momentum 50,06-Sep-2011,4042.01
Nifty500 Momentum 50,07-Sep-2011,4077.26
Nifty500 Momentum 50,08-Sep-2011,4092.48
Nifty500 Momentum 50,09-Sep-2011,4076.48
Nifty500 Momentum 50,12-Sep-2011,3969.22
Nifty500 Momentum 50,13-Sep-2011,3970.74
Nifty500 Momentum 50,14-Sep-2011,3995.49
Nifty500 Momentum 50,15-Sep-2011,4036.86
Nifty500 Momentum 50,16-Sep-2011,4076.60
Nifty500 Momentum 50,19-Sep-2011,4059.61
Nifty500 Momentum 50,20-Sep-2011,4126.75
Nifty500 Momentum 50,21-Sep-2011,4155.31
Nifty500 Momentum 50,22-Sep-2011,4008.92
Nifty500 Momentum 50,23-Sep-2011,3985.69
Nifty500 Momentum 50,26-Sep-2011,3928.32
Nifty500 Momentum 50,27-Sep-2011,4009.86
Nifty500 Momentum 50,28-Sep-2011,3986.31
Nifty500 Momentum 50,29-Sep-2011,3989.54
Nifty500 Momentum 50,30-Sep-2011,3959.47
Nifty500 Momentum 50,03-Oct-2011,3905.80
Nifty500 Momentum 50,04-Oct-2011,3848.57
Nifty500 Momentum 50,05-Oct-2011,3804.11
Nifty500 Momentum 50,07-Oct-2011,3878.74
Nifty500 Momentum 50,10-Oct-2011,3941.85
Nifty500 Momentum 50,11-Oct-2011,3985.85
Nifty500 Momentum 50,12-Oct-2011,4034.79
Nifty500 Momentum 50,13-Oct-2011,4011.56
Nifty500 Momentum 50,14-Oct-2011,4037.43
Nifty500 Momentum 50,17-Oct-2011,4062.18
Nifty500 Momentum 50,18-Oct-2011,4004.69
Nifty500 Momentum 50,19-Oct-2011,4065.17
Nifty500 Momentum 50,20-Oct-2011,4030.27
Nifty500 Momentum 50,21-Oct-2011,4018.74
Nifty500 Momentum 50,24-Oct-2011,4038.56
Nifty500 Momentum 50,25-Oct-2011,4047.99
Nifty500 Momentum 50,26-Oct-2011,4079.72
Nifty500 Momentum 50,28-Oct-2011,4092.51
Nifty500 Momentum 50,31-Oct-2011,4095.52
Nifty500 Momentum 50,01-Nov-2011,4084.21
Nifty500 Momentum 50,02-Nov-2011,4075.03
Nifty500 Momentum 50,03-Nov-2011,4090.56
Nifty500 Momentum 50,04-Nov-2011,4128.09
Nifty500 Momentum 50,08-Nov-2011,4118.74
Nifty500 Momentum 50,09-Nov-2011,4083.83
Nifty500 Momentum 50,11-Nov-2011,4063.43
Nifty500 Momentum 50,14-Nov-2011,4040.20
Nifty500 Momentum 50,15-Nov-2011,3963.35
Nifty500 Momentum 50,16-Nov-2011,3945.23
Nifty500 Momentum 50,17-Nov-2011,3889.64
Nifty500 Momentum 50,18-Nov-2011,3881.54
Nifty500 Momentum 50,21-Nov-2011,3807.59
Nifty500 Momentum 50,22-Nov-2011,3777.30
Nifty500 Momentum 50,23-Nov-2011,3724.54
Nifty500 Momentum 50,24-Nov-2011,3771.17
Nifty500 Momentum 50,25-Nov-2011,3785.60
Nifty500 Momentum 50,28-Nov-2011,3838.09
Nifty500 Momentum 50,29-Nov-2011,3814.82
Nifty500 Momentum 50,30-Nov-2011,3800.99
Nifty500 Momentum 50,01-Dec-2011,3812.27
Nifty500 Momentum 50,02-Dec-2011,3873.64
Nifty500 Momentum 50,05-Dec-2011,3867.56
Nifty500 Momentum 50,07-Dec-2011,3820.58
Nifty500 Momentum 50,08-Dec-2011,3751.88
Nifty500 Momentum 50,09-Dec-2011,3706.04
Nifty500 Momentum 50,12-Dec-2011,3623.55
Nifty500 Momentum 50,13-Dec-2011,3624.15
Nifty500 Momentum 50,14-Dec-2011,3599.49
Nifty500 Momentum 50,15-Dec-2011,3590.21
Nifty500 Momentum 50,16-Dec-2011,3528.12
Nifty500 Momentum 50,19-Dec-2011,3484.88
Nifty500 Momentum 50,20-Dec-2011,3424.57
Nifty500 Momentum 50,21-Dec-2011,3485.48
Nifty500 Momentum 50,22-Dec-2011,3510.46
Nifty500 Momentum 50,23-Dec-2011,3481.93
Nifty500 Momentum 50,26-Dec-2011,3523.79
Nifty500 Momentum 50,27-Dec-2011,3513.55
Nifty500 Momentum 50,28-Dec-2011,3484.89
Nifty500 Momentum 50,29-Dec-2011,3474.46
Nifty500 Momentum 50,30-Dec-2011,3473.98
Nifty500 Momentum 50,02-Jan-2012,3447.20
Nifty500 Momentum 50,03-Jan-2012,3509.87
Nifty500 Momentum 50,04-Jan-2012,3493.00
Nifty500 Momentum 50,05-Jan-2012,3506.52
Nifty500 Momentum 50,06-Jan-2012,3484.23
Nifty500 Momentum 50,07-Jan-2012,3499.65
Nifty500 Momentum 50,09-Jan-2012,3494.03
Nifty500 Momentum 50,10-Jan-2012,3546.43
Nifty500 Momentum 50,11-Jan-2012,3564.72
Nifty500 Momentum 50,12-Jan-2012,3567.06
Nifty500 Momentum 50,13-Jan-2012,3570.96
Nifty500 Momentum 50,16-Jan-2012,3578.00
Nifty500 Momentum 50,17-Jan-2012,3631.86
Nifty500 Momentum 50,18-Jan-2012,3609.60
Nifty500 Momentum 50,19-Jan-2012,3638.62
Nifty500 Momentum 50,20-Jan-2012,3646.86
Nifty500 Momentum 50,23-Jan-2012,3660.18
Nifty500 Momentum 50,24-Jan-2012,3709.14
Nifty500 Momentum 50,25-Jan-2012,3749.84
Nifty500 Momentum 50,27-Jan-2012,3773.19
Nifty500 Momentum 50,30-Jan-2012,3727.01
Nifty500 Momentum 50,31-Jan-2012,3800.48
Nifty500 Momentum 50,01-Feb-2012,3805.97
Nifty500 Momentum 50,02-Feb-2012,3848.35
Nifty500 Momentum 50,03-Feb-2012,3880.27
Nifty500 Momentum 50,06-Feb-2012,3914.33
Nifty500 Momentum 50,07-Feb-2012,3883.40
Nifty500 Momentum 50,08-Feb-2012,3917.61
Nifty500 Momentum 50,09-Feb-2012,3950.16
Nifty500 Momentum 50,10-Feb-2012,3952.23
Nifty500 Momentum 50,13-Feb-2012,3976.12
Nifty500 Momentum 50,14-Feb-2012,3994.09
Nifty500 Momentum 50,15-Feb-2012,4047.55
Nifty500 Momentum 50,16-Feb-2012,4062.72
Nifty500 Momentum 50,17-Feb-2012,4062.74
Nifty500 Momentum 50,21-Feb-2012,4089.15
Nifty500 Momentum 50,22-Feb-2012,3991.88
Nifty500 Momentum 50,23-Feb-2012,3983.04
Nifty500 Momentum 50,24-Feb-2012,3971.44
Nifty500 Momentum 50,27-Feb-2012,3905.12
Nifty500 Momentum 50,28-Feb-2012,4003.16
Nifty500 Momentum 50,29-Feb-2012,4022.31
Nifty500 Momentum 50,01-Mar-2012,4005.74
Nifty500 Momentum 50,02-Mar-2012,3999.79
Nifty500 Momentum 50,03-Mar-2012,4001.09
Nifty500 Momentum 50,05-Mar-2012,3972.47
Nifty500 Momentum 50,06-Mar-2012,3951.54
Nifty500 Momentum 50,07-Mar-2012,3950.92
Nifty500 Momentum 50,09-Mar-2012,4020.29
Nifty500 Momentum 50,12-Mar-2012,4059.43
Nifty500 Momentum 50,13-Mar-2012,4092.19
Nifty500 Momentum 50,14-Mar-2012,4103.96
Nifty500 Momentum 50,15-Mar-2012,4055.99
Nifty500 Momentum 50,16-Mar-2012,4054.01
Nifty500 Momentum 50,19-Mar-2012,4032.47
Nifty500 Momentum 50,20-Mar-2012,4061.82
Nifty500 Momentum 50,21-Mar-2012,4129.04
Nifty500 Momentum 50,22-Mar-2012,4060.46
Nifty500 Momentum 50,23-Mar-2012,4103.76
Nifty500 Momentum 50,26-Mar-2012,4066.68
Nifty500 Momentum 50,27-Mar-2012,4084.81
Nifty500 Momentum 50,28-Mar-2012,4047.04
Nifty500 Momentum 50,29-Mar-2012,4061.35
Nifty500 Momentum 50,30-Mar-2012,4149.28
Nifty500 Momentum 50,02-Apr-2012,4200.86
Nifty500 Momentum 50,03-Apr-2012,4230.90
Nifty500 Momentum 50,04-Apr-2012,4229.53
Nifty500 Momentum 50,09-Apr-2012,4178.56
Nifty500 Momentum 50,10-Apr-2012,4159.62
Nifty500 Momentum 50,11-Apr-2012,4149.80
Nifty500 Momentum 50,12-Apr-2012,4173.49
Nifty500 Momentum 50,13-Apr-2012,4180.01
Nifty500 Momentum 50,16-Apr-2012,4214.99
Nifty500 Momentum 50,17-Apr-2012,4235.26
Nifty500 Momentum 50,18-Apr-2012,4250.02
Nifty500 Momentum 50,19-Apr-2012,4255.05
Nifty500 Momentum 50,20-Apr-2012,4229.54
Nifty500 Momentum 50,23-Apr-2012,4174.41
Nifty500 Momentum 50,24-Apr-2012,4166.29
Nifty500 Momentum 50,25-Apr-2012,4159.67
Nifty500 Momentum 50,26-Apr-2012,4133.98
Nifty500 Momentum 50,27-Apr-2012,4140.98
Nifty500 Momentum 50,28-Apr-2012,4144.29
Nifty500 Momentum 50,30-Apr-2012,4180.25
Nifty500 Momentum 50,02-May-2012,4168.23
Nifty500 Momentum 50,03-May-2012,4137.76
Nifty500 Momentum 50,04-May-2012,4048.42
Nifty500 Momentum 50,07-May-2012,4097.74
Nifty500 Momentum 50,08-May-2012,4047.75
Nifty500 Momentum 50,09-May-2012,4021.92
Nifty500 Momentum 50,10-May-2012,4042.89
Nifty500 Momentum 50,11-May-2012,4019.97
Nifty500 Momentum 50,14-May-2012,3986.23
Nifty500 Momentum 50,15-May-2012,3997.34
Nifty500 Momentum 50,16-May-2012,3964.80
Nifty500 Momentum 50,17-May-2012,3967.51
Nifty500 Momentum 50,18-May-2012,3941.52
Nifty500 Momentum 50,21-May-2012,3955.86
Nifty500 Momentum 50,22-May-2012,3934.12
Nifty500 Momentum 50,23-May-2012,3928.05
Nifty500 Momentum 50,24-May-2012,3967.77
Nifty500 Momentum 50,25-May-2012,3979.08
Nifty500 Momentum 50,28-May-2012,4045.76
Nifty500 Momentum 50,29-May-2012,4024.84
Nifty500 Momentum 50,30-May-2012,3982.64
Nifty500 Momentum 50,31-May-2012,3968.61
Nifty500 Momentum 50,01-Jun-2012,3912.47
Nifty500 Momentum 50,04-Jun-2012,3878.81
Nifty500 Momentum 50,05-Jun-2012,3870.58
Nifty500 Momentum 50,06-Jun-2012,3959.54
Nifty500 Momentum 50,07-Jun-2012,3964.86
Nifty500 Momentum 50,08-Jun-2012,3986.48
Nifty500 Momentum 50,11-Jun-2012,3977.52
Nifty500 Momentum 50,12-Jun-2012,4026.15
Nifty500 Momentum 50,13-Jun-2012,4033.08
Nifty500 Momentum 50,14-Jun-2012,3988.12
Nifty500 Momentum 50,15-Jun-2012,4047.80
Nifty500 Momentum 50,18-Jun-2012,4016.22
Nifty500 Momentum 50,19-Jun-2012,4036.72
Nifty500 Momentum 50,20-Jun-2012,4078.25
Nifty500 Momentum 50,21-Jun-2012,4092.76
Nifty500 Momentum 50,22-Jun-2012,4080.82
Nifty500 Momentum 50,25-Jun-2012,4074.96
Nifty500 Momentum 50,26-Jun-2012,4084.80
Nifty500 Momentum 50,27-Jun-2012,4091.21
Nifty500 Momentum 50,28-Jun-2012,4109.21
Nifty500 Momentum 50,29-Jun-2012,4171.77
Nifty500 Momentum 50,02-Jul-2012,4199.93
Nifty500 Momentum 50,03-Jul-2012,4213.09
Nifty500 Momentum 50,04-Jul-2012,4212.43
Nifty500 Momentum 50,05-Jul-2012,4241.94
Nifty500 Momentum 50,06-Jul-2012,4214.51
Nifty500 Momentum 50,09-Jul-2012,4177.06
Nifty500 Momentum 50,10-Jul-2012,4207.69
Nifty500 Momentum 50,11-Jul-2012,4195.33
Nifty500 Momentum 50,12-Jul-2012,4164.42
Nifty500 Momentum 50,13-Jul-2012,4159.98
Nifty500 Momentum 50,16-Jul-2012,4149.39
Nifty500 Momentum 50,17-Jul-2012,4143.90
Nifty500 Momentum 50,18-Jul-2012,4170.20
Nifty500 Momentum 50,19-Jul-2012,4180.17
Nifty500 Momentum 50,20-Jul-2012,4176.79
Nifty500 Momentum 50,23-Jul-2012,4133.53
Nifty500 Momentum 50,24-Jul-2012,4165.37
Nifty500 Momentum 50,25-Jul-2012,4164.37
Nifty500 Momentum 50,26-Jul-2012,4133.98
Nifty500 Momentum 50,27-Jul-2012,4149.04
Nifty500 Momentum 50,30-Jul-2012,4194.19
Nifty500 Momentum 50,31-Jul-2012,4204.82
Nifty500 Momentum 50,01-Aug-2012,4237.75
Nifty500 Momentum 50,02-Aug-2012,4261.59
Nifty500 Momentum 50,03-Aug-2012,4261.20
Nifty500 Momentum 50,06-Aug-2012,4286.83
Nifty500 Momentum 50,07-Aug-2012,4302.06
Nifty500 Momentum 50,08-Aug-2012,4319.01
Nifty500 Momentum 50,09-Aug-2012,4332.37
Nifty500 Momentum 50,10-Aug-2012,4349.46
Nifty500 Momentum 50,13-Aug-2012,4379.50
Nifty500 Momentum 50,14-Aug-2012,4403.39
Nifty500 Momentum 50,16-Aug-2012,4398.52
Nifty500 Momentum 50,17-Aug-2012,4417.04
Nifty500 Momentum 50,21-Aug-2012,4449.86
Nifty500 Momentum 50,22-Aug-2012,4447.32
Nifty500 Momentum 50,23-Aug-2012,4456.91
Nifty500 Momentum 50,24-Aug-2012,4445.19
Nifty500 Momentum 50,27-Aug-2012,4434.26
Nifty500 Momentum 50,28-Aug-2012,4396.20
Nifty500 Momentum 50,29-Aug-2012,4366.27
Nifty500 Momentum 50,30-Aug-2012,4392.57
Nifty500 Momentum 50,31-Aug-2012,4370.71
Nifty500 Momentum 50,03-Sep-2012,4382.45
Nifty500 Momentum 50,04-Sep-2012,4393.53
Nifty500 Momentum 50,05-Sep-2012,4397.17
Nifty500 Momentum 50,06-Sep-2012,4431.96
Nifty500 Momentum 50,07-Sep-2012,4501.66
Nifty500 Momentum 50,08-Sep-2012,4522.37
Nifty500 Momentum 50,10-Sep-2012,4536.13
Nifty500 Momentum 50,11-Sep-2012,4551.87
Nifty500 Momentum 50,12-Sep-2012,4581.49
Nifty500 Momentum 50,13-Sep-2012,4577.85
Nifty500 Momentum 50,14-Sep-2012,4626.70
Nifty500 Momentum 50,17-Sep-2012,4609.31
Nifty500 Momentum 50,18-Sep-2012,4610.64
Nifty500 Momentum 50,20-Sep-2012,4598.77
Nifty500 Momentum 50,21-Sep-2012,4639.45
Nifty500 Momentum 50,24-Sep-2012,4623.02
Nifty500 Momentum 50,25-Sep-2012,4642.50
Nifty500 Momentum 50,26-Sep-2012,4678.69
Nifty500 Momentum 50,27-Sep-2012,4720.57
Nifty500 Momentum 50,28-Sep-2012,4767.87
Nifty500 Momentum 50,01-Oct-2012,4827.27
Nifty500 Momentum 50,03-Oct-2012,4855.22
Nifty500 Momentum 50,04-Oct-2012,4819.83
Nifty500 Momentum 50,05-Oct-2012,4766.12
Nifty500 Momentum 50,08-Oct-2012,4752.03
Nifty500 Momentum 50,09-Oct-2012,4801.30
Nifty500 Momentum 50,10-Oct-2012,4772.86
Nifty500 Momentum 50,11-Oct-2012,4786.76
Nifty500 Momentum 50,12-Oct-2012,4830.46
Nifty500 Momentum 50,15-Oct-2012,4854.15
Nifty500 Momentum 50,16-Oct-2012,4828.77
Nifty500 Momentum 50,17-Oct-2012,4847.32
Nifty500 Momentum 50,18-Oct-2012,4873.59
Nifty500 Momentum 50,19-Oct-2012,4852.89
Nifty500 Momentum 50,22-Oct-2012,4881.99
Nifty500 Momentum 50,23-Oct-2012,4882.81
Nifty500 Momentum 50,25-Oct-2012,4891.78
Nifty500 Momentum 50,26-Oct-2012,4829.43
Nifty500 Momentum 50,29-Oct-2012,4808.02
Nifty500 Momentum 50,30-Oct-2012,4795.13
Nifty500 Momentum 50,31-Oct-2012,4847.06
Nifty500 Momentum 50,01-Nov-2012,4876.58
Nifty500 Momentum 50,02-Nov-2012,4894.13
Nifty500 Momentum 50,05-Nov-2012,4890.97
Nifty500 Momentum 50,06-Nov-2012,4942.32
Nifty500 Momentum 50,07-Nov-2012,4997.60
Nifty500 Momentum 50,08-Nov-2012,4998.24
Nifty500 Momentum 50,09-Nov-2012,4975.72
Nifty500 Momentum 50,12-Nov-2012,5083.96
Nifty500 Momentum 50,13-Nov-2012,5089.26
Nifty500 Momentum 50,15-Nov-2012,5088.90
Nifty500 Momentum 50,16-Nov-2012,5032.81
Nifty500 Momentum 50,19-Nov-2012,4983.94
Nifty500 Momentum 50,20-Nov-2012,4962.80
Nifty500 Momentum 50,21-Nov-2012,4993.25
Nifty500 Momentum 50,22-Nov-2012,5042.93
Nifty500 Momentum 50,23-Nov-2012,5055.48
Nifty500 Momentum 50,26-Nov-2012,5116.19
Nifty500 Momentum 50,27-Nov-2012,5192.75
Nifty500 Momentum 50,29-Nov-2012,5224.00
Nifty500 Momentum 50,30-Nov-2012,5242.90
Nifty500 Momentum 50,03-Dec-2012,5270.89
Nifty500 Momentum 50,04-Dec-2012,5271.05
Nifty500 Momentum 50,05-Dec-2012,5264.56
Nifty500 Momentum 50,06-Dec-2012,5243.37
Nifty500 Momentum 50,07-Dec-2012,5221.23
Nifty500 Momentum 50,10-Dec-2012,5234.46
Nifty500 Momentum 50,11-Dec-2012,5222.61
Nifty500 Momentum 50,12-Dec-2012,5223.33
Nifty500 Momentum 50,13-Dec-2012,5159.51
Nifty500 Momentum 50,14-Dec-2012,5189.91
Nifty500 Momentum 50,17-Dec-2012,5189.18
Nifty500 Momentum 50,18-Dec-2012,5245.81
Nifty500 Momentum 50,19-Dec-2012,5278.64
Nifty500 Momentum 50,20-Dec-2012,5294.28
Nifty500 Momentum 50,21-Dec-2012,5218.45
Nifty500 Momentum 50,24-Dec-2012,5247.89
Nifty500 Momentum 50,26-Dec-2012,5268.71
Nifty500 Momentum 50,27-Dec-2012,5229.50
Nifty500 Momentum 50,28-Dec-2012,5241.05
Nifty500 Momentum 50,31-Dec-2012,5265.45
Nifty500 Momentum 50,01-Jan-2013,5297.90
Nifty500 Momentum 50,02-Jan-2013,5316.22
Nifty500 Momentum 50,03-Jan-2013,5313.26
Nifty500 Momentum 50,04-Jan-2013,5315.38
Nifty500 Momentum 50,07-Jan-2013,5294.56
Nifty500 Momentum 50,08-Jan-2013,5313.19
Nifty500 Momentum 50,09-Jan-2013,5293.77
Nifty500 Momentum 50,10-Jan-2013,5271.04
Nifty500 Momentum 50,11-Jan-2013,5196.02
Nifty500 Momentum 50,14-Jan-2013,5203.73
Nifty500 Momentum 50,15-Jan-2013,5238.99
Nifty500 Momentum 50,16-Jan-2013,5221.28
Nifty500 Momentum 50,17-Jan-2013,5213.23
Nifty500 Momentum 50,18-Jan-2013,5211.75
Nifty500 Momentum 50,21-Jan-2013,5225.96
Nifty500 Momentum 50,22-Jan-2013,5182.99
Nifty500 Momentum 50,23-Jan-2013,5155.66
Nifty500 Momentum 50,24-Jan-2013,5113.11
Nifty500 Momentum 50,25-Jan-2013,5170.13
Nifty500 Momentum 50,28-Jan-2013,5175.91
Nifty500 Momentum 50,29-Jan-2013,5164.92
Nifty500 Momentum 50,30-Jan-2013,5181.74
Nifty500 Momentum 50,31-Jan-2013,5211.99
Nifty500 Momentum 50,01-Feb-2013,5220.31
Nifty500 Momentum 50,04-Feb-2013,5202.61
Nifty500 Momentum 50,05-Feb-2013,5192.65
Nifty500 Momentum 50,06-Feb-2013,5207.26
Nifty500 Momentum 50,07-Feb-2013,5158.28
Nifty500 Momentum 50,08-Feb-2013,5114.29
Nifty500 Momentum 50,11-Feb-2013,5125.96
Nifty500 Momentum 50,12-Feb-2013,5155.63
Nifty500 Momentum 50,13-Feb-2013,5129.07
Nifty500 Momentum 50,14-Feb-2013,5104.42
Nifty500 Momentum 50,15-Feb-2013,5100.54
Nifty500 Momentum 50,18-Feb-2013,5116.41
Nifty500 Momentum 50,19-Feb-2013,5191.42
Nifty500 Momentum 50,20-Feb-2013,5204.01
Nifty500 Momentum 50,21-Feb-2013,5157.16
Nifty500 Momentum 50,22-Feb-2013,5163.16
Nifty500 Momentum 50,25-Feb-2013,5140.43
Nifty500 Momentum 50,26-Feb-2013,5081.27
Nifty500 Momentum 50,27-Feb-2013,5097.79
Nifty500 Momentum 50,28-Feb-2013,5030.28
Nifty500 Momentum 50,01-Mar-2013,5067.86
Nifty500 Momentum 50,04-Mar-2013,4994.31
Nifty500 Momentum 50,05-Mar-2013,5069.17
Nifty500 Momentum 50,06-Mar-2013,5084.34
Nifty500 Momentum 50,07-Mar-2013,5118.84
Nifty500 Momentum 50,08-Mar-2013,5178.99
Nifty500 Momentum 50,11-Mar-2013,5189.99
Nifty500 Momentum 50,12-Mar-2013,5187.71
Nifty500 Momentum 50,13-Mar-2013,5131.79
Nifty500 Momentum 50,14-Mar-2013,5133.68
Nifty500 Momentum 50,15-Mar-2013,5118.99
Nifty500 Momentum 50,18-Mar-2013,5118.63
Nifty500 Momentum 50,19-Mar-2013,5072.00
Nifty500 Momentum 50,20-Mar-2013,5042.78
Nifty500 Momentum 50,21-Mar-2013,5009.13
Nifty500 Momentum 50,22-Mar-2013,4989.22
Nifty500 Momentum 50,25-Mar-2013,4975.79
Nifty500 Momentum 50,26-Mar-2013,4988.58
Nifty500 Momentum 50,28-Mar-2013,5029.98
Nifty500 Momentum 50,01-Apr-2013,5041.82
Nifty500 Momentum 50,02-Apr-2013,5061.29
Nifty500 Momentum 50,03-Apr-2013,5044.38
Nifty500 Momentum 50,04-Apr-2013,4936.05
Nifty500 Momentum 50,05-Apr-2013,4920.68
Nifty500 Momentum 50,08-Apr-2013,4937.84
Nifty500 Momentum 50,09-Apr-2013,4873.76
Nifty500 Momentum 50,10-Apr-2013,4912.33
Nifty500 Momentum 50,11-Apr-2013,4964.70
Nifty500 Momentum 50,12-Apr-2013,4946.78
Nifty500 Momentum 50,15-Apr-2013,4935.49
Nifty500 Momentum 50,16-Apr-2013,4966.87
Nifty500 Momentum 50,17-Apr-2013,4997.55
Nifty500 Momentum 50,18-Apr-2013,5010.32
Nifty500 Momentum 50,22-Apr-2013,5056.68
Nifty500 Momentum 50,23-Apr-2013,5061.25
Nifty500 Momentum 50,25-Apr-2013,5091.68
Nifty500 Momentum 50,26-Apr-2013,5063.53
Nifty500 Momentum 50,29-Apr-2013,5113.59
Nifty500 Momentum 50,30-Apr-2013,5179.23
Nifty500 Momentum 50,02-May-2013,5254.67
Nifty500 Momentum 50,03-May-2013,5237.14
Nifty500 Momentum 50,06-May-2013,5288.80
Nifty500 Momentum 50,07-May-2013,5338.30
Nifty500 Momentum 50,08-May-2013,5373.73
Nifty500 Momentum 50,09-May-2013,5374.80
Nifty500 Momentum 50,10-May-2013,5422.97
Nifty500 Momentum 50,11-May-2013,5436.24
Nifty500 Momentum 50,13-May-2013,5378.34
Nifty500 Momentum 50,14-May-2013,5393.73
Nifty500 Momentum 50,15-May-2013,5480.13
Nifty500 Momentum 50,16-May-2013,5518.11
Nifty500 Momentum 50,17-May-2013,5529.79
Nifty500 Momentum 50,20-May-2013,5490.39
Nifty500 Momentum 50,21-May-2013,5473.93
Nifty500 Momentum 50,22-May-2013,5475.25
Nifty500 Momentum 50,23-May-2013,5405.33
Nifty500 Momentum 50,24-May-2013,5415.25
Nifty500 Momentum 50,27-May-2013,5488.51
Nifty500 Momentum 50,28-May-2013,5517.51
Nifty500 Momentum 50,29-May-2013,5531.03
Nifty500 Momentum 50,30-May-2013,5539.98
Nifty500 Momentum 50,31-May-2013,5538.28
Nifty500 Momentum 50,03-Jun-2013,5514.41
Nifty500 Momentum 50,04-Jun-2013,5588.25
Nifty500 Momentum 50,05-Jun-2013,5568.67
Nifty500 Momentum 50,06-Jun-2013,5538.63
Nifty500 Momentum 50,07-Jun-2013,5514.95
Nifty500 Momentum 50,10-Jun-2013,5510.62
Nifty500 Momentum 50,11-Jun-2013,5470.08
Nifty500 Momentum 50,12-Jun-2013,5440.62
Nifty500 Momentum 50,13-Jun-2013,5373.92
Nifty500 Momentum 50,14-Jun-2013,5429.12
Nifty500 Momentum 50,17-Jun-2013,5492.93
Nifty500 Momentum 50,18-Jun-2013,5517.30
Nifty500 Momentum 50,19-Jun-2013,5539.60
Nifty500 Momentum 50,20-Jun-2013,5420.98
Nifty500 Momentum 50,21-Jun-2013,5348.73
Nifty500 Momentum 50,24-Jun-2013,5237.73
Nifty500 Momentum 50,25-Jun-2013,5185.66
Nifty500 Momentum 50,26-Jun-2013,5180.61
Nifty500 Momentum 50,27-Jun-2013,5229.51
Nifty500 Momentum 50,28-Jun-2013,5311.85
Nifty500 Momentum 50,01-Jul-2013,5396.80
Nifty500 Momentum 50,02-Jul-2013,5392.01
Nifty500 Momentum 50,03-Jul-2013,5350.62
Nifty500 Momentum 50,04-Jul-2013,5412.91
Nifty500 Momentum 50,05-Jul-2013,5417.55
Nifty500 Momentum 50,08-Jul-2013,5413.77
Nifty500 Momentum 50,09-Jul-2013,5432.21
Nifty500 Momentum 50,10-Jul-2013,5417.75
Nifty500 Momentum 50,11-Jul-2013,5455.74
Nifty500 Momentum 50,12-Jul-2013,5492.37
Nifty500 Momentum 50,15-Jul-2013,5564.30
Nifty500 Momentum 50,16-Jul-2013,5544.60
Nifty500 Momentum 50,17-Jul-2013,5516.59
Nifty500 Momentum 50,18-Jul-2013,5550.62
Nifty500 Momentum 50,19-Jul-2013,5555.65
Nifty500 Momentum 50,22-Jul-2013,5537.13
Nifty500 Momentum 50,23-Jul-2013,5538.21
Nifty500 Momentum 50,24-Jul-2013,5490.13
Nifty500 Momentum 50,25-Jul-2013,5425.98
Nifty500 Momentum 50,26-Jul-2013,5400.97
Nifty500 Momentum 50,29-Jul-2013,5302.72
Nifty500 Momentum 50,30-Jul-2013,5190.38
Nifty500 Momentum 50,31-Jul-2013,5151.16
Nifty500 Momentum 50,01-Aug-2013,5135.88
Nifty500 Momentum 50,02-Aug-2013,5098.52
Nifty500 Momentum 50,05-Aug-2013,5092.77
Nifty500 Momentum 50,06-Aug-2013,4990.23
Nifty500 Momentum 50,07-Aug-2013,4986.75
Nifty500 Momentum 50,08-Aug-2013,5030.95
Nifty500 Momentum 50,12-Aug-2013,5141.80
Nifty500 Momentum 50,13-Aug-2013,5241.50
Nifty500 Momentum 50,14-Aug-2013,5285.18
Nifty500 Momentum 50,16-Aug-2013,5170.77
Nifty500 Momentum 50,19-Aug-2013,5076.81
Nifty500 Momentum 50,20-Aug-2013,4997.42
Nifty500 Momentum 50,21-Aug-2013,4944.17
Nifty500 Momentum 50,22-Aug-2013,4967.74
Nifty500 Momentum 50,23-Aug-2013,5051.18
Nifty500 Momentum 50,26-Aug-2013,5085.11
Nifty500 Momentum 50,27-Aug-2013,4974.79
Nifty500 Momentum 50,28-Aug-2013,4917.84
Nifty500 Momentum 50,29-Aug-2013,5019.44
Nifty500 Momentum 50,30-Aug-2013,5048.05
Nifty500 Momentum 50,02-Sep-2013,5095.08
Nifty500 Momentum 50,03-Sep-2013,5024.89
Nifty500 Momentum 50,04-Sep-2013,5092.62
Nifty500 Momentum 50,05-Sep-2013,5175.63
Nifty500 Momentum 50,06-Sep-2013,5216.46
Nifty500 Momentum 50,10-Sep-2013,5364.75
Nifty500 Momentum 50,11-Sep-2013,5400.11
Nifty500 Momentum 50,12-Sep-2013,5388.91
Nifty500 Momentum 50,13-Sep-2013,5349.93
Nifty500 Momentum 50,16-Sep-2013,5327.21
Nifty500 Momentum 50,17-Sep-2013,5327.20
Nifty500 Momentum 50,18-Sep-2013,5370.21
Nifty500 Momentum 50,19-Sep-2013,5436.77
Nifty500 Momentum 50,20-Sep-2013,5404.91
Nifty500 Momentum 50,23-Sep-2013,5401.34
Nifty500 Momentum 50,24-Sep-2013,5408.43
Nifty500 Momentum 50,25-Sep-2013,5420.75
Nifty500 Momentum 50,26-Sep-2013,5429.50
Nifty500 Momentum 50,27-Sep-2013,5452.92
Nifty500 Momentum 50,30-Sep-2013,5442.98
Nifty500 Momentum 50,01-Oct-2013,5447.52
Nifty500 Momentum 50,03-Oct-2013,5507.26
Nifty500 Momentum 50,04-Oct-2013,5509.38
Nifty500 Momentum 50,07-Oct-2013,5549.23
Nifty500 Momentum 50,08-Oct-2013,5555.91
Nifty500 Momentum 50,09-Oct-2013,5627.86
Nifty500 Momentum 50,10-Oct-2013,5657.84
Nifty500 Momentum 50,11-Oct-2013,5675.29
Nifty500 Momentum 50,14-Oct-2013,5707.27
Nifty500 Momentum 50,15-Oct-2013,5681.52
Nifty500 Momentum 50,17-Oct-2013,5602.84
Nifty500 Momentum 50,18-Oct-2013,5671.78
Nifty500 Momentum 50,21-Oct-2013,5684.13
Nifty500 Momentum 50,22-Oct-2013,5707.08
Nifty500 Momentum 50,23-Oct-2013,5688.79
Nifty500 Momentum 50,24-Oct-2013,5639.64
Nifty500 Momentum 50,25-Oct-2013,5621.74
Nifty500 Momentum 50,28-Oct-2013,5559.89
Nifty500 Momentum 50,29-Oct-2013,5646.22
Nifty500 Momentum 50,30-Oct-2013,5678.35
Nifty500 Momentum 50,31-Oct-2013,5685.41
Nifty500 Momentum 50,01-Nov-2013,5687.36
Nifty500 Momentum 50,03-Nov-2013,5730.22
Nifty500 Momentum 50,05-Nov-2013,5642.91
Nifty500 Momentum 50,06-Nov-2013,5670.60
Nifty500 Momentum 50,07-Nov-2013,5643.64
Nifty500 Momentum 50,08-Nov-2013,5662.71
Nifty500 Momentum 50,11-Nov-2013,5627.93
Nifty500 Momentum 50,12-Nov-2013,5608.15
Nifty500 Momentum 50,13-Nov-2013,5600.50
Nifty500 Momentum 50,14-Nov-2013,5637.77
Nifty500 Momentum 50,18-Nov-2013,5699.88
Nifty500 Momentum 50,19-Nov-2013,5695.57
Nifty500 Momentum 50,20-Nov-2013,5638.77
Nifty500 Momentum 50,21-Nov-2013,5568.02
Nifty500 Momentum 50,22-Nov-2013,5578.12
Nifty500 Momentum 50,25-Nov-2013,5629.12
Nifty500 Momentum 50,26-Nov-2013,5655.54
Nifty500 Momentum 50,27-Nov-2013,5649.54
Nifty500 Momentum 50,28-Nov-2013,5676.82
Nifty500 Momentum 50,29-Nov-2013,5698.96
Nifty500 Momentum 50,02-Dec-2013,5761.59
Nifty500 Momentum 50,03-Dec-2013,5742.09
Nifty500 Momentum 50,04-Dec-2013,5704.26
Nifty500 Momentum 50,05-Dec-2013,5683.65
Nifty500 Momentum 50,06-Dec-2013,5696.54
Nifty500 Momentum 50,09-Dec-2013,5725.13
Nifty500 Momentum 50,10-Dec-2013,5756.18
Nifty500 Momentum 50,11-Dec-2013,5737.70
Nifty500 Momentum 50,12-Dec-2013,5703.45
Nifty500 Momentum 50,13-Dec-2013,5682.22
Nifty500 Momentum 50,16-Dec-2013,5701.35
Nifty500 Momentum 50,17-Dec-2013,5711.57
Nifty500 Momentum 50,18-Dec-2013,5782.37
Nifty500 Momentum 50,19-Dec-2013,5824.87
Nifty500 Momentum 50,20-Dec-2013,5910.31
Nifty500 Momentum 50,23-Dec-2013,5911.17
Nifty500 Momentum 50,24-Dec-2013,5902.99
Nifty500 Momentum 50,26-Dec-2013,5893.19
Nifty500 Momentum 50,27-Dec-2013,5935.53
Nifty500 Momentum 50,30-Dec-2013,5924.97
Nifty500 Momentum 50,31-Dec-2013,5940.67
Nifty500 Momentum 50,01-Jan-2014,5961.88
Nifty500 Momentum 50,02-Jan-2014,5891.17
Nifty500 Momentum 50,03-Jan-2014,5948.17
Nifty500 Momentum 50,06-Jan-2014,5952.39
Nifty500 Momentum 50,07-Jan-2014,5925.89
Nifty500 Momentum 50,08-Jan-2014,5946.66
Nifty500 Momentum 50,09-Jan-2014,5936.76
Nifty500 Momentum 50,10-Jan-2014,5960.02
Nifty500 Momentum 50,13-Jan-2014,5975.49
Nifty500 Momentum 50,14-Jan-2014,5969.59
Nifty500 Momentum 50,15-Jan-2014,5992.87
Nifty500 Momentum 50,16-Jan-2014,5960.01
Nifty500 Momentum 50,17-Jan-2014,5880.71
Nifty500 Momentum 50,20-Jan-2014,5983.59
Nifty500 Momentum 50,21-Jan-2014,5971.00
Nifty500 Momentum 50,22-Jan-2014,5986.78
Nifty500 Momentum 50,23-Jan-2014,5958.95
Nifty500 Momentum 50,24-Jan-2014,5906.78
Nifty500 Momentum 50,27-Jan-2014,5822.67
Nifty500 Momentum 50,28-Jan-2014,5806.19
Nifty500 Momentum 50,29-Jan-2014,5840.20
Nifty500 Momentum 50,30-Jan-2014,5783.89
Nifty500 Momentum 50,31-Jan-2014,5868.04
Nifty500 Momentum 50,03-Feb-2014,5847.83
Nifty500 Momentum 50,04-Feb-2014,5829.94
Nifty500 Momentum 50,05-Feb-2014,5856.98
Nifty500 Momentum 50,06-Feb-2014,5889.99
Nifty500 Momentum 50,07-Feb-2014,5890.50
Nifty500 Momentum 50,10-Feb-2014,5865.40
Nifty500 Momentum 50,11-Feb-2014,5887.21
Nifty500 Momentum 50,12-Feb-2014,5898.14
Nifty500 Momentum 50,13-Feb-2014,5852.85
Nifty500 Momentum 50,14-Feb-2014,5871.88
Nifty500 Momentum 50,17-Feb-2014,5880.21
Nifty500 Momentum 50,18-Feb-2014,5899.63
Nifty500 Momentum 50,19-Feb-2014,5939.21
Nifty500 Momentum 50,20-Feb-2014,5920.01
Nifty500 Momentum 50,21-Feb-2014,5952.73
Nifty500 Momentum 50,24-Feb-2014,5967.07
Nifty500 Momentum 50,25-Feb-2014,5995.11
Nifty500 Momentum 50,26-Feb-2014,6014.23
Nifty500 Momentum 50,28-Feb-2014,6084.12
Nifty500 Momentum 50,03-Mar-2014,6033.69
Nifty500 Momentum 50,04-Mar-2014,6044.40
Nifty500 Momentum 50,05-Mar-2014,6056.56
Nifty500 Momentum 50,06-Mar-2014,6078.03
Nifty500 Momentum 50,07-Mar-2014,6007.48
Nifty500 Momentum 50,10-Mar-2014,5962.78
Nifty500 Momentum 50,11-Mar-2014,5954.18
Nifty500 Momentum 50,12-Mar-2014,5991.69
Nifty500 Momentum 50,13-Mar-2014,5955.35
Nifty500 Momentum 50,14-Mar-2014,5946.94
Nifty500 Momentum 50,18-Mar-2014,5967.65
Nifty500 Momentum 50,19-Mar-2014,5979.86
Nifty500 Momentum 50,20-Mar-2014,6000.20
Nifty500 Momentum 50,21-Mar-2014,6021.55
Nifty500 Momentum 50,22-Mar-2014,6044.23
Nifty500 Momentum 50,24-Mar-2014,6026.25
Nifty500 Momentum 50,25-Mar-2014,6029.27
Nifty500 Momentum 50,26-Mar-2014,5975.82
Nifty500 Momentum 50,27-Mar-2014,6007.31
Nifty500 Momentum 50,28-Mar-2014,6032.51
Nifty500 Momentum 50,31-Mar-2014,6055.15
Nifty500 Momentum 50,01-Apr-2014,6079.41
Nifty500 Momentum 50,02-Apr-2014,6159.28
Nifty500 Momentum 50,03-Apr-2014,6154.72
Nifty500 Momentum 50,04-Apr-2014,6166.69
Nifty500 Momentum 50,07-Apr-2014,6132.72
Nifty500 Momentum 50,09-Apr-2014,6154.08
Nifty500 Momentum 50,10-Apr-2014,6105.18
Nifty500 Momentum 50,11-Apr-2014,6114.22
Nifty500 Momentum 50,15-Apr-2014,6111.52
Nifty500 Momentum 50,16-Apr-2014,6048.85
Nifty500 Momentum 50,17-Apr-2014,6142.87
Nifty500 Momentum 50,21-Apr-2014,6225.70
Nifty500 Momentum 50,22-Apr-2014,6218.63
Nifty500 Momentum 50,23-Apr-2014,6256.88
Nifty500 Momentum 50,25-Apr-2014,6242.73
Nifty500 Momentum 50,28-Apr-2014,6249.23
Nifty500 Momentum 50,29-Apr-2014,6224.70
Nifty500 Momentum 50,30-Apr-2014,6191.85
Nifty500 Momentum 50,02-May-2014,6257.08
Nifty500 Momentum 50,05-May-2014,6218.15
Nifty500 Momentum 50,06-May-2014,6246.84
Nifty500 Momentum 50,07-May-2014,6230.34
Nifty500 Momentum 50,08-May-2014,6257.87
Nifty500 Momentum 50,09-May-2014,6277.06
Nifty500 Momentum 50,12-May-2014,6320.37
Nifty500 Momentum 50,13-May-2014,6358.69
Nifty500 Momentum 50,14-May-2014,6362.74
Nifty500 Momentum 50,15-May-2014,6341.82
Nifty500 Momentum 50,16-May-2014,6302.26
Nifty500 Momentum 50,19-May-2014,6255.07
Nifty500 Momentum 50,20-May-2014,6349.02
Nifty500 Momentum 50,21-May-2014,6429.91
Nifty500 Momentum 50,22-May-2014,6506.02
Nifty500 Momentum 50,23-May-2014,6533.86
Nifty500 Momentum 50,26-May-2014,6454.56
Nifty500 Momentum 50,27-May-2014,6511.26
Nifty500 Momentum 50,28-May-2014,6578.58
Nifty500 Momentum 50,29-May-2014,6573.93
Nifty500 Momentum 50,30-May-2014,6658.99
Nifty500 Momentum 50,02-Jun-2014,6701.98
Nifty500 Momentum 50,03-Jun-2014,6718.72
Nifty500 Momentum 50,04-Jun-2014,6743.18
Nifty500 Momentum 50,05-Jun-2014,6792.77
Nifty500 Momentum 50,06-Jun-2014,6858.06
Nifty500 Momentum 50,09-Jun-2014,6919.21
Nifty500 Momentum 50,10-Jun-2014,6990.54
Nifty500 Momentum 50,11-Jun-2014,7037.92
Nifty500 Momentum 50,12-Jun-2014,7082.55
Nifty500 Momentum 50,13-Jun-2014,7015.54
Nifty500 Momentum 50,16-Jun-2014,7055.48
Nifty500 Momentum 50,17-Jun-2014,7124.49
Nifty500 Momentum 50,18-Jun-2014,7108.70
Nifty500 Momentum 50,19-Jun-2014,7122.45
Nifty500 Momentum 50,20-Jun-2014,7153.61
Nifty500 Momentum 50,23-Jun-2014,7202.99
Nifty500 Momentum 50,24-Jun-2014,7269.13
Nifty500 Momentum 50,25-Jun-2014,7311.14
Nifty500 Momentum 50,26-Jun-2014,7343.94
Nifty500 Momentum 50,27-Jun-2014,7450.09
Nifty500 Momentum 50,30-Jun-2014,7526.95
Nifty500 Momentum 50,01-Jul-2014,7548.08
Nifty500 Momentum 50,02-Jul-2014,7607.89
Nifty500 Momentum 50,03-Jul-2014,7654.72
Nifty500 Momentum 50,04-Jul-2014,7692.84
Nifty500 Momentum 50,07-Jul-2014,7729.70
Nifty500 Momentum 50,08-Jul-2014,7537.03
Nifty500 Momentum 50,09-Jul-2014,7405.91
Nifty500 Momentum 50,10-Jul-2014,7396.49
Nifty500 Momentum 50,11-Jul-2014,7343.90
Nifty500 Momentum 50,14-Jul-2014,7347.81
Nifty500 Momentum 50,15-Jul-2014,7503.97
Nifty500 Momentum 50,16-Jul-2014,7607.71
Nifty500 Momentum 50,17-Jul-2014,7733.30
Nifty500 Momentum 50,18-Jul-2014,7702.14
Nifty500 Momentum 50,21-Jul-2014,7745.68
Nifty500 Momentum 50,22-Jul-2014,7786.15
Nifty500 Momentum 50,23-Jul-2014,7771.26
Nifty500 Momentum 50,24-Jul-2014,7725.90
Nifty500 Momentum 50,25-Jul-2014,7685.95
Nifty500 Momentum 50,28-Jul-2014,7699.45
Nifty500 Momentum 50,30-Jul-2014,7752.56
Nifty500 Momentum 50,31-Jul-2014,7774.95
Nifty500 Momentum 50,01-Aug-2014,7713.39
Nifty500 Momentum 50,04-Aug-2014,7812.82
Nifty500 Momentum 50,05-Aug-2014,7845.21
Nifty500 Momentum 50,06-Aug-2014,7851.83
Nifty500 Momentum 50,07-Aug-2014,7824.38
Nifty500 Momentum 50,08-Aug-2014,7741.24
Nifty500 Momentum 50,11-Aug-2014,7835.91
Nifty500 Momentum 50,12-Aug-2014,7902.79
Nifty500 Momentum 50,13-Aug-2014,7887.88
Nifty500 Momentum 50,14-Aug-2014,7950.75
Nifty500 Momentum 50,18-Aug-2014,8092.79
Nifty500 Momentum 50,19-Aug-2014,8143.40
Nifty500 Momentum 50,20-Aug-2014,8207.60
Nifty500 Momentum 50,21-Aug-2014,8243.16
Nifty500 Momentum 50,22-Aug-2014,8271.34
Nifty500 Momentum 50,25-Aug-2014,8286.73
Nifty500 Momentum 50,26-Aug-2014,8338.11
Nifty500 Momentum 50,27-Aug-2014,8405.04
Nifty500 Momentum 50,28-Aug-2014,8378.49
Nifty500 Momentum 50,01-Sep-2014,8495.89
Nifty500 Momentum 50,02-Sep-2014,8602.88
Nifty500 Momentum 50,03-Sep-2014,8776.87
Nifty500 Momentum 50,04-Sep-2014,8830.89
Nifty500 Momentum 50,05-Sep-2014,8880.49
Nifty500 Momentum 50,08-Sep-2014,9011.05
Nifty500 Momentum 50,09-Sep-2014,9080.97
Nifty500 Momentum 50,10-Sep-2014,9091.68
Nifty500 Momentum 50,11-Sep-2014,9199.63
Nifty500 Momentum 50,12-Sep-2014,9267.73
Nifty500 Momentum 50,15-Sep-2014,9299.54
Nifty500 Momentum 50,16-Sep-2014,8965.76
Nifty500 Momentum 50,17-Sep-2014,9034.92
Nifty500 Momentum 50,18-Sep-2014,9170.74
Nifty500 Momentum 50,19-Sep-2014,9188.54
Nifty500 Momentum 50,22-Sep-2014,9197.77
Nifty500 Momentum 50,23-Sep-2014,9004.02
Nifty500 Momentum 50,24-Sep-2014,8830.17
Nifty500 Momentum 50,25-Sep-2014,8690.49
Nifty500 Momentum 50,26-Sep-2014,8792.15
Nifty500 Momentum 50,29-Sep-2014,9042.01
Nifty500 Momentum 50,30-Sep-2014,9103.75
Nifty500 Momentum 50,01-Oct-2014,9052.77
Nifty500 Momentum 50,07-Oct-2014,8990.38
Nifty500 Momentum 50,08-Oct-2014,8936.92
Nifty500 Momentum 50,09-Oct-2014,9122.98
Nifty500 Momentum 50,10-Oct-2014,8941.15
Nifty500 Momentum 50,13-Oct-2014,9017.15
Nifty500 Momentum 50,14-Oct-2014,9019.70
Nifty500 Momentum 50,16-Oct-2014,8705.97
Nifty500 Momentum 50,17-Oct-2014,8738.51
Nifty500 Momentum 50,20-Oct-2014,8879.62
Nifty500 Momentum 50,21-Oct-2014,9000.40
Nifty500 Momentum 50,22-Oct-2014,9103.87
Nifty500 Momentum 50,23-Oct-2014,9175.70
Nifty500 Momentum 50,27-Oct-2014,9141.59
Nifty500 Momentum 50,28-Oct-2014,9157.39
Nifty500 Momentum 50,29-Oct-2014,9231.40
Nifty500 Momentum 50,30-Oct-2014,9354.80
Nifty500 Momentum 50,31-Oct-2014,9503.83
Nifty500 Momentum 50,03-Nov-2014,9628.06
Nifty500 Momentum 50,05-Nov-2014,9668.77
Nifty500 Momentum 50,07-Nov-2014,9705.54
Nifty500 Momentum 50,10-Nov-2014,9777.09
Nifty500 Momentum 50,11-Nov-2014,9855.20
Nifty500 Momentum 50,12-Nov-2014,9940.75
Nifty500 Momentum 50,13-Nov-2014,9961.41
Nifty500 Momentum 50,14-Nov-2014,10002.09
Nifty500 Momentum 50,17-Nov-2014,10097.18
Nifty500 Momentum 50,18-Nov-2014,10179.82
Nifty500 Momentum 50,19-Nov-2014,10107.05
Nifty500 Momentum 50,20-Nov-2014,10086.39
Nifty500 Momentum 50,21-Nov-2014,9995.25
Nifty500 Momentum 50,24-Nov-2014,9977.09
Nifty500 Momentum 50,25-Nov-2014,9872.68
Nifty500 Momentum 50,26-Nov-2014,9896.41
Nifty500 Momentum 50,27-Nov-2014,9929.72
Nifty500 Momentum 50,28-Nov-2014,9957.29
Nifty500 Momentum 50,01-Dec-2014,9937.91
Nifty500 Momentum 50,02-Dec-2014,10005.89
Nifty500 Momentum 50,03-Dec-2014,10134.11
Nifty500 Momentum 50,04-Dec-2014,10173.18
Nifty500 Momentum 50,05-Dec-2014,10179.66
Nifty500 Momentum 50,08-Dec-2014,10072.08
Nifty500 Momentum 50,09-Dec-2014,9925.30
Nifty500 Momentum 50,10-Dec-2014,10026.64
Nifty500 Momentum 50,11-Dec-2014,9920.38
Nifty500 Momentum 50,12-Dec-2014,9800.49
Nifty500 Momentum 50,15-Dec-2014,9773.89
Nifty500 Momentum 50,16-Dec-2014,9448.02
Nifty500 Momentum 50,17-Dec-2014,9331.30
Nifty500 Momentum 50,18-Dec-2014,9656.38
Nifty500 Momentum 50,19-Dec-2014,9772.45
Nifty500 Momentum 50,22-Dec-2014,9787.62
Nifty500 Momentum 50,23-Dec-2014,9735.02
Nifty500 Momentum 50,24-Dec-2014,9714.02
Nifty500 Momentum 50,26-Dec-2014,9732.73
Nifty500 Momentum 50,29-Dec-2014,9859.28
Nifty500 Momentum 50,30-Dec-2014,9936.00
Nifty500 Momentum 50,31-Dec-2014,10115.42
Nifty500 Momentum 50,01-Jan-2015,10143.86
Nifty500 Momentum 50,02-Jan-2015,10286.46
Nifty500 Momentum 50,05-Jan-2015,10340.96
Nifty500 Momentum 50,06-Jan-2015,10021.55
Nifty500 Momentum 50,07-Jan-2015,10053.72
Nifty500 Momentum 50,08-Jan-2015,10307.47
Nifty500 Momentum 50,09-Jan-2015,10294.59
Nifty500 Momentum 50,12-Jan-2015,10429.50
Nifty500 Momentum 50,13-Jan-2015,10446.79
Nifty500 Momentum 50,14-Jan-2015,10412.59
Nifty500 Momentum 50,15-Jan-2015,10539.60
Nifty500 Momentum 50,16-Jan-2015,10614.76
Nifty500 Momentum 50,19-Jan-2015,10632.72
Nifty500 Momentum 50,20-Jan-2015,10678.70
Nifty500 Momentum 50,21-Jan-2015,10689.66
Nifty500 Momentum 50,22-Jan-2015,10727.38
Nifty500 Momentum 50,23-Jan-2015,10669.96
Nifty500 Momentum 50,27-Jan-2015,10758.45
Nifty500 Momentum 50,28-Jan-2015,10893.19
Nifty500 Momentum 50,29-Jan-2015,10868.44
Nifty500 Momentum 50,30-Jan-2015,10864.04
Nifty500 Momentum 50,02-Feb-2015,10946.68
Nifty500 Momentum 50,03-Feb-2015,10931.12
Nifty500 Momentum 50,04-Feb-2015,10886.01
Nifty500 Momentum 50,05-Feb-2015,10727.73
Nifty500 Momentum 50,06-Feb-2015,10539.86
Nifty500 Momentum 50,09-Feb-2015,10303.07
Nifty500 Momentum 50,10-Feb-2015,10433.68
Nifty500 Momentum 50,11-Feb-2015,10700.45
Nifty500 Momentum 50,12-Feb-2015,10862.65
Nifty500 Momentum 50,13-Feb-2015,10946.58
Nifty500 Momentum 50,16-Feb-2015,10929.52
Nifty500 Momentum 50,18-Feb-2015,11046.68
Nifty500 Momentum 50,19-Feb-2015,11020.54
Nifty500 Momentum 50,20-Feb-2015,11022.30
Nifty500 Momentum 50,23-Feb-2015,10922.94
Nifty500 Momentum 50,24-Feb-2015,10853.19
Nifty500 Momentum 50,25-Feb-2015,10923.31
Nifty500 Momentum 50,26-Feb-2015,10791.78
Nifty500 Momentum 50,27-Feb-2015,10996.62
Nifty500 Momentum 50,28-Feb-2015,11001.07
Nifty500 Momentum 50,02-Mar-2015,11289.21
Nifty500 Momentum 50,03-Mar-2015,11478.54
Nifty500 Momentum 50,04-Mar-2015,11347.62
Nifty500 Momentum 50,05-Mar-2015,11477.49
Nifty500 Momentum 50,09-Mar-2015,11314.92
Nifty500 Momentum 50,10-Mar-2015,11357.68
Nifty500 Momentum 50,11-Mar-2015,11296.63
Nifty500 Momentum 50,12-Mar-2015,11534.72
Nifty500 Momentum 50,13-Mar-2015,11350.75
Nifty500 Momentum 50,16-Mar-2015,11383.93
Nifty500 Momentum 50,17-Mar-2015,11500.95
Nifty500 Momentum 50,18-Mar-2015,11498.43
Nifty500 Momentum 50,19-Mar-2015,11418.60
Nifty500 Momentum 50,20-Mar-2015,11208.78
Nifty500 Momentum 50,23-Mar-2015,11158.97
Nifty500 Momentum 50,24-Mar-2015,11130.73
Nifty500 Momentum 50,25-Mar-2015,11050.83
Nifty500 Momentum 50,26-Mar-2015,10908.08
Nifty500 Momentum 50,27-Mar-2015,10920.90
Nifty500 Momentum 50,30-Mar-2015,11222.42
Nifty500 Momentum 50,31-Mar-2015,11286.86
Nifty500 Momentum 50,01-Apr-2015,11514.51
Nifty500 Momentum 50,06-Apr-2015,11645.65
Nifty500 Momentum 50,07-Apr-2015,11644.23
Nifty500 Momentum 50,08-Apr-2015,11824.08
Nifty500 Momentum 50,09-Apr-2015,11814.10
Nifty500 Momentum 50,10-Apr-2015,11818.90
Nifty500 Momentum 50,13-Apr-2015,11764.06
Nifty500 Momentum 50,15-Apr-2015,11648.53
Nifty500 Momentum 50,16-Apr-2015,11546.96
Nifty500 Momentum 50,17-Apr-2015,11279.47
Nifty500 Momentum 50,20-Apr-2015,11047.30
Nifty500 Momentum 50,21-Apr-2015,11042.00
Nifty500 Momentum 50,22-Apr-2015,10968.13
Nifty500 Momentum 50,23-Apr-2015,10923.49
Nifty500 Momentum 50,24-Apr-2015,10557.88
Nifty500 Momentum 50,27-Apr-2015,10179.27
Nifty500 Momentum 50,28-Apr-2015,10387.82
Nifty500 Momentum 50,29-Apr-2015,10545.15
Nifty500 Momentum 50,30-Apr-2015,10577.87
Nifty500 Momentum 50,04-May-2015,10841.65
Nifty500 Momentum 50,05-May-2015,10870.18
Nifty500 Momentum 50,06-May-2015,10457.54
Nifty500 Momentum 50,07-May-2015,10135.91
Nifty500 Momentum 50,08-May-2015,10401.39
Nifty500 Momentum 50,11-May-2015,10626.11
Nifty500 Momentum 50,12-May-2015,10380.44
Nifty500 Momentum 50,13-May-2015,10543.79
Nifty500 Momentum 50,14-May-2015,10685.48
Nifty500 Momentum 50,15-May-2015,10726.81
Nifty500 Momentum 50,18-May-2015,10857.72
Nifty500 Momentum 50,19-May-2015,10854.99
Nifty500 Momentum 50,20-May-2015,10885.33
Nifty500 Momentum 50,21-May-2015,10880.18
Nifty500 Momentum 50,22-May-2015,10930.26
Nifty500 Momentum 50,25-May-2015,10944.60
Nifty500 Momentum 50,26-May-2015,10922.32
Nifty500 Momentum 50,27-May-2015,10930.31
Nifty500 Momentum 50,28-May-2015,10870.96
Nifty500 Momentum 50,29-May-2015,11089.91
Nifty500 Momentum 50,01-Jun-2015,11116.58
Nifty500 Momentum 50,02-Jun-2015,10801.58
Nifty500 Momentum 50,03-Jun-2015,10605.60
Nifty500 Momentum 50,04-Jun-2015,10603.63
Nifty500 Momentum 50,05-Jun-2015,10634.19
Nifty500 Momentum 50,08-Jun-2015,10447.95
Nifty500 Momentum 50,09-Jun-2015,10323.15
Nifty500 Momentum 50,10-Jun-2015,10515.88
Nifty500 Momentum 50,11-Jun-2015,10307.04
Nifty500 Momentum 50,12-Jun-2015,10241.34
Nifty500 Momentum 50,15-Jun-2015,10295.84
Nifty500 Momentum 50,16-Jun-2015,10378.18
Nifty500 Momentum 50,17-Jun-2015,10599.99
Nifty500 Momentum 50,18-Jun-2015,10777.37
Nifty500 Momentum 50,19-Jun-2015,10866.16
Nifty500 Momentum 50,22-Jun-2015,11017.61
Nifty500 Momentum 50,23-Jun-2015,11041.23
Nifty500 Momentum 50,24-Jun-2015,10948.46
Nifty500 Momentum 50,25-Jun-2015,11002.54
Nifty500 Momentum 50,26-Jun-2015,11046.03
Nifty500 Momentum 50,29-Jun-2015,10853.61
Nifty500 Momentum 50,30-Jun-2015,11013.69
Nifty500 Momentum 50,01-Jul-2015,11202.75
Nifty500 Momentum 50,02-Jul-2015,11339.60
Nifty500 Momentum 50,03-Jul-2015,11272.88
Nifty500 Momentum 50,06-Jul-2015,11377.38
Nifty500 Momentum 50,07-Jul-2015,11411.66
Nifty500 Momentum 50,08-Jul-2015,11189.92
Nifty500 Momentum 50,09-Jul-2015,11147.93
Nifty500 Momentum 50,10-Jul-2015,11199.77
Nifty500 Momentum 50,13-Jul-2015,11352.69
Nifty500 Momentum 50,14-Jul-2015,11356.37
Nifty500 Momentum 50,15-Jul-2015,11408.59
Nifty500 Momentum 50,16-Jul-2015,11580.34
Nifty500 Momentum 50,17-Jul-2015,11644.67
Nifty500 Momentum 50,20-Jul-2015,11727.81
Nifty500 Momentum 50,21-Jul-2015,11546.92
Nifty500 Momentum 50,22-Jul-2015,11670.63
Nifty500 Momentum 50,23-Jul-2015,11707.65
Nifty500 Momentum 50,24-Jul-2015,11652.10
Nifty500 Momentum 50,27-Jul-2015,11511.05
Nifty500 Momentum 50,28-Jul-2015,11535.49
Nifty500 Momentum 50,29-Jul-2015,11684.43
Nifty500 Momentum 50,30-Jul-2015,11758.20
Nifty500 Momentum 50,31-Jul-2015,11882.97
Nifty500 Momentum 50,03-Aug-2015,11983.38
Nifty500 Momentum 50,04-Aug-2015,12202.89
Nifty500 Momentum 50,05-Aug-2015,12315.00
Nifty500 Momentum 50,06-Aug-2015,12251.88
Nifty500 Momentum 50,07-Aug-2015,12214.48
Nifty500 Momentum 50,10-Aug-2015,12194.16
Nifty500 Momentum 50,11-Aug-2015,12049.27
Nifty500 Momentum 50,12-Aug-2015,11747.19
Nifty500 Momentum 50,13-Aug-2015,11663.50
Nifty500 Momentum 50,14-Aug-2015,11918.93
Nifty500 Momentum 50,17-Aug-2015,11937.07
Nifty500 Momentum 50,18-Aug-2015,12157.21
Nifty500 Momentum 50,19-Aug-2015,12215.61
Nifty500 Momentum 50,20-Aug-2015,12023.66
Nifty500 Momentum 50,21-Aug-2015,11868.40
Nifty500 Momentum 50,24-Aug-2015,10750.18
Nifty500 Momentum 50,25-Aug-2015,10922.84
Nifty500 Momentum 50,26-Aug-2015,10939.59
Nifty500 Momentum 50,27-Aug-2015,11229.55
Nifty500 Momentum 50,28-Aug-2015,11281.88
Nifty500 Momentum 50,31-Aug-2015,11186.46
Nifty500 Momentum 50,01-Sep-2015,10896.92
Nifty500 Momentum 50,02-Sep-2015,10859.15
Nifty500 Momentum 50,03-Sep-2015,10979.27
Nifty500 Momentum 50,04-Sep-2015,10707.74
Nifty500 Momentum 50,07-Sep-2015,10437.16
Nifty500 Momentum 50,08-Sep-2015,10511.70
Nifty500 Momentum 50,09-Sep-2015,10741.18
Nifty500 Momentum 50,10-Sep-2015,10754.68
Nifty500 Momentum 50,11-Sep-2015,10864.40
Nifty500 Momentum 50,14-Sep-2015,10944.17
Nifty500 Momentum 50,15-Sep-2015,10858.64
Nifty500 Momentum 50,16-Sep-2015,10752.34
Nifty500 Momentum 50,18-Sep-2015,10808.95
Nifty500 Momentum 50,21-Sep-2015,10866.25
Nifty500 Momentum 50,22-Sep-2015,10757.28
Nifty500 Momentum 50,23-Sep-2015,10850.24
Nifty500 Momentum 50,24-Sep-2015,10870.80
Nifty500 Momentum 50,28-Sep-2015,10937.64
Nifty500 Momentum 50,29-Sep-2015,10927.48
Nifty500 Momentum 50,30-Sep-2015,11179.32
Nifty500 Momentum 50,01-Oct-2015,11222.90
Nifty500 Momentum 50,05-Oct-2015,11401.18
Nifty500 Momentum 50,06-Oct-2015,11539.49
Nifty500 Momentum 50,07-Oct-2015,11476.66
Nifty500 Momentum 50,08-Oct-2015,11371.49
Nifty500 Momentum 50,09-Oct-2015,11342.30
Nifty500 Momentum 50,12-Oct-2015,11325.43
Nifty500 Momentum 50,13-Oct-2015,11271.70
Nifty500 Momentum 50,14-Oct-2015,11354.98
Nifty500 Momentum 50,15-Oct-2015,11321.32
Nifty500 Momentum 50,16-Oct-2015,11348.47
Nifty500 Momentum 50,19-Oct-2015,11460.07
Nifty500 Momentum 50,20-Oct-2015,11480.12
Nifty500 Momentum 50,21-Oct-2015,11483.66
Nifty500 Momentum 50,23-Oct-2015,11460.41
Nifty500 Momentum 50,26-Oct-2015,11364.84
Nifty500 Momentum 50,27-Oct-2015,11357.77
Nifty500 Momentum 50,28-Oct-2015,11325.47
Nifty500 Momentum 50,29-Oct-2015,11292.66
Nifty500 Momentum 50,30-Oct-2015,11288.61
Nifty500 Momentum 50,02-Nov-2015,11280.84
Nifty500 Momentum 50,03-Nov-2015,11346.97
Nifty500 Momentum 50,04-Nov-2015,11302.16
Nifty500 Momentum 50,05-Nov-2015,11120.38
Nifty500 Momentum 50,06-Nov-2015,10959.61
Nifty500 Momentum 50,09-Nov-2015,11018.33
Nifty500 Momentum 50,10-Nov-2015,10856.16
Nifty500 Momentum 50,11-Nov-2015,10959.52
Nifty500 Momentum 50,13-Nov-2015,10809.28
Nifty500 Momentum 50,16-Nov-2015,10800.08
Nifty500 Momentum 50,17-Nov-2015,10801.76
Nifty500 Momentum 50,18-Nov-2015,10752.54
Nifty500 Momentum 50,19-Nov-2015,10884.80
Nifty500 Momentum 50,20-Nov-2015,10983.11
Nifty500 Momentum 50,23-Nov-2015,11086.41
Nifty500 Momentum 50,24-Nov-2015,11094.51
Nifty500 Momentum 50,26-Nov-2015,11011.84
Nifty500 Momentum 50,27-Nov-2015,11074.53
Nifty500 Momentum 50,30-Nov-2015,11121.56
Nifty500 Momentum 50,01-Dec-2015,11198.36
Nifty500 Momentum 50,02-Dec-2015,11189.24
Nifty500 Momentum 50,03-Dec-2015,11099.91
Nifty500 Momentum 50,04-Dec-2015,11021.69
Nifty500 Momentum 50,07-Dec-2015,11000.23
Nifty500 Momentum 50,08-Dec-2015,10890.67
Nifty500 Momentum 50,09-Dec-2015,10657.04
Nifty500 Momentum 50,10-Dec-2015,10762.79
Nifty500 Momentum 50,11-Dec-2015,10691.54
Nifty500 Momentum 50,14-Dec-2015,10713.18
Nifty500 Momentum 50,15-Dec-2015,10797.49
Nifty500 Momentum 50,16-Dec-2015,10838.39
Nifty500 Momentum 50,17-Dec-2015,11049.29
Nifty500 Momentum 50,18-Dec-2015,11031.37
Nifty500 Momentum 50,21-Dec-2015,11101.25
Nifty500 Momentum 50,22-Dec-2015,11097.33
Nifty500 Momentum 50,23-Dec-2015,11170.31
Nifty500 Momentum 50,24-Dec-2015,11167.92
Nifty500 Momentum 50,28-Dec-2015,11208.49
Nifty500 Momentum 50,29-Dec-2015,11268.92
Nifty500 Momentum 50,30-Dec-2015,11243.17
Nifty500 Momentum 50,31-Dec-2015,11256.65
Nifty500 Momentum 50,01-Jan-2016,11337.02
Nifty500 Momentum 50,04-Jan-2016,11235.59
Nifty500 Momentum 50,05-Jan-2016,11300.00
Nifty500 Momentum 50,06-Jan-2016,11315.10
Nifty500 Momentum 50,07-Jan-2016,11063.12
Nifty500 Momentum 50,08-Jan-2016,11120.78
Nifty500 Momentum 50,11-Jan-2016,11034.33
Nifty500 Momentum 50,12-Jan-2016,11014.25
Nifty500 Momentum 50,13-Jan-2016,10865.99
Nifty500 Momentum 50,14-Jan-2016,10765.14
Nifty500 Momentum 50,15-Jan-2016,10463.09
Nifty500 Momentum 50,18-Jan-2016,10090.53
Nifty500 Momentum 50,19-Jan-2016,10274.98
Nifty500 Momentum 50,20-Jan-2016,10101.43
Nifty500 Momentum 50,21-Jan-2016,10081.46
Nifty500 Momentum 50,22-Jan-2016,10333.11
Nifty500 Momentum 50,25-Jan-2016,10379.04
Nifty500 Momentum 50,27-Jan-2016,10413.46
Nifty500 Momentum 50,28-Jan-2016,10427.54
Nifty500 Momentum 50,29-Jan-2016,10611.89
Nifty500 Momentum 50,01-Feb-2016,10719.03
Nifty500 Momentum 50,02-Feb-2016,10603.46
Nifty500 Momentum 50,03-Feb-2016,10442.70
Nifty500 Momentum 50,04-Feb-2016,10320.50
Nifty500 Momentum 50,05-Feb-2016,10517.92
Nifty500 Momentum 50,08-Feb-2016,10453.10
Nifty500 Momentum 50,09-Feb-2016,10267.09
Nifty500 Momentum 50,10-Feb-2016,10105.85
Nifty500 Momentum 50,11-Feb-2016,9697.51
Nifty500 Momentum 50,12-Feb-2016,9629.50
Nifty500 Momentum 50,15-Feb-2016,9961.48
Nifty500 Momentum 50,16-Feb-2016,9764.29
Nifty500 Momentum 50,17-Feb-2016,9908.50
Nifty500 Momentum 50,18-Feb-2016,9943.15
Nifty500 Momentum 50,19-Feb-2016,9910.39
Nifty500 Momentum 50,22-Feb-2016,9968.90
Nifty500 Momentum 50,23-Feb-2016,9820.16
Nifty500 Momentum 50,24-Feb-2016,9665.36
Nifty500 Momentum 50,25-Feb-2016,9563.16
Nifty500 Momentum 50,26-Feb-2016,9542.48
Nifty500 Momentum 50,29-Feb-2016,9636.01
Nifty500 Momentum 50,01-Mar-2016,9933.06
Nifty500 Momentum 50,02-Mar-2016,10082.99
Nifty500 Momentum 50,03-Mar-2016,10230.13
Nifty500 Momentum 50,04-Mar-2016,10343.01
Nifty500 Momentum 50,08-Mar-2016,10359.22
Nifty500 Momentum 50,09-Mar-2016,10411.43
Nifty500 Momentum 50,10-Mar-2016,10387.59
Nifty500 Momentum 50,11-Mar-2016,10398.79
Nifty500 Momentum 50,14-Mar-2016,10452.14
Nifty500 Momentum 50,15-Mar-2016,10281.96
Nifty500 Momentum 50,16-Mar-2016,10150.21
Nifty500 Momentum 50,17-Mar-2016,10135.56
Nifty500 Momentum 50,18-Mar-2016,10213.58
Nifty500 Momentum 50,21-Mar-2016,10423.47
Nifty500 Momentum 50,22-Mar-2016,10437.20
Nifty500 Momentum 50,23-Mar-2016,10456.45
Nifty500 Momentum 50,28-Mar-2016,10293.17
Nifty500 Momentum 50,29-Mar-2016,10200.01
Nifty500 Momentum 50,30-Mar-2016,10369.77
Nifty500 Momentum 50,31-Mar-2016,10504.52
Nifty500 Momentum 50,01-Apr-2016,10515.84
Nifty500 Momentum 50,04-Apr-2016,10537.91
Nifty500 Momentum 50,05-Apr-2016,10422.60
Nifty500 Momentum 50,06-Apr-2016,10516.32
Nifty500 Momentum 50,07-Apr-2016,10439.64
Nifty500 Momentum 50,08-Apr-2016,10506.81
Nifty500 Momentum 50,11-Apr-2016,10596.42
Nifty500 Momentum 50,12-Apr-2016,10689.11
Nifty500 Momentum 50,13-Apr-2016,10768.73
Nifty500 Momentum 50,18-Apr-2016,10903.07
Nifty500 Momentum 50,20-Apr-2016,10868.05
Nifty500 Momentum 50,21-Apr-2016,10805.76
Nifty500 Momentum 50,22-Apr-2016,10768.22
Nifty500 Momentum 50,25-Apr-2016,10697.60
Nifty500 Momentum 50,26-Apr-2016,10722.29
Nifty500 Momentum 50,27-Apr-2016,10755.17
Nifty500 Momentum 50,28-Apr-2016,10632.38
Nifty500 Momentum 50,29-Apr-2016,10673.34
Nifty500 Momentum 50,02-May-2016,10723.73
Nifty500 Momentum 50,03-May-2016,10656.55
Nifty500 Momentum 50,04-May-2016,10559.32
Nifty500 Momentum 50,05-May-2016,10543.97
Nifty500 Momentum 50,06-May-2016,10554.96
Nifty500 Momentum 50,09-May-2016,10682.49
Nifty500 Momentum 50,10-May-2016,10655.15
Nifty500 Momentum 50,11-May-2016,10624.28
Nifty500 Momentum 50,12-May-2016,10731.25
Nifty500 Momentum 50,13-May-2016,10683.99
Nifty500 Momentum 50,16-May-2016,10664.20
Nifty500 Momentum 50,17-May-2016,10677.47
Nifty500 Momentum 50,18-May-2016,10678.82
Nifty500 Momentum 50,19-May-2016,10528.83
Nifty500 Momentum 50,20-May-2016,10413.83
Nifty500 Momentum 50,23-May-2016,10350.16
Nifty500 Momentum 50,24-May-2016,10264.93
Nifty500 Momentum 50,25-May-2016,10321.68
Nifty500 Momentum 50,26-May-2016,10415.02
Nifty500 Momentum 50,27-May-2016,10490.37
Nifty500 Momentum 50,30-May-2016,10526.79
Nifty500 Momentum 50,31-May-2016,10534.31
Nifty500 Momentum 50,01-Jun-2016,10569.54
Nifty500 Momentum 50,02-Jun-2016,10619.84
Nifty500 Momentum 50,03-Jun-2016,10571.63
Nifty500 Momentum 50,06-Jun-2016,10569.35
Nifty500 Momentum 50,07-Jun-2016,10606.91
Nifty500 Momentum 50,08-Jun-2016,10601.45
Nifty500 Momentum 50,09-Jun-2016,10579.57
Nifty500 Momentum 50,10-Jun-2016,10588.37
Nifty500 Momentum 50,13-Jun-2016,10530.58
Nifty500 Momentum 50,14-Jun-2016,10575.47
Nifty500 Momentum 50,15-Jun-2016,10596.66
Nifty500 Momentum 50,16-Jun-2016,10548.25
Nifty500 Momentum 50,17-Jun-2016,10545.31
Nifty500 Momentum 50,20-Jun-2016,10558.69
Nifty500 Momentum 50,21-Jun-2016,10604.66
Nifty500 Momentum 50,22-Jun-2016,10599.82
Nifty500 Momentum 50,23-Jun-2016,10572.37
Nifty500 Momentum 50,24-Jun-2016,10477.04
Nifty500 Momentum 50,27-Jun-2016,10582.63
Nifty500 Momentum 50,28-Jun-2016,10648.10
Nifty500 Momentum 50,29-Jun-2016,10720.33
Nifty500 Momentum 50,30-Jun-2016,10815.52
Nifty500 Momentum 50,01-Jul-2016,10896.95
Nifty500 Momentum 50,04-Jul-2016,10991.54
Nifty500 Momentum 50,05-Jul-2016,10948.90
Nifty500 Momentum 50,07-Jul-2016,10976.57
Nifty500 Momentum 50,08-Jul-2016,10979.00
Nifty500 Momentum 50,11-Jul-2016,11086.09
Nifty500 Momentum 50,12-Jul-2016,11121.75
Nifty500 Momentum 50,13-Jul-2016,11098.02
Nifty500 Momentum 50,14-Jul-2016,11139.46
Nifty500 Momentum 50,15-Jul-2016,11078.82
Nifty500 Momentum 50,18-Jul-2016,11040.89
Nifty500 Momentum 50,19-Jul-2016,11020.55
Nifty500 Momentum 50,20-Jul-2016,11118.91
Nifty500 Momentum 50,21-Jul-2016,11109.35
Nifty500 Momentum 50,22-Jul-2016,11164.22
Nifty500 Momentum 50,25-Jul-2016,11257.23
Nifty500 Momentum 50,26-Jul-2016,11266.12
Nifty500 Momentum 50,27-Jul-2016,11281.68
Nifty500 Momentum 50,28-Jul-2016,11411.53
Nifty500 Momentum 50,29-Jul-2016,11524.39
Nifty500 Momentum 50,01-Aug-2016,11604.63
Nifty500 Momentum 50,02-Aug-2016,11548.98
Nifty500 Momentum 50,03-Aug-2016,11369.32
Nifty500 Momentum 50,04-Aug-2016,11406.01
Nifty500 Momentum 50,05-Aug-2016,11534.37
Nifty500 Momentum 50,08-Aug-2016,11673.23
Nifty500 Momentum 50,09-Aug-2016,11639.02
Nifty500 Momentum 50,10-Aug-2016,11546.74
Nifty500 Momentum 50,11-Aug-2016,11600.72
Nifty500 Momentum 50,12-Aug-2016,11635.00
Nifty500 Momentum 50,16-Aug-2016,11615.92
Nifty500 Momentum 50,17-Aug-2016,11657.67
Nifty500 Momentum 50,18-Aug-2016,11759.62
Nifty500 Momentum 50,19-Aug-2016,11836.73
Nifty500 Momentum 50,22-Aug-2016,11755.75
Nifty500 Momentum 50,23-Aug-2016,11689.06
Nifty500 Momentum 50,24-Aug-2016,11760.06
Nifty500 Momentum 50,25-Aug-2016,11762.45
Nifty500 Momentum 50,26-Aug-2016,11791.94
Nifty500 Momentum 50,29-Aug-2016,11808.79
Nifty500 Momentum 50,30-Aug-2016,11907.42
Nifty500 Momentum 50,31-Aug-2016,11962.78
Nifty500 Momentum 50,01-Sep-2016,11904.09
Nifty500 Momentum 50,02-Sep-2016,11915.33
Nifty500 Momentum 50,06-Sep-2016,12131.90
Nifty500 Momentum 50,07-Sep-2016,12147.57
Nifty500 Momentum 50,08-Sep-2016,12231.33
Nifty500 Momentum 50,09-Sep-2016,12133.66
Nifty500 Momentum 50,12-Sep-2016,11892.52
Nifty500 Momentum 50,14-Sep-2016,12019.22
Nifty500 Momentum 50,15-Sep-2016,12047.23
Nifty500 Momentum 50,16-Sep-2016,12105.11
Nifty500 Momentum 50,19-Sep-2016,12119.18
Nifty500 Momentum 50,20-Sep-2016,12093.46
Nifty500 Momentum 50,21-Sep-2016,12135.91
Nifty500 Momentum 50,22-Sep-2016,12258.22
Nifty500 Momentum 50,23-Sep-2016,12253.37
Nifty500 Momentum 50,26-Sep-2016,12225.84
Nifty500 Momentum 50,27-Sep-2016,12204.33
Nifty500 Momentum 50,28-Sep-2016,12270.68
Nifty500 Momentum 50,29-Sep-2016,11810.43
Nifty500 Momentum 50,30-Sep-2016,12008.13
Nifty500 Momentum 50,03-Oct-2016,12337.73
Nifty500 Momentum 50,04-Oct-2016,12439.77
Nifty500 Momentum 50,05-Oct-2016,12474.40
Nifty500 Momentum 50,06-Oct-2016,12470.04
Nifty500 Momentum 50,07-Oct-2016,12462.44
Nifty500 Momentum 50,10-Oct-2016,12457.60
Nifty500 Momentum 50,13-Oct-2016,12309.95
Nifty500 Momentum 50,14-Oct-2016,12455.17
Nifty500 Momentum 50,17-Oct-2016,12437.94
Nifty500 Momentum 50,18-Oct-2016,12608.93
Nifty500 Momentum 50,19-Oct-2016,12653.70
Nifty500 Momentum 50,20-Oct-2016,12696.56
Nifty500 Momentum 50,21-Oct-2016,12681.45
Nifty500 Momentum 50,24-Oct-2016,12695.13
Nifty500 Momentum 50,25-Oct-2016,12725.14
Nifty500 Momentum 50,26-Oct-2016,12609.95
Nifty500 Momentum 50,27-Oct-2016,12457.37
Nifty500 Momentum 50,28-Oct-2016,12613.76
Nifty500 Momentum 50,30-Oct-2016,12670.46
Nifty500 Momentum 50,01-Nov-2016,12705.45
Nifty500 Momentum 50,02-Nov-2016,12432.32
Nifty500 Momentum 50,03-Nov-2016,12316.35
Nifty500 Momentum 50,04-Nov-2016,12124.10
Nifty500 Momentum 50,07-Nov-2016,12248.88
Nifty500 Momentum 50,08-Nov-2016,12340.04
Nifty500 Momentum 50,09-Nov-2016,12040.94
Nifty500 Momentum 50,10-Nov-2016,12297.84
Nifty500 Momentum 50,11-Nov-2016,11747.76
Nifty500 Momentum 50,15-Nov-2016,11032.57
Nifty500 Momentum 50,16-Nov-2016,11100.49
Nifty500 Momentum 50,17-Nov-2016,11135.46
Nifty500 Momentum 50,18-Nov-2016,11154.39
Nifty500 Momentum 50,21-Nov-2016,10766.99
Nifty500 Momentum 50,22-Nov-2016,11037.35
Nifty500 Momentum 50,23-Nov-2016,11274.81
Nifty500 Momentum 50,24-Nov-2016,11233.68
Nifty500 Momentum 50,25-Nov-2016,11463.26
Nifty500 Momentum 50,28-Nov-2016,11526.08
Nifty500 Momentum 50,29-Nov-2016,11629.10
Nifty500 Momentum 50,30-Nov-2016,11735.21
Nifty500 Momentum 50,01-Dec-2016,11532.42
Nifty500 Momentum 50,02-Dec-2016,11353.24
Nifty500 Momentum 50,05-Dec-2016,11414.66
Nifty500 Momentum 50,06-Dec-2016,11503.49
Nifty500 Momentum 50,07-Dec-2016,11488.94
Nifty500 Momentum 50,08-Dec-2016,11689.06
Nifty500 Momentum 50,09-Dec-2016,11719.73
Nifty500 Momentum 50,12-Dec-2016,11502.42
Nifty500 Momentum 50,13-Dec-2016,11398.76
Nifty500 Momentum 50,14-Dec-2016,11294.55
Nifty500 Momentum 50,15-Dec-2016,11265.99
Nifty500 Momentum 50,16-Dec-2016,11224.00
Nifty500 Momentum 50,19-Dec-2016,11117.99
Nifty500 Momentum 50,20-Dec-2016,10995.73
Nifty500 Momentum 50,21-Dec-2016,10976.58
Nifty500 Momentum 50,22-Dec-2016,10769.49
Nifty500 Momentum 50,23-Dec-2016,10801.84
Nifty500 Momentum 50,26-Dec-2016,10541.08
Nifty500 Momentum 50,27-Dec-2016,10781.29
Nifty500 Momentum 50,28-Dec-2016,10855.04
Nifty500 Momentum 50,29-Dec-2016,11033.99
Nifty500 Momentum 50,30-Dec-2016,11161.75
Nifty500 Momentum 50,02-Jan-2017,11318.47
Nifty500 Momentum 50,03-Jan-2017,11443.66
Nifty500 Momentum 50,04-Jan-2017,11425.87
Nifty500 Momentum 50,05-Jan-2017,11628.85
Nifty500 Momentum 50,06-Jan-2017,11638.17
Nifty500 Momentum 50,09-Jan-2017,11681.01
Nifty500 Momentum 50,10-Jan-2017,11806.52
Nifty500 Momentum 50,11-Jan-2017,12048.39
Nifty500 Momentum 50,12-Jan-2017,12093.25
Nifty500 Momentum 50,13-Jan-2017,12047.50
Nifty500 Momentum 50,16-Jan-2017,12140.01
Nifty500 Momentum 50,17-Jan-2017,12125.89
Nifty500 Momentum 50,18-Jan-2017,12290.80
Nifty500 Momentum 50,19-Jan-2017,12331.30
Nifty500 Momentum 50,20-Jan-2017,12127.36
Nifty500 Momentum 50,23-Jan-2017,12261.73
Nifty500 Momentum 50,24-Jan-2017,12465.57
Nifty500 Momentum 50,25-Jan-2017,12752.77
Nifty500 Momentum 50,27-Jan-2017,12784.49
Nifty500 Momentum 50,30-Jan-2017,12786.67
Nifty500 Momentum 50,31-Jan-2017,12680.56
Nifty500 Momentum 50,01-Feb-2017,13017.43
Nifty500 Momentum 50,02-Feb-2017,13112.57
Nifty500 Momentum 50,03-Feb-2017,13124.06
Nifty500 Momentum 50,06-Feb-2017,13321.79
Nifty500 Momentum 50,07-Feb-2017,13228.74
Nifty500 Momentum 50,08-Feb-2017,13277.88
Nifty500 Momentum 50,09-Feb-2017,13261.68
Nifty500 Momentum 50,10-Feb-2017,13280.21
Nifty500 Momentum 50,13-Feb-2017,13281.25
Nifty500 Momentum 50,14-Feb-2017,13176.22
Nifty500 Momentum 50,15-Feb-2017,12985.44
Nifty500 Momentum 50,16-Feb-2017,13241.66
Nifty500 Momentum 50,17-Feb-2017,13305.97
Nifty500 Momentum 50,20-Feb-2017,13388.45
Nifty500 Momentum 50,21-Feb-2017,13435.32
Nifty500 Momentum 50,22-Feb-2017,13399.01
Nifty500 Momentum 50,23-Feb-2017,13461.21
Nifty500 Momentum 50,27-Feb-2017,13415.12
Nifty500 Momentum 50,28-Feb-2017,13453.97
Nifty500 Momentum 50,01-Mar-2017,13515.37
Nifty500 Momentum 50,02-Mar-2017,13358.57
Nifty500 Momentum 50,03-Mar-2017,13438.95
Nifty500 Momentum 50,06-Mar-2017,13511.90
Nifty500 Momentum 50,07-Mar-2017,13472.69
Nifty500 Momentum 50,08-Mar-2017,13430.79
Nifty500 Momentum 50,09-Mar-2017,13400.11
Nifty500 Momentum 50,10-Mar-2017,13341.63
Nifty500 Momentum 50,14-Mar-2017,13605.22
Nifty500 Momentum 50,15-Mar-2017,13642.96
Nifty500 Momentum 50,16-Mar-2017,13828.21
Nifty500 Momentum 50,17-Mar-2017,13734.95
Nifty500 Momentum 50,20-Mar-2017,13727.39
Nifty500 Momentum 50,21-Mar-2017,13731.27
Nifty500 Momentum 50,22-Mar-2017,13620.28
Nifty500 Momentum 50,23-Mar-2017,13782.21
Nifty500 Momentum 50,24-Mar-2017,13825.25
Nifty500 Momentum 50,27-Mar-2017,13795.22
Nifty500 Momentum 50,28-Mar-2017,13926.77
Nifty500 Momentum 50,29-Mar-2017,14005.79
Nifty500 Momentum 50,30-Mar-2017,14044.72
Nifty500 Momentum 50,31-Mar-2017,14195.78
Nifty500 Momentum 50,03-Apr-2017,14253.48
Nifty500 Momentum 50,05-Apr-2017,14343.39
Nifty500 Momentum 50,06-Apr-2017,14303.62
Nifty500 Momentum 50,07-Apr-2017,14306.09
Nifty500 Momentum 50,10-Apr-2017,14397.03
Nifty500 Momentum 50,11-Apr-2017,14482.95
Nifty500 Momentum 50,12-Apr-2017,14479.84
Nifty500 Momentum 50,13-Apr-2017,14412.59
Nifty500 Momentum 50,17-Apr-2017,14432.04
Nifty500 Momentum 50,18-Apr-2017,14402.64
Nifty500 Momentum 50,19-Apr-2017,14454.27
Nifty500 Momentum 50,20-Apr-2017,14609.57
Nifty500 Momentum 50,21-Apr-2017,14587.26
Nifty500 Momentum 50,24-Apr-2017,14690.23
Nifty500 Momentum 50,25-Apr-2017,14892.77
Nifty500 Momentum 50,26-Apr-2017,14810.22
Nifty500 Momentum 50,27-Apr-2017,14801.20
Nifty500 Momentum 50,28-Apr-2017,14892.06
Nifty500 Momentum 50,02-May-2017,15012.65
Nifty500 Momentum 50,03-May-2017,14932.16
Nifty500 Momentum 50,04-May-2017,14951.64
Nifty500 Momentum 50,05-May-2017,14729.21
Nifty500 Momentum 50,08-May-2017,14797.33
Nifty500 Momentum 50,09-May-2017,14879.23
Nifty500 Momentum 50,10-May-2017,14954.09
Nifty500 Momentum 50,11-May-2017,15019.07
Nifty500 Momentum 50,12-May-2017,14887.61
Nifty500 Momentum 50,15-May-2017,15128.15
Nifty500 Momentum 50,16-May-2017,15165.12
Nifty500 Momentum 50,17-May-2017,15123.84
Nifty500 Momentum 50,18-May-2017,14812.32
Nifty500 Momentum 50,19-May-2017,14624.93
Nifty500 Momentum 50,22-May-2017,14326.88
Nifty500 Momentum 50,23-May-2017,14147.28
Nifty500 Momentum 50,24-May-2017,13965.27
Nifty500 Momentum 50,25-May-2017,14266.00
Nifty500 Momentum 50,26-May-2017,14562.52
Nifty500 Momentum 50,29-May-2017,14385.99
Nifty500 Momentum 50,30-May-2017,14529.39
Nifty500 Momentum 50,31-May-2017,14668.21
Nifty500 Momentum 50,01-Jun-2017,14698.32
Nifty500 Momentum 50,02-Jun-2017,14764.96
Nifty500 Momentum 50,05-Jun-2017,14855.88
Nifty500 Momentum 50,06-Jun-2017,14800.82
Nifty500 Momentum 50,07-Jun-2017,14901.79
Nifty500 Momentum 50,08-Jun-2017,14934.94
Nifty500 Momentum 50,09-Jun-2017,15029.27
Nifty500 Momentum 50,12-Jun-2017,14941.41
Nifty500 Momentum 50,13-Jun-2017,14924.62
Nifty500 Momentum 50,14-Jun-2017,14913.49
Nifty500 Momentum 50,15-Jun-2017,14860.38
Nifty500 Momentum 50,16-Jun-2017,14898.63
Nifty500 Momentum 50,19-Jun-2017,14944.80
Nifty500 Momentum 50,20-Jun-2017,14962.03
Nifty500 Momentum 50,21-Jun-2017,14913.15
Nifty500 Momentum 50,22-Jun-2017,14725.23
Nifty500 Momentum 50,23-Jun-2017,14469.98
Nifty500 Momentum 50,27-Jun-2017,14251.94
Nifty500 Momentum 50,28-Jun-2017,14382.61
Nifty500 Momentum 50,29-Jun-2017,14483.53
Nifty500 Momentum 50,30-Jun-2017,14522.29
Nifty500 Momentum 50,03-Jul-2017,14723.51
Nifty500 Momentum 50,04-Jul-2017,14713.32
Nifty500 Momentum 50,05-Jul-2017,14832.82
Nifty500 Momentum 50,06-Jul-2017,14849.83
Nifty500 Momentum 50,07-Jul-2017,14796.32
Nifty500 Momentum 50,10-Jul-2017,14865.01
Nifty500 Momentum 50,11-Jul-2017,14818.68
Nifty500 Momentum 50,12-Jul-2017,15041.37
Nifty500 Momentum 50,13-Jul-2017,15148.87
Nifty500 Momentum 50,14-Jul-2017,15254.44
Nifty500 Momentum 50,17-Jul-2017,15281.00
Nifty500 Momentum 50,18-Jul-2017,15149.00
Nifty500 Momentum 50,19-Jul-2017,15355.25
Nifty500 Momentum 50,20-Jul-2017,15338.91
Nifty500 Momentum 50,21-Jul-2017,15361.83
Nifty500 Momentum 50,24-Jul-2017,15381.44
Nifty500 Momentum 50,25-Jul-2017,15466.64
Nifty500 Momentum 50,26-Jul-2017,15548.80
Nifty500 Momentum 50,27-Jul-2017,15459.36
Nifty500 Momentum 50,28-Jul-2017,15479.40
Nifty500 Momentum 50,31-Jul-2017,15562.20
Nifty500 Momentum 50,01-Aug-2017,15565.34
Nifty500 Momentum 50,02-Aug-2017,15629.23
Nifty500 Momentum 50,03-Aug-2017,15578.64
Nifty500 Momentum 50,04-Aug-2017,15753.79
Nifty500 Momentum 50,07-Aug-2017,15924.77
Nifty500 Momentum 50,08-Aug-2017,15803.81
Nifty500 Momentum 50,09-Aug-2017,15583.58
Nifty500 Momentum 50,10-Aug-2017,15030.12
Nifty500 Momentum 50,11-Aug-2017,14984.25
Nifty500 Momentum 50,14-Aug-2017,15424.19
Nifty500 Momentum 50,16-Aug-2017,15628.56
Nifty500 Momentum 50,17-Aug-2017,15713.28
Nifty500 Momentum 50,18-Aug-2017,15646.53
Nifty500 Momentum 50,21-Aug-2017,15429.55
Nifty500 Momentum 50,22-Aug-2017,15406.30
Nifty500 Momentum 50,23-Aug-2017,15636.58
Nifty500 Momentum 50,24-Aug-2017,15726.01
Nifty500 Momentum 50,28-Aug-2017,15914.25
Nifty500 Momentum 50,29-Aug-2017,15769.68
Nifty500 Momentum 50,30-Aug-2017,16054.62
Nifty500 Momentum 50,31-Aug-2017,16199.82
Nifty500 Momentum 50,01-Sep-2017,16358.54
Nifty500 Momentum 50,04-Sep-2017,16222.67
Nifty500 Momentum 50,05-Sep-2017,16446.77
Nifty500 Momentum 50,06-Sep-2017,16504.39
Nifty500 Momentum 50,07-Sep-2017,16669.52
Nifty500 Momentum 50,08-Sep-2017,16612.16
Nifty500 Momentum 50,11-Sep-2017,16781.36
Nifty500 Momentum 50,12-Sep-2017,16926.19
Nifty500 Momentum 50,13-Sep-2017,16711.84
Nifty500 Momentum 50,14-Sep-2017,16748.97
Nifty500 Momentum 50,15-Sep-2017,16805.66
Nifty500 Momentum 50,18-Sep-2017,16931.09
Nifty500 Momentum 50,19-Sep-2017,17011.87
Nifty500 Momentum 50,20-Sep-2017,16861.14
Nifty500 Momentum 50,21-Sep-2017,16810.49
Nifty500 Momentum 50,22-Sep-2017,16233.17
Nifty500 Momentum 50,25-Sep-2017,15966.64
Nifty500 Momentum 50,26-Sep-2017,16134.86
Nifty500 Momentum 50,27-Sep-2017,15803.02
Nifty500 Momentum 50,28-Sep-2017,15864.16
Nifty500 Momentum 50,29-Sep-2017,16119.12
Nifty500 Momentum 50,03-Oct-2017,16327.56
Nifty500 Momentum 50,04-Oct-2017,16438.77
Nifty500 Momentum 50,05-Oct-2017,16497.73
Nifty500 Momentum 50,06-Oct-2017,16798.93
Nifty500 Momentum 50,09-Oct-2017,16801.05
Nifty500 Momentum 50,10-Oct-2017,16952.41
Nifty500 Momentum 50,11-Oct-2017,16828.70
Nifty500 Momentum 50,12-Oct-2017,17097.12
Nifty500 Momentum 50,13-Oct-2017,17155.95
Nifty500 Momentum 50,16-Oct-2017,17272.69
Nifty500 Momentum 50,17-Oct-2017,17358.33
Nifty500 Momentum 50,18-Oct-2017,17367.30
Nifty500 Momentum 50,19-Oct-2017,17319.65
Nifty500 Momentum 50,23-Oct-2017,17442.21
Nifty500 Momentum 50,24-Oct-2017,17526.64
Nifty500 Momentum 50,25-Oct-2017,17401.40
Nifty500 Momentum 50,26-Oct-2017,17582.34
Nifty500 Momentum 50,27-Oct-2017,17538.92
Nifty500 Momentum 50,30-Oct-2017,17728.01
Nifty500 Momentum 50,31-Oct-2017,17712.45
Nifty500 Momentum 50,01-Nov-2017,17810.12
Nifty500 Momentum 50,02-Nov-2017,17880.01
Nifty500 Momentum 50,03-Nov-2017,17943.17
Nifty500 Momentum 50,06-Nov-2017,17971.49
Nifty500 Momentum 50,07-Nov-2017,17741.73
Nifty500 Momentum 50,08-Nov-2017,17498.14
Nifty500 Momentum 50,09-Nov-2017,17552.61
Nifty500 Momentum 50,10-Nov-2017,17551.48
Nifty500 Momentum 50,13-Nov-2017,17408.52
Nifty500 Momentum 50,14-Nov-2017,17385.99
Nifty500 Momentum 50,15-Nov-2017,17155.91
Nifty500 Momentum 50,16-Nov-2017,17322.70
Nifty500 Momentum 50,17-Nov-2017,17507.44
Nifty500 Momentum 50,20-Nov-2017,17613.06
Nifty500 Momentum 50,21-Nov-2017,17580.70
Nifty500 Momentum 50,22-Nov-2017,17550.41
Nifty500 Momentum 50,23-Nov-2017,17596.45
Nifty500 Momentum 50,24-Nov-2017,17648.86
Nifty500 Momentum 50,27-Nov-2017,17680.23
Nifty500 Momentum 50,28-Nov-2017,17694.73
Nifty500 Momentum 50,29-Nov-2017,17613.38
Nifty500 Momentum 50,30-Nov-2017,17619.81
Nifty500 Momentum 50,01-Dec-2017,17352.08
Nifty500 Momentum 50,04-Dec-2017,17456.96
Nifty500 Momentum 50,05-Dec-2017,17474.65
Nifty500 Momentum 50,06-Dec-2017,17312.31
Nifty500 Momentum 50,07-Dec-2017,17640.87
Nifty500 Momentum 50,08-Dec-2017,17828.11
Nifty500 Momentum 50,11-Dec-2017,17898.89
Nifty500 Momentum 50,12-Dec-2017,17731.31
Nifty500 Momentum 50,13-Dec-2017,17612.76
Nifty500 Momentum 50,14-Dec-2017,17675.93
Nifty500 Momentum 50,15-Dec-2017,18012.14
Nifty500 Momentum 50,18-Dec-2017,18171.07
Nifty500 Momentum 50,19-Dec-2017,18420.24
Nifty500 Momentum 50,20-Dec-2017,18534.41
Nifty500 Momentum 50,21-Dec-2017,18706.57
Nifty500 Momentum 50,22-Dec-2017,18774.33
Nifty500 Momentum 50,26-Dec-2017,18860.79
Nifty500 Momentum 50,27-Dec-2017,18750.71
Nifty500 Momentum 50,28-Dec-2017,18796.55
Nifty500 Momentum 50,29-Dec-2017,18920.36
Nifty500 Momentum 50,01-Jan-2018,18965.33
Nifty500 Momentum 50,02-Jan-2018,18793.46
Nifty500 Momentum 50,03-Jan-2018,18994.27
Nifty500 Momentum 50,04-Jan-2018,19125.82
Nifty500 Momentum 50,05-Jan-2018,19250.99
Nifty500 Momentum 50,08-Jan-2018,19585.29
Nifty500 Momentum 50,09-Jan-2018,19607.49
Nifty500 Momentum 50,10-Jan-2018,19572.49
Nifty500 Momentum 50,11-Jan-2018,19644.05
Nifty500 Momentum 50,12-Jan-2018,19652.27
Nifty500 Momentum 50,15-Jan-2018,19675.56
Nifty500 Momentum 50,16-Jan-2018,19240.57
Nifty500 Momentum 50,17-Jan-2018,19471.85
Nifty500 Momentum 50,18-Jan-2018,19113.58
Nifty500 Momentum 50,19-Jan-2018,19417.08
Nifty500 Momentum 50,22-Jan-2018,19775.96
Nifty500 Momentum 50,23-Jan-2018,19921.60
Nifty500 Momentum 50,24-Jan-2018,19627.53
Nifty500 Momentum 50,25-Jan-2018,19482.04
Nifty500 Momentum 50,29-Jan-2018,19280.27
Nifty500 Momentum 50,30-Jan-2018,18925.66
Nifty500 Momentum 50,31-Jan-2018,18405.81
Nifty500 Momentum 50,01-Feb-2018,18261.70
Nifty500 Momentum 50,02-Feb-2018,17212.65
Nifty500 Momentum 50,05-Feb-2018,17109.12
Nifty500 Momentum 50,06-Feb-2018,16688.28
Nifty500 Momentum 50,07-Feb-2018,16907.98
Nifty500 Momentum 50,08-Feb-2018,17362.15
Nifty500 Momentum 50,09-Feb-2018,17418.05
Nifty500 Momentum 50,12-Feb-2018,17887.38
Nifty500 Momentum 50,14-Feb-2018,18034.88
Nifty500 Momentum 50,15-Feb-2018,17949.53
Nifty500 Momentum 50,16-Feb-2018,17724.49
Nifty500 Momentum 50,19-Feb-2018,17550.50
Nifty500 Momentum 50,20-Feb-2018,17548.07
Nifty500 Momentum 50,21-Feb-2018,17615.39
Nifty500 Momentum 50,22-Feb-2018,17486.34
Nifty500 Momentum 50,23-Feb-2018,17801.80
Nifty500 Momentum 50,26-Feb-2018,17873.97
Nifty500 Momentum 50,27-Feb-2018,17775.81
Nifty500 Momentum 50,28-Feb-2018,17642.93
Nifty500 Momentum 50,01-Mar-2018,17561.12
Nifty500 Momentum 50,05-Mar-2018,17415.98
Nifty500 Momentum 50,06-Mar-2018,17241.66
Nifty500 Momentum 50,07-Mar-2018,16966.76
Nifty500 Momentum 50,08-Mar-2018,17123.92
Nifty500 Momentum 50,09-Mar-2018,17175.37
Nifty500 Momentum 50,12-Mar-2018,17397.78
Nifty500 Momentum 50,13-Mar-2018,17631.96
Nifty500 Momentum 50,14-Mar-2018,17514.58
Nifty500 Momentum 50,15-Mar-2018,17594.34
Nifty500 Momentum 50,16-Mar-2018,17433.20
Nifty500 Momentum 50,19-Mar-2018,17122.24
Nifty500 Momentum 50,20-Mar-2018,17194.89
Nifty500 Momentum 50,21-Mar-2018,17330.66
Nifty500 Momentum 50,22-Mar-2018,17180.05
Nifty500 Momentum 50,23-Mar-2018,16904.82
Nifty500 Momentum 50,26-Mar-2018,17035.41
Nifty500 Momentum 50,27-Mar-2018,17230.38
Nifty500 Momentum 50,28-Mar-2018,17062.02
Nifty500 Momentum 50,02-Apr-2018,17463.63
Nifty500 Momentum 50,03-Apr-2018,17598.92
Nifty500 Momentum 50,04-Apr-2018,17372.74
Nifty500 Momentum 50,05-Apr-2018,17795.67
Nifty500 Momentum 50,06-Apr-2018,17915.45
Nifty500 Momentum 50,09-Apr-2018,18012.51
Nifty500 Momentum 50,10-Apr-2018,17977.83
Nifty500 Momentum 50,11-Apr-2018,17983.83
Nifty500 Momentum 50,12-Apr-2018,17843.84
Nifty500 Momentum 50,13-Apr-2018,18022.73
Nifty500 Momentum 50,16-Apr-2018,18382.29
Nifty500 Momentum 50,17-Apr-2018,18414.00
Nifty500 Momentum 50,18-Apr-2018,18450.72
Nifty500 Momentum 50,19-Apr-2018,18608.34
Nifty500 Momentum 50,20-Apr-2018,18571.78
Nifty500 Momentum 50,23-Apr-2018,18597.00
Nifty500 Momentum 50,24-Apr-2018,18755.74
Nifty500 Momentum 50,25-Apr-2018,18740.60
Nifty500 Momentum 50,26-Apr-2018,18711.74
Nifty500 Momentum 50,27-Apr-2018,18746.49
Nifty500 Momentum 50,30-Apr-2018,18948.96
Nifty500 Momentum 50,02-May-2018,18744.64
Nifty500 Momentum 50,03-May-2018,18554.47
Nifty500 Momentum 50,04-May-2018,18600.26
Nifty500 Momentum 50,07-May-2018,18822.46
Nifty500 Momentum 50,08-May-2018,18871.83
Nifty500 Momentum 50,09-May-2018,18938.84
Nifty500 Momentum 50,10-May-2018,18621.03
Nifty500 Momentum 50,11-May-2018,18384.74
Nifty500 Momentum 50,14-May-2018,18027.33
Nifty500 Momentum 50,15-May-2018,17803.76
Nifty500 Momentum 50,16-May-2018,17802.95
Nifty500 Momentum 50,17-May-2018,17950.52
Nifty500 Momentum 50,18-May-2018,17730.73
Nifty500 Momentum 50,21-May-2018,17278.98
Nifty500 Momentum 50,22-May-2018,17378.01
Nifty500 Momentum 50,23-May-2018,17387.17
Nifty500 Momentum 50,24-May-2018,17374.32
Nifty500 Momentum 50,25-May-2018,17667.47
Nifty500 Momentum 50,28-May-2018,17925.41
Nifty500 Momentum 50,29-May-2018,17939.95
Nifty500 Momentum 50,30-May-2018,17815.32
Nifty500 Momentum 50,31-May-2018,17763.08
Nifty500 Momentum 50,01-Jun-2018,17391.78
Nifty500 Momentum 50,04-Jun-2018,17072.43
Nifty500 Momentum 50,05-Jun-2018,16666.41
Nifty500 Momentum 50,06-Jun-2018,16993.15
Nifty500 Momentum 50,07-Jun-2018,17447.74
Nifty500 Momentum 50,08-Jun-2018,17545.97
Nifty500 Momentum 50,11-Jun-2018,17601.30
Nifty500 Momentum 50,12-Jun-2018,17751.78
Nifty500 Momentum 50,13-Jun-2018,17848.77
Nifty500 Momentum 50,14-Jun-2018,17958.38
Nifty500 Momentum 50,15-Jun-2018,17867.44
Nifty500 Momentum 50,18-Jun-2018,17783.28
Nifty500 Momentum 50,19-Jun-2018,17515.30
Nifty500 Momentum 50,20-Jun-2018,17558.83
Nifty500 Momentum 50,21-Jun-2018,17422.71
Nifty500 Momentum 50,22-Jun-2018,17566.15
Nifty500 Momentum 50,25-Jun-2018,17468.80
Nifty500 Momentum 50,26-Jun-2018,17404.35
Nifty500 Momentum 50,27-Jun-2018,17118.75
Nifty500 Momentum 50,28-Jun-2018,16810.86
Nifty500 Momentum 50,29-Jun-2018,17186.45
Nifty500 Momentum 50,02-Jul-2018,17247.43
Nifty500 Momentum 50,03-Jul-2018,17424.35
Nifty500 Momentum 50,04-Jul-2018,17513.92
Nifty500 Momentum 50,05-Jul-2018,17326.94
Nifty500 Momentum 50,06-Jul-2018,17345.80
Nifty500 Momentum 50,09-Jul-2018,17612.46
Nifty500 Momentum 50,10-Jul-2018,17715.53
Nifty500 Momentum 50,11-Jul-2018,17801.91
Nifty500 Momentum 50,12-Jul-2018,17784.68
Nifty500 Momentum 50,13-Jul-2018,17709.30
Nifty500 Momentum 50,16-Jul-2018,17569.28
Nifty500 Momentum 50,17-Jul-2018,17681.44
Nifty500 Momentum 50,18-Jul-2018,17595.09
Nifty500 Momentum 50,19-Jul-2018,17441.07
Nifty500 Momentum 50,20-Jul-2018,17599.13
Nifty500 Momentum 50,23-Jul-2018,17628.93
Nifty500 Momentum 50,24-Jul-2018,17754.14
Nifty500 Momentum 50,25-Jul-2018,17755.05
Nifty500 Momentum 50,26-Jul-2018,17819.08
Nifty500 Momentum 50,27-Jul-2018,17919.03
Nifty500 Momentum 50,30-Jul-2018,17956.65
Nifty500 Momentum 50,31-Jul-2018,18272.69
Nifty500 Momentum 50,01-Aug-2018,18347.66
Nifty500 Momentum 50,02-Aug-2018,18241.76
Nifty500 Momentum 50,03-Aug-2018,18390.51
Nifty500 Momentum 50,06-Aug-2018,18321.60
Nifty500 Momentum 50,07-Aug-2018,18279.76
Nifty500 Momentum 50,08-Aug-2018,18440.10
Nifty500 Momentum 50,09-Aug-2018,18498.91
Nifty500 Momentum 50,10-Aug-2018,18495.08
Nifty500 Momentum 50,13-Aug-2018,18520.44
Nifty500 Momentum 50,14-Aug-2018,18701.52
Nifty500 Momentum 50,16-Aug-2018,18718.78
Nifty500 Momentum 50,17-Aug-2018,18959.46
Nifty500 Momentum 50,20-Aug-2018,18955.61
Nifty500 Momentum 50,21-Aug-2018,19020.85
Nifty500 Momentum 50,23-Aug-2018,19050.42
Nifty500 Momentum 50,24-Aug-2018,18950.58
Nifty500 Momentum 50,27-Aug-2018,19227.55
Nifty500 Momentum 50,28-Aug-2018,19273.57
Nifty500 Momentum 50,29-Aug-2018,19170.16
Nifty500 Momentum 50,30-Aug-2018,19183.59
Nifty500 Momentum 50,31-Aug-2018,19422.30
Nifty500 Momentum 50,03-Sep-2018,19248.91
Nifty500 Momentum 50,04-Sep-2018,18977.03
Nifty500 Momentum 50,05-Sep-2018,18863.36
Nifty500 Momentum 50,06-Sep-2018,18960.11
Nifty500 Momentum 50,07-Sep-2018,19093.85
Nifty500 Momentum 50,10-Sep-2018,18822.09
Nifty500 Momentum 50,11-Sep-2018,18588.49
Nifty500 Momentum 50,12-Sep-2018,18656.33
Nifty500 Momentum 50,14-Sep-2018,18878.89
Nifty500 Momentum 50,17-Sep-2018,18770.53
Nifty500 Momentum 50,18-Sep-2018,18708.28
Nifty500 Momentum 50,19-Sep-2018,18571.50
Nifty500 Momentum 50,21-Sep-2018,18313.33
Nifty500 Momentum 50,24-Sep-2018,17953.43
Nifty500 Momentum 50,25-Sep-2018,17923.34
Nifty500 Momentum 50,26-Sep-2018,17794.41
Nifty500 Momentum 50,27-Sep-2018,17553.45
Nifty500 Momentum 50,28-Sep-2018,17258.41
Nifty500 Momentum 50,01-Oct-2018,17310.37
Nifty500 Momentum 50,03-Oct-2018,17050.92
Nifty500 Momentum 50,04-Oct-2018,16573.21
Nifty500 Momentum 50,05-Oct-2018,16334.15
Nifty500 Momentum 50,08-Oct-2018,16142.71
Nifty500 Momentum 50,09-Oct-2018,15982.38
Nifty500 Momentum 50,10-Oct-2018,16473.09
Nifty500 Momentum 50,11-Oct-2018,16222.45
Nifty500 Momentum 50,12-Oct-2018,16586.67
Nifty500 Momentum 50,15-Oct-2018,16725.40
Nifty500 Momentum 50,16-Oct-2018,17073.91
Nifty500 Momentum 50,17-Oct-2018,16849.24
Nifty500 Momentum 50,19-Oct-2018,16547.32
Nifty500 Momentum 50,22-Oct-2018,16287.54
Nifty500 Momentum 50,23-Oct-2018,15961.62
Nifty500 Momentum 50,24-Oct-2018,15962.84
Nifty500 Momentum 50,25-Oct-2018,15835.43
Nifty500 Momentum 50,26-Oct-2018,15858.91
Nifty500 Momentum 50,29-Oct-2018,16270.11
Nifty500 Momentum 50,30-Oct-2018,16374.56
Nifty500 Momentum 50,31-Oct-2018,16792.64
Nifty500 Momentum 50,01-Nov-2018,16771.81
Nifty500 Momentum 50,02-Nov-2018,16768.56
Nifty500 Momentum 50,05-Nov-2018,16728.30
Nifty500 Momentum 50,06-Nov-2018,16696.80
Nifty500 Momentum 50,07-Nov-2018,16867.04
Nifty500 Momentum 50,09-Nov-2018,16933.43
Nifty500 Momentum 50,12-Nov-2018,16954.67
Nifty500 Momentum 50,13-Nov-2018,17035.80
Nifty500 Momentum 50,14-Nov-2018,16915.08
Nifty500 Momentum 50,15-Nov-2018,16976.76
Nifty500 Momentum 50,16-Nov-2018,17004.36
Nifty500 Momentum 50,19-Nov-2018,17102.65
Nifty500 Momentum 50,20-Nov-2018,16959.99
Nifty500 Momentum 50,21-Nov-2018,16869.14
Nifty500 Momentum 50,22-Nov-2018,16756.85
Nifty500 Momentum 50,26-Nov-2018,16793.40
Nifty500 Momentum 50,27-Nov-2018,16839.59
Nifty500 Momentum 50,28-Nov-2018,16864.17
Nifty500 Momentum 50,29-Nov-2018,16897.00
Nifty500 Momentum 50,30-Nov-2018,17115.08
Nifty500 Momentum 50,03-Dec-2018,17139.86
Nifty500 Momentum 50,04-Dec-2018,17141.39
Nifty500 Momentum 50,05-Dec-2018,17038.61
Nifty500 Momentum 50,06-Dec-2018,16720.19
Nifty500 Momentum 50,07-Dec-2018,16845.43
Nifty500 Momentum 50,10-Dec-2018,16541.76
Nifty500 Momentum 50,11-Dec-2018,16718.77
Nifty500 Momentum 50,12-Dec-2018,17060.07
Nifty500 Momentum 50,13-Dec-2018,17226.09
Nifty500 Momentum 50,14-Dec-2018,17223.83
Nifty500 Momentum 50,17-Dec-2018,17211.41
Nifty500 Momentum 50,18-Dec-2018,17228.57
Nifty500 Momentum 50,19-Dec-2018,17262.32
Nifty500 Momentum 50,20-Dec-2018,17212.76
Nifty500 Momentum 50,21-Dec-2018,16890.58
Nifty500 Momentum 50,24-Dec-2018,16637.48
Nifty500 Momentum 50,26-Dec-2018,16610.60
Nifty500 Momentum 50,27-Dec-2018,16728.98
Nifty500 Momentum 50,28-Dec-2018,16865.63
Nifty500 Momentum 50,31-Dec-2018,16902.30
Nifty500 Momentum 50,01-Jan-2019,16893.88
Nifty500 Momentum 50,02-Jan-2019,16793.72
Nifty500 Momentum 50,03-Jan-2019,16667.80
Nifty500 Momentum 50,04-Jan-2019,16646.39
Nifty500 Momentum 50,07-Jan-2019,16739.98
Nifty500 Momentum 50,08-Jan-2019,16780.66
Nifty500 Momentum 50,09-Jan-2019,16883.98
Nifty500 Momentum 50,10-Jan-2019,16915.28
Nifty500 Momentum 50,11-Jan-2019,16880.88
Nifty500 Momentum 50,14-Jan-2019,16798.83
Nifty500 Momentum 50,15-Jan-2019,17049.03
Nifty500 Momentum 50,16-Jan-2019,17075.14
Nifty500 Momentum 50,17-Jan-2019,17079.54
Nifty500 Momentum 50,18-Jan-2019,17072.54
Nifty500 Momentum 50,21-Jan-2019,17106.75
Nifty500 Momentum 50,22-Jan-2019,17166.07
Nifty500 Momentum 50,23-Jan-2019,17174.68
Nifty500 Momentum 50,24-Jan-2019,17211.22
Nifty500 Momentum 50,25-Jan-2019,17150.42
Nifty500 Momentum 50,28-Jan-2019,16914.45
Nifty500 Momentum 50,29-Jan-2019,17021.35
Nifty500 Momentum 50,30-Jan-2019,17193.89
Nifty500 Momentum 50,31-Jan-2019,17417.68
Nifty500 Momentum 50,01-Feb-2019,17652.48
Nifty500 Momentum 50,04-Feb-2019,17639.29
Nifty500 Momentum 50,05-Feb-2019,17621.06
Nifty500 Momentum 50,06-Feb-2019,17854.56
Nifty500 Momentum 50,07-Feb-2019,17904.76
Nifty500 Momentum 50,08-Feb-2019,17762.07
Nifty500 Momentum 50,11-Feb-2019,17550.39
Nifty500 Momentum 50,12-Feb-2019,17441.29
Nifty500 Momentum 50,13-Feb-2019,17382.17
Nifty500 Momentum 50,14-Feb-2019,17343.32
Nifty500 Momentum 50,15-Feb-2019,17153.52
Nifty500 Momentum 50,18-Feb-2019,17038.56
Nifty500 Momentum 50,19-Feb-2019,16894.52
Nifty500 Momentum 50,20-Feb-2019,17069.82
Nifty500 Momentum 50,21-Feb-2019,17185.01
Nifty500 Momentum 50,22-Feb-2019,17249.17
Nifty500 Momentum 50,25-Feb-2019,17398.89
Nifty500 Momentum 50,26-Feb-2019,17389.34
Nifty500 Momentum 50,27-Feb-2019,17360.88
Nifty500 Momentum 50,28-Feb-2019,17346.68
Nifty500 Momentum 50,01-Mar-2019,17437.60
Nifty500 Momentum 50,05-Mar-2019,17496.04
Nifty500 Momentum 50,06-Mar-2019,17584.55
Nifty500 Momentum 50,07-Mar-2019,17494.97
Nifty500 Momentum 50,08-Mar-2019,17426.27
Nifty500 Momentum 50,11-Mar-2019,17606.58
Nifty500 Momentum 50,12-Mar-2019,17755.91
Nifty500 Momentum 50,13-Mar-2019,17720.02
Nifty500 Momentum 50,14-Mar-2019,17666.10
Nifty500 Momentum 50,15-Mar-2019,17737.00
Nifty500 Momentum 50,18-Mar-2019,17750.43
Nifty500 Momentum 50,19-Mar-2019,17871.37
Nifty500 Momentum 50,20-Mar-2019,17857.09
Nifty500 Momentum 50,22-Mar-2019,17787.40
Nifty500 Momentum 50,25-Mar-2019,17672.70
Nifty500 Momentum 50,26-Mar-2019,17837.60
Nifty500 Momentum 50,27-Mar-2019,17784.82
Nifty500 Momentum 50,28-Mar-2019,17955.70
Nifty500 Momentum 50,29-Mar-2019,18103.74
Nifty500 Momentum 50,01-Apr-2019,18213.32
Nifty500 Momentum 50,02-Apr-2019,18213.09
Nifty500 Momentum 50,03-Apr-2019,18130.29
Nifty500 Momentum 50,04-Apr-2019,18059.77
Nifty500 Momentum 50,05-Apr-2019,18109.66
Nifty500 Momentum 50,08-Apr-2019,18063.75
Nifty500 Momentum 50,09-Apr-2019,18208.96
Nifty500 Momentum 50,10-Apr-2019,18199.05
Nifty500 Momentum 50,11-Apr-2019,18150.61
Nifty500 Momentum 50,12-Apr-2019,18194.66
Nifty500 Momentum 50,15-Apr-2019,18272.70
Nifty500 Momentum 50,16-Apr-2019,18327.93
Nifty500 Momentum 50,18-Apr-2019,18308.66
Nifty500 Momentum 50,22-Apr-2019,18183.95
Nifty500 Momentum 50,23-Apr-2019,18232.64
Nifty500 Momentum 50,24-Apr-2019,18436.47
Nifty500 Momentum 50,25-Apr-2019,18374.11
Nifty500 Momentum 50,26-Apr-2019,18505.74
Nifty500 Momentum 50,30-Apr-2019,18611.37
Nifty500 Momentum 50,02-May-2019,18410.77
Nifty500 Momentum 50,03-May-2019,18240.51
Nifty500 Momentum 50,06-May-2019,18095.91
Nifty500 Momentum 50,07-May-2019,18024.50
Nifty500 Momentum 50,08-May-2019,17830.35
Nifty500 Momentum 50,09-May-2019,17824.84
Nifty500 Momentum 50,10-May-2019,17743.54
Nifty500 Momentum 50,13-May-2019,17591.40
Nifty500 Momentum 50,14-May-2019,17507.22
Nifty500 Momentum 50,15-May-2019,17507.15
Nifty500 Momentum 50,16-May-2019,17660.89
Nifty500 Momentum 50,17-May-2019,17739.77
Nifty500 Momentum 50,20-May-2019,18014.31
Nifty500 Momentum 50,21-May-2019,17961.80
Nifty500 Momentum 50,22-May-2019,17950.71
Nifty500 Momentum 50,23-May-2019,17860.01
Nifty500 Momentum 50,24-May-2019,18049.20
Nifty500 Momentum 50,27-May-2019,17953.96
Nifty500 Momentum 50,28-May-2019,18070.67
Nifty500 Momentum 50,29-May-2019,18061.76
Nifty500 Momentum 50,30-May-2019,18165.62
Nifty500 Momentum 50,31-May-2019,18259.98
Nifty500 Momentum 50,03-Jun-2019,18501.60
Nifty500 Momentum 50,04-Jun-2019,18371.25
Nifty500 Momentum 50,06-Jun-2019,18188.58
Nifty500 Momentum 50,07-Jun-2019,18201.23
Nifty500 Momentum 50,10-Jun-2019,18375.22
Nifty500 Momentum 50,11-Jun-2019,18415.85
Nifty500 Momentum 50,12-Jun-2019,18333.54
Nifty500 Momentum 50,13-Jun-2019,18327.82
Nifty500 Momentum 50,14-Jun-2019,18188.75
Nifty500 Momentum 50,17-Jun-2019,18019.28
Nifty500 Momentum 50,18-Jun-2019,18064.70
Nifty500 Momentum 50,19-Jun-2019,17994.39
Nifty500 Momentum 50,20-Jun-2019,18106.87
Nifty500 Momentum 50,21-Jun-2019,17999.08
Nifty500 Momentum 50,24-Jun-2019,17952.86
Nifty500 Momentum 50,25-Jun-2019,18058.33
Nifty500 Momentum 50,26-Jun-2019,18104.36
Nifty500 Momentum 50,27-Jun-2019,18078.77
Nifty500 Momentum 50,28-Jun-2019,18056.58
Nifty500 Momentum 50,01-Jul-2019,18113.52
Nifty500 Momentum 50,02-Jul-2019,18189.65
Nifty500 Momentum 50,03-Jul-2019,18175.91
Nifty500 Momentum 50,04-Jul-2019,18269.66
Nifty500 Momentum 50,05-Jul-2019,17967.52
Nifty500 Momentum 50,08-Jul-2019,17510.35
Nifty500 Momentum 50,09-Jul-2019,17452.85
Nifty500 Momentum 50,10-Jul-2019,17252.43
Nifty500 Momentum 50,11-Jul-2019,17311.60
Nifty500 Momentum 50,12-Jul-2019,17289.61
Nifty500 Momentum 50,15-Jul-2019,17347.51
Nifty500 Momentum 50,16-Jul-2019,17499.11
Nifty500 Momentum 50,17-Jul-2019,17514.99
Nifty500 Momentum 50,18-Jul-2019,17360.22
Nifty500 Momentum 50,19-Jul-2019,17023.80
Nifty500 Momentum 50,22-Jul-2019,16931.23
Nifty500 Momentum 50,23-Jul-2019,16924.58
Nifty500 Momentum 50,24-Jul-2019,16701.58
Nifty500 Momentum 50,25-Jul-2019,16704.48
Nifty500 Momentum 50,26-Jul-2019,16856.34
Nifty500 Momentum 50,29-Jul-2019,16785.06
Nifty500 Momentum 50,30-Jul-2019,16522.20
Nifty500 Momentum 50,31-Jul-2019,16569.40
Nifty500 Momentum 50,01-Aug-2019,16376.96
Nifty500 Momentum 50,02-Aug-2019,16353.20
Nifty500 Momentum 50,05-Aug-2019,16094.96
Nifty500 Momentum 50,06-Aug-2019,16303.26
Nifty500 Momentum 50,07-Aug-2019,16169.00
Nifty500 Momentum 50,08-Aug-2019,16399.90
Nifty500 Momentum 50,09-Aug-2019,16511.85
Nifty500 Momentum 50,13-Aug-2019,16163.43
Nifty500 Momentum 50,14-Aug-2019,16395.65
Nifty500 Momentum 50,16-Aug-2019,16475.86
Nifty500 Momentum 50,19-Aug-2019,16519.49
Nifty500 Momentum 50,20-Aug-2019,16431.51
Nifty500 Momentum 50,21-Aug-2019,16245.59
Nifty500 Momentum 50,22-Aug-2019,15984.38
Nifty500 Momentum 50,23-Aug-2019,16138.73
Nifty500 Momentum 50,26-Aug-2019,16448.68
Nifty500 Momentum 50,27-Aug-2019,16501.89
Nifty500 Momentum 50,28-Aug-2019,16398.75
Nifty500 Momentum 50,29-Aug-2019,16272.14
Nifty500 Momentum 50,30-Aug-2019,16465.29
Nifty500 Momentum 50,03-Sep-2019,16120.20
Nifty500 Momentum 50,04-Sep-2019,16191.34
Nifty500 Momentum 50,05-Sep-2019,16246.22
Nifty500 Momentum 50,06-Sep-2019,16412.48
Nifty500 Momentum 50,09-Sep-2019,16580.16
Nifty500 Momentum 50,11-Sep-2019,16590.27
Nifty500 Momentum 50,12-Sep-2019,16494.50
Nifty500 Momentum 50,13-Sep-2019,16671.08
Nifty500 Momentum 50,16-Sep-2019,16614.19
Nifty500 Momentum 50,17-Sep-2019,16366.37
Nifty500 Momentum 50,18-Sep-2019,16443.97
Nifty500 Momentum 50,19-Sep-2019,16199.71
Nifty500 Momentum 50,20-Sep-2019,17035.33
Nifty500 Momentum 50,23-Sep-2019,17449.16
Nifty500 Momentum 50,24-Sep-2019,17466.86
Nifty500 Momentum 50,25-Sep-2019,17238.17
Nifty500 Momentum 50,26-Sep-2019,17404.69
Nifty500 Momentum 50,27-Sep-2019,17368.04
Nifty500 Momentum 50,30-Sep-2019,17301.60
Nifty500 Momentum 50,01-Oct-2019,17029.73
Nifty500 Momentum 50,03-Oct-2019,17011.96
Nifty500 Momentum 50,04-Oct-2019,16852.06
Nifty500 Momentum 50,07-Oct-2019,16816.91
Nifty500 Momentum 50,09-Oct-2019,17044.08
Nifty500 Momentum 50,10-Oct-2019,16900.77
Nifty500 Momentum 50,11-Oct-2019,16941.76
Nifty500 Momentum 50,14-Oct-2019,16953.67
Nifty500 Momentum 50,15-Oct-2019,16988.35
Nifty500 Momentum 50,16-Oct-2019,17046.23
Nifty500 Momentum 50,17-Oct-2019,17268.65
Nifty500 Momentum 50,18-Oct-2019,17423.07
Nifty500 Momentum 50,22-Oct-2019,17374.13
Nifty500 Momentum 50,23-Oct-2019,17421.03
Nifty500 Momentum 50,24-Oct-2019,17441.13
Nifty500 Momentum 50,25-Oct-2019,17396.20
Nifty500 Momentum 50,27-Oct-2019,17463.46
Nifty500 Momentum 50,29-Oct-2019,17675.28
Nifty500 Momentum 50,30-Oct-2019,17742.79
Nifty500 Momentum 50,31-Oct-2019,17941.25
Nifty500 Momentum 50,01-Nov-2019,17938.03
Nifty500 Momentum 50,04-Nov-2019,18010.53
Nifty500 Momentum 50,05-Nov-2019,17979.46
Nifty500 Momentum 50,06-Nov-2019,17931.03
Nifty500 Momentum 50,07-Nov-2019,17999.55
Nifty500 Momentum 50,08-Nov-2019,17877.77
Nifty500 Momentum 50,11-Nov-2019,17915.03
Nifty500 Momentum 50,13-Nov-2019,17795.24
Nifty500 Momentum 50,14-Nov-2019,17876.41
Nifty500 Momentum 50,15-Nov-2019,17901.23
Nifty500 Momentum 50,18-Nov-2019,17946.82
Nifty500 Momentum 50,19-Nov-2019,18012.58
Nifty500 Momentum 50,20-Nov-2019,18084.32
Nifty500 Momentum 50,21-Nov-2019,17974.74
Nifty500 Momentum 50,22-Nov-2019,17868.42
Nifty500 Momentum 50,25-Nov-2019,18088.07
Nifty500 Momentum 50,26-Nov-2019,18009.38
Nifty500 Momentum 50,27-Nov-2019,18124.98
Nifty500 Momentum 50,28-Nov-2019,18259.00
Nifty500 Momentum 50,29-Nov-2019,18146.82
Nifty500 Momentum 50,02-Dec-2019,18077.44
Nifty500 Momentum 50,03-Dec-2019,18044.43
Nifty500 Momentum 50,04-Dec-2019,18147.96
Nifty500 Momentum 50,05-Dec-2019,18117.15
Nifty500 Momentum 50,06-Dec-2019,17938.80
Nifty500 Momentum 50,09-Dec-2019,17973.44
Nifty500 Momentum 50,10-Dec-2019,17862.86
Nifty500 Momentum 50,11-Dec-2019,17989.41
Nifty500 Momentum 50,12-Dec-2019,18061.03
Nifty500 Momentum 50,13-Dec-2019,18233.32
Nifty500 Momentum 50,16-Dec-2019,18209.19
Nifty500 Momentum 50,17-Dec-2019,18297.29
Nifty500 Momentum 50,18-Dec-2019,18300.42
Nifty500 Momentum 50,19-Dec-2019,18344.69
Nifty500 Momentum 50,20-Dec-2019,18486.11
Nifty500 Momentum 50,23-Dec-2019,18463.30
Nifty500 Momentum 50,24-Dec-2019,18402.76
Nifty500 Momentum 50,26-Dec-2019,18345.01
Nifty500 Momentum 50,27-Dec-2019,18479.90
Nifty500 Momentum 50,30-Dec-2019,18469.25
Nifty500 Momentum 50,31-Dec-2019,18348.42
Nifty500 Momentum 50,01-Jan-2020,18363.72
Nifty500 Momentum 50,02-Jan-2020,18400.14
Nifty500 Momentum 50,03-Jan-2020,18368.63
Nifty500 Momentum 50,06-Jan-2020,17974.85
Nifty500 Momentum 50,07-Jan-2020,18073.50
Nifty500 Momentum 50,08-Jan-2020,18137.27
Nifty500 Momentum 50,09-Jan-2020,18391.14
Nifty500 Momentum 50,10-Jan-2020,18382.81
Nifty500 Momentum 50,13-Jan-2020,18467.97
Nifty500 Momentum 50,14-Jan-2020,18610.95
Nifty500 Momentum 50,15-Jan-2020,18690.48
Nifty500 Momentum 50,16-Jan-2020,18805.43
Nifty500 Momentum 50,17-Jan-2020,18912.37
Nifty500 Momentum 50,20-Jan-2020,18804.38
Nifty500 Momentum 50,21-Jan-2020,18717.85
Nifty500 Momentum 50,22-Jan-2020,18679.76
Nifty500 Momentum 50,23-Jan-2020,18880.43
Nifty500 Momentum 50,24-Jan-2020,19045.76
Nifty500 Momentum 50,27-Jan-2020,19008.00
Nifty500 Momentum 50,28-Jan-2020,18996.15
Nifty500 Momentum 50,29-Jan-2020,19138.50
Nifty500 Momentum 50,30-Jan-2020,18998.22
Nifty500 Momentum 50,31-Jan-2020,18899.41
Nifty500 Momentum 50,01-Feb-2020,18258.76
Nifty500 Momentum 50,03-Feb-2020,18590.82
Nifty500 Momentum 50,04-Feb-2020,18955.07
Nifty500 Momentum 50,05-Feb-2020,19163.02
Nifty500 Momentum 50,06-Feb-2020,19359.14
Nifty500 Momentum 50,07-Feb-2020,19388.00
Nifty500 Momentum 50,10-Feb-2020,19412.39
Nifty500 Momentum 50,11-Feb-2020,19386.90
Nifty500 Momentum 50,12-Feb-2020,19443.68
Nifty500 Momentum 50,13-Feb-2020,19379.07
Nifty500 Momentum 50,14-Feb-2020,19365.66
Nifty500 Momentum 50,17-Feb-2020,19185.05
Nifty500 Momentum 50,18-Feb-2020,19190.61
Nifty500 Momentum 50,19-Feb-2020,19510.01
Nifty500 Momentum 50,20-Feb-2020,19477.20
Nifty500 Momentum 50,24-Feb-2020,19110.73
Nifty500 Momentum 50,25-Feb-2020,19052.18
Nifty500 Momentum 50,26-Feb-2020,18898.99
Nifty500 Momentum 50,27-Feb-2020,18841.80
Nifty500 Momentum 50,28-Feb-2020,18294.58
Nifty500 Momentum 50,02-Mar-2020,18119.63
Nifty500 Momentum 50,03-Mar-2020,18387.64
Nifty500 Momentum 50,04-Mar-2020,18184.56
Nifty500 Momentum 50,05-Mar-2020,18284.11
Nifty500 Momentum 50,06-Mar-2020,17958.96
Nifty500 Momentum 50,09-Mar-2020,17249.21
Nifty500 Momentum 50,11-Mar-2020,17197.75
Nifty500 Momentum 50,12-Mar-2020,15879.30
Nifty500 Momentum 50,13-Mar-2020,16435.92
Nifty500 Momentum 50,16-Mar-2020,15533.67
Nifty500 Momentum 50,17-Mar-2020,15129.35
Nifty500 Momentum 50,18-Mar-2020,14100.44
Nifty500 Momentum 50,19-Mar-2020,13648.04
Nifty500 Momentum 50,20-Mar-2020,14353.53
Nifty500 Momentum 50,23-Mar-2020,12337.62
Nifty500 Momentum 50,24-Mar-2020,12614.03
Nifty500 Momentum 50,25-Mar-2020,13439.89
Nifty500 Momentum 50,26-Mar-2020,14093.44
Nifty500 Momentum 50,27-Mar-2020,13867.41
Nifty500 Momentum 50,30-Mar-2020,13665.28
Nifty500 Momentum 50,31-Mar-2020,14194.85
Nifty500 Momentum 50,01-Apr-2020,13896.40
Nifty500 Momentum 50,03-Apr-2020,13759.23
Nifty500 Momentum 50,07-Apr-2020,14851.98
Nifty500 Momentum 50,08-Apr-2020,14924.61
Nifty500 Momentum 50,09-Apr-2020,15419.86
Nifty500 Momentum 50,13-Apr-2020,15308.24
Nifty500 Momentum 50,15-Apr-2020,15342.57
Nifty500 Momentum 50,16-Apr-2020,15472.48
Nifty500 Momentum 50,17-Apr-2020,15803.86
Nifty500 Momentum 50,20-Apr-2020,15821.29
Nifty500 Momentum 50,21-Apr-2020,15455.20
Nifty500 Momentum 50,22-Apr-2020,15762.10
Nifty500 Momentum 50,23-Apr-2020,15868.58
Nifty500 Momentum 50,24-Apr-2020,15464.36
Nifty500 Momentum 50,27-Apr-2020,15919.95
Nifty500 Momentum 50,28-Apr-2020,16011.91
Nifty500 Momentum 50,29-Apr-2020,16179.49
Nifty500 Momentum 50,30-Apr-2020,16444.50
Nifty500 Momentum 50,04-May-2020,15842.10
Nifty500 Momentum 50,05-May-2020,15690.95
Nifty500 Momentum 50,06-May-2020,15888.31
Nifty500 Momentum 50,07-May-2020,15790.87
Nifty500 Momentum 50,08-May-2020,15939.79
Nifty500 Momentum 50,11-May-2020,15922.29
Nifty500 Momentum 50,12-May-2020,15873.53
Nifty500 Momentum 50,13-May-2020,16028.67
Nifty500 Momentum 50,14-May-2020,15804.76
Nifty500 Momentum 50,15-May-2020,15792.51
Nifty500 Momentum 50,18-May-2020,15217.53
Nifty500 Momentum 50,19-May-2020,15396.12
Nifty500 Momentum 50,20-May-2020,15602.05
Nifty500 Momentum 50,21-May-2020,15701.05
Nifty500 Momentum 50,22-May-2020,15546.00
Nifty500 Momentum 50,26-May-2020,15493.34
Nifty500 Momentum 50,27-May-2020,15591.75
Nifty500 Momentum 50,28-May-2020,15828.13
Nifty500 Momentum 50,29-May-2020,16118.06
Nifty500 Momentum 50,01-Jun-2020,16430.85
Nifty500 Momentum 50,02-Jun-2020,16553.28
Nifty500 Momentum 50,03-Jun-2020,16645.04
Nifty500 Momentum 50,04-Jun-2020,16705.87
Nifty500 Momentum 50,05-Jun-2020,16909.17
Nifty500 Momentum 50,08-Jun-2020,16975.39
Nifty500 Momentum 50,09-Jun-2020,16775.32
Nifty500 Momentum 50,10-Jun-2020,16773.69
Nifty500 Momentum 50,11-Jun-2020,16559.09
Nifty500 Momentum 50,12-Jun-2020,16752.52
Nifty500 Momentum 50,15-Jun-2020,16552.51
Nifty500 Momentum 50,16-Jun-2020,16619.16
Nifty500 Momentum 50,17-Jun-2020,16569.21
Nifty500 Momentum 50,18-Jun-2020,16699.72
Nifty500 Momentum 50,19-Jun-2020,16979.46
Nifty500 Momentum 50,22-Jun-2020,17182.29
Nifty500 Momentum 50,23-Jun-2020,17467.78
Nifty500 Momentum 50,24-Jun-2020,17180.81
Nifty500 Momentum 50,25-Jun-2020,17194.69
Nifty500 Momentum 50,26-Jun-2020,17152.42
Nifty500 Momentum 50,29-Jun-2020,17132.53
Nifty500 Momentum 50,30-Jun-2020,17115.08
Nifty500 Momentum 50,01-Jul-2020,17061.93
Nifty500 Momentum 50,02-Jul-2020,17167.75
Nifty500 Momentum 50,03-Jul-2020,17280.06
Nifty500 Momentum 50,06-Jul-2020,17347.27
Nifty500 Momentum 50,07-Jul-2020,17373.21
Nifty500 Momentum 50,08-Jul-2020,17354.61
Nifty500 Momentum 50,09-Jul-2020,17469.87
Nifty500 Momentum 50,10-Jul-2020,17533.43
Nifty500 Momentum 50,13-Jul-2020,17561.36
Nifty500 Momentum 50,14-Jul-2020,17571.36
Nifty500 Momentum 50,15-Jul-2020,17560.93
Nifty500 Momentum 50,16-Jul-2020,17715.91
Nifty500 Momentum 50,17-Jul-2020,17930.48
Nifty500 Momentum 50,20-Jul-2020,18068.30
Nifty500 Momentum 50,21-Jul-2020,17951.26
Nifty500 Momentum 50,22-Jul-2020,17978.90
Nifty500 Momentum 50,23-Jul-2020,18152.88
Nifty500 Momentum 50,24-Jul-2020,18027.43
Nifty500 Momentum 50,27-Jul-2020,17966.09
Nifty500 Momentum 50,28-Jul-2020,18016.37
Nifty500 Momentum 50,29-Jul-2020,18162.66
Nifty500 Momentum 50,30-Jul-2020,18185.31
Nifty500 Momentum 50,31-Jul-2020,18402.39
Nifty500 Momentum 50,03-Aug-2020,18455.32
Nifty500 Momentum 50,04-Aug-2020,18668.95
Nifty500 Momentum 50,05-Aug-2020,18707.12
Nifty500 Momentum 50,06-Aug-2020,18893.32
Nifty500 Momentum 50,07-Aug-2020,19136.56
Nifty500 Momentum 50,10-Aug-2020,19582.04
Nifty500 Momentum 50,11-Aug-2020,19414.08
Nifty500 Momentum 50,12-Aug-2020,19234.04
Nifty500 Momentum 50,13-Aug-2020,19212.24
Nifty500 Momentum 50,14-Aug-2020,19138.20
Nifty500 Momentum 50,17-Aug-2020,19164.63
Nifty500 Momentum 50,18-Aug-2020,19312.78
Nifty500 Momentum 50,19-Aug-2020,19360.01
Nifty500 Momentum 50,20-Aug-2020,19297.53
Nifty500 Momentum 50,21-Aug-2020,19453.56
Nifty500 Momentum 50,24-Aug-2020,19579.33
Nifty500 Momentum 50,25-Aug-2020,19570.27
Nifty500 Momentum 50,26-Aug-2020,19506.05
Nifty500 Momentum 50,27-Aug-2020,19521.35
Nifty500 Momentum 50,28-Aug-2020,19494.37
Nifty500 Momentum 50,31-Aug-2020,18741.52
Nifty500 Momentum 50,01-Sep-2020,19069.91
Nifty500 Momentum 50,02-Sep-2020,19305.00
Nifty500 Momentum 50,03-Sep-2020,19480.20
Nifty500 Momentum 50,04-Sep-2020,19201.84
Nifty500 Momentum 50,07-Sep-2020,19134.25
Nifty500 Momentum 50,08-Sep-2020,18920.86
Nifty500 Momentum 50,09-Sep-2020,19033.83
Nifty500 Momentum 50,10-Sep-2020,19198.99
Nifty500 Momentum 50,11-Sep-2020,19245.24
Nifty500 Momentum 50,14-Sep-2020,19440.80
Nifty500 Momentum 50,15-Sep-2020,19663.52
Nifty500 Momentum 50,16-Sep-2020,19808.22
Nifty500 Momentum 50,17-Sep-2020,19788.53
Nifty500 Momentum 50,18-Sep-2020,20078.23
Nifty500 Momentum 50,21-Sep-2020,19373.09
Nifty500 Momentum 50,22-Sep-2020,19230.56
Nifty500 Momentum 50,23-Sep-2020,19076.78
Nifty500 Momentum 50,24-Sep-2020,18744.34
Nifty500 Momentum 50,25-Sep-2020,19169.71
Nifty500 Momentum 50,28-Sep-2020,19504.82
Nifty500 Momentum 50,29-Sep-2020,19397.45
Nifty500 Momentum 50,30-Sep-2020,19410.36
Nifty500 Momentum 50,01-Oct-2020,19518.32
Nifty500 Momentum 50,05-Oct-2020,19546.26
Nifty500 Momentum 50,06-Oct-2020,19622.62
Nifty500 Momentum 50,07-Oct-2020,19566.35
Nifty500 Momentum 50,08-Oct-2020,19662.61
Nifty500 Momentum 50,09-Oct-2020,19461.35
Nifty500 Momentum 50,12-Oct-2020,19518.43
Nifty500 Momentum 50,13-Oct-2020,19389.40
Nifty500 Momentum 50,14-Oct-2020,19455.43
Nifty500 Momentum 50,15-Oct-2020,19179.50
Nifty500 Momentum 50,16-Oct-2020,19360.93
Nifty500 Momentum 50,19-Oct-2020,19343.45
Nifty500 Momentum 50,20-Oct-2020,19410.01
Nifty500 Momentum 50,21-Oct-2020,19360.27
Nifty500 Momentum 50,22-Oct-2020,19319.63
Nifty500 Momentum 50,23-Oct-2020,19380.98
Nifty500 Momentum 50,26-Oct-2020,19256.86
Nifty500 Momentum 50,27-Oct-2020,19703.55
Nifty500 Momentum 50,28-Oct-2020,19556.42
Nifty500 Momentum 50,29-Oct-2020,19571.76
Nifty500 Momentum 50,30-Oct-2020,19556.30
Nifty500 Momentum 50,02-Nov-2020,19478.84
Nifty500 Momentum 50,03-Nov-2020,19572.27
Nifty500 Momentum 50,04-Nov-2020,19728.71
Nifty500 Momentum 50,05-Nov-2020,20022.20
Nifty500 Momentum 50,06-Nov-2020,20024.02
Nifty500 Momentum 50,09-Nov-2020,20171.72
Nifty500 Momentum 50,10-Nov-2020,19655.20
Nifty500 Momentum 50,11-Nov-2020,19963.57
Nifty500 Momentum 50,12-Nov-2020,20070.42
Nifty500 Momentum 50,13-Nov-2020,20248.19
Nifty500 Momentum 50,14-Nov-2020,20344.77
Nifty500 Momentum 50,17-Nov-2020,20385.19
Nifty500 Momentum 50,18-Nov-2020,20355.60
Nifty500 Momentum 50,19-Nov-2020,20198.80
Nifty500 Momentum 50,20-Nov-2020,20369.29
Nifty500 Momentum 50,23-Nov-2020,20606.84
Nifty500 Momentum 50,24-Nov-2020,20755.30
Nifty500 Momentum 50,25-Nov-2020,20393.04
Nifty500 Momentum 50,26-Nov-2020,20546.83
Nifty500 Momentum 50,27-Nov-2020,20861.68
Nifty500 Momentum 50,01-Dec-2020,20861.91
Nifty500 Momentum 50,02-Dec-2020,20914.21
Nifty500 Momentum 50,03-Dec-2020,21113.74
Nifty500 Momentum 50,04-Dec-2020,21250.25
Nifty500 Momentum 50,07-Dec-2020,21406.51
Nifty500 Momentum 50,08-Dec-2020,21302.58
Nifty500 Momentum 50,09-Dec-2020,21433.03
Nifty500 Momentum 50,10-Dec-2020,21571.24
Nifty500 Momentum 50,11-Dec-2020,21489.72
Nifty500 Momentum 50,14-Dec-2020,21637.95
Nifty500 Momentum 50,15-Dec-2020,21539.64
Nifty500 Momentum 50,16-Dec-2020,21711.72
Nifty500 Momentum 50,17-Dec-2020,21769.58
Nifty500 Momentum 50,18-Dec-2020,21860.98
Nifty500 Momentum 50,21-Dec-2020,21165.27
Nifty500 Momentum 50,22-Dec-2020,21494.00
Nifty500 Momentum 50,23-Dec-2020,21872.01
Nifty500 Momentum 50,24-Dec-2020,22038.22
Nifty500 Momentum 50,28-Dec-2020,22165.71
Nifty500 Momentum 50,29-Dec-2020,22137.69
Nifty500 Momentum 50,30-Dec-2020,22171.32
Nifty500 Momentum 50,31-Dec-2020,22196.17
Nifty500 Momentum 50,01-Jan-2021,22446.40
Nifty500 Momentum 50,04-Jan-2021,22767.45
Nifty500 Momentum 50,05-Jan-2021,23137.34
Nifty500 Momentum 50,06-Jan-2021,22976.33
Nifty500 Momentum 50,07-Jan-2021,23183.21
Nifty500 Momentum 50,08-Jan-2021,23538.45
Nifty500 Momentum 50,11-Jan-2021,23812.86
Nifty500 Momentum 50,12-Jan-2021,23841.80
Nifty500 Momentum 50,13-Jan-2021,23783.95
Nifty500 Momentum 50,14-Jan-2021,23734.18
Nifty500 Momentum 50,15-Jan-2021,23354.90
Nifty500 Momentum 50,18-Jan-2021,22762.83
Nifty500 Momentum 50,19-Jan-2021,23171.61
Nifty500 Momentum 50,20-Jan-2021,23533.69
Nifty500 Momentum 50,21-Jan-2021,23295.29
Nifty500 Momentum 50,22-Jan-2021,23145.51
Nifty500 Momentum 50,25-Jan-2021,22949.06
Nifty500 Momentum 50,27-Jan-2021,22841.37
Nifty500 Momentum 50,28-Jan-2021,22581.05
Nifty500 Momentum 50,29-Jan-2021,22294.99
Nifty500 Momentum 50,01-Feb-2021,22888.32
Nifty500 Momentum 50,02-Feb-2021,23341.64
Nifty500 Momentum 50,03-Feb-2021,23754.05
Nifty500 Momentum 50,04-Feb-2021,23988.91
Nifty500 Momentum 50,05-Feb-2021,23941.51
Nifty500 Momentum 50,08-Feb-2021,24222.69
Nifty500 Momentum 50,09-Feb-2021,24187.41
Nifty500 Momentum 50,10-Feb-2021,24396.80
Nifty500 Momentum 50,11-Feb-2021,24615.78
Nifty500 Momentum 50,12-Feb-2021,24715.03
Nifty500 Momentum 50,15-Feb-2021,25283.97
Nifty500 Momentum 50,16-Feb-2021,25313.98
Nifty500 Momentum 50,17-Feb-2021,25195.04
Nifty500 Momentum 50,18-Feb-2021,25211.01
Nifty500 Momentum 50,19-Feb-2021,24848.23
Nifty500 Momentum 50,22-Feb-2021,24586.46
Nifty500 Momentum 50,23-Feb-2021,24612.20
Nifty500 Momentum 50,24-Feb-2021,24756.68
Nifty500 Momentum 50,25-Feb-2021,24924.89
Nifty500 Momentum 50,26-Feb-2021,24620.73
Nifty500 Momentum 50,01-Mar-2021,24918.66
Nifty500 Momentum 50,02-Mar-2021,25376.85
Nifty500 Momentum 50,03-Mar-2021,25865.12
Nifty500 Momentum 50,04-Mar-2021,25890.13
Nifty500 Momentum 50,05-Mar-2021,25481.59
Nifty500 Momentum 50,08-Mar-2021,25504.49
Nifty500 Momentum 50,09-Mar-2021,25438.65
Nifty500 Momentum 50,10-Mar-2021,25798.21
Nifty500 Momentum 50,12-Mar-2021,25738.41
Nifty500 Momentum 50,15-Mar-2021,25625.19
Nifty500 Momentum 50,16-Mar-2021,25974.34
Nifty500 Momentum 50,17-Mar-2021,25467.21
Nifty500 Momentum 50,18-Mar-2021,24988.38
Nifty500 Momentum 50,19-Mar-2021,25305.40
Nifty500 Momentum 50,22-Mar-2021,25738.11
Nifty500 Momentum 50,23-Mar-2021,26124.60
Nifty500 Momentum 50,24-Mar-2021,25752.47
Nifty500 Momentum 50,25-Mar-2021,25074.47
Nifty500 Momentum 50,26-Mar-2021,25429.57
Nifty500 Momentum 50,30-Mar-2021,25877.51
Nifty500 Momentum 50,31-Mar-2021,25965.85
Nifty500 Momentum 50,01-Apr-2021,26519.22
Nifty500 Momentum 50,05-Apr-2021,26738.33
Nifty500 Momentum 50,06-Apr-2021,27243.57
Nifty500 Momentum 50,07-Apr-2021,27428.97
Nifty500 Momentum 50,08-Apr-2021,27469.23
Nifty500 Momentum 50,09-Apr-2021,27920.84
Nifty500 Momentum 50,12-Apr-2021,26697.14
Nifty500 Momentum 50,13-Apr-2021,26660.91
Nifty500 Momentum 50,15-Apr-2021,26873.45
Nifty500 Momentum 50,16-Apr-2021,27306.10
Nifty500 Momentum 50,19-Apr-2021,27199.68
Nifty500 Momentum 50,20-Apr-2021,27372.84
Nifty500 Momentum 50,22-Apr-2021,27564.83
Nifty500 Momentum 50,23-Apr-2021,27531.35
Nifty500 Momentum 50,26-Apr-2021,27660.12
Nifty500 Momentum 50,27-Apr-2021,27976.01
Nifty500 Momentum 50,28-Apr-2021,28225.34
Nifty500 Momentum 50,29-Apr-2021,28301.09
Nifty500 Momentum 50,30-Apr-2021,28233.76
Nifty500 Momentum 50,03-May-2021,28677.88
Nifty500 Momentum 50,04-May-2021,28481.85
Nifty500 Momentum 50,05-May-2021,28853.08
Nifty500 Momentum 50,06-May-2021,29151.57
Nifty500 Momentum 50,07-May-2021,28927.82
Nifty500 Momentum 50,10-May-2021,29050.56
Nifty500 Momentum 50,11-May-2021,28907.98
Nifty500 Momentum 50,12-May-2021,28521.45
Nifty500 Momentum 50,14-May-2021,27971.65
Nifty500 Momentum 50,17-May-2021,28519.48
Nifty500 Momentum 50,18-May-2021,29001.07
Nifty500 Momentum 50,19-May-2021,29033.09
Nifty500 Momentum 50,20-May-2021,29057.43
Nifty500 Momentum 50,21-May-2021,29194.50
Nifty500 Momentum 50,24-May-2021,29245.24
Nifty500 Momentum 50,25-May-2021,29168.01
Nifty500 Momentum 50,26-May-2021,29436.55
Nifty500 Momentum 50,27-May-2021,29578.87
Nifty500 Momentum 50,28-May-2021,29486.27
Nifty500 Momentum 50,31-May-2021,29660.75
Nifty500 Momentum 50,01-Jun-2021,29925.99
Nifty500 Momentum 50,02-Jun-2021,30495.31
Nifty500 Momentum 50,03-Jun-2021,30796.92
Nifty500 Momentum 50,04-Jun-2021,31088.53
Nifty500 Momentum 50,07-Jun-2021,31107.12
Nifty500 Momentum 50,08-Jun-2021,31442.37
Nifty500 Momentum 50,09-Jun-2021,31051.18
Nifty500 Momentum 50,10-Jun-2021,31523.91
Nifty500 Momentum 50,11-Jun-2021,31734.51
Nifty500 Momentum 50,14-Jun-2021,31463.26
Nifty500 Momentum 50,15-Jun-2021,31412.53
Nifty500 Momentum 50,16-Jun-2021,31062.78
Nifty500 Momentum 50,17-Jun-2021,30704.82
Nifty500 Momentum 50,18-Jun-2021,30512.14
Nifty500 Momentum 50,21-Jun-2021,30777.81
Nifty500 Momentum 50,22-Jun-2021,31021.42
Nifty500 Momentum 50,23-Jun-2021,30683.94
Nifty500 Momentum 50,24-Jun-2021,30630.01
Nifty500 Momentum 50,25-Jun-2021,30857.44
Nifty500 Momentum 50,28-Jun-2021,30912.93
Nifty500 Momentum 50,29-Jun-2021,30950.81
Nifty500 Momentum 50,30-Jun-2021,30999.92
Nifty500 Momentum 50,01-Jul-2021,30867.67
Nifty500 Momentum 50,02-Jul-2021,30750.90
Nifty500 Momentum 50,05-Jul-2021,30787.74
Nifty500 Momentum 50,06-Jul-2021,30568.61
Nifty500 Momentum 50,07-Jul-2021,30685.76
Nifty500 Momentum 50,08-Jul-2021,30539.35
Nifty500 Momentum 50,09-Jul-2021,30720.52
Nifty500 Momentum 50,12-Jul-2021,30811.81
Nifty500 Momentum 50,13-Jul-2021,30992.18
Nifty500 Momentum 50,14-Jul-2021,31106.82
Nifty500 Momentum 50,15-Jul-2021,31555.14
Nifty500 Momentum 50,16-Jul-2021,31749.53
Nifty500 Momentum 50,19-Jul-2021,31489.49
Nifty500 Momentum 50,20-Jul-2021,31003.80
Nifty500 Momentum 50,22-Jul-2021,31577.65
Nifty500 Momentum 50,23-Jul-2021,31789.73
Nifty500 Momentum 50,26-Jul-2021,31900.34
Nifty500 Momentum 50,27-Jul-2021,31782.23
Nifty500 Momentum 50,28-Jul-2021,31626.32
Nifty500 Momentum 50,29-Jul-2021,31985.93
Nifty500 Momentum 50,30-Jul-2021,32099.01
Nifty500 Momentum 50,02-Aug-2021,32465.18
Nifty500 Momentum 50,03-Aug-2021,32500.04
Nifty500 Momentum 50,04-Aug-2021,32321.15
Nifty500 Momentum 50,05-Aug-2021,32485.39
Nifty500 Momentum 50,06-Aug-2021,32570.93
Nifty500 Momentum 50,09-Aug-2021,32219.72
Nifty500 Momentum 50,10-Aug-2021,31625.64
Nifty500 Momentum 50,11-Aug-2021,31674.13
Nifty500 Momentum 50,12-Aug-2021,32203.24
Nifty500 Momentum 50,13-Aug-2021,32304.71
Nifty500 Momentum 50,16-Aug-2021,32283.03
Nifty500 Momentum 50,17-Aug-2021,32517.45
Nifty500 Momentum 50,18-Aug-2021,32598.69
Nifty500 Momentum 50,20-Aug-2021,31921.25
Nifty500 Momentum 50,23-Aug-2021,31643.70
Nifty500 Momentum 50,24-Aug-2021,32404.98
Nifty500 Momentum 50,25-Aug-2021,32742.94
Nifty500 Momentum 50,26-Aug-2021,32867.54
Nifty500 Momentum 50,27-Aug-2021,33312.43
Nifty500 Momentum 50,30-Aug-2021,33882.99
Nifty500 Momentum 50,31-Aug-2021,34321.33
Nifty500 Momentum 50,01-Sep-2021,34501.69
Nifty500 Momentum 50,02-Sep-2021,34716.18
Nifty500 Momentum 50,03-Sep-2021,34968.48
Nifty500 Momentum 50,06-Sep-2021,35050.12
Nifty500 Momentum 50,07-Sep-2021,34839.07
Nifty500 Momentum 50,08-Sep-2021,35003.13
Nifty500 Momentum 50,09-Sep-2021,35330.92
Nifty500 Momentum 50,13-Sep-2021,35813.30
Nifty500 Momentum 50,14-Sep-2021,36010.57
Nifty500 Momentum 50,15-Sep-2021,36377.39
Nifty500 Momentum 50,16-Sep-2021,36387.01
Nifty500 Momentum 50,17-Sep-2021,35930.11
Nifty500 Momentum 50,20-Sep-2021,35023.63
Nifty500 Momentum 50,21-Sep-2021,35167.75
Nifty500 Momentum 50,22-Sep-2021,35365.35
Nifty500 Momentum 50,23-Sep-2021,35808.14
Nifty500 Momentum 50,24-Sep-2021,35601.01
Nifty500 Momentum 50,27-Sep-2021,35556.04
Nifty500 Momentum 50,28-Sep-2021,35244.02
Nifty500 Momentum 50,29-Sep-2021,35636.23
Nifty500 Momentum 50,30-Sep-2021,35825.49
Nifty500 Momentum 50,01-Oct-2021,35923.83
Nifty500 Momentum 50,04-Oct-2021,36569.51
Nifty500 Momentum 50,05-Oct-2021,36869.00
Nifty500 Momentum 50,06-Oct-2021,36657.82
Nifty500 Momentum 50,07-Oct-2021,37266.38
Nifty500 Momentum 50,08-Oct-2021,37435.72
Nifty500 Momentum 50,11-Oct-2021,37793.74
Nifty500 Momentum 50,12-Oct-2021,37859.04
Nifty500 Momentum 50,13-Oct-2021,38979.31
Nifty500 Momentum 50,14-Oct-2021,39644.68
Nifty500 Momentum 50,18-Oct-2021,40296.11
Nifty500 Momentum 50,19-Oct-2021,39500.59
Nifty500 Momentum 50,20-Oct-2021,38984.21
Nifty500 Momentum 50,21-Oct-2021,38734.88
Nifty500 Momentum 50,22-Oct-2021,38167.21
Nifty500 Momentum 50,25-Oct-2021,37916.63
Nifty500 Momentum 50,26-Oct-2021,38729.78
Nifty500 Momentum 50,27-Oct-2021,38979.77
Nifty500 Momentum 50,28-Oct-2021,37854.35
Nifty500 Momentum 50,29-Oct-2021,37691.22
Nifty500 Momentum 50,01-Nov-2021,38367.37
Nifty500 Momentum 50,02-Nov-2021,38510.23
Nifty500 Momentum 50,03-Nov-2021,38624.17
Nifty500 Momentum 50,04-Nov-2021,38898.24
Nifty500 Momentum 50,08-Nov-2021,39402.90
Nifty500 Momentum 50,09-Nov-2021,39844.07
Nifty500 Momentum 50,10-Nov-2021,39791.45
Nifty500 Momentum 50,11-Nov-2021,39764.45
Nifty500 Momentum 50,12-Nov-2021,40151.16
Nifty500 Momentum 50,15-Nov-2021,40107.56
Nifty500 Momentum 50,16-Nov-2021,40098.22
Nifty500 Momentum 50,17-Nov-2021,40107.85
Nifty500 Momentum 50,18-Nov-2021,39512.52
Nifty500 Momentum 50,22-Nov-2021,38608.13
Nifty500 Momentum 50,23-Nov-2021,39436.10
Nifty500 Momentum 50,24-Nov-2021,39312.38
Nifty500 Momentum 50,25-Nov-2021,39652.21
Nifty500 Momentum 50,26-Nov-2021,38158.36
Nifty500 Momentum 50,29-Nov-2021,37426.22
Nifty500 Momentum 50,30-Nov-2021,37546.92
Nifty500 Momentum 50,01-Dec-2021,37963.06
Nifty500 Momentum 50,02-Dec-2021,38681.54
Nifty500 Momentum 50,03-Dec-2021,38511.56
Nifty500 Momentum 50,06-Dec-2021,37928.34
Nifty500 Momentum 50,07-Dec-2021,38652.83
Nifty500 Momentum 50,08-Dec-2021,39410.17
Nifty500 Momentum 50,09-Dec-2021,39711.29
Nifty500 Momentum 50,10-Dec-2021,39918.39
Nifty500 Momentum 50,13-Dec-2021,39810.22
Nifty500 Momentum 50,14-Dec-2021,40071.11
Nifty500 Momentum 50,15-Dec-2021,39924.66
Nifty500 Momentum 50,16-Dec-2021,39811.17
Nifty500 Momentum 50,17-Dec-2021,38931.10
Nifty500 Momentum 50,20-Dec-2021,37347.41
Nifty500 Momentum 50,21-Dec-2021,37918.16
Nifty500 Momentum 50,22-Dec-2021,38711.04
Nifty500 Momentum 50,23-Dec-2021,39086.56
Nifty500 Momentum 50,24-Dec-2021,38748.39
Nifty500 Momentum 50,27-Dec-2021,38900.79
Nifty500 Momentum 50,28-Dec-2021,39326.88
Nifty500 Momentum 50,29-Dec-2021,39236.88
Nifty500 Momentum 50,30-Dec-2021,39271.78
Nifty500 Momentum 50,31-Dec-2021,39698.61
Nifty500 Momentum 50,03-Jan-2022,40105.83
Nifty500 Momentum 50,04-Jan-2022,40182.11
Nifty500 Momentum 50,05-Jan-2022,39858.31
Nifty500 Momentum 50,06-Jan-2022,39658.09
Nifty500 Momentum 50,07-Jan-2022,39813.03
Nifty500 Momentum 50,10-Jan-2022,39915.95
Nifty500 Momentum 50,11-Jan-2022,39931.32
Nifty500 Momentum 50,12-Jan-2022,40002.64
Nifty500 Momentum 50,13-Jan-2022,40208.87
Nifty500 Momentum 50,14-Jan-2022,40079.20
Nifty500 Momentum 50,17-Jan-2022,40281.86
Nifty500 Momentum 50,18-Jan-2022,39317.86
Nifty500 Momentum 50,19-Jan-2022,39319.36
Nifty500 Momentum 50,20-Jan-2022,39322.95
Nifty500 Momentum 50,21-Jan-2022,38360.66
Nifty500 Momentum 50,24-Jan-2022,36524.53
Nifty500 Momentum 50,25-Jan-2022,36875.86
Nifty500 Momentum 50,27-Jan-2022,36044.12
Nifty500 Momentum 50,28-Jan-2022,36613.35
Nifty500 Momentum 50,31-Jan-2022,37496.35
Nifty500 Momentum 50,01-Feb-2022,37614.35
Nifty500 Momentum 50,02-Feb-2022,38101.58
Nifty500 Momentum 50,03-Feb-2022,37512.82
Nifty500 Momentum 50,04-Feb-2022,37348.29
Nifty500 Momentum 50,07-Feb-2022,36820.14
Nifty500 Momentum 50,08-Feb-2022,36434.17
Nifty500 Momentum 50,09-Feb-2022,36998.63
Nifty500 Momentum 50,10-Feb-2022,37349.52
Nifty500 Momentum 50,11-Feb-2022,36398.77
Nifty500 Momentum 50,14-Feb-2022,35047.73
Nifty500 Momentum 50,15-Feb-2022,36383.45
Nifty500 Momentum 50,16-Feb-2022,36261.23
Nifty500 Momentum 50,17-Feb-2022,36077.11
Nifty500 Momentum 50,18-Feb-2022,35806.04
Nifty500 Momentum 50,21-Feb-2022,35503.53
Nifty500 Momentum 50,22-Feb-2022,35429.99
Nifty500 Momentum 50,23-Feb-2022,35560.66
Nifty500 Momentum 50,24-Feb-2022,33370.44
Nifty500 Momentum 50,25-Feb-2022,34965.56
Nifty500 Momentum 50,28-Feb-2022,35408.85
Nifty500 Momentum 50,02-Mar-2022,35456.71
Nifty500 Momentum 50,03-Mar-2022,35683.83
Nifty500 Momentum 50,04-Mar-2022,35062.75
Nifty500 Momentum 50,07-Mar-2022,34336.13
Nifty500 Momentum 50,08-Mar-2022,35061.38
Nifty500 Momentum 50,09-Mar-2022,35732.04
Nifty500 Momentum 50,10-Mar-2022,36067.00
Nifty500 Momentum 50,11-Mar-2022,36208.34
Nifty500 Momentum 50,14-Mar-2022,36323.48
Nifty500 Momentum 50,15-Mar-2022,35785.32
Nifty500 Momentum 50,16-Mar-2022,36324.96
Nifty500 Momentum 50,17-Mar-2022,36735.33
Nifty500 Momentum 50,21-Mar-2022,36595.54
Nifty500 Momentum 50,22-Mar-2022,36935.20
Nifty500 Momentum 50,23-Mar-2022,37011.67
Nifty500 Momentum 50,24-Mar-2022,37371.84
Nifty500 Momentum 50,25-Mar-2022,37468.93
Nifty500 Momentum 50,28-Mar-2022,37545.45
Nifty500 Momentum 50,29-Mar-2022,37580.03
Nifty500 Momentum 50,30-Mar-2022,38194.92
Nifty500 Momentum 50,31-Mar-2022,38003.07
Nifty500 Momentum 50,01-Apr-2022,38351.01
Nifty500 Momentum 50,04-Apr-2022,38845.24
Nifty500 Momentum 50,05-Apr-2022,39303.73
Nifty500 Momentum 50,06-Apr-2022,39187.08
Nifty500 Momentum 50,07-Apr-2022,38621.16
Nifty500 Momentum 50,08-Apr-2022,38880.12
Nifty500 Momentum 50,11-Apr-2022,38748.45
Nifty500 Momentum 50,12-Apr-2022,37912.49
Nifty500 Momentum 50,13-Apr-2022,37861.12
Nifty500 Momentum 50,18-Apr-2022,36950.53
Nifty500 Momentum 50,19-Apr-2022,36267.71
Nifty500 Momentum 50,20-Apr-2022,36319.80
Nifty500 Momentum 50,21-Apr-2022,36887.87
Nifty500 Momentum 50,22-Apr-2022,36704.54
Nifty500 Momentum 50,25-Apr-2022,35896.05
Nifty500 Momentum 50,26-Apr-2022,36245.26
Nifty500 Momentum 50,27-Apr-2022,35910.48
Nifty500 Momentum 50,28-Apr-2022,36206.77
Nifty500 Momentum 50,29-Apr-2022,35875.16
Nifty500 Momentum 50,02-May-2022,35446.70
Nifty500 Momentum 50,04-May-2022,34716.47
Nifty500 Momentum 50,05-May-2022,34857.30
Nifty500 Momentum 50,06-May-2022,34042.46
Nifty500 Momentum 50,09-May-2022,33387.25
Nifty500 Momentum 50,10-May-2022,32567.82
Nifty500 Momentum 50,11-May-2022,32178.85
Nifty500 Momentum 50,12-May-2022,31457.82
Nifty500 Momentum 50,13-May-2022,31883.90
Nifty500 Momentum 50,16-May-2022,32369.91
Nifty500 Momentum 50,17-May-2022,33394.35
Nifty500 Momentum 50,18-May-2022,33311.24
Nifty500 Momentum 50,19-May-2022,32243.02
Nifty500 Momentum 50,20-May-2022,32840.56
Nifty500 Momentum 50,23-May-2022,32802.38
Nifty500 Momentum 50,24-May-2022,32420.42
Nifty500 Momentum 50,25-May-2022,31367.58
Nifty500 Momentum 50,26-May-2022,31574.02
Nifty500 Momentum 50,27-May-2022,32251.08
Nifty500 Momentum 50,30-May-2022,33275.32
Nifty500 Momentum 50,31-May-2022,33607.42
Nifty500 Momentum 50,01-Jun-2022,33354.37
Nifty500 Momentum 50,02-Jun-2022,33546.51
Nifty500 Momentum 50,03-Jun-2022,33229.40
Nifty500 Momentum 50,06-Jun-2022,33148.10
Nifty500 Momentum 50,07-Jun-2022,32985.40
Nifty500 Momentum 50,08-Jun-2022,32831.69
Nifty500 Momentum 50,09-Jun-2022,33126.18
Nifty500 Momentum 50,10-Jun-2022,32739.96
Nifty500 Momentum 50,13-Jun-2022,31411.88
Nifty500 Momentum 50,14-Jun-2022,31450.03
Nifty500 Momentum 50,15-Jun-2022,31586.75
Nifty500 Momentum 50,16-Jun-2022,30662.57
Nifty500 Momentum 50,17-Jun-2022,30345.73
Nifty500 Momentum 50,20-Jun-2022,29806.44
Nifty500 Momentum 50,21-Jun-2022,30707.44
Nifty500 Momentum 50,22-Jun-2022,30182.09
Nifty500 Momentum 50,23-Jun-2022,30758.82
Nifty500 Momentum 50,24-Jun-2022,30844.64
Nifty500 Momentum 50,27-Jun-2022,31361.30
Nifty500 Momentum 50,28-Jun-2022,31568.66
Nifty500 Momentum 50,29-Jun-2022,31301.75
Nifty500 Momentum 50,30-Jun-2022,31028.63
Nifty500 Momentum 50,01-Jul-2022,30950.33
Nifty500 Momentum 50,04-Jul-2022,31123.53
Nifty500 Momentum 50,05-Jul-2022,31040.72
Nifty500 Momentum 50,06-Jul-2022,31196.72
Nifty500 Momentum 50,07-Jul-2022,31584.69
Nifty500 Momentum 50,08-Jul-2022,31851.38
Nifty500 Momentum 50,11-Jul-2022,32364.38
Nifty500 Momentum 50,12-Jul-2022,32262.07
Nifty500 Momentum 50,13-Jul-2022,32118.52
Nifty500 Momentum 50,14-Jul-2022,32056.86
Nifty500 Momentum 50,15-Jul-2022,32365.57
Nifty500 Momentum 50,18-Jul-2022,32715.48
Nifty500 Momentum 50,19-Jul-2022,32936.84
Nifty500 Momentum 50,20-Jul-2022,32939.10
Nifty500 Momentum 50,21-Jul-2022,33357.39
Nifty500 Momentum 50,22-Jul-2022,33349.66
Nifty500 Momentum 50,25-Jul-2022,33479.23
Nifty500 Momentum 50,26-Jul-2022,33248.23
Nifty500 Momentum 50,27-Jul-2022,33458.71
Nifty500 Momentum 50,28-Jul-2022,33780.25
Nifty500 Momentum 50,29-Jul-2022,34196.32
Nifty500 Momentum 50,01-Aug-2022,34969.27
Nifty500 Momentum 50,02-Aug-2022,35167.15
Nifty500 Momentum 50,03-Aug-2022,35061.11
Nifty500 Momentum 50,04-Aug-2022,35029.41
Nifty500 Momentum 50,05-Aug-2022,35042.47
Nifty500 Momentum 50,08-Aug-2022,35543.55
Nifty500 Momentum 50,10-Aug-2022,35645.55
Nifty500 Momentum 50,11-Aug-2022,35746.51
Nifty500 Momentum 50,12-Aug-2022,36077.91
Nifty500 Momentum 50,16-Aug-2022,36561.87
Nifty500 Momentum 50,17-Aug-2022,36575.76
Nifty500 Momentum 50,18-Aug-2022,36893.85
Nifty500 Momentum 50,19-Aug-2022,36422.55
Nifty500 Momentum 50,22-Aug-2022,36056.04
Nifty500 Momentum 50,23-Aug-2022,36365.10
Nifty500 Momentum 50,24-Aug-2022,36680.60
Nifty500 Momentum 50,25-Aug-2022,36564.07
Nifty500 Momentum 50,26-Aug-2022,36992.55
Nifty500 Momentum 50,29-Aug-2022,36697.10
Nifty500 Momentum 50,30-Aug-2022,37374.12
Nifty500 Momentum 50,01-Sep-2022,37503.20
Nifty500 Momentum 50,02-Sep-2022,37572.15
Nifty500 Momentum 50,05-Sep-2022,37811.29
Nifty500 Momentum 50,06-Sep-2022,38133.34
Nifty500 Momentum 50,07-Sep-2022,38212.18
Nifty500 Momentum 50,08-Sep-2022,38326.84
Nifty500 Momentum 50,09-Sep-2022,38196.80
Nifty500 Momentum 50,12-Sep-2022,38601.46
Nifty500 Momentum 50,13-Sep-2022,38763.45
Nifty500 Momentum 50,14-Sep-2022,38782.02
Nifty500 Momentum 50,15-Sep-2022,39078.24
Nifty500 Momentum 50,16-Sep-2022,38367.32
Nifty500 Momentum 50,19-Sep-2022,38347.71
Nifty500 Momentum 50,20-Sep-2022,38737.16
Nifty500 Momentum 50,21-Sep-2022,38380.48
Nifty500 Momentum 50,22-Sep-2022,38726.96
Nifty500 Momentum 50,23-Sep-2022,37939.69
Nifty500 Momentum 50,26-Sep-2022,36519.26
Nifty500 Momentum 50,27-Sep-2022,36359.09
Nifty500 Momentum 50,28-Sep-2022,36084.77
Nifty500 Momentum 50,29-Sep-2022,36306.00
Nifty500 Momentum 50,30-Sep-2022,36863.10
Nifty500 Momentum 50,03-Oct-2022,36239.52
Nifty500 Momentum 50,04-Oct-2022,37051.21
Nifty500 Momentum 50,06-Oct-2022,37566.52
Nifty500 Momentum 50,07-Oct-2022,37586.82
Nifty500 Momentum 50,10-Oct-2022,37214.86
Nifty500 Momentum 50,11-Oct-2022,36716.61
Nifty500 Momentum 50,12-Oct-2022,36931.05
Nifty500 Momentum 50,13-Oct-2022,36758.46
Nifty500 Momentum 50,14-Oct-2022,36625.20
Nifty500 Momentum 50,17-Oct-2022,36733.87
Nifty500 Momentum 50,18-Oct-2022,37138.97
Nifty500 Momentum 50,19-Oct-2022,37149.42
Nifty500 Momentum 50,20-Oct-2022,37326.85
Nifty500 Momentum 50,21-Oct-2022,37073.30
Nifty500 Momentum 50,24-Oct-2022,37332.51
Nifty500 Momentum 50,25-Oct-2022,37312.69
Nifty500 Momentum 50,27-Oct-2022,37577.14
Nifty500 Momentum 50,28-Oct-2022,37383.92
Nifty500 Momentum 50,31-Oct-2022,37682.18
Nifty500 Momentum 50,01-Nov-2022,38294.57
Nifty500 Momentum 50,02-Nov-2022,38240.28
Nifty500 Momentum 50,03-Nov-2022,38257.72
Nifty500 Momentum 50,04-Nov-2022,38334.46
Nifty500 Momentum 50,07-Nov-2022,38612.33
Nifty500 Momentum 50,09-Nov-2022,38447.02
Nifty500 Momentum 50,10-Nov-2022,38076.14
Nifty500 Momentum 50,11-Nov-2022,37935.73
Nifty500 Momentum 50,14-Nov-2022,37696.82
Nifty500 Momentum 50,15-Nov-2022,37790.71
Nifty500 Momentum 50,16-Nov-2022,37642.05
Nifty500 Momentum 50,17-Nov-2022,37629.71
Nifty500 Momentum 50,18-Nov-2022,37310.32
Nifty500 Momentum 50,21-Nov-2022,37161.79
Nifty500 Momentum 50,22-Nov-2022,37355.39
Nifty500 Momentum 50,23-Nov-2022,37408.65
Nifty500 Momentum 50,24-Nov-2022,37509.30
Nifty500 Momentum 50,25-Nov-2022,37605.25
Nifty500 Momentum 50,28-Nov-2022,37735.30
Nifty500 Momentum 50,29-Nov-2022,37512.87
Nifty500 Momentum 50,30-Nov-2022,37989.12
Nifty500 Momentum 50,01-Dec-2022,38036.47
Nifty500 Momentum 50,02-Dec-2022,38119.13
Nifty500 Momentum 50,05-Dec-2022,38198.44
Nifty500 Momentum 50,06-Dec-2022,38178.36
Nifty500 Momentum 50,07-Dec-2022,37979.67
Nifty500 Momentum 50,08-Dec-2022,38107.90
Nifty500 Momentum 50,09-Dec-2022,37942.00
Nifty500 Momentum 50,12-Dec-2022,37865.89
Nifty500 Momentum 50,13-Dec-2022,37964.74
Nifty500 Momentum 50,14-Dec-2022,38171.76
Nifty500 Momentum 50,15-Dec-2022,37784.22
Nifty500 Momentum 50,16-Dec-2022,37246.32
Nifty500 Momentum 50,19-Dec-2022,37608.88
Nifty500 Momentum 50,20-Dec-2022,37567.32
Nifty500 Momentum 50,21-Dec-2022,36662.14
Nifty500 Momentum 50,22-Dec-2022,36266.16
Nifty500 Momentum 50,23-Dec-2022,34911.15
Nifty500 Momentum 50,26-Dec-2022,35979.03
Nifty500 Momentum 50,27-Dec-2022,36262.28
Nifty500 Momentum 50,28-Dec-2022,36432.27
Nifty500 Momentum 50,29-Dec-2022,36371.67
Nifty500 Momentum 50,30-Dec-2022,36684.80
Nifty500 Momentum 50,02-Jan-2023,36833.56
Nifty500 Momentum 50,03-Jan-2023,36890.79
Nifty500 Momentum 50,04-Jan-2023,36412.98
Nifty500 Momentum 50,05-Jan-2023,36605.83
Nifty500 Momentum 50,06-Jan-2023,36373.31
Nifty500 Momentum 50,09-Jan-2023,36637.29
Nifty500 Momentum 50,10-Jan-2023,36165.70
Nifty500 Momentum 50,11-Jan-2023,36084.34
Nifty500 Momentum 50,12-Jan-2023,36094.53
Nifty500 Momentum 50,13-Jan-2023,36241.34
Nifty500 Momentum 50,16-Jan-2023,36349.41
Nifty500 Momentum 50,17-Jan-2023,36265.30
Nifty500 Momentum 50,18-Jan-2023,36119.74
Nifty500 Momentum 50,19-Jan-2023,36025.24
Nifty500 Momentum 50,20-Jan-2023,35996.57
Nifty500 Momentum 50,23-Jan-2023,36014.01
Nifty500 Momentum 50,24-Jan-2023,35907.23
Nifty500 Momentum 50,25-Jan-2023,35322.25
Nifty500 Momentum 50,27-Jan-2023,34284.66
Nifty500 Momentum 50,30-Jan-2023,34280.99
Nifty500 Momentum 50,31-Jan-2023,35289.58
Nifty500 Momentum 50,01-Feb-2023,34100.54
Nifty500 Momentum 50,02-Feb-2023,34047.21
Nifty500 Momentum 50,03-Feb-2023,34158.77
Nifty500 Momentum 50,06-Feb-2023,34417.08
Nifty500 Momentum 50,07-Feb-2023,34537.42
Nifty500 Momentum 50,08-Feb-2023,34847.82
Nifty500 Momentum 50,09-Feb-2023,34665.95
Nifty500 Momentum 50,10-Feb-2023,34710.91
Nifty500 Momentum 50,13-Feb-2023,34214.21
Nifty500 Momentum 50,14-Feb-2023,34181.97
Nifty500 Momentum 50,15-Feb-2023,34341.53
Nifty500 Momentum 50,16-Feb-2023,34791.33
Nifty500 Momentum 50,17-Feb-2023,34442.28
Nifty500 Momentum 50,20-Feb-2023,34278.72
Nifty500 Momentum 50,21-Feb-2023,34116.30
Nifty500 Momentum 50,22-Feb-2023,33457.08
Nifty500 Momentum 50,23-Feb-2023,33629.61
Nifty500 Momentum 50,24-Feb-2023,33438.59
Nifty500 Momentum 50,27-Feb-2023,33361.00
Nifty500 Momentum 50,28-Feb-2023,33792.69
Nifty500 Momentum 50,01-Mar-2023,34603.28
Nifty500 Momentum 50,02-Mar-2023,34681.77
Nifty500 Momentum 50,03-Mar-2023,35099.96
Nifty500 Momentum 50,06-Mar-2023,35333.07
Nifty500 Momentum 50,08-Mar-2023,35715.87
Nifty500 Momentum 50,09-Mar-2023,35401.76
Nifty500 Momentum 50,10-Mar-2023,35003.55
Nifty500 Momentum 50,13-Mar-2023,34267.45
Nifty500 Momentum 50,14-Mar-2023,33980.87
Nifty500 Momentum 50,15-Mar-2023,34018.48
Nifty500 Momentum 50,16-Mar-2023,33867.32
Nifty500 Momentum 50,17-Mar-2023,34143.35
Nifty500 Momentum 50,20-Mar-2023,33698.30
Nifty500 Momentum 50,21-Mar-2023,33948.27
Nifty500 Momentum 50,22-Mar-2023,34002.40
Nifty500 Momentum 50,23-Mar-2023,33685.85
Nifty500 Momentum 50,24-Mar-2023,33404.92
Nifty500 Momentum 50,27-Mar-2023,33201.48
Nifty500 Momentum 50,28-Mar-2023,33114.52
Nifty500 Momentum 50,29-Mar-2023,33958.94
Nifty500 Momentum 50,31-Mar-2023,34380.99
Nifty500 Momentum 50,03-Apr-2023,34430.04
Nifty500 Momentum 50,05-Apr-2023,34437.84
Nifty500 Momentum 50,06-Apr-2023,34495.71
Nifty500 Momentum 50,10-Apr-2023,34579.80
Nifty500 Momentum 50,11-Apr-2023,34797.24
Nifty500 Momentum 50,12-Apr-2023,34930.28
Nifty500 Momentum 50,13-Apr-2023,34966.56
Nifty500 Momentum 50,17-Apr-2023,35412.87
Nifty500 Momentum 50,18-Apr-2023,35479.36
Nifty500 Momentum 50,19-Apr-2023,35464.94
Nifty500 Momentum 50,20-Apr-2023,35418.87
Nifty500 Momentum 50,21-Apr-2023,35279.75
Nifty500 Momentum 50,24-Apr-2023,35707.45
Nifty500 Momentum 50,25-Apr-2023,35877.82
Nifty500 Momentum 50,26-Apr-2023,36100.96
Nifty500 Momentum 50,27-Apr-2023,36293.60
Nifty500 Momentum 50,28-Apr-2023,36768.83
Nifty500 Momentum 50,02-May-2023,37109.73
Nifty500 Momentum 50,03-May-2023,37327.31
Nifty500 Momentum 50,04-May-2023,37550.75
Nifty500 Momentum 50,05-May-2023,37311.96
Nifty500 Momentum 50,08-May-2023,37374.77
Nifty500 Momentum 50,09-May-2023,37252.12
Nifty500 Momentum 50,10-May-2023,37349.19
Nifty500 Momentum 50,11-May-2023,37505.06
Nifty500 Momentum 50,12-May-2023,37337.47
Nifty500 Momentum 50,15-May-2023,37496.04
Nifty500 Momentum 50,16-May-2023,37810.67
Nifty500 Momentum 50,17-May-2023,37946.32
Nifty500 Momentum 50,18-May-2023,37635.17
Nifty500 Momentum 50,19-May-2023,37660.02
Nifty500 Momentum 50,22-May-2023,38063.93
Nifty500 Momentum 50,23-May-2023,38113.20
Nifty500 Momentum 50,24-May-2023,38112.41
Nifty500 Momentum 50,25-May-2023,38296.89
Nifty500 Momentum 50,26-May-2023,38735.40
Nifty500 Momentum 50,29-May-2023,38998.98
Nifty500 Momentum 50,30-May-2023,38995.33
Nifty500 Momentum 50,31-May-2023,39190.71
Nifty500 Momentum 50,01-Jun-2023,39206.53
Nifty500 Momentum 50,02-Jun-2023,39437.29
Nifty500 Momentum 50,05-Jun-2023,39817.41
Nifty500 Momentum 50,06-Jun-2023,40083.73
Nifty500 Momentum 50,07-Jun-2023,40393.88
Nifty500 Momentum 50,08-Jun-2023,40009.20
Nifty500 Momentum 50,09-Jun-2023,40203.44
Nifty500 Momentum 50,12-Jun-2023,40324.39
Nifty500 Momentum 50,13-Jun-2023,40502.88
Nifty500 Momentum 50,14-Jun-2023,40578.21
Nifty500 Momentum 50,15-Jun-2023,40724.08
Nifty500 Momentum 50,16-Jun-2023,41468.24
Nifty500 Momentum 50,19-Jun-2023,41387.70
Nifty500 Momentum 50,20-Jun-2023,41539.57
Nifty500 Momentum 50,21-Jun-2023,41520.00
Nifty500 Momentum 50,22-Jun-2023,41032.23
Nifty500 Momentum 50,23-Jun-2023,40399.99
Nifty500 Momentum 50,26-Jun-2023,40727.85
Nifty500 Momentum 50,27-Jun-2023,40720.10
Nifty500 Momentum 50,28-Jun-2023,41082.66
Nifty500 Momentum 50,30-Jun-2023,41346.43
Nifty500 Momentum 50,03-Jul-2023,41522.51
Nifty500 Momentum 50,04-Jul-2023,41325.03
Nifty500 Momentum 50,05-Jul-2023,41603.22
Nifty500 Momentum 50,06-Jul-2023,41776.56
Nifty500 Momentum 50,07-Jul-2023,41695.32
Nifty500 Momentum 50,10-Jul-2023,41424.64
Nifty500 Momentum 50,11-Jul-2023,42073.44
Nifty500 Momentum 50,12-Jul-2023,42363.70
Nifty500 Momentum 50,13-Jul-2023,42010.86
Nifty500 Momentum 50,14-Jul-2023,42370.61
Nifty500 Momentum 50,17-Jul-2023,42463.61
Nifty500 Momentum 50,18-Jul-2023,42440.16
Nifty500 Momentum 50,19-Jul-2023,42864.28
Nifty500 Momentum 50,20-Jul-2023,42728.55
Nifty500 Momentum 50,21-Jul-2023,42437.65
Nifty500 Momentum 50,24-Jul-2023,42929.40
Nifty500 Momentum 50,25-Jul-2023,42797.40
Nifty500 Momentum 50,26-Jul-2023,42986.74
Nifty500 Momentum 50,27-Jul-2023,43002.26
Nifty500 Momentum 50,28-Jul-2023,43394.46
Nifty500 Momentum 50,31-Jul-2023,43798.95
Nifty500 Momentum 50,01-Aug-2023,43488.60
Nifty500 Momentum 50,02-Aug-2023,42984.57
Nifty500 Momentum 50,03-Aug-2023,42891.21
Nifty500 Momentum 50,04-Aug-2023,43077.13
Nifty500 Momentum 50,07-Aug-2023,43296.17
Nifty500 Momentum 50,08-Aug-2023,43262.77
Nifty500 Momentum 50,09-Aug-2023,43270.79
Nifty500 Momentum 50,10-Aug-2023,43039.15
Nifty500 Momentum 50,11-Aug-2023,43072.89
Nifty500 Momentum 50,14-Aug-2023,42967.92
Nifty500 Momentum 50,16-Aug-2023,43028.78
Nifty500 Momentum 50,17-Aug-2023,43262.92
Nifty500 Momentum 50,18-Aug-2023,43201.70
Nifty500 Momentum 50,21-Aug-2023,43594.41
Nifty500 Momentum 50,22-Aug-2023,43954.30
Nifty500 Momentum 50,23-Aug-2023,44261.51
Nifty500 Momentum 50,24-Aug-2023,44222.89
Nifty500 Momentum 50,25-Aug-2023,43888.50
Nifty500 Momentum 50,28-Aug-2023,43986.24
Nifty500 Momentum 50,29-Aug-2023,44103.56
Nifty500 Momentum 50,30-Aug-2023,44504.64
Nifty500 Momentum 50,31-Aug-2023,44818.24
Nifty500 Momentum 50,01-Sep-2023,45101.40
Nifty500 Momentum 50,04-Sep-2023,45551.24
Nifty500 Momentum 50,05-Sep-2023,45947.44
Nifty500 Momentum 50,06-Sep-2023,45797.76
Nifty500 Momentum 50,07-Sep-2023,46088.11
Nifty500 Momentum 50,08-Sep-2023,46716.95
Nifty500 Momentum 50,11-Sep-2023,47253.71
Nifty500 Momentum 50,12-Sep-2023,45680.07
Nifty500 Momentum 50,13-Sep-2023,45633.01
Nifty500 Momentum 50,14-Sep-2023,46180.34
Nifty500 Momentum 50,15-Sep-2023,46294.15
Nifty500 Momentum 50,18-Sep-2023,46174.84
Nifty500 Momentum 50,20-Sep-2023,46138.39
Nifty500 Momentum 50,21-Sep-2023,45642.77
Nifty500 Momentum 50,22-Sep-2023,45758.48
Nifty500 Momentum 50,25-Sep-2023,45933.97
Nifty500 Momentum 50,26-Sep-2023,46161.38
Nifty500 Momentum 50,27-Sep-2023,46633.72
Nifty500 Momentum 50,28-Sep-2023,46121.64
Nifty500 Momentum 50,29-Sep-2023,46450.09
Nifty500 Momentum 50,03-Oct-2023,46548.81
Nifty500 Momentum 50,04-Oct-2023,45704.61
Nifty500 Momentum 50,05-Oct-2023,45750.76
Nifty500 Momentum 50,06-Oct-2023,46008.67
Nifty500 Momentum 50,09-Oct-2023,45418.24
Nifty500 Momentum 50,10-Oct-2023,46076.02
Nifty500 Momentum 50,11-Oct-2023,46180.17
Nifty500 Momentum 50,12-Oct-2023,46321.46
Nifty500 Momentum 50,13-Oct-2023,46266.37
Nifty500 Momentum 50,16-Oct-2023,46364.03
Nifty500 Momentum 50,17-Oct-2023,46570.12
Nifty500 Momentum 50,18-Oct-2023,45998.01
Nifty500 Momentum 50,19-Oct-2023,46099.02
Nifty500 Momentum 50,20-Oct-2023,45682.84
Nifty500 Momentum 50,23-Oct-2023,44536.86
Nifty500 Momentum 50,25-Oct-2023,44043.89
Nifty500 Momentum 50,26-Oct-2023,43643.97
Nifty500 Momentum 50,27-Oct-2023,44583.97
Nifty500 Momentum 50,30-Oct-2023,44504.26
Nifty500 Momentum 50,31-Oct-2023,44584.65
Nifty500 Momentum 50,01-Nov-2023,44435.47
Nifty500 Momentum 50,02-Nov-2023,45257.76
Nifty500 Momentum 50,03-Nov-2023,45600.02
Nifty500 Momentum 50,06-Nov-2023,45729.09
Nifty500 Momentum 50,07-Nov-2023,45976.27
Nifty500 Momentum 50,08-Nov-2023,46512.48
Nifty500 Momentum 50,09-Nov-2023,46674.51
Nifty500 Momentum 50,10-Nov-2023,46959.85
Nifty500 Momentum 50,12-Nov-2023,47363.77
Nifty500 Momentum 50,13-Nov-2023,47436.32
Nifty500 Momentum 50,15-Nov-2023,47908.83
Nifty500 Momentum 50,16-Nov-2023,48302.55
Nifty500 Momentum 50,17-Nov-2023,48406.73
Nifty500 Momentum 50,20-Nov-2023,48895.20
Nifty500 Momentum 50,21-Nov-2023,48577.37
Nifty500 Momentum 50,22-Nov-2023,48772.29
Nifty500 Momentum 50,23-Nov-2023,48808.09
Nifty500 Momentum 50,24-Nov-2023,48776.34
Nifty500 Momentum 50,28-Nov-2023,48916.07
Nifty500 Momentum 50,29-Nov-2023,49287.31
Nifty500 Momentum 50,30-Nov-2023,49880.89
Nifty500 Momentum 50,01-Dec-2023,50714.95
Nifty500 Momentum 50,04-Dec-2023,51568.26
Nifty500 Momentum 50,05-Dec-2023,51737.34
Nifty500 Momentum 50,06-Dec-2023,51901.32
Nifty500 Momentum 50,07-Dec-2023,51780.55
Nifty500 Momentum 50,08-Dec-2023,51976.09
Nifty500 Momentum 50,11-Dec-2023,52711.39
Nifty500 Momentum 50,12-Dec-2023,52508.95
Nifty500 Momentum 50,13-Dec-2023,53352.68
Nifty500 Momentum 50,14-Dec-2023,54025.72
Nifty500 Momentum 50,15-Dec-2023,54100.34
Nifty500 Momentum 50,18-Dec-2023,54364.40
Nifty500 Momentum 50,19-Dec-2023,54235.64
Nifty500 Momentum 50,20-Dec-2023,52781.34
Nifty500 Momentum 50,21-Dec-2023,53614.03
Nifty500 Momentum 50,22-Dec-2023,53867.62
Nifty500 Momentum 50,26-Dec-2023,54182.80
Nifty500 Momentum 50,27-Dec-2023,54174.07
Nifty500 Momentum 50,28-Dec-2023,53978.72
Nifty500 Momentum 50,29-Dec-2023,54187.13
Nifty500 Momentum 50,01-Jan-2024,54484.93
Nifty500 Momentum 50,02-Jan-2024,54428.42
Nifty500 Momentum 50,03-Jan-2024,54601.43
Nifty500 Momentum 50,04-Jan-2024,55301.10
Nifty500 Momentum 50,05-Jan-2024,55618.34
Nifty500 Momentum 50,08-Jan-2024,55548.28
Nifty500 Momentum 50,09-Jan-2024,55548.83
Nifty500 Momentum 50,10-Jan-2024,55782.08
Nifty500 Momentum 50,11-Jan-2024,55779.51
Nifty500 Momentum 50,12-Jan-2024,56188.42
Nifty500 Momentum 50,15-Jan-2024,57104.30
Nifty500 Momentum 50,16-Jan-2024,56922.70
Nifty500 Momentum 50,17-Jan-2024,56757.60
Nifty500 Momentum 50,18-Jan-2024,56919.79
Nifty500 Momentum 50,19-Jan-2024,58246.25
Nifty500 Momentum 50,20-Jan-2024,58657.22
Nifty500 Momentum 50,23-Jan-2024,56527.25
Nifty500 Momentum 50,24-Jan-2024,58029.01
Nifty500 Momentum 50,25-Jan-2024,58234.21
Nifty500 Momentum 50,29-Jan-2024,59223.15
Nifty500 Momentum 50,30-Jan-2024,59294.16
Nifty500 Momentum 50,31-Jan-2024,60317.85
Nifty500 Momentum 50,01-Feb-2024,60171.08
Nifty500 Momentum 50,02-Feb-2024,60810.29
Nifty500 Momentum 50,05-Feb-2024,60800.52
Nifty500 Momentum 50,06-Feb-2024,61007.04
Nifty500 Momentum 50,07-Feb-2024,61931.83
Nifty500 Momentum 50,08-Feb-2024,62643.57
Nifty500 Momentum 50,09-Feb-2024,61085.76
Nifty500 Momentum 50,12-Feb-2024,58502.74
Nifty500 Momentum 50,13-Feb-2024,58922.93
Nifty500 Momentum 50,14-Feb-2024,59788.39
Nifty500 Momentum 50,15-Feb-2024,60710.09
Nifty500 Momentum 50,16-Feb-2024,60954.77
Nifty500 Momentum 50,19-Feb-2024,61112.10
Nifty500 Momentum 50,20-Feb-2024,60780.59
Nifty500 Momentum 50,21-Feb-2024,59886.32
Nifty500 Momentum 50,22-Feb-2024,60370.76
Nifty500 Momentum 50,23-Feb-2024,60627.70
Nifty500 Momentum 50,26-Feb-2024,60257.02
Nifty500 Momentum 50,27-Feb-2024,60460.66
Nifty500 Momentum 50,28-Feb-2024,59473.53
Nifty500 Momentum 50,29-Feb-2024,59759.59
Nifty500 Momentum 50,01-Mar-2024,60292.60
Nifty500 Momentum 50,02-Mar-2024,60791.48
Nifty500 Momentum 50,04-Mar-2024,60989.28
Nifty500 Momentum 50,05-Mar-2024,60594.69
Nifty500 Momentum 50,06-Mar-2024,59859.26
Nifty500 Momentum 50,07-Mar-2024,60396.52
Nifty500 Momentum 50,11-Mar-2024,59976.50
Nifty500 Momentum 50,12-Mar-2024,58758.02
Nifty500 Momentum 50,13-Mar-2024,55526.80
Nifty500 Momentum 50,14-Mar-2024,57574.33
Nifty500 Momentum 50,15-Mar-2024,57252.98
Nifty500 Momentum 50,18-Mar-2024,56738.58
Nifty500 Momentum 50,19-Mar-2024,55844.85
Nifty500 Momentum 50,20-Mar-2024,55829.08
Nifty500 Momentum 50,21-Mar-2024,57660.86
Nifty500 Momentum 50,22-Mar-2024,58265.88
Nifty500 Momentum 50,26-Mar-2024,59025.80
Nifty500 Momentum 50,27-Mar-2024,59474.53
Nifty500 Momentum 50,28-Mar-2024,59950.29
Nifty500 Momentum 50,01-Apr-2024,61493.05
Nifty500 Momentum 50,02-Apr-2024,62127.71
Nifty500 Momentum 50,03-Apr-2024,63026.04
Nifty500 Momentum 50,04-Apr-2024,63007.25
Nifty500 Momentum 50,05-Apr-2024,63273.90
Nifty500 Momentum 50,08-Apr-2024,62865.71
Nifty500 Momentum 50,09-Apr-2024,62385.84
Nifty500 Momentum 50,10-Apr-2024,62855.52
Nifty500 Momentum 50,12-Apr-2024,62646.72
Nifty500 Momentum 50,15-Apr-2024,61466.60
Nifty500 Momentum 50,16-Apr-2024,61755.74
Nifty500 Momentum 50,18-Apr-2024,61746.11
Nifty500 Momentum 50,19-Apr-2024,61439.14
Nifty500 Momentum 50,22-Apr-2024,62362.96
Nifty500 Momentum 50,23-Apr-2024,63405.01
Nifty500 Momentum 50,24-Apr-2024,63975.88
Nifty500 Momentum 50,25-Apr-2024,64869.38
Nifty500 Momentum 50,26-Apr-2024,65488.14
Nifty500 Momentum 50,29-Apr-2024,65612.56
Nifty500 Momentum 50,30-Apr-2024,66038.29
Nifty500 Momentum 50,02-May-2024,66965.01
Nifty500 Momentum 50,03-May-2024,66953.51
Nifty500 Momentum 50,06-May-2024,65888.46
Nifty500 Momentum 50,07-May-2024,64375.35
Nifty500 Momentum 50,08-May-2024,65180.52
Nifty500 Momentum 50,09-May-2024,63557.64
Nifty500 Momentum 50,10-May-2024,63922.15
Nifty500 Momentum 50,13-May-2024,63922.75
Nifty500 Momentum 50,14-May-2024,65337.61
Nifty500 Momentum 50,15-May-2024,66327.45
Nifty500 Momentum 50,16-May-2024,67295.89
Nifty500 Momentum 50,17-May-2024,68333.49
Nifty500 Momentum 50,18-May-2024,69116.69
Nifty500 Momentum 50,21-May-2024,69686.36
Nifty500 Momentum 50,22-May-2024,69428.04
Nifty500 Momentum 50,23-May-2024,70227.85
Nifty500 Momentum 50,24-May-2024,70451.92
Nifty500 Momentum 50,27-May-2024,70719.40
Nifty500 Momentum 50,28-May-2024,69823.23
Nifty500 Momentum 50,29-May-2024,69769.99
Nifty500 Momentum 50,30-May-2024,68774.55
Nifty500 Momentum 50,31-May-2024,69058.57
Nifty500 Momentum 50,03-Jun-2024,71821.63
Nifty500 Momentum 50,04-Jun-2024,64048.34
Nifty500 Momentum 50,05-Jun-2024,66376.32
Nifty500 Momentum 50,06-Jun-2024,68699.80
Nifty500 Momentum 50,07-Jun-2024,69948.05
Nifty500 Momentum 50,10-Jun-2024,70405.58
Nifty500 Momentum 50,11-Jun-2024,71100.35
Nifty500 Momentum 50,12-Jun-2024,71562.83
Nifty500 Momentum 50,13-Jun-2024,72282.39
Nifty500 Momentum 50,14-Jun-2024,73177.92
Nifty500 Momentum 50,18-Jun-2024,74169.86
Nifty500 Momentum 50,19-Jun-2024,73131.90
Nifty500 Momentum 50,20-Jun-2024,73239.67
Nifty500 Momentum 50,21-Jun-2024,73301.63
Nifty500 Momentum 50,24-Jun-2024,73678.33
Nifty500 Momentum 50,25-Jun-2024,73357.90
Nifty500 Momentum 50,26-Jun-2024,73081.14
Nifty500 Momentum 50,27-Jun-2024,72921.58
Nifty500 Momentum 50,28-Jun-2024,73055.80
Nifty500 Momentum 50,01-Jul-2024,73576.91
Nifty500 Momentum 50,02-Jul-2024,73334.02
Nifty500 Momentum 50,03-Jul-2024,74636.44
Nifty500 Momentum 50,04-Jul-2024,75627.18
Nifty500 Momentum 50,05-Jul-2024,76539.26
Nifty500 Momentum 50,08-Jul-2024,76851.51
Nifty500 Momentum 50,09-Jul-2024,76977.49
Nifty500 Momentum 50,10-Jul-2024,76842.86
Nifty500 Momentum 50,11-Jul-2024,77377.88
Nifty500 Momentum 50,12-Jul-2024,76942.54
Nifty500 Momentum 50,15-Jul-2024,77248.10
Nifty500 Momentum 50,16-Jul-2024,76726.60
Nifty500 Momentum 50,18-Jul-2024,74796.66
Nifty500 Momentum 50,19-Jul-2024,72812.81
Nifty500 Momentum 50,22-Jul-2024,73780.41
Nifty500 Momentum 50,23-Jul-2024,72789.13
Nifty500 Momentum 50,24-Jul-2024,73093.90
Nifty500 Momentum 50,25-Jul-2024,73073.52
Nifty500 Momentum 50,26-Jul-2024,74449.34
Nifty500 Momentum 50,29-Jul-2024,76098.76
Nifty500 Momentum 50,30-Jul-2024,76223.69
Nifty500 Momentum 50,31-Jul-2024,76748.55
Nifty500 Momentum 50,01-Aug-2024,76024.62
Nifty500 Momentum 50,02-Aug-2024,74752.75
Nifty500 Momentum 50,05-Aug-2024,71460.41
Nifty500 Momentum 50,06-Aug-2024,70522.09
Nifty500 Momentum 50,07-Aug-2024,72884.81
Nifty500 Momentum 50,08-Aug-2024,72596.04
Nifty500 Momentum 50,09-Aug-2024,73969.60
Nifty500 Momentum 50,12-Aug-2024,74048.62
Nifty500 Momentum 50,13-Aug-2024,73311.56
Nifty500 Momentum 50,14-Aug-2024,72999.75
Nifty500 Momentum 50,16-Aug-2024,74518.19
Nifty500 Momentum 50,19-Aug-2024,74724.50
Nifty500 Momentum 50,20-Aug-2024,74912.31
Nifty500 Momentum 50,21-Aug-2024,75059.21
Nifty500 Momentum 50,22-Aug-2024,75171.70
Nifty500 Momentum 50,23-Aug-2024,75373.10
Nifty500 Momentum 50,26-Aug-2024,75392.12
Nifty500 Momentum 50,27-Aug-2024,75542.81
Nifty500 Momentum 50,28-Aug-2024,75864.15
Nifty500 Momentum 50,29-Aug-2024,75599.54
Nifty500 Momentum 50,30-Aug-2024,75973.61
Nifty500 Momentum 50,02-Sep-2024,75682.87
Nifty500 Momentum 50,03-Sep-2024,75853.64
Nifty500 Momentum 50,04-Sep-2024,75540.94
Nifty500 Momentum 50,05-Sep-2024,75050.24
Nifty500 Momentum 50,06-Sep-2024,73816.56
Nifty500 Momentum 50,09-Sep-2024,73253.58
Nifty500 Momentum 50,10-Sep-2024,73870.34
Nifty500 Momentum 50,11-Sep-2024,73611.99
Nifty500 Momentum 50,12-Sep-2024,74720.56
Nifty500 Momentum 50,13-Sep-2024,74883.18
Nifty500 Momentum 50,16-Sep-2024,75573.29
Nifty500 Momentum 50,17-Sep-2024,75263.31
Nifty500 Momentum 50,18-Sep-2024,75192.93
Nifty500 Momentum 50,19-Sep-2024,74015.27
Nifty500 Momentum 50,20-Sep-2024,75738.63
Nifty500 Momentum 50,23-Sep-2024,76726.31
Nifty500 Momentum 50,24-Sep-2024,77212.78
Nifty500 Momentum 50,25-Sep-2024,76776.01
Nifty500 Momentum 50,26-Sep-2024,77040.87
Nifty500 Momentum 50,27-Sep-2024,77700.90
Nifty500 Momentum 50,30-Sep-2024,76905.52
Nifty500 Momentum 50,01-Oct-2024,77215.02
Nifty500 Momentum 50,03-Oct-2024,75268.12
Nifty500 Momentum 50,04-Oct-2024,74736.44
Nifty500 Momentum 50,07-Oct-2024,72647.00
Nifty500 Momentum 50,08-Oct-2024,75677.65
Nifty500 Momentum 50,09-Oct-2024,76555.65
Nifty500 Momentum 50,10-Oct-2024,76936.30
Nifty500 Momentum 50,11-Oct-2024,77069.55
Nifty500 Momentum 50,14-Oct-2024,77385.46
Nifty500 Momentum 50,15-Oct-2024,77523.03
Nifty500 Momentum 50,16-Oct-2024,76990.31
Nifty500 Momentum 50,17-Oct-2024,74973.30
Nifty500 Momentum 50,18-Oct-2024,75331.24
Nifty500 Momentum 50,21-Oct-2024,74214.98
Nifty500 Momentum 50,22-Oct-2024,71701.70
Nifty500 Momentum 50,23-Oct-2024,71380.77
Nifty500 Momentum 50,24-Oct-2024,71511.88
Nifty500 Momentum 50,25-Oct-2024,69738.05
Nifty500 Momentum 50,28-Oct-2024,70427.49
Nifty500 Momentum 50,29-Oct-2024,71429.87
Nifty500 Momentum 50,30-Oct-2024,71376.42
Nifty500 Momentum 50,31-Oct-2024,71243.30
Nifty500 Momentum 50,01-Nov-2024,71928.37
Nifty500 Momentum 50,04-Nov-2024,70879.17
Nifty500 Momentum 50,05-Nov-2024,71273.11
Nifty500 Momentum 50,06-Nov-2024,73189.66
Nifty500 Momentum 50,07-Nov-2024,72343.97
Nifty500 Momentum 50,08-Nov-2024,71306.35
Nifty500 Momentum 50,11-Nov-2024,71245.08
Nifty500 Momentum 50,12-Nov-2024,69711.86
Nifty500 Momentum 50,13-Nov-2024,67612.69
Nifty500 Momentum 50,14-Nov-2024,67714.88
Nifty500 Momentum 50,18-Nov-2024,67681.26
Nifty500 Momentum 50,19-Nov-2024,68592.56
Nifty500 Momentum 50,21-Nov-2024,67400.27
Nifty500 Momentum 50,22-Nov-2024,68528.52
Nifty500 Momentum 50,25-Nov-2024,70084.01
Nifty500 Momentum 50,26-Nov-2024,69635.05
Nifty500 Momentum 50,27-Nov-2024,70996.39
Nifty500 Momentum 50,28-Nov-2024,71101.09
Nifty500 Momentum 50,29-Nov-2024,71330.05
Nifty500 Momentum 50,02-Dec-2024,71843.24
Nifty500 Momentum 50,03-Dec-2024,72710.20
Nifty500 Momentum 50,04-Dec-2024,73001.22
Nifty500 Momentum 50,05-Dec-2024,73537.21
Nifty500 Momentum 50,06-Dec-2024,74124.72
Nifty500 Momentum 50,09-Dec-2024,74400.82
Nifty500 Momentum 50,10-Dec-2024,74196.27
Nifty500 Momentum 50,11-Dec-2024,74658.07
Nifty500 Momentum 50,12-Dec-2024,74410.43
Nifty500 Momentum 50,13-Dec-2024,74287.98
Nifty500 Momentum 50,16-Dec-2024,74810.03
Nifty500 Momentum 50,17-Dec-2024,74158.18
Nifty500 Momentum 50,18-Dec-2024,73304.49
Nifty500 Momentum 50,19-Dec-2024,72572.70
Nifty500 Momentum 50,20-Dec-2024,70116.51
Nifty500 Momentum 50,23-Dec-2024,70278.79
Nifty500 Momentum 50,24-Dec-2024,70068.98
Nifty500 Momentum 50,26-Dec-2024,70594.61
Nifty500 Momentum 50,27-Dec-2024,70174.18
Nifty500 Momentum 50,30-Dec-2024,69012.22
Nifty500 Momentum 50,31-Dec-2024,68927.66
Nifty500 Momentum 50,01-Jan-2025,69249.22
Nifty500 Momentum 50,02-Jan-2025,70335.80
Nifty500 Momentum 50,03-Jan-2025,69925.34
Nifty500 Momentum 50,06-Jan-2025,68045.54
Nifty500 Momentum 50,07-Jan-2025,68137.98
Nifty500 Momentum 50,08-Jan-2025,66833.98
Nifty500 Momentum 50,09-Jan-2025,65777.50
Nifty500 Momentum 50,10-Jan-2025,64839.21
Nifty500 Momentum 50,13-Jan-2025,61872.62
Nifty500 Momentum 50,14-Jan-2025,62784.42
Nifty500 Momentum 50,15-Jan-2025,63393.02
Nifty500 Momentum 50,16-Jan-2025,63634.29
Nifty500 Momentum 50,17-Jan-2025,63437.82
Nifty500 Momentum 50,20-Jan-2025,63647.77
Nifty500 Momentum 50,21-Jan-2025,60929.93
Nifty500 Momentum 50,22-Jan-2025,60252.16
Nifty500 Momentum 50,23-Jan-2025,61942.53
Nifty500 Momentum 50,24-Jan-2025,61109.96
Nifty500 Momentum 50,27-Jan-2025,58935.56
Nifty500 Momentum 50,28-Jan-2025,57783.94
Nifty500 Momentum 50,29-Jan-2025,59861.21
Nifty500 Momentum 50,30-Jan-2025,59240.87
Nifty500 Momentum 50,31-Jan-2025,59947.00
Nifty500 Momentum 50,01-Feb-2025,60565.84
Nifty500 Momentum 50,03-Feb-2025,60407.00
Nifty500 Momentum 50,04-Feb-2025,61156.40
Nifty500 Momentum 50,05-Feb-2025,61991.63
Nifty500 Momentum 50,06-Feb-2025,61211.89
Nifty500 Momentum 50,07-Feb-2025,61742.66
Nifty500 Momentum 50,10-Feb-2025,60310.28
Nifty500 Momentum 50,11-Feb-2025,58513.23
Nifty500 Momentum 50,12-Feb-2025,58322.73
Nifty500 Momentum 50,13-Feb-2025,58310.53
Nifty500 Momentum 50,14-Feb-2025,56668.31
Nifty500 Momentum 50,17-Feb-2025,56606.42
Nifty500 Momentum 50,18-Feb-2025,56517.89
Nifty500 Momentum 50,19-Feb-2025,57470.67
Nifty500 Momentum 50,20-Feb-2025,58218.71
Nifty500 Momentum 50,21-Feb-2025,57248.75
Nifty500 Momentum 50,24-Feb-2025,56581.19
Nifty500 Momentum 50,25-Feb-2025,56438.99
Nifty500 Momentum 50,27-Feb-2025,55600.50
Nifty500 Momentum 50,28-Feb-2025,54119.42
Nifty500 Momentum 50,03-Mar-2025,54140.20
Nifty500 Momentum 50,04-Mar-2025,54217.44
Nifty500 Momentum 50,05-Mar-2025,55568.73
Nifty500 Momentum 50,06-Mar-2025,55535.72
Nifty500 Momentum 50,07-Mar-2025,55220.46
Nifty500 Momentum 50,10-Mar-2025,54108.05
Nifty500 Momentum 50,11-Mar-2025,54234.50
Nifty500 Momentum 50,12-Mar-2025,54012.44
Nifty500 Momentum 50,13-Mar-2025,53675.39
Nifty500 Momentum 50,17-Mar-2025,54137.32
Nifty500 Momentum 50,18-Mar-2025,55701.50
Nifty500 Momentum 50,19-Mar-2025,56514.47
Nifty500 Momentum 50,20-Mar-2025,56984.44
Nifty500 Momentum 50,21-Mar-2025,57598.68
Nifty500 Momentum 50,24-Mar-2025,58217.27
Nifty500 Momentum 50,25-Mar-2025,57430.29
Nifty500 Momentum 50,26-Mar-2025,56907.77
Nifty500 Momentum 50,27-Mar-2025,57586.25
Nifty500 Momentum 50,28-Mar-2025,57543.02
Nifty500 Momentum 50,01-Apr-2025,56541.83
Nifty500 Momentum 50,02-Apr-2025,57728.26
Nifty500 Momentum 50,03-Apr-2025,57215.76
Nifty500 Momentum 50,04-Apr-2025,55142.30
Nifty500 Momentum 50,07-Apr-2025,53115.88
Nifty500 Momentum 50,08-Apr-2025,54523.89
Nifty500 Momentum 50,09-Apr-2025,53665.70
Nifty500 Momentum 50,11-Apr-2025,55273.65
Nifty500 Momentum 50,15-Apr-2025,57098.68
Nifty500 Momentum 50,16-Apr-2025,57313.52
Nifty500 Momentum 50,17-Apr-2025,57766.49
Nifty500 Momentum 50,21-Apr-2025,59252.65
Nifty500 Momentum 50,22-Apr-2025,59904.40
Nifty500 Momentum 50,23-Apr-2025,60715.45
Nifty500 Momentum 50,24-Apr-2025,60731.03
Nifty500 Momentum 50,25-Apr-2025,59431.04
Nifty500 Momentum 50,28-Apr-2025,60123.64
Nifty500 Momentum 50,29-Apr-2025,60519.44
Nifty500 Momentum 50,30-Apr-2025,60016.13
Nifty500 Momentum 50,02-May-2025,59913.76
Nifty500 Momentum 50,05-May-2025,60874.96
Nifty500 Momentum 50,06-May-2025,59688.71
Nifty500 Momentum 50,07-May-2025,60418.64
Nifty500 Momentum 50,08-May-2025,59491.21
Nifty500 Momentum 50,09-May-2025,59034.21
Nifty500 Momentum 50,12-May-2025,61694.83
Nifty500 Momentum 50,13-May-2025,61734.54
Nifty500 Momentum 50,14-May-2025,62491.98
Nifty500 Momentum 50,15-May-2025,62908.63
Nifty500 Momentum 50,16-May-2025,63287.15
Nifty500 Momentum 50,19-May-2025,63211.44
Nifty500 Momentum 50,20-May-2025,62260.89
Nifty500 Momentum 50,21-May-2025,62694.68
Nifty500 Momentum 50,22-May-2025,62352.37
Nifty500 Momentum 50,23-May-2025,62794.25
Nifty500 Momentum 50,26-May-2025,63088.34
Nifty500 Momentum 50,27-May-2025,62871.15
Nifty500 Momentum 50,28-May-2025,62703.19
Nifty500 Momentum 50,29-May-2025,63283.75
Nifty500 Momentum 50,30-May-2025,63277.33
Nifty500 Momentum 50,02-Jun-2025,63333.77
Nifty500 Momentum 50,03-Jun-2025,63409.78
Nifty500 Momentum 50,04-Jun-2025,64049.51
Nifty500 Momentum 50,05-Jun-2025,64926.62
Nifty500 Momentum 50,06-Jun-2025,65445.66
Nifty500 Momentum 50,09-Jun-2025,66031.74
Nifty500 Momentum 50,10-Jun-2025,66246.72
Nifty500 Momentum 50,11-Jun-2025,65808.49
Nifty500 Momentum 50,12-Jun-2025,64792.89
Nifty500 Momentum 50,13-Jun-2025,64589.20
Nifty500 Momentum 50,16-Jun-2025,65308.75
Nifty500 Momentum 50,17-Jun-2025,65077.26
Nifty500 Momentum 50,18-Jun-2025,65015.96
Nifty500 Momentum 50,19-Jun-2025,64336.23
Nifty500 Momentum 50,20-Jun-2025,65376.48
Nifty500 Momentum 50,23-Jun-2025,65642.39
Nifty500 Momentum 50,24-Jun-2025,65881.88
Nifty500 Momentum 50,25-Jun-2025,66522.91
Nifty500 Momentum 50,26-Jun-2025,66658.96
Nifty500 Momentum 50,27-Jun-2025,66486.55
Nifty500 Momentum 50,30-Jun-2025,66755.07
Nifty500 Momentum 50,01-Jul-2025,66476.63
Nifty500 Momentum 50,02-Jul-2025,65994.37
Nifty500 Momentum 50,03-Jul-2025,65676.41
Nifty500 Momentum 50,04-Jul-2025,65529.42
Nifty500 Momentum 50,07-Jul-2025,65317.14
Nifty500 Momentum 50,08-Jul-2025,65143.81
Nifty500 Momentum 50,09-Jul-2025,65361.52
Nifty500 Momentum 50,10-Jul-2025,64906.35
Nifty500 Momentum 50,11-Jul-2025,64237.48
Nifty500 Momentum 50,14-Jul-2025,64477.46
Nifty500 Momentum 50,15-Jul-2025,64814.60
Nifty500 Momentum 50,16-Jul-2025,64791.60
Nifty500 Momentum 50,17-Jul-2025,64405.99
Nifty500 Momentum 50,18-Jul-2025,64003.11
Nifty500 Momentum 50,21-Jul-2025,64429.50
Nifty500 Momentum 50,22-Jul-2025,64575.60
Nifty500 Momentum 50,23-Jul-2025,64784.13
Nifty500 Momentum 50,24-Jul-2025,64191.84
Nifty500 Momentum 50,25-Jul-2025,63404.54
Nifty500 Momentum 50,28-Jul-2025,62593.94
Nifty500 Momentum 50,29-Jul-2025,62904.67
Nifty500 Momentum 50,30-Jul-2025,62929.51
Nifty500 Momentum 50,31-Jul-2025,62721.83
Nifty500 Momentum 50,01-Aug-2025,61803.37
Nifty500 Momentum 50,04-Aug-2025,62513.60
Nifty500 Momentum 50,05-Aug-2025,62548.70
Nifty500 Momentum 50,06-Aug-2025,61973.07
Nifty500 Momentum 50,07-Aug-2025,62058.54
Nifty500 Momentum 50,08-Aug-2025,61111.66
Nifty500 Momentum 50,11-Aug-2025,61688.49
Nifty500 Momentum 50,12-Aug-2025,61394.35
Nifty500 Momentum 50,13-Aug-2025,62026.42
Nifty500 Momentum 50,14-Aug-2025,62074.25
Nifty500 Momentum 50,18-Aug-2025,62925.86
Nifty500 Momentum 50,19-Aug-2025,62970.32
Nifty500 Momentum 50,20-Aug-2025,63200.12
Nifty500 Momentum 50,21-Aug-2025,63116.81
Nifty500 Momentum 50,22-Aug-2025,62963.89
Nifty500 Momentum 50,25-Aug-2025,62958.75
Nifty500 Momentum 50,26-Aug-2025,61802.85
Nifty500 Momentum 50,28-Aug-2025,60937.46
Nifty500 Momentum 50,29-Aug-2025,60637.14
Nifty500 Momentum 50,01-Sep-2025,61576.65
Nifty500 Momentum 50,02-Sep-2025,61549.77
Nifty500 Momentum 50,03-Sep-2025,61952.67
Nifty500 Momentum 50,04-Sep-2025,61581.46
Nifty500 Momentum 50,05-Sep-2025,61590.25
Nifty500 Momentum 50,08-Sep-2025,61521.51
Nifty500 Momentum 50,09-Sep-2025,61867.94
Nifty500 Momentum 50,10-Sep-2025,62592.95
Nifty500 Momentum 50,11-Sep-2025,62328.70
Nifty500 Momentum 50,12-Sep-2025,62854.42
Nifty500 Momentum 50,15-Sep-2025,63030.71
Nifty500 Momentum 50,16-Sep-2025,63376.60
Nifty500 Momentum 50,17-Sep-2025,63499.49
Nifty500 Momentum 50,18-Sep-2025,63611.02
Nifty500 Momentum 50,19-Sep-2025,63399.74
Nifty500 Momentum 50,22-Sep-2025,63359.85
Nifty500 Momentum 50,23-Sep-2025,63087.19
Nifty500 Momentum 50,24-Sep-2025,62671.55
Nifty500 Momentum 50,25-Sep-2025,62188.80
Nifty500 Momentum 50,26-Sep-2025,61056.74
Nifty500 Momentum 50,29-Sep-2025,61252.42
Nifty500 Momentum 50,30-Sep-2025,61095.66
Nifty500 Momentum 50,01-Oct-2025,61750.55
Nifty500 Momentum 50,03-Oct-2025,62091.93
Nifty500 Momentum 50,06-Oct-2025,63110.02
Nifty500 Momentum 50,07-Oct-2025,63171.90
Nifty500 Momentum 50,08-Oct-2025,63014.88
Nifty500 Momentum 50,09-Oct-2025,63683.32
Nifty500 Momentum 50,10-Oct-2025,63887.66
Nifty500 Momentum 50,13-Oct-2025,64208.62
Nifty500 Momentum 50,14-Oct-2025,63955.35
Nifty500 Momentum 50,15-Oct-2025,64914.01
Nifty500 Momentum 50,16-Oct-2025,65028.97
Nifty500 Momentum 50,17-Oct-2025,65080.97
Nifty500 Momentum 50,20-Oct-2025,65438.91
Nifty500 Momentum 50,21-Oct-2025,65517.95
Nifty500 Momentum 50,23-Oct-2025,65200.13
Nifty500 Momentum 50,24-Oct-2025,64918.33
Nifty500 Momentum 50,27-Oct-2025,65226.42
Nifty500 Momentum 50,28-Oct-2025,65003.18
Nifty500 Momentum 50,29-Oct-2025,65279.99
Nifty500 Momentum 50,30-Oct-2025,65018.51
Nifty500 Momentum 50,31-Oct-2025,64608.26
Nifty500 Momentum 50,03-Nov-2025,65081.12
Nifty500 Momentum 50,04-Nov-2025,64923.09
Nifty500 Momentum 50,06-Nov-2025,64549.45
Nifty500 Momentum 50,07-Nov-2025,65040.96
Nifty500 Momentum 50,10-Nov-2025,65215.33
Nifty500 Momentum 50,11-Nov-2025,65079.82
Nifty500 Momentum 50,12-Nov-2025,65633.37
Nifty500 Momentum 50,13-Nov-2025,65501.47
Nifty500 Momentum 50,14-Nov-2025,65735.38
Nifty500 Momentum 50,17-Nov-2025,66029.01
Nifty500 Momentum 50,18-Nov-2025,65445.56
Nifty500 Momentum 50,19-Nov-2025,65804.37
Nifty500 Momentum 50,20-Nov-2025,66302.57
Nifty500 Momentum 50,21-Nov-2025,65518.85
Nifty500 Momentum 50,24-Nov-2025,65079.80
Nifty500 Momentum 50,25-Nov-2025,65211.45
Nifty500 Momentum 50,26-Nov-2025,66298.17
Nifty500 Momentum 50,27-Nov-2025,66367.21
Nifty500 Momentum 50,28-Nov-2025,66185.66
Nifty500 Momentum 50,01-Dec-2025,65990.10
Nifty500 Momentum 50,02-Dec-2025,65689.70
Nifty500 Momentum 50,03-Dec-2025,64939.38
Nifty500 Momentum 50,04-Dec-2025,64891.87
Nifty500 Momentum 50,05-Dec-2025,65262.24
Nifty500 Momentum 50,08-Dec-2025,64009.40
Nifty500 Momentum 50,09-Dec-2025,64117.30
Nifty500 Momentum 50,10-Dec-2025,63468.49
Nifty500 Momentum 50,11-Dec-2025,63889.17
Nifty500 Momentum 50,12-Dec-2025,64429.64
Nifty500 Momentum 50,15-Dec-2025,64292.84
Nifty500 Momentum 50,16-Dec-2025,63788.03
Nifty500 Momentum 50,17-Dec-2025,63228.04
Nifty500 Momentum 50,18-Dec-2025,63508.52
Nifty500 Momentum 50,19-Dec-2025,64224.33
Nifty500 Momentum 50,22-Dec-2025,64692.61
Nifty500 Momentum 50,23-Dec-2025,64752.72
Nifty500 Momentum 50,24-Dec-2025,64555.52
Nifty500 Momentum 50,26-Dec-2025,64192.21
Nifty500 Momentum 50,29-Dec-2025,63880.13
Nifty500 Momentum 50,30-Dec-2025,63131.54
Nifty500 Momentum 50,31-Dec-2025,63683.49
Nifty500 Momentum 50,01-Jan-2026,63972.84
Nifty500 Momentum 50,02-Jan-2026,64443.98
Nifty500 Momentum 50,05-Jan-2026,64546.12
Nifty500 Momentum 50,06-Jan-2026,64622.61
Nifty500 Momentum 50,07-Jan-2026,64429.35
Nifty500 Momentum 50,08-Jan-2026,63425.90
Nifty500 Momentum 50,09-Jan-2026,62674.68
Nifty500 Momentum 50,12-Jan-2026,62672.52
Nifty500 Momentum 50,13-Jan-2026,62709.90
Nifty500 Momentum 50,14-Jan-2026,62866.90
Nifty500 Momentum 50,16-Jan-2026,62923.68
Nifty500 Momentum 50,19-Jan-2026,63131.35
Nifty500 Momentum 50,20-Jan-2026,61626.65
Nifty500 Momentum 50,21-Jan-2026,61214.69
Nifty500 Momentum 50,22-Jan-2026,61768.16
Nifty500 Momentum 50,23-Jan-2026,60902.80
Nifty500 Momentum 50,27-Jan-2026,61059.57
Nifty500 Momentum 50,28-Jan-2026,61734.57
Nifty500 Momentum 50,29-Jan-2026,61763.90
Nifty500 Momentum 50,30-Jan-2026,61360.94
Nifty500 Momentum 50,01-Feb-2026,59470.98
Nifty500 Momentum 50,02-Feb-2026,60193.67
Nifty500 Momentum 50,03-Feb-2026,62053.77
Nifty500 Momentum 50,04-Feb-2026,62679.21
Nifty500 Momentum 50,05-Feb-2026,62284.26
Nifty500 Momentum 50,06-Feb-2026,62606.34
Nifty500 Momentum 50,09-Feb-2026,63575.01
Nifty500 Momentum 50,10-Feb-2026,63610.13
Nifty500 Momentum 50,11-Feb-2026,64030.73
Nifty500 Momentum 50,12-Feb-2026,64390.15
Nifty500 Momentum 50,13-Feb-2026,63299.36
Nifty500 Momentum 50,16-Feb-2026,63377.45
Nifty500 Momentum 50,17-Feb-2026,63581.86
Nifty500 Momentum 50,18-Feb-2026,64055.36
Nifty500 Momentum 50,19-Feb-2026,63090.44
Nifty500 Momentum 50,20-Feb-2026,63566.88
Nifty500 Momentum 50,23-Feb-2026,63703.28
Nifty500 Momentum 50,24-Feb-2026,63528.94
Nifty500 Momentum 50,25-Feb-2026,64223.73
Nifty500 Momentum 50,26-Feb-2026,64514.45
Nifty500 Momentum 50,27-Feb-2026,63312.61
Nifty500 Momentum 50,02-Mar-2026,62269.80
Nifty500 Momentum 50,04-Mar-2026,60838.64
Nifty500 Momentum 50,05-Mar-2026,62050.58
Nifty500 Momentum 50,06-Mar-2026,61337.83
Nifty500 Momentum 50,09-Mar-2026,59953.31
Nifty500 Momentum 50,10-Mar-2026,61400.31
Nifty500 Momentum 50,11-Mar-2026,60092.69
Nifty500 Momentum 50,12-Mar-2026,59324.47
Nifty500 Momentum 50,13-Mar-2026,57762.16
Nifty500 Momentum 50,16-Mar-2026,58131.39
Nifty500 Momentum 50,17-Mar-2026,58970.96
Nifty500 Momentum 50,18-Mar-2026,59851.68
Nifty500 Momentum 50,19-Mar-2026,57638.52
Nifty500 Momentum 50,20-Mar-2026,57750.98
Nifty500 Momentum 50,23-Mar-2026,55565.22
Nifty500 Momentum 50,24-Mar-2026,57107.96
Nifty500 Momentum 50,25-Mar-2026,58717.93
Nifty500 Momentum 50,27-Mar-2026,57195.64
Nifty500 Momentum 50,30-Mar-2026,55615.61
Nifty500 Momentum 50,01-Apr-2026,57128.63
Nifty500 Momentum 50,02-Apr-2026,56801.40
Nifty500 Momentum 50,06-Apr-2026,57898.50
Nifty500 Momentum 50,07-Apr-2026,57907.38
Nifty500 Momentum 50,08-Apr-2026,61051.58
Nifty500 Momentum 50,09-Apr-2026,61062.75
Nifty500 Momentum 50,10-Apr-2026,62391.92
Nifty500 Momentum 50,13-Apr-2026,61488.05
Nifty500 Momentum 50,15-Apr-2026,62564.81
Nifty500 Momentum 50,16-Apr-2026,62573.88
Nifty500 Momentum 50,17-Apr-2026,63095.85
Nifty500 Momentum 50,20-Apr-2026,63241.97
Nifty500 Momentum 50,21-Apr-2026,63562.23
Nifty500 Momentum 50,22-Apr-2026,63358.02
Nifty500 Momentum 50,23-Apr-2026,62765.46
Nifty500 Momentum 50,24-Apr-2026,62538.04
Nifty500 Momentum 50,27-Apr-2026,62929.88
Nifty500 Momentum 50,28-Apr-2026,62759.72
Nifty500 Momentum 50,29-Apr-2026,63083.16
Nifty500 Momentum 50,30-Apr-2026,62611.10
Nifty500 Momentum 50,04-May-2026,63118.52
Nifty500 Momentum 50,05-May-2026,63312.30
Nifty500 Momentum 50,06-May-2026,64575.01
Nifty500 Momentum 50,07-May-2026,65313.75
Nifty500 Momentum 50,08-May-2026,65131.40
Nifty500 Momentum 50,11-May-2026,64080.33
Nifty500 Momentum 50,12-May-2026,62669.67
Nifty500 Momentum 50,13-May-2026,62866.14
Nifty500 Momentum 50,14-May-2026,63846.51
Nifty500 Momentum 50,15-May-2026,63617.32
Nifty500 Momentum 50,18-May-2026,63198.56
Nifty500 Momentum 50,19-May-2026,63326.60
Nifty500 Momentum 50,20-May-2026,63795.25
Nifty500 Momentum 50,21-May-2026,63673.20
Nifty500 Momentum 50,22-May-2026,63910.04
Nifty500 Momentum 50,25-May-2026,64898.33
Nifty500 Momentum 50,26-May-2026,64929.96
Nifty500 Momentum 50,27-May-2026,65277.77
Nifty500 Momentum 50,29-May-2026,64203.35
Nifty500 Momentum 50,01-Jun-2026,63187.94
Nifty500 Momentum 50,02-Jun-2026,63224.73
Nifty500 Momentum 50,03-Jun-2026,63262.82
Nifty500 Momentum 50,04-Jun-2026,63534.70
Nifty500 Momentum 50,05-Jun-2026,63413.03
Nifty500 Momentum 50,08-Jun-2026,62337.89
Nifty500 Momentum 50,09-Jun-2026,63392.28
Nifty500 Momentum 50,10-Jun-2026,62527.71
Nifty500 Momentum 50,11-Jun-2026,62147.23
Nifty500 Momentum 50,12-Jun-2026,64063.65
Nifty500 Momentum 50,15-Jun-2026,65287.30
Nifty500 Momentum 50,16-Jun-2026,65251.86
Nifty500 Momentum 50,17-Jun-2026,65423.77
Nifty500 Momentum 50,18-Jun-2026,65615.12
Nifty500 Momentum 50,19-Jun-2026,65799.90
Nifty500 Momentum 50,22-Jun-2026,66023.31
Nifty500 Momentum 50,23-Jun-2026,65453.16
Nifty500 Momentum 50,24-Jun-2026,65653.44
Nifty500 Momentum 50,25-Jun-2026,65751.06
