Date,Nifty_200_Momentum_30,Nifty_500_Momentum_50,Nifty500_Multicap_Mom_Quality_50,Nifty_500_Quality_50,Nifty_500_Benchmark
2005-04-01,1000.00,1000.00,1000.00,1000.00,1805.30
2005-04-04,1000.01,1015.42,1002.14,996.81,1804.05
2005-04-05,989.36,1008.76,987.79,985.34,1793.05
2005-04-06,994.63,1025.13,997.86,994.42,1807.00
2005-04-07,992.35,1019.09,996.71,992.09,1798.40
2005-04-08,979.83,1009.69,983.87,982.17,1783.30
2005-04-11,970.73,999.58,978.93,973.97,1764.35
2005-04-12,981.29,1005.32,989.64,982.55,1778.20
2005-04-13,983.74,1005.21,990.52,982.54,1779.35
2005-04-15,951.85,970.69,961.51,948.26,1726.75
2005-04-18,939.01,958.05,948.31,934.03,1706.45
2005-04-19,932.50,957.10,941.71,922.97,1693.55
2005-04-20,945.80,970.42,952.62,941.84,1707.00
2005-04-21,959.38,988.07,967.81,953.51,1727.15
2005-04-22,965.11,1011.97,984.51,964.93,1742.15
2005-04-25,970.72,1012.76,985.57,967.07,1748.30
2005-04-26,966.44,1008.01,985.48,962.65,1740.60
2005-04-27,955.41,1003.14,978.10,956.40,1723.05
2005-04-28,948.64,996.41,977.67,957.66,1718.15
2005-04-29,924.62,974.03,960.24,939.42,1688.65
2005-05-02,932.30,958.87,959.50,943.21,1695.25
2005-05-03,937.68,960.43,963.38,942.66,1698.40
2005-05-04,951.13,979.52,975.95,955.20,1717.65
2005-05-05,963.78,985.47,984.31,966.77,1737.60
2005-05-06,965.34,992.14,986.14,971.52,1748.55
2005-05-09,979.14,1010.83,999.23,985.23,1769.70
2005-05-10,980.63,1009.94,995.77,984.09,1765.90
2005-05-11,975.64,1013.55,992.99,979.59,1760.30
2005-05-12,980.02,1027.13,996.46,984.54,1768.90
2005-05-13,979.80,1036.11,1000.32,983.76,1768.25
2005-05-16,992.10,1049.95,1010.64,992.46,1785.95
2005-05-17,982.88,1037.93,1003.53,983.13,1766.35
2005-05-18,980.32,1041.34,1002.87,979.53,1761.60
2005-05-19,986.56,1052.37,1010.99,985.90,1770.60
2005-05-20,987.48,1050.89,1006.42,985.32,1771.30
2005-05-23,993.83,1058.17,1008.69,988.28,1788.15
2005-05-24,999.31,1061.05,1016.03,997.13,1797.95
2005-05-25,1003.07,1061.22,1019.81,1004.62,1808.50
2005-05-26,1012.35,1057.10,1024.46,1012.98,1822.25
2005-05-27,1013.73,1048.25,1022.08,1016.84,1824.75
2005-05-30,1003.42,1040.17,1015.29,1012.86,1819.20
2005-05-31,1013.26,1047.16,1025.40,1020.12,1834.85
2005-06-01,1010.19,1055.72,1024.06,1022.33,1838.45
2005-06-02,999.79,1049.68,1013.44,1013.47,1821.45
2005-06-03,1009.79,1059.23,1018.61,1021.74,1843.05
2005-06-04,1009.69,1067.25,1024.03,1025.32,1844.85
2005-06-06,1013.99,1069.20,1021.33,1023.66,1849.20
2005-06-07,1027.10,1068.22,1022.89,1023.20,1856.50
2005-06-08,1036.61,1062.47,1023.31,1029.16,1867.30
2005-06-09,1033.29,1067.09,1022.51,1025.19,1862.15
2005-06-10,1024.38,1062.97,1017.59,1016.08,1851.00
2005-06-13,1028.80,1060.26,1013.63,1015.35,1858.15
2005-06-14,1035.41,1065.60,1021.13,1016.60,1863.10
2005-06-15,1038.61,1073.81,1028.57,1021.54,1874.75
2005-06-16,1032.23,1054.91,1019.62,1016.65,1862.75
2005-06-17,1030.48,1035.65,1010.58,1012.92,1854.60
2005-06-20,1026.25,1023.13,1007.53,1015.41,1861.65
2005-06-21,1036.32,1029.26,1011.45,1026.25,1877.50
2005-06-22,1039.23,1037.05,1010.82,1029.69,1889.05
2005-06-23,1045.13,1040.58,1013.55,1032.95,1890.80
2005-06-24,1042.78,1053.91,1018.13,1038.62,1901.35
2005-06-27,1044.15,1060.23,1019.84,1037.41,1903.30
2005-06-28,1029.72,1042.00,1004.50,1020.09,1875.80
2005-06-29,1035.27,1057.44,1010.84,1028.31,1892.85
2005-06-30,1050.10,1064.25,1014.10,1031.10,1906.20
2005-07-01,1051.13,1076.51,1025.46,1037.79,1912.35
2005-07-04,1061.30,1089.86,1040.09,1046.90,1933.35
2005-07-05,1054.89,1078.23,1040.82,1040.10,1917.95
2005-07-06,1068.60,1094.38,1057.31,1050.52,1939.30
2005-07-07,1054.60,1086.64,1051.27,1035.57,1903.05
2005-07-08,1065.08,1108.98,1070.77,1048.88,1924.40
2005-07-11,1075.86,1133.02,1085.95,1056.88,1945.00
2005-07-12,1077.48,1133.68,1081.24,1056.51,1948.55
2005-07-13,1072.94,1143.11,1088.68,1054.43,1942.80
2005-07-14,1065.06,1152.97,1083.43,1047.96,1933.60
2005-07-15,1071.42,1166.81,1096.07,1057.72,1955.05
2005-07-18,1081.52,1193.09,1111.50,1072.97,1976.75
2005-07-19,1088.40,1197.89,1115.57,1077.41,1982.30
2005-07-20,1087.32,1198.48,1123.01,1079.48,1989.70
2005-07-21,1080.59,1205.73,1121.42,1075.88,1979.45
2005-07-22,1103.07,1224.62,1131.75,1087.02,2007.40
2005-07-25,1123.25,1232.09,1142.79,1092.65,2027.95
2005-07-26,1131.02,1226.93,1144.46,1091.32,2028.80
2005-07-27,1139.01,1229.15,1146.58,1092.31,2038.35
2005-07-29,1143.50,1224.23,1136.31,1078.80,2027.40
2005-08-01,1142.54,1228.76,1141.49,1089.48,2039.60
2005-08-02,1152.54,1265.07,1161.35,1107.47,2073.50
2005-08-03,1155.53,1267.22,1174.18,1112.18,2073.35
2005-08-04,1159.57,1286.51,1185.56,1120.44,2083.65
2005-08-05,1157.98,1309.35,1192.58,1117.22,2086.00
2005-08-08,1129.65,1292.94,1180.52,1100.13,2055.40
2005-08-09,1129.25,1296.41,1180.42,1096.27,2051.00
2005-08-10,1152.12,1328.07,1208.30,1118.41,2086.45
2005-08-11,1162.74,1342.26,1216.42,1132.40,2103.20
2005-08-12,1158.41,1360.36,1219.45,1133.42,2093.20
2005-08-16,1158.37,1382.57,1226.64,1139.70,2103.65
2005-08-17,1165.63,1404.32,1235.93,1149.68,2129.60
2005-08-18,1162.59,1395.06,1228.12,1137.03,2119.15
2005-08-19,1154.95,1407.29,1227.13,1136.18,2116.50
2005-08-22,1144.23,1410.14,1225.56,1134.51,2104.30
2005-08-23,1124.89,1369.59,1195.89,1111.60,2066.25
2005-08-24,1115.97,1344.26,1176.60,1097.26,2056.40
2005-08-25,1129.22,1371.72,1193.14,1111.37,2080.35
2005-08-26,1134.96,1394.70,1207.90,1117.34,2094.90
2005-08-29,1123.66,1400.06,1200.64,1107.46,2083.00
2005-08-30,1139.68,1416.86,1222.03,1127.01,2110.40
2005-08-31,1146.63,1430.37,1232.80,1134.20,2126.35
2005-09-01,1154.16,1440.64,1244.14,1148.13,2143.60
2005-09-02,1158.81,1444.64,1251.76,1152.93,2150.94
2005-09-05,1166.47,1461.96,1255.59,1156.18,2157.75
2005-09-06,1171.74,1464.76,1256.07,1160.42,2161.50
2005-09-08,1184.38,1480.08,1263.79,1169.22,2179.50
2005-09-09,1190.38,1474.37,1263.17,1165.67,2179.15
2005-09-12,1203.86,1487.56,1275.65,1174.30,2205.70
2005-09-13,1211.60,1499.52,1284.06,1181.94,2220.85
2005-09-14,1209.87,1488.66,1277.12,1180.46,2211.40
2005-09-15,1221.44,1520.34,1296.32,1193.10,2236.65
2005-09-16,1232.57,1535.38,1301.20,1198.22,2258.15
2005-09-19,1241.75,1562.37,1320.08,1211.69,2275.00
2005-09-20,1246.36,1541.04,1316.60,1210.23,2278.45
2005-09-21,1238.37,1498.26,1291.88,1193.71,2260.25
2005-09-22,1195.61,1418.44,1240.32,1149.04,2167.10
2005-09-23,1195.34,1434.26,1243.67,1148.47,2174.65
2005-09-26,1235.29,1497.29,1292.85,1187.93,2245.40
2005-09-27,1237.36,1530.30,1305.28,1196.53,2259.35
2005-09-28,1241.16,1551.04,1320.60,1204.24,2280.35
2005-09-29,1239.22,1554.21,1314.78,1205.30,2281.75
2005-09-30,1246.80,1534.38,1317.94,1208.10,2274.00
2005-10-03,1262.55,1545.04,1330.44,1226.87,2299.45
2005-10-04,1278.83,1558.36,1347.49,1248.51,2327.75
2005-10-05,1266.09,1545.52,1338.34,1241.08,2313.25
2005-10-06,1240.41,1521.12,1319.20,1211.85,2270.05
2005-10-07,1230.32,1511.73,1313.32,1203.79,2264.10
2005-10-10,1223.34,1509.54,1311.42,1197.99,2253.60
2005-10-11,1229.50,1489.73,1309.61,1202.96,2264.00
2005-10-13,1213.91,1479.99,1297.76,1174.44,2226.25
2005-10-14,1180.29,1434.16,1271.55,1159.38,2181.05
2005-10-17,1174.10,1420.81,1260.91,1160.63,2172.60
2005-10-18,1162.58,1414.02,1260.57,1155.51,2157.90
2005-10-19,1140.88,1357.46,1230.08,1128.52,2105.65
2005-10-20,1122.47,1326.30,1209.34,1120.58,2085.15
2005-10-21,1150.81,1354.95,1232.91,1137.63,2119.45
2005-10-24,1134.51,1357.66,1224.41,1122.93,2092.05
2005-10-25,1146.72,1352.07,1233.40,1129.55,2108.50
2005-10-26,1144.51,1349.24,1224.48,1123.21,2098.20
2005-10-27,1099.60,1319.62,1197.95,1103.41,2052.05
2005-10-28,1091.62,1298.13,1175.63,1070.33,2022.15
2005-10-31,1132.55,1341.92,1210.98,1098.87,2067.80
2005-11-01,1138.92,1365.91,1228.30,1110.17,2084.65
2005-11-02,1150.56,1379.68,1239.77,1122.15,2106.40
2005-11-07,1173.11,1410.18,1264.47,1143.08,2141.95
2005-11-08,1187.99,1437.92,1281.55,1158.96,2173.00
2005-11-09,1186.19,1445.34,1276.84,1152.95,2166.60
2005-11-10,1196.10,1444.43,1284.79,1156.69,2177.25
2005-11-11,1219.43,1477.63,1304.09,1180.91,2220.20
2005-11-14,1224.81,1481.30,1308.28,1180.71,2227.15
2005-11-16,1236.18,1494.59,1319.27,1191.68,2245.25
2005-11-17,1249.24,1497.22,1327.82,1199.98,2259.55
2005-11-18,1256.04,1494.60,1329.15,1205.91,2269.00
2005-11-21,1246.92,1477.35,1328.31,1200.55,2255.25
2005-11-22,1243.29,1471.16,1326.43,1190.46,2233.90
2005-11-23,1262.29,1486.50,1340.30,1202.39,2255.50
2005-11-24,1273.09,1500.69,1352.33,1211.07,2274.70
2005-11-25,1302.77,1515.19,1381.94,1234.04,2300.70
2005-11-26,1326.16,1534.68,1410.29,1244.81,2321.95
2005-11-28,1344.65,1549.57,1425.42,1260.90,2346.85
2005-11-29,1334.97,1545.07,1412.36,1255.70,2336.80
2005-11-30,1310.23,1541.25,1394.40,1237.26,2306.15
2005-12-01,1343.18,1562.00,1421.81,1259.62,2342.30
2005-12-02,1349.91,1583.85,1446.09,1265.43,2345.15
2005-12-05,1336.05,1581.95,1436.63,1255.28,2319.70
2005-12-06,1333.18,1584.85,1436.23,1253.88,2318.45
2005-12-07,1346.52,1598.36,1446.52,1265.33,2339.75
2005-12-08,1358.06,1619.34,1469.27,1270.08,2350.90
2005-12-09,1379.26,1643.08,1496.52,1288.46,2385.85
2005-12-12,1380.26,1648.93,1505.12,1300.64,2402.50
2005-12-13,1396.24,1649.83,1517.29,1315.96,2427.90
2005-12-14,1395.23,1646.78,1508.65,1312.21,2425.70
2005-12-15,1369.50,1623.57,1491.49,1298.98,2401.20
2005-12-16,1392.15,1631.86,1506.47,1311.65,2425.40
2005-12-19,1412.20,1649.60,1526.67,1329.47,2452.65
2005-12-20,1402.60,1637.78,1517.71,1322.66,2446.85
2005-12-21,1394.47,1641.84,1517.55,1324.94,2445.50
2005-12-22,1398.91,1645.84,1521.70,1329.19,2454.35
2005-12-23,1381.69,1637.70,1511.63,1319.84,2426.10
2005-12-26,1333.52,1604.47,1474.28,1293.56,2377.25
2005-12-27,1373.80,1634.67,1501.56,1317.12,2424.65
2005-12-28,1370.39,1642.52,1500.80,1313.20,2422.05
2005-12-29,1375.41,1661.93,1515.35,1326.57,2440.30
2005-12-30,1396.20,1694.88,1536.18,1339.14,2459.20
2006-01-02,1398.28,1721.33,1546.35,1339.97,2464.25
2006-01-03,1423.11,1743.55,1572.40,1361.15,2502.55
2006-01-04,1438.82,1751.33,1585.89,1369.65,2522.55
2006-01-05,1437.80,1743.47,1583.32,1372.92,2525.40
2006-01-06,1441.88,1760.79,1595.75,1386.33,2537.30
2006-01-09,1444.02,1780.01,1605.27,1389.74,2540.40
2006-01-10,1426.21,1769.32,1593.47,1375.49,2512.05
2006-01-12,1424.41,1775.72,1589.43,1368.59,2502.05
2006-01-13,1430.71,1794.37,1600.63,1368.52,2502.75
2006-01-16,1423.78,1781.71,1589.31,1361.33,2486.15
2006-01-17,1409.91,1773.09,1580.05,1347.98,2473.65
2006-01-18,1407.57,1754.93,1574.01,1340.67,2455.75
2006-01-19,1440.33,1798.88,1607.76,1372.82,2506.30
2006-01-20,1465.66,1820.72,1641.09,1385.89,2529.10
2006-01-23,1469.96,1832.73,1646.90,1378.17,2517.75
2006-01-24,1482.16,1849.00,1668.51,1390.82,2532.50
2006-01-25,1483.76,1841.92,1660.73,1400.42,2548.60
2006-01-27,1519.01,1871.19,1698.28,1428.30,2587.50
2006-01-30,1514.47,1850.32,1686.78,1419.24,2570.15
2006-01-31,1532.52,1853.60,1695.56,1428.89,2585.95
2006-02-01,1508.79,1831.14,1675.22,1410.00,2560.55
2006-02-02,1506.71,1818.64,1678.11,1416.90,2559.55
2006-02-03,1502.36,1814.04,1678.22,1407.12,2550.20
2006-02-06,1518.70,1827.40,1700.55,1429.49,2588.65
2006-02-07,1542.22,1838.60,1726.13,1446.00,2605.35
2006-02-08,1535.94,1834.52,1729.03,1444.13,2603.25
2006-02-10,1550.08,1866.29,1744.42,1461.84,2621.40
2006-02-13,1564.40,1896.42,1760.27,1466.07,2634.60
2006-02-14,1562.69,1890.63,1749.62,1447.67,2618.00
2006-02-15,1560.26,1892.24,1752.31,1451.78,2624.85
2006-02-16,1560.42,1905.11,1753.14,1454.24,2630.25
2006-02-17,1530.69,1884.83,1726.88,1433.64,2593.55
2006-02-20,1529.87,1865.51,1717.44,1435.46,2598.95
2006-02-21,1543.84,1895.32,1739.08,1451.54,2620.65
2006-02-22,1545.00,1883.06,1739.76,1463.93,2635.85
2006-02-23,1534.32,1872.74,1725.72,1468.00,2640.15
2006-02-24,1550.96,1868.94,1728.38,1464.83,2644.95
2006-02-27,1561.95,1889.05,1735.45,1468.29,2660.70
2006-02-28,1579.93,1893.52,1741.27,1471.91,2658.95
2006-03-01,1621.16,1930.74,1775.46,1496.59,2698.60
2006-03-02,1637.47,1965.52,1806.08,1507.28,2722.00
2006-03-03,1653.20,1995.48,1819.30,1509.26,2724.25
2006-03-06,1674.50,2021.59,1856.06,1532.71,2761.05
2006-03-07,1686.32,2041.14,1872.52,1537.13,2767.20
2006-03-08,1652.40,2011.34,1852.82,1507.96,2715.00
2006-03-09,1659.49,2017.57,1862.74,1511.61,2726.75
2006-03-10,1689.92,2053.38,1896.88,1538.19,2765.85
2006-03-13,1684.14,2057.96,1900.01,1542.43,2780.00
2006-03-14,1674.95,2051.50,1888.37,1533.52,2771.15
2006-03-16,1687.32,2063.37,1902.15,1543.25,2789.35
2006-03-17,1683.89,2061.01,1899.02,1540.90,2790.05
2006-03-20,1694.86,2074.61,1916.91,1562.05,2812.50
2006-03-21,1689.81,2083.07,1922.53,1560.57,2809.40
2006-03-22,1688.78,2076.82,1902.64,1547.35,2789.30
2006-03-23,1686.58,2073.45,1909.38,1555.08,2796.90
2006-03-24,1704.84,2097.56,1934.72,1578.56,2821.55
2006-03-27,1723.87,2113.78,1942.73,1594.06,2851.75
2006-03-28,1719.53,2105.56,1933.78,1592.69,2844.15
2006-03-29,1734.39,2126.16,1947.07,1604.19,2864.40
2006-03-30,1744.11,2139.16,1973.23,1637.36,2901.15
2006-03-31,1765.65,2162.02,1980.06,1644.08,2910.35
2006-04-03,1816.51,2227.95,2033.51,1683.43,2974.10
2006-04-04,1835.85,2255.64,2050.09,1686.67,2993.00
2006-04-05,1869.56,2290.03,2080.56,1707.63,3022.30
2006-04-07,1839.37,2261.10,2041.95,1674.75,2977.50
2006-04-10,1855.89,2282.67,2043.91,1691.17,2994.30
2006-04-12,1814.45,2243.28,1995.99,1640.61,2924.25
2006-04-13,1770.62,2202.87,1952.31,1607.29,2884.40
2006-04-17,1809.44,2236.18,1994.27,1652.77,2943.90
2006-04-18,1835.81,2269.88,2028.00,1688.23,3005.85
2006-04-19,1843.16,2279.77,2028.56,1696.15,3017.65
2006-04-20,1852.65,2299.18,2045.04,1711.01,3038.30
2006-04-21,1845.33,2308.39,2040.37,1711.23,3034.75
2006-04-24,1837.62,2315.01,2038.94,1699.86,3024.90
2006-04-25,1791.39,2277.38,1990.69,1656.00,2960.30
2006-04-26,1846.47,2340.78,2026.50,1695.94,3032.20
2006-04-27,1830.96,2345.26,2028.10,1679.88,3005.35
2006-04-28,1849.16,2367.50,2047.49,1678.55,3014.10
2006-04-29,1886.24,2414.42,2076.62,1705.32,3064.70
2006-05-02,1914.37,2443.11,2088.42,1726.57,3100.70
2006-05-03,1930.49,2452.87,2100.78,1739.36,3124.20
2006-05-04,1929.02,2459.66,2089.02,1736.19,3133.20
2006-05-05,1936.45,2484.72,2091.31,1743.80,3143.10
2006-05-08,1939.22,2493.26,2102.84,1752.52,3163.25
2006-05-09,1943.76,2510.14,2107.96,1762.69,3178.80
2006-05-10,1950.57,2525.71,2120.28,1783.50,3208.85
2006-05-11,1940.58,2523.67,2105.67,1762.39,3168.65
2006-05-12,1925.95,2532.16,2106.77,1755.27,3132.35
2006-05-15,1819.15,2428.08,2017.12,1669.07,3007.80
2006-05-16,1828.46,2408.95,2012.82,1669.81,3011.85
2006-05-17,1873.62,2482.31,2070.85,1717.86,3099.80
2006-05-18,1713.58,2296.43,1929.18,1593.23,2889.05
2006-05-19,1607.53,2185.17,1818.67,1507.15,2767.75
2006-05-22,1523.44,2063.77,1730.06,1422.25,2611.30
2006-05-23,1596.11,2145.14,1798.57,1483.00,2712.35
2006-05-24,1567.44,2128.92,1777.42,1455.21,2662.55
2006-05-25,1582.20,2129.37,1771.52,1476.08,2684.60
2006-05-26,1611.79,2173.29,1810.16,1513.90,2726.45
2006-05-29,1630.54,2213.96,1819.39,1532.60,2737.55
2006-05-30,1610.44,2217.30,1806.86,1520.39,2721.80
2006-05-31,1565.67,2176.96,1737.34,1462.32,2635.25
2006-06-01,1500.14,2112.69,1671.02,1404.46,2548.35
2006-06-02,1567.45,2138.95,1694.42,1443.46,2615.75
2006-06-05,1522.64,2081.09,1655.46,1419.99,2559.55
2006-06-06,1479.65,2000.42,1610.71,1376.69,2486.75
2006-06-07,1424.53,1903.30,1532.66,1306.34,2384.90
2006-06-08,1359.40,1803.70,1429.45,1236.65,2248.80
2006-06-09,1441.02,1882.39,1512.58,1305.50,2376.30
2006-06-12,1387.09,1822.91,1471.98,1265.01,2310.80
2006-06-13,1316.69,1707.36,1383.67,1198.09,2201.40
2006-06-14,1293.62,1652.54,1338.72,1172.22,2163.95
2006-06-15,1387.12,1748.41,1427.11,1258.00,2299.25
2006-06-16,1451.34,1824.39,1481.94,1313.59,2386.25
2006-06-19,1483.99,1878.15,1515.87,1333.50,2418.70
2006-06-20,1458.32,1872.76,1516.88,1318.30,2388.85
2006-06-21,1485.31,1921.69,1564.03,1350.07,2442.95
2006-06-22,1523.37,1975.60,1600.48,1386.23,2503.50
2006-06-23,1530.16,1983.89,1600.45,1409.02,2529.45
2006-06-25,1531.83,2009.42,1606.24,1417.09,2539.85
2006-06-26,1461.72,1938.06,1532.23,1353.67,2441.20
2006-06-27,1483.56,1954.56,1534.68,1367.94,2456.65
2006-06-28,1479.75,1968.56,1538.43,1359.39,2452.85
2006-06-29,1483.31,1996.42,1553.93,1369.71,2463.25
2006-06-30,1552.30,2090.03,1609.60,1423.36,2562.50
2006-07-03,1561.71,2111.51,1619.72,1431.06,2577.20
2006-07-04,1551.58,2111.60,1598.69,1418.72,2574.10
2006-07-05,1584.16,2161.60,1622.44,1440.68,2616.85
2006-07-06,1570.10,2158.99,1614.55,1426.55,2591.80
2006-07-07,1538.24,2144.31,1578.34,1387.20,2534.25
2006-07-10,1571.60,2144.40,1597.01,1410.53,2573.90
2006-07-11,1567.50,2123.81,1607.64,1399.56,2559.85
2006-07-12,1594.83,2135.69,1629.21,1424.89,2606.90
2006-07-13,1587.37,2115.07,1626.48,1420.07,2590.70
2006-07-14,1559.17,2067.63,1609.13,1401.03,2560.15
2006-07-17,1495.60,1989.88,1571.89,1356.00,2471.35
2006-07-18,1481.78,1949.19,1553.25,1345.56,2450.00
2006-07-19,1428.78,1869.00,1502.89,1311.49,2392.40
2006-07-20,1481.95,1907.39,1532.80,1349.42,2455.65
2006-07-21,1444.93,1848.14,1492.14,1318.37,2391.85
2006-07-24,1455.66,1832.93,1471.75,1322.79,2410.70
2006-07-25,1490.36,1880.48,1499.23,1347.68,2462.30
2006-07-26,1522.80,1929.07,1526.11,1373.36,2516.40
2006-07-27,1546.33,1971.90,1545.02,1384.93,2549.25
2006-07-28,1539.77,1993.22,1557.56,1389.24,2545.60
2006-07-31,1548.68,2024.60,1565.96,1395.09,2562.55
2006-08-01,1544.05,2001.86,1554.07,1386.96,2559.65
2006-08-02,1563.79,2030.78,1574.27,1404.60,2592.70
2006-08-03,1566.12,2039.24,1581.47,1409.47,2601.20
2006-08-04,1560.94,2030.78,1580.32,1405.09,2588.35
2006-08-07,1559.45,2026.52,1580.51,1395.43,2576.50
2006-08-08,1587.77,2066.94,1602.93,1420.03,2620.35
2006-08-09,1610.40,2103.40,1642.64,1444.42,2656.25
2006-08-10,1622.27,2144.49,1658.39,1450.38,2674.10
2006-08-11,1626.44,2163.68,1678.21,1463.32,2692.65
2006-08-14,1648.06,2200.51,1700.27,1477.89,2730.10
2006-08-16,1663.97,2233.90,1717.64,1494.78,2768.25
2006-08-17,1676.45,2224.38,1707.16,1490.76,2760.25
2006-08-18,1685.90,2240.05,1713.63,1497.82,2767.40
2006-08-21,1692.76,2248.81,1719.32,1499.43,2779.85
2006-08-22,1688.73,2233.40,1713.74,1499.07,2775.75
2006-08-23,1667.89,2194.48,1695.40,1482.63,2750.45
2006-08-24,1686.18,2209.08,1704.24,1492.12,2776.05
2006-08-25,1692.89,2226.24,1717.94,1499.16,2793.70
2006-08-28,1695.49,2229.23,1722.01,1508.78,2806.85
2006-08-29,1706.62,2235.21,1734.26,1514.25,2826.45
2006-08-30,1704.58,2221.74,1730.09,1511.65,2825.90
2006-08-31,1695.64,2211.44,1718.52,1495.08,2807.95
2006-09-01,1714.63,2236.12,1730.54,1504.74,2828.30
2006-09-04,1736.74,2267.99,1756.13,1525.63,2865.95
2006-09-05,1741.59,2273.12,1761.28,1524.75,2871.90
2006-09-06,1743.36,2285.75,1768.85,1533.47,2882.85
2006-09-07,1736.11,2278.84,1756.49,1524.79,2866.30
2006-09-08,1745.89,2297.34,1768.28,1527.61,2884.30
2006-09-11,1683.25,2217.35,1715.43,1479.62,2794.80
2006-09-12,1701.48,2237.46,1727.34,1489.62,2820.45
2006-09-13,1733.92,2270.62,1745.49,1510.35,2878.10
2006-09-14,1742.03,2282.13,1748.74,1515.85,2894.75
2006-09-15,1750.43,2292.64,1752.77,1518.97,2898.90
2006-09-18,1760.43,2307.80,1759.63,1525.71,2911.60
2006-09-19,1735.35,2273.08,1737.42,1509.63,2878.90
2006-09-20,1752.62,2287.56,1744.29,1522.69,2910.20
2006-09-21,1779.17,2319.14,1763.65,1539.99,2945.10
2006-09-22,1777.61,2318.13,1761.89,1528.64,2934.65
2006-09-25,1764.76,2301.47,1758.56,1520.11,2920.00
2006-09-26,1782.40,2320.04,1767.81,1534.28,2950.80
2006-09-27,1788.46,2331.88,1781.23,1536.88,2963.40
2006-09-28,1779.12,2326.37,1783.36,1535.15,2965.50
2006-09-29,1797.42,2356.52,1801.77,1545.18,2988.25
2006-10-03,1787.57,2348.47,1793.56,1541.81,2985.00
2006-10-04,1763.11,2326.71,1778.25,1525.33,2948.80
2006-10-05,1786.69,2366.78,1803.69,1550.39,2993.35
2006-10-06,1787.68,2377.40,1816.88,1554.13,3002.65
2006-10-09,1791.30,2390.56,1822.20,1557.52,3003.75
2006-10-10,1797.93,2389.81,1821.70,1558.26,3007.55
2006-10-11,1790.81,2364.29,1806.88,1547.01,2987.40
2006-10-12,1821.81,2401.45,1823.48,1567.47,3032.60
2006-10-13,1848.99,2435.48,1841.78,1581.62,3064.90
2006-10-16,1868.31,2451.65,1845.14,1591.98,3090.25
2006-10-17,1860.29,2438.62,1840.32,1591.33,3077.85
2006-10-18,1854.70,2435.80,1834.15,1591.82,3076.05
2006-10-19,1842.65,2426.67,1833.44,1582.80,3051.35
2006-10-20,1843.57,2438.13,1845.88,1584.28,3057.05
2006-10-21,1850.85,2459.29,1869.07,1593.50,3069.90
2006-10-23,1838.20,2443.63,1847.73,1578.10,3048.05
2006-10-26,1856.51,2470.36,1861.26,1587.47,3064.45
2006-10-27,1884.63,2507.62,1881.27,1604.91,3111.30
2006-10-30,1890.33,2517.99,1881.45,1599.92,3130.65
2006-10-31,1881.00,2507.87,1864.48,1594.96,3114.55
2006-11-01,1886.68,2519.89,1872.08,1600.48,3130.45
2006-11-02,1889.42,2537.28,1878.20,1602.23,3150.40
2006-11-03,1894.29,2551.11,1888.08,1598.69,3161.40
2006-11-06,1906.28,2574.55,1898.80,1612.36,3173.05
2006-11-07,1910.20,2577.54,1893.99,1610.04,3167.05
2006-11-08,1896.08,2546.10,1873.82,1592.97,3141.40
2006-11-09,1900.47,2548.03,1887.01,1606.72,3156.20
2006-11-10,1920.05,2576.85,1899.73,1618.53,3186.70
2006-11-13,1935.33,2599.75,1911.67,1620.78,3215.40
2006-11-14,1932.25,2585.48,1901.59,1615.32,3216.85
2006-11-15,1932.10,2594.58,1891.85,1610.30,3225.65
2006-11-16,1941.86,2607.47,1888.35,1607.15,3226.85
2006-11-17,1922.15,2564.19,1870.93,1588.98,3200.60
2006-11-20,1916.94,2532.19,1858.29,1581.43,3191.30
2006-11-21,1951.53,2580.70,1890.86,1606.67,3244.65
2006-11-22,1972.64,2622.64,1907.80,1628.09,3273.55
2006-11-23,1969.36,2635.44,1907.74,1626.54,3277.35
2006-11-24,1969.85,2642.09,1909.36,1628.15,3291.00
2006-11-27,1976.28,2653.15,1918.87,1628.61,3307.55
2006-11-28,1955.15,2634.04,1896.75,1605.38,3267.20
2006-11-29,1967.91,2654.03,1910.13,1613.12,3274.65
2006-11-30,1976.95,2644.57,1907.69,1611.98,3280.45
2006-12-01,2006.35,2685.58,1936.59,1634.00,3318.90
2006-12-04,2025.73,2732.60,1951.72,1639.12,3331.65
2006-12-05,2018.51,2729.41,1956.40,1647.09,3339.15
2006-12-06,2011.18,2713.69,1937.38,1639.52,3326.00
2006-12-07,2014.83,2723.35,1948.42,1642.35,3330.20
2006-12-08,1997.33,2711.05,1947.21,1620.47,3295.60
2006-12-11,1941.64,2640.58,1902.31,1585.61,3195.25
2006-12-12,1867.20,2533.33,1849.91,1535.91,3071.80
2006-12-13,1898.37,2579.42,1878.69,1550.32,3128.70
2006-12-14,1940.37,2638.70,1918.27,1582.20,3202.60
2006-12-15,1965.56,2664.11,1935.34,1600.13,3235.45
2006-12-18,1967.63,2660.58,1935.38,1617.49,3252.70
2006-12-19,1918.55,2599.77,1895.93,1580.20,3180.00
2006-12-20,1908.99,2586.54,1891.57,1569.99,3164.95
2006-12-21,1914.03,2584.20,1891.05,1584.23,3176.75
2006-12-22,1930.38,2613.84,1910.15,1602.29,3208.80
2006-12-26,1970.86,2662.94,1935.34,1628.28,3261.40
2006-12-27,1990.97,2688.02,1960.61,1642.67,3289.20
2006-12-28,1987.64,2673.08,1944.42,1641.06,3288.55
2006-12-29,1990.93,2692.14,1963.70,1649.91,3295.05
2007-01-02,2019.53,2738.49,1982.33,1671.36,3323.10
2007-01-03,2022.94,2747.07,1991.51,1682.24,3342.70
2007-01-04,2002.58,2738.53,1992.34,1670.98,3327.90
2007-01-05,1993.29,2717.07,1981.48,1667.81,3325.30
2007-01-08,1958.47,2683.70,1963.47,1646.90,3286.90
2007-01-09,1945.43,2664.29,1953.51,1631.77,3264.10
2007-01-10,1919.89,2626.19,1941.66,1620.57,3214.60
2007-01-11,1960.32,2669.55,1965.26,1654.41,3284.30
2007-01-12,2012.25,2720.68,2010.66,1687.46,3362.10
2007-01-15,2030.39,2748.18,2035.88,1709.61,3385.20
2007-01-16,2036.44,2758.86,2035.31,1707.31,3386.20
2007-01-17,2034.58,2778.81,2060.90,1712.31,3396.45
2007-01-18,2045.18,2783.94,2066.47,1725.97,3415.20
2007-01-19,2037.05,2772.83,2048.86,1709.10,3397.60
2007-01-22,2040.21,2791.90,2048.72,1712.14,3405.85
2007-01-23,2005.98,2722.59,2029.99,1698.67,3368.50
2007-01-24,2005.00,2724.59,2046.84,1719.13,3388.80
2007-01-25,2025.97,2740.96,2061.54,1744.86,3431.60
2007-01-29,2011.79,2730.13,2068.13,1740.60,3424.50
2007-01-31,1997.75,2706.76,2046.38,1711.82,3393.10
2007-02-01,2023.29,2734.93,2063.63,1730.77,3432.00
2007-02-02,2046.24,2759.53,2077.42,1743.10,3462.15
2007-02-05,2052.28,2775.35,2094.51,1748.95,3480.60
2007-02-06,2045.62,2783.80,2104.57,1755.10,3474.10
2007-02-07,2059.99,2800.19,2122.99,1773.70,3494.20
2007-02-08,2055.01,2796.56,2123.13,1772.11,3492.70
2007-02-09,2028.55,2748.47,2094.17,1751.49,3453.35
2007-02-12,1972.98,2655.09,2032.89,1704.90,3338.45
2007-02-13,1957.20,2627.91,2016.97,1695.18,3324.55
2007-02-14,1953.89,2621.99,2029.05,1707.13,3322.75
2007-02-15,2010.00,2696.79,2095.23,1763.86,3403.70
2007-02-19,2013.40,2704.57,2104.47,1767.55,3414.65
2007-02-20,1993.32,2674.94,2083.24,1743.79,3373.35
2007-02-21,1986.03,2665.77,2088.58,1745.92,3365.10
2007-02-22,1949.29,2612.63,2060.06,1715.04,3322.45
2007-02-23,1895.64,2540.98,2013.22,1676.38,3241.75
2007-02-26,1910.40,2562.19,2018.88,1691.53,3244.75
2007-02-27,1894.32,2552.37,2018.71,1674.99,3223.80
2007-02-28,1819.41,2456.40,1968.08,1606.87,3107.75
2007-03-01,1835.37,2453.89,1972.00,1622.44,3147.50
2007-03-02,1796.43,2408.87,1943.70,1602.94,3091.25
2007-03-05,1729.96,2301.95,1847.12,1529.56,2957.85
2007-03-06,1758.14,2328.30,1860.62,1549.47,3002.95
2007-03-07,1740.52,2294.60,1826.05,1524.08,2968.45
2007-03-08,1811.96,2381.66,1881.47,1574.82,3072.60
2007-03-09,1783.54,2334.98,1878.39,1569.10,3048.15
2007-03-12,1783.90,2337.41,1890.81,1579.02,3066.30
2007-03-13,1798.80,2366.08,1909.02,1593.48,3102.80
2007-03-14,1746.57,2310.42,1854.47,1544.26,3010.05
2007-03-15,1749.07,2321.26,1863.88,1552.88,3019.30
2007-03-16,1732.86,2295.26,1837.65,1535.11,2993.15
2007-03-19,1763.96,2331.85,1863.97,1552.95,3042.35
2007-03-20,1778.78,2346.05,1872.85,1561.93,3062.70
2007-03-21,1796.77,2354.59,1884.10,1582.22,3102.55
2007-03-22,1844.36,2400.73,1921.46,1617.99,3174.50
2007-03-23,1846.49,2415.20,1928.20,1618.63,3168.65
2007-03-26,1823.98,2400.41,1917.11,1603.66,3141.85
2007-03-28,1793.49,2367.08,1899.80,1583.22,3095.60
2007-03-29,1801.88,2377.57,1902.18,1596.11,3116.25
2007-03-30,1826.31,2412.75,1934.48,1613.89,3145.35
2007-04-02,1742.06,2300.42,1861.85,1541.06,3008.75
2007-04-03,1761.73,2325.29,1879.60,1563.27,3046.65
2007-04-04,1790.75,2356.44,1911.50,1577.20,3082.65
2007-04-05,1804.43,2369.21,1927.22,1587.99,3100.85
2007-04-09,1857.92,2433.81,1974.63,1622.93,3172.55
2007-04-10,1868.75,2474.66,1982.10,1628.72,3183.70
2007-04-11,1871.71,2501.66,1990.92,1642.12,3195.45
2007-04-12,1860.55,2495.93,1982.91,1628.85,3173.30
2007-04-13,1903.45,2546.86,2025.15,1663.60,3233.90
2007-04-16,1939.58,2588.22,2056.84,1693.66,3302.85
2007-04-17,1930.16,2565.81,2038.64,1673.64,3281.80
2007-04-18,1945.16,2560.60,2046.45,1682.19,3305.05
2007-04-19,1941.35,2550.61,2048.48,1675.46,3295.25
2007-04-20,1975.50,2580.27,2078.23,1704.69,3353.60
2007-04-23,1974.78,2582.99,2070.26,1704.64,3352.65
2007-04-24,2000.54,2598.74,2075.41,1715.72,3394.70
2007-04-25,2013.63,2618.10,2086.06,1734.50,3416.50
2007-04-26,2019.47,2619.15,2086.96,1731.62,3422.40
2007-04-27,1997.00,2593.83,2077.94,1707.52,3363.50
2007-04-30,2011.93,2633.36,2107.86,1716.72,3379.10
2007-05-03,2042.40,2637.91,2115.17,1728.94,3429.25
2007-05-04,2027.16,2612.02,2108.52,1723.06,3410.40
2007-05-07,2027.07,2607.32,2107.57,1715.96,3401.30
2007-05-08,2008.54,2583.16,2080.22,1700.31,3370.70
2007-05-09,2013.04,2590.04,2079.56,1700.12,3378.65
2007-05-10,2010.83,2593.57,2075.04,1699.30,3369.25
2007-05-11,2013.85,2608.68,2085.94,1696.30,3378.40
2007-05-14,2037.44,2648.67,2101.70,1714.24,3424.05
2007-05-15,2042.44,2666.32,2101.72,1712.86,3421.90
2007-05-16,2058.00,2683.30,2112.79,1728.55,3466.10
2007-05-17,2075.86,2719.19,2125.49,1737.07,3507.50
2007-05-18,2076.79,2719.34,2134.70,1742.83,3503.55
2007-05-21,2087.49,2713.79,2146.86,1754.12,3537.15
2007-05-22,2107.27,2732.17,2165.78,1756.41,3550.20
2007-05-23,2092.71,2721.75,2158.46,1751.43,3524.00
2007-05-24,2090.79,2716.64,2172.48,1748.95,3501.95
2007-05-25,2094.47,2730.54,2179.69,1764.24,3528.25
2007-05-28,2106.59,2740.25,2193.55,1770.17,3545.85
2007-05-29,2123.11,2773.28,2214.53,1790.10,3571.80
2007-05-30,2086.67,2764.18,2195.58,1778.67,3533.75
2007-05-31,2110.85,2795.64,2209.71,1794.86,3563.65
2007-06-01,2127.60,2816.65,2226.23,1798.67,3575.15
2007-06-04,2122.72,2805.20,2208.17,1783.01,3557.20
2007-06-05,2143.05,2850.52,2227.87,1782.36,3571.45
2007-06-06,2105.45,2812.41,2206.48,1754.81,3502.70
2007-06-07,2097.95,2825.11,2211.17,1750.17,3488.15
2007-06-08,2075.93,2802.59,2195.65,1735.94,3457.40
2007-06-11,2080.86,2807.30,2198.93,1738.09,3458.25
2007-06-12,2085.25,2794.62,2195.48,1739.23,3453.90
2007-06-13,2070.00,2782.99,2188.42,1731.63,3429.20
2007-06-14,2108.76,2821.21,2227.57,1755.86,3482.65
2007-06-15,2115.44,2840.92,2235.34,1757.52,3486.70
2007-06-18,2113.74,2836.37,2238.80,1748.39,3468.40
2007-06-19,2148.02,2875.84,2261.38,1765.30,3519.80
2007-06-20,2180.90,2923.04,2289.45,1778.05,3555.15
2007-06-21,2188.06,2941.57,2301.55,1785.08,3575.75
2007-06-22,2178.74,2947.12,2291.16,1777.02,3571.20
2007-06-25,2178.13,2954.32,2291.20,1777.21,3574.15
2007-06-26,2183.47,2995.81,2304.59,1787.77,3593.85
2007-06-27,2175.37,3008.81,2303.90,1780.55,3575.65
2007-06-28,2191.39,3036.34,2318.96,1789.43,3585.95
2007-06-29,2231.57,3077.08,2347.02,1805.46,3625.75
2007-07-02,2241.64,3099.47,2356.77,1802.93,3631.60
2007-07-03,2262.62,3126.55,2368.46,1813.94,3666.60
2007-07-04,2269.91,3123.56,2361.77,1818.36,3669.30
2007-07-05,2258.08,3103.61,2348.19,1819.19,3652.40
2007-07-06,2272.61,3131.38,2360.81,1828.55,3672.55
2007-07-09,2292.25,3179.60,2378.74,1835.18,3703.65
2007-07-10,2285.65,3165.95,2369.78,1838.28,3693.20
2007-07-11,2280.51,3167.10,2365.40,1835.12,3690.95
2007-07-12,2326.67,3215.87,2393.83,1854.02,3744.45
2007-07-13,2361.95,3224.85,2403.06,1878.69,3780.75
2007-07-16,2363.75,3238.27,2394.09,1873.51,3791.65
2007-07-17,2340.13,3189.20,2364.61,1859.92,3775.95
2007-07-18,2354.15,3184.15,2365.63,1852.72,3774.65
2007-07-19,2380.55,3222.75,2387.03,1865.47,3816.25
2007-07-20,2375.05,3233.14,2394.58,1864.32,3819.30
2007-07-23,2399.25,3243.28,2395.00,1877.60,3859.90
2007-07-24,2397.37,3232.79,2385.02,1872.67,3856.15
2007-07-25,2371.74,3221.25,2372.09,1857.80,3828.65
2007-07-26,2376.97,3233.32,2387.00,1875.05,3848.95
2007-07-27,2302.27,3161.56,2321.78,1807.74,3711.55
2007-07-30,2304.42,3179.57,2314.01,1799.33,3710.35
2007-07-31,2358.56,3246.71,2352.91,1826.31,3783.85
2007-08-01,2256.22,3121.17,2267.87,1761.96,3628.85
2007-08-02,2270.03,3190.46,2284.84,1759.97,3642.85
2007-08-03,2288.73,3257.60,2319.15,1782.85,3688.40
2007-08-06,2254.94,3224.36,2301.02,1769.41,3639.95
2007-08-07,2260.19,3247.32,2305.89,1770.83,3660.55
2007-08-08,2307.86,3289.94,2345.56,1804.98,3739.40
2007-08-09,2271.03,3241.39,2315.45,1786.43,3684.10
2007-08-10,2233.67,3223.35,2294.16,1770.31,3628.70
2007-08-13,2252.08,3249.56,2298.87,1780.09,3659.90
2007-08-14,2251.48,3254.16,2291.33,1776.70,3660.90
2007-08-16,2147.35,3155.69,2215.75,1714.47,3506.10
2007-08-17,2093.78,3099.74,2174.01,1678.64,3447.40
2007-08-20,2148.88,3157.28,2195.72,1706.78,3519.95
2007-08-21,2072.25,3042.15,2123.98,1653.81,3405.15
2007-08-22,2103.28,3048.08,2157.38,1676.34,3450.80
2007-08-23,2078.95,3004.53,2132.83,1666.40,3421.50
2007-08-24,2126.15,3072.01,2170.81,1695.00,3478.95
2007-08-27,2195.62,3160.47,2230.63,1733.84,3575.85
2007-08-28,2222.44,3215.77,2263.46,1749.36,3599.70
2007-08-29,2244.17,3250.79,2273.54,1768.91,3625.65
2007-08-30,2267.94,3271.48,2282.24,1785.11,3656.75
2007-08-31,2297.93,3342.10,2313.50,1806.45,3711.55
2007-09-03,2315.77,3412.96,2342.92,1816.83,3746.25
2007-09-04,2326.36,3415.65,2355.03,1822.42,3755.00
2007-09-05,2331.82,3418.81,2361.81,1827.45,3755.10
2007-09-06,2350.30,3462.79,2385.79,1851.91,3789.90
2007-09-07,2341.72,3482.64,2380.64,1850.99,3782.75
2007-09-10,2347.74,3502.00,2388.26,1849.50,3788.00
2007-09-11,2342.59,3492.78,2383.55,1846.43,3788.00
2007-09-12,2356.18,3511.65,2391.56,1846.25,3789.60
2007-09-13,2379.47,3561.99,2407.24,1852.30,3822.75
2007-09-14,2372.72,3564.69,2384.13,1843.55,3800.85
2007-09-17,2375.50,3594.50,2379.34,1844.43,3793.25
2007-09-18,2403.08,3668.22,2405.79,1858.68,3834.75
2007-09-19,2486.90,3741.45,2454.11,1904.32,3963.65
2007-09-20,2514.54,3788.87,2474.98,1916.85,3987.95
2007-09-21,2548.48,3833.10,2489.09,1928.94,4036.50
2007-09-24,2644.13,3969.24,2513.87,1937.20,4104.50
2007-09-25,2649.91,3982.93,2513.55,1941.22,4111.05
2007-09-26,2615.10,3956.81,2518.53,1950.02,4122.45
2007-09-27,2615.13,3990.26,2524.73,1955.01,4150.15
2007-09-28,2675.34,4116.04,2556.50,1974.44,4188.55
2007-10-01,2740.24,4237.92,2573.34,1987.49,4237.80
2007-10-03,2796.78,4314.54,2596.54,2008.32,4327.50
2007-10-04,2816.05,4348.72,2630.53,2012.78,4335.25
2007-10-05,2793.38,4325.25,2620.97,1999.25,4301.75
2007-10-08,2705.45,4176.78,2536.05,1951.53,4195.25
2007-10-09,2851.46,4397.14,2632.34,2007.46,4369.70
2007-10-10,2951.04,4529.51,2667.12,2040.65,4454.55
2007-10-11,3016.63,4623.50,2722.27,2063.35,4523.80
2007-10-12,2963.53,4592.32,2694.59,2042.95,4451.40
2007-10-15,3121.68,4794.92,2808.09,2110.07,4621.05
2007-10-16,3149.63,4868.74,2834.37,2107.45,4634.05
2007-10-17,3046.66,4740.46,2759.48,2067.67,4531.70
2007-10-18,2889.61,4564.56,2663.20,2018.17,4372.85
2007-10-19,2719.50,4366.42,2568.14,1971.96,4250.45
2007-10-22,2717.18,4367.06,2572.13,1971.81,4238.35
2007-10-23,2963.63,4644.16,2716.51,2049.93,4465.75
2007-10-24,3035.79,4745.88,2780.18,2069.67,4494.00
2007-10-25,3067.28,4823.43,2821.80,2090.15,4545.65
2007-10-26,3200.88,5027.27,2910.91,2142.31,4650.20
2007-10-29,3330.60,5180.64,3022.83,2211.17,4782.95
2007-10-30,3382.29,5228.98,3001.55,2194.81,4770.90
2007-10-31,3461.03,5273.42,3019.74,2192.82,4806.85
2007-11-01,3438.42,5221.48,2979.51,2174.22,4757.85
2007-11-02,3523.45,5310.45,3007.14,2184.29,4810.50
2007-11-05,3545.63,5312.62,2984.53,2159.06,4775.40
2007-11-06,3456.19,5228.12,2959.30,2145.87,4754.80
2007-11-07,3447.36,5211.84,2952.72,2132.79,4747.45
2007-11-08,3421.99,5224.18,2921.51,2105.26,4689.45
2007-11-09,3396.71,5223.00,2914.46,2096.21,4673.75
2007-11-12,3377.92,5160.11,2890.88,2084.88,4639.40
2007-11-13,3464.78,5288.45,2955.54,2110.01,4717.15
2007-11-14,3569.27,5434.12,3025.79,2166.11,4902.45
2007-11-15,3577.13,5490.60,3056.03,2173.24,4923.85
2007-11-16,3579.57,5487.17,3057.25,2184.83,4939.10
2007-11-19,3653.42,5622.78,3108.66,2212.63,4983.35
2007-11-20,3603.82,5537.93,3081.75,2185.24,4883.15
2007-11-21,3391.98,5243.12,2943.47,2112.11,4666.80
2007-11-22,3399.16,5238.42,2906.19,2084.87,4620.75
2007-11-23,3529.23,5355.59,2959.29,2114.94,4705.05
2007-11-26,3631.61,5446.46,3015.47,2156.91,4814.30
2007-11-27,3602.40,5411.45,3008.45,2148.63,4805.30
2007-11-28,3564.06,5393.27,2981.12,2118.92,4754.75
2007-11-29,3558.00,5388.20,2955.33,2105.94,4741.05
2007-11-30,3695.20,5549.18,3029.08,2145.60,4869.55
2007-12-03,3812.53,5727.48,3090.81,2183.41,4969.95
2007-12-04,3873.09,5811.50,3131.56,2208.91,5003.30
2007-12-05,3912.72,5876.55,3178.91,2234.48,5081.20
2007-12-06,3891.71,5843.36,3165.05,2226.75,5081.55
2007-12-07,3873.42,5802.54,3156.50,2224.74,5095.65
2007-12-10,3859.77,5772.23,3152.17,2226.00,5107.40
2007-12-11,3904.84,5818.40,3166.77,2246.54,5192.55
2007-12-12,3963.83,5901.18,3187.50,2264.30,5263.80
2007-12-13,3940.11,5907.89,3176.02,2255.17,5217.15
2007-12-14,3932.52,5892.26,3180.84,2279.42,5224.00
2007-12-17,3698.46,5606.71,3063.58,2202.43,4980.85
2007-12-18,3662.16,5580.37,3044.06,2195.71,4965.70
2007-12-19,3667.15,5606.39,3023.76,2189.96,4969.15
2007-12-20,3663.08,5604.63,3033.39,2194.91,4971.05
2007-12-24,3779.12,5787.83,3088.79,2248.17,5126.40
2007-12-26,3885.28,5972.13,3149.06,2271.09,5228.55
2007-12-27,3856.23,5953.58,3138.51,2269.08,5234.30
2007-12-28,3931.43,6067.15,3182.99,2283.05,5284.20
2007-12-31,3967.13,6127.25,3214.75,2302.56,5354.70
2008-01-01,3981.75,6192.01,3223.38,2314.72,5384.55
2008-01-02,4050.97,6285.32,3255.72,2319.35,5437.80
2008-01-03,4086.15,6325.70,3223.95,2300.52,5442.20
2008-01-04,4150.32,6393.72,3250.20,2321.34,5502.60
2008-01-07,4156.09,6473.11,3241.84,2316.38,5500.15
2008-01-08,4129.50,6443.47,3187.50,2296.46,5460.30
2008-01-09,4092.33,6383.79,3164.88,2280.79,5451.90
2008-01-10,3945.67,6112.80,3078.29,2220.67,5319.90
2008-01-11,3967.00,6101.46,3062.43,2207.24,5348.20
2008-01-14,4063.56,6209.01,3077.03,2193.49,5385.25
2008-01-15,3976.15,6086.89,3043.38,2166.37,5282.10
2008-01-16,3912.59,5955.91,2999.37,2133.85,5164.95
2008-01-17,3899.92,5963.71,3009.35,2147.77,5151.15
2008-01-18,3692.02,5628.91,2892.26,2085.75,4925.85
2008-01-21,3174.93,4921.74,2606.05,1919.36,4425.55
2008-01-22,2972.23,4591.94,2481.11,1799.21,4134.30
2008-01-23,3242.58,4948.62,2640.52,1900.46,4417.00
2008-01-24,3081.17,4726.55,2547.74,1834.25,4267.10
2008-01-25,3376.70,5095.65,2714.21,1956.95,4567.20
2008-01-28,3352.37,5072.36,2671.46,1927.54,4497.50
2008-01-29,3334.02,5067.94,2660.39,1941.55,4491.25
2008-01-30,3221.60,4908.51,2603.94,1914.62,4385.60
2008-01-31,3187.69,4837.99,2563.23,1908.49,4349.00
2008-02-01,3225.42,4880.18,2575.94,1943.30,4450.05
2008-02-04,3321.25,5013.88,2654.07,1993.77,4588.40
2008-02-05,3393.29,5097.78,2663.57,1999.98,4617.30
2008-02-06,3319.22,5003.68,2602.12,1946.54,4503.40
2008-02-07,3187.73,4836.98,2537.86,1893.94,4354.20
2008-02-08,3125.53,4722.80,2491.56,1888.85,4313.95
2008-02-11,2874.46,4385.51,2379.41,1819.97,4086.80
2008-02-12,2868.37,4333.62,2356.65,1804.29,4054.40
2008-02-13,2907.83,4370.30,2397.84,1823.30,4111.65
2008-02-14,3125.11,4663.91,2521.69,1892.96,4343.55
2008-02-15,3192.86,4791.74,2557.81,1919.14,4432.60
2008-02-18,3187.25,4789.21,2562.26,1925.20,4421.30
2008-02-19,3191.91,4782.20,2586.58,1936.74,4428.70
2008-02-20,3082.42,4620.32,2531.37,1902.53,4326.35
2008-02-21,3114.89,4660.75,2552.03,1931.11,4357.35
2008-02-22,3055.17,4592.27,2536.24,1920.26,4295.35
2008-02-25,3095.32,4638.48,2550.72,1941.04,4346.85
2008-02-26,3149.12,4717.56,2580.20,1960.72,4406.05
2008-02-27,3153.91,4716.76,2587.38,1972.12,4407.95
2008-02-28,3136.57,4693.37,2595.81,1984.83,4404.35
2008-02-29,3104.67,4628.29,2572.19,1972.37,4360.70
2008-03-03,2897.38,4346.75,2451.27,1905.15,4138.95
2008-03-04,2821.41,4224.23,2407.03,1876.81,4045.30
2008-03-05,2812.30,4177.72,2382.50,1890.43,4065.65
2008-03-07,2665.20,3933.08,2304.69,1835.67,3922.50
2008-03-10,2673.63,3940.54,2279.60,1824.61,3927.90
2008-03-11,2774.89,4106.76,2351.59,1849.11,4024.40
2008-03-12,2780.48,4073.15,2345.19,1839.87,4010.15
2008-03-13,2565.95,3763.24,2206.32,1759.03,3785.10
2008-03-14,2652.91,3846.96,2232.56,1797.26,3868.65
2008-03-17,2463.01,3580.01,2077.11,1695.09,3642.35
2008-03-18,2445.04,3518.25,2088.28,1711.20,3642.80
2008-03-19,2449.49,3492.75,2093.21,1728.91,3657.80
2008-03-24,2397.62,3407.37,2062.43,1719.86,3656.45
2008-03-25,2594.97,3687.48,2195.01,1801.81,3879.75
2008-03-26,2580.77,3690.69,2193.36,1802.26,3867.25
2008-03-27,2561.59,3679.72,2204.05,1804.84,3862.25
2008-03-28,2679.51,3880.04,2256.74,1850.00,3971.15
2008-03-31,2558.96,3723.54,2195.67,1799.47,3825.85
2008-04-01,2540.21,3683.56,2163.25,1786.26,3817.45
2008-04-02,2518.59,3679.27,2167.66,1794.85,3835.50
2008-04-03,2521.17,3657.71,2150.49,1801.81,3840.30
2008-04-04,2444.29,3553.46,2090.73,1759.50,3747.95
2008-04-07,2508.12,3610.46,2111.38,1791.00,3830.50
2008-04-08,2476.51,3572.43,2099.29,1765.88,3807.10
2008-04-09,2519.85,3650.69,2126.16,1777.76,3844.40
2008-04-10,2547.57,3679.68,2141.13,1780.33,3830.75
2008-04-11,2599.47,3753.29,2163.62,1785.35,3861.70
2008-04-15,2646.80,3815.50,2185.13,1814.15,3938.00
2008-04-16,2667.14,3832.90,2190.26,1829.46,3959.75
2008-04-17,2715.55,3904.82,2210.83,1851.59,4027.90
2008-04-21,2792.61,4020.94,2257.63,1882.07,4099.75
2008-04-22,2844.02,4092.27,2288.57,1887.44,4120.85
2008-04-23,2818.54,4081.22,2293.28,1891.93,4105.25
2008-04-24,2815.67,4057.43,2289.41,1884.87,4083.60
2008-04-25,2873.58,4139.35,2320.04,1902.41,4162.55
2008-04-28,2867.28,4149.07,2315.18,1897.11,4156.90
2008-04-29,2937.18,4231.79,2370.21,1942.30,4233.25
2008-04-30,2922.67,4241.24,2366.95,1948.97,4222.10
2008-05-02,2979.49,4332.81,2386.67,1967.42,4280.40
2008-05-05,2967.41,4335.88,2384.74,1963.17,4267.85
2008-05-06,2905.71,4225.21,2345.38,1948.17,4217.50
2008-05-07,2895.69,4215.67,2321.26,1939.85,4198.60
2008-05-08,2851.67,4159.09,2306.71,1914.44,4152.30
2008-05-09,2739.93,4014.23,2259.71,1890.71,4064.10
2008-05-12,2768.43,4016.49,2246.63,1884.96,4066.30
2008-05-13,2754.50,4030.43,2236.21,1877.00,4041.50
2008-05-14,2804.32,4088.92,2248.59,1887.60,4081.30
2008-05-15,2877.60,4186.21,2286.59,1910.05,4159.30
2008-05-16,2924.74,4203.90,2302.79,1920.41,4198.10
2008-05-20,2894.96,4145.92,2278.77,1903.39,4158.90
2008-05-21,2940.27,4201.91,2285.08,1906.81,4174.60
2008-05-22,2874.55,4111.14,2253.45,1884.04,4099.85
2008-05-23,2810.30,4028.67,2235.32,1859.87,4037.35
2008-05-26,2730.56,3912.39,2183.66,1829.46,3962.50
2008-05-27,2695.46,3859.36,2166.30,1827.81,3944.20
2008-05-28,2727.13,3904.23,2173.69,1852.66,3991.50
2008-05-29,2707.98,3885.28,2167.93,1840.06,3939.40
2008-05-30,2706.56,3871.97,2190.23,1852.65,3959.65
2008-06-02,2610.91,3746.03,2135.53,1817.96,3853.55
2008-06-03,2597.40,3717.60,2127.10,1814.38,3831.65
2008-06-04,2479.01,3565.45,2066.79,1768.90,3719.40
2008-06-05,2540.69,3625.09,2083.43,1812.28,3774.60
2008-06-06,2512.57,3571.20,2069.57,1794.99,3730.50
2008-06-09,2451.26,3465.07,2009.57,1746.44,3611.80
2008-06-10,2432.94,3425.78,1990.12,1729.61,3570.60
2008-06-11,2469.00,3478.01,2016.94,1746.70,3632.35
2008-06-12,2506.50,3534.59,2032.49,1754.52,3645.60
2008-06-13,2479.50,3508.91,2022.13,1743.57,3634.80
2008-06-16,2506.16,3553.90,2048.19,1766.84,3679.75
2008-06-17,2572.69,3652.14,2095.00,1794.98,3753.55
2008-06-18,2515.27,3594.69,2078.26,1779.10,3701.20
2008-06-19,2460.91,3498.31,2027.89,1755.12,3633.45
2008-06-20,2350.57,3350.13,1973.94,1710.94,3510.95
2008-06-23,2251.09,3193.04,1908.14,1675.96,3416.60
2008-06-24,2200.28,3110.36,1869.72,1636.87,3359.05
2008-06-25,2250.71,3157.29,1896.70,1640.40,3401.05
2008-06-26,2271.54,3168.67,1911.27,1661.96,3431.00
2008-06-27,2174.67,3045.90,1834.81,1601.95,3293.65
2008-06-30,2091.26,2941.69,1783.08,1576.60,3203.35
2008-07-01,1987.49,2798.65,1713.04,1521.51,3075.80
2008-07-02,2113.20,2981.05,1785.42,1575.22,3225.00
2008-07-03,1999.02,2832.27,1730.21,1527.00,3098.70
2008-07-04,2077.52,2928.10,1784.17,1549.91,3178.15
2008-07-07,2082.97,2952.96,1814.18,1580.63,3207.80
2008-07-08,2068.70,2935.01,1814.07,1562.72,3186.00
2008-07-09,2173.35,3066.00,1875.06,1619.17,3321.40
2008-07-10,2188.42,3097.04,1880.17,1615.52,3323.65
2008-07-11,2120.75,2987.72,1826.10,1567.06,3232.20
2008-07-14,2122.38,3003.54,1824.32,1552.57,3222.80
2008-07-15,2027.79,2876.06,1750.08,1501.51,3085.50
2008-07-16,1977.11,2824.96,1717.95,1482.51,3049.85
2008-07-17,2025.07,2901.02,1761.37,1515.72,3146.15
2008-07-18,2105.36,2971.84,1805.71,1532.90,3248.05
2008-07-21,2113.68,2985.58,1821.01,1550.44,3289.80
2008-07-22,2198.52,3092.99,1870.92,1586.05,3355.90
2008-07-23,2374.91,3339.87,1983.27,1649.73,3550.80
2008-07-24,2356.93,3310.09,1973.41,1638.48,3524.50
2008-07-25,2293.63,3242.70,1943.75,1622.77,3452.45
2008-07-28,2305.60,3270.79,1961.81,1630.77,3469.40
2008-07-29,2211.53,3142.02,1908.74,1595.91,3350.45
2008-07-30,2308.50,3262.37,1952.74,1629.32,3449.75
2008-07-31,2320.03,3287.21,1960.78,1630.92,3456.70
2008-08-01,2388.22,3371.58,2003.39,1659.68,3524.25
2008-08-04,2436.51,3407.96,2025.90,1676.31,3531.15
2008-08-05,2470.96,3461.30,2052.50,1706.07,3615.90
2008-08-06,2426.40,3415.72,2050.28,1711.72,3618.60
2008-08-07,2430.39,3413.63,2053.57,1723.66,3625.70
2008-08-08,2436.42,3440.36,2081.33,1725.42,3635.00
2008-08-11,2492.93,3526.26,2124.28,1748.42,3707.80
2008-08-12,2445.78,3459.73,2104.07,1729.35,3656.10
2008-08-13,2432.90,3444.41,2097.77,1729.50,3637.70
2008-08-14,2356.78,3344.34,2053.29,1709.72,3551.30
2008-08-18,2318.36,3293.81,2047.18,1701.25,3519.30
2008-08-19,2318.81,3292.95,2033.64,1686.41,3500.75
2008-08-20,2354.59,3352.11,2064.59,1704.09,3536.90
2008-08-21,2277.01,3251.23,2012.29,1665.72,3434.00
2008-08-22,2309.47,3280.83,2028.92,1671.82,3459.75
2008-08-25,2300.62,3279.53,2024.69,1674.62,3467.40
2008-08-26,2306.88,3292.52,2022.91,1678.90,3468.90
2008-08-27,2277.72,3243.94,2007.23,1672.36,3435.25
2008-08-28,2236.12,3199.38,1978.33,1651.28,3376.80
2008-08-29,2325.42,3319.26,2025.70,1690.63,3489.05
2008-09-01,2322.99,3306.26,2024.18,1688.77,3481.55
2008-09-02,2385.56,3400.03,2068.70,1727.73,3599.70
2008-09-04,2354.78,3371.59,2048.85,1714.42,3562.70
2008-09-05,2290.54,3288.86,2019.32,1687.38,3489.35
2008-09-08,2348.66,3353.84,2052.90,1718.34,3575.05
2008-09-09,2326.56,3313.48,2037.82,1711.01,3560.50
2008-09-10,2298.59,3280.90,2032.39,1697.74,3507.40
2008-09-11,2260.52,3237.78,2009.34,1669.69,3433.10
2008-09-12,2237.04,3193.95,1984.14,1648.18,3377.90
2008-09-15,2143.56,3062.86,1919.15,1591.62,3243.60
2008-09-16,2126.81,3021.38,1896.82,1575.10,3229.10
2008-09-17,2088.72,2968.17,1871.16,1560.95,3169.00
2008-09-18,2077.72,2954.04,1860.85,1554.42,3169.75
2008-09-19,2163.95,3051.00,1924.54,1610.54,3314.35
2008-09-22,2168.18,3052.60,1924.27,1610.90,3301.15
2008-09-23,2147.51,3003.83,1895.94,1584.57,3234.00
2008-09-24,2166.73,3033.70,1901.16,1585.09,3255.95
2008-09-25,2139.48,3015.60,1879.94,1566.72,3221.70
2008-09-26,2081.68,2939.06,1848.97,1528.69,3123.75
2008-09-29,2009.87,2827.40,1801.38,1493.14,3007.90
2008-09-30,2037.10,2867.49,1820.75,1497.06,3058.60
2008-10-01,2046.72,2876.12,1832.51,1507.42,3082.80
2008-10-03,1982.27,2801.75,1789.50,1482.87,2984.30
2008-10-06,1856.27,2617.84,1689.27,1408.25,2809.35
2008-10-07,1849.35,2593.63,1681.44,1384.47,2790.90
2008-10-08,1810.52,2509.94,1617.18,1335.13,2693.90
2008-10-10,1696.10,2327.82,1522.42,1255.83,2507.55
2008-10-13,1756.80,2398.92,1580.40,1303.46,2654.35
2008-10-14,1792.95,2459.13,1607.62,1316.36,2685.05
2008-10-15,1711.39,2363.01,1557.22,1263.76,2553.30
2008-10-16,1676.83,2339.89,1527.18,1246.33,2514.70
2008-10-17,1608.93,2273.74,1480.28,1202.28,2386.45
2008-10-20,1616.50,2269.54,1481.83,1220.17,2409.90
2008-10-21,1672.60,2328.81,1526.13,1268.99,2491.45
2008-10-22,1611.74,2272.03,1483.64,1230.64,2378.20
2008-10-23,1532.62,2172.00,1443.13,1196.52,2285.40
2008-10-24,1392.46,2005.35,1339.54,1109.91,2035.25
2008-10-27,1334.54,1912.75,1282.16,1073.76,1973.70
2008-10-28,1408.54,2018.77,1352.44,1128.22,2095.55
2008-10-29,1404.27,1992.04,1335.84,1125.76,2098.50
2008-10-31,1480.36,2080.29,1391.13,1162.22,2225.70
2008-11-03,1537.61,2172.15,1423.04,1198.03,2341.00
2008-11-04,1574.43,2217.92,1432.97,1210.76,2421.25
2008-11-05,1544.36,2182.22,1431.73,1193.85,2329.85
2008-11-06,1510.76,2142.19,1406.53,1169.23,2257.05
2008-11-07,1544.21,2171.91,1425.06,1186.83,2312.25
2008-11-10,1624.26,2258.63,1472.37,1227.95,2438.10
2008-11-11,1547.29,2182.28,1432.15,1176.63,2302.40
2008-11-12,1516.13,2140.97,1408.42,1156.65,2239.30
2008-11-14,1502.66,2118.36,1389.23,1135.73,2203.55
2008-11-17,1488.28,2091.00,1384.33,1126.70,2176.30
2008-11-18,1449.29,2049.26,1356.81,1094.21,2094.25
2008-11-19,1431.09,2023.97,1339.46,1082.34,2055.20
2008-11-20,1386.69,1959.07,1309.83,1058.11,1988.45
2008-11-21,1418.08,1978.47,1334.92,1083.83,2067.20
2008-11-24,1426.59,1986.64,1343.25,1087.36,2075.05
2008-11-25,1427.59,1975.63,1338.31,1076.17,2040.40
2008-11-26,1461.84,2014.07,1359.11,1091.88,2090.75
2008-11-28,1473.30,2026.27,1373.98,1096.54,2093.10
2008-12-01,1435.53,1978.37,1346.52,1076.45,2048.40
2008-12-02,1424.69,1965.12,1329.17,1066.26,2029.40
2008-12-03,1424.10,1967.70,1318.28,1061.65,2040.60
2008-12-04,1460.05,2011.45,1346.50,1092.01,2132.65
2008-12-05,1435.64,1991.19,1336.46,1077.56,2083.10
2008-12-08,1459.08,2010.42,1344.96,1093.36,2121.65
2008-12-10,1501.15,2050.44,1372.25,1129.62,2214.60
2008-12-11,1509.83,2067.82,1367.14,1121.79,2222.35
2008-12-12,1502.91,2071.10,1360.86,1112.92,2230.25
2008-12-15,1536.03,2126.47,1392.33,1135.91,2282.35
2008-12-16,1576.91,2172.32,1424.14,1167.07,2336.85
2008-12-17,1536.14,2112.53,1408.87,1147.76,2268.40
2008-12-18,1577.79,2150.47,1435.70,1178.99,2347.35
2008-12-19,1585.16,2165.18,1454.90,1190.80,2370.35
2008-12-22,1569.61,2142.86,1443.75,1184.03,2343.30
2008-12-23,1542.02,2104.22,1419.12,1162.32,2286.10
2008-12-24,1527.14,2095.43,1403.52,1144.56,2255.10
2008-12-26,1516.38,2094.40,1387.19,1125.87,2212.50
2008-12-29,1550.33,2139.85,1401.64,1138.98,2258.85
2008-12-30,1569.09,2162.53,1420.27,1158.61,2304.40
2008-12-31,1572.82,2174.47,1416.22,1156.62,2295.75
2009-01-01,1608.07,2204.91,1443.10,1179.27,2361.20
2009-01-02,1607.95,2216.50,1445.46,1184.36,2380.40
2009-01-05,1635.10,2231.31,1455.45,1202.03,2433.50
2009-01-06,1632.25,2232.07,1450.53,1216.75,2431.25
2009-01-07,1569.14,2142.20,1403.62,1177.09,2271.40
2009-01-09,1546.94,2120.71,1403.59,1178.67,2225.45
2009-01-12,1513.69,2085.43,1373.11,1151.05,2160.25
2009-01-13,1499.52,2057.14,1368.71,1150.54,2136.60
2009-01-14,1539.11,2106.44,1394.37,1171.74,2200.65
2009-01-15,1507.57,2072.86,1366.41,1145.59,2133.30
2009-01-16,1543.78,2104.17,1379.05,1160.16,2189.45
2009-01-19,1551.35,2114.91,1381.43,1164.57,2204.30
2009-01-20,1538.33,2092.52,1365.09,1148.03,2173.35
2009-01-21,1502.47,2056.39,1352.86,1132.99,2110.85
2009-01-22,1500.25,2042.48,1348.10,1129.95,2105.40
2009-01-23,1484.05,2035.24,1337.15,1113.42,2072.85
2009-01-27,1517.04,2064.76,1351.69,1125.81,2129.45
2009-01-28,1559.47,2105.75,1372.74,1149.12,2188.35
2009-01-29,1542.00,2079.79,1368.01,1144.20,2171.90
2009-01-30,1563.84,2106.28,1374.91,1157.04,2209.05
2009-02-02,1527.15,2062.98,1353.06,1134.41,2138.80
2009-02-03,1525.37,2060.39,1358.64,1142.13,2142.60
2009-02-04,1530.34,2064.74,1356.82,1147.52,2153.25
2009-02-05,1530.90,2062.49,1346.78,1135.48,2136.55
2009-02-06,1558.65,2085.76,1358.13,1155.46,2180.70
2009-02-09,1585.54,2112.14,1377.13,1171.66,2237.25
2009-02-10,1596.03,2127.38,1384.61,1175.41,2248.90
2009-02-11,1587.31,2120.53,1380.71,1173.97,2244.25
2009-02-12,1585.09,2129.61,1385.64,1169.96,2225.80
2009-02-13,1603.29,2153.26,1399.56,1176.70,2264.30
2009-02-16,1556.60,2096.20,1371.35,1156.25,2193.30
2009-02-17,1528.79,2065.93,1351.34,1135.94,2137.35
2009-02-18,1527.14,2056.89,1346.88,1135.49,2138.85
2009-02-19,1527.51,2053.56,1351.44,1139.30,2145.85
2009-02-20,1504.49,2033.79,1334.61,1125.53,2106.10
2009-02-24,1501.09,2018.23,1326.56,1117.52,2095.90
2009-02-25,1517.03,2031.19,1337.95,1126.95,2113.10
2009-02-26,1517.89,2032.77,1356.69,1132.15,2122.40
2009-02-27,1512.52,2031.12,1358.47,1125.67,2112.85
2009-03-02,1472.00,1987.74,1330.02,1101.68,2052.90
2009-03-03,1445.32,1958.23,1307.43,1085.72,2016.30
2009-03-04,1463.27,1976.69,1318.32,1098.00,2027.40
2009-03-05,1437.33,1937.22,1303.18,1083.54,1981.20
2009-03-06,1441.02,1934.16,1300.91,1090.87,2002.40
2009-03-09,1428.71,1918.83,1287.59,1075.28,1966.85
2009-03-12,1450.28,1947.60,1305.98,1094.21,1994.40
2009-03-13,1495.67,1989.22,1328.68,1120.25,2064.60
2009-03-16,1532.51,2043.12,1350.37,1135.34,2114.80
2009-03-17,1538.75,2054.57,1348.55,1128.03,2104.05
2009-03-18,1569.29,2107.81,1358.27,1134.13,2134.90
2009-03-19,1575.42,2120.51,1361.15,1140.81,2145.25
2009-03-20,1559.01,2083.42,1367.20,1148.12,2139.70
2009-03-23,1611.83,2152.13,1397.76,1175.88,2230.55
2009-03-24,1603.70,2147.93,1390.03,1171.91,2224.25
2009-03-25,1620.96,2162.23,1388.18,1176.67,2255.60
2009-03-26,1627.51,2133.80,1416.23,1204.86,2314.20
2009-03-27,1646.39,2163.15,1432.71,1227.07,2343.70
2009-03-30,1623.95,2138.37,1427.36,1200.98,2259.50
2009-03-31,1650.95,2173.87,1455.75,1222.96,2294.85
2009-04-01,1638.75,2158.66,1455.94,1229.19,2324.75
2009-04-02,1667.87,2198.30,1486.67,1268.17,2429.05
2009-04-06,1662.50,2198.40,1498.04,1274.40,2473.30
2009-04-08,1706.95,2261.32,1536.53,1315.16,2537.55
2009-04-09,1702.27,2248.29,1529.29,1316.21,2545.95
2009-04-13,1699.00,2256.13,1548.65,1332.09,2598.95
2009-04-15,1728.94,2311.38,1579.35,1370.93,2691.30
2009-04-16,1719.85,2274.13,1567.64,1342.66,2593.90
2009-04-17,1730.27,2285.42,1575.20,1353.06,2612.60
2009-04-20,1739.90,2308.31,1585.88,1369.21,2621.70
2009-04-21,1735.67,2296.75,1578.32,1364.13,2612.65
2009-04-22,1719.80,2266.24,1571.06,1348.81,2584.90
2009-04-23,1748.84,2295.85,1591.92,1382.44,2646.00
2009-04-24,1763.72,2315.28,1610.21,1393.54,2689.95
2009-04-27,1749.36,2300.94,1606.44,1391.40,2674.75
2009-04-28,1725.95,2253.22,1587.15,1358.43,2588.40
2009-04-29,1754.60,2296.32,1616.32,1389.58,2662.95
2009-05-04,1795.70,2353.98,1661.71,1456.25,2788.05
2009-05-05,1788.18,2350.73,1660.05,1451.05,2808.65
2009-05-06,1768.02,2325.59,1642.00,1442.57,2778.30
2009-05-07,1776.49,2343.43,1658.00,1462.74,2831.55
2009-05-08,1762.96,2333.86,1647.92,1447.14,2795.95
2009-05-11,1746.04,2298.64,1634.69,1428.86,2748.65
2009-05-12,1773.30,2334.20,1644.71,1448.01,2825.50
2009-05-13,1767.64,2318.67,1635.10,1438.07,2799.05
2009-05-14,1766.85,2325.97,1636.04,1439.98,2786.05
2009-05-15,1779.54,2348.89,1654.71,1476.40,2833.65
2009-05-18,2003.03,2657.25,1828.56,1666.91,3293.35
2009-05-19,1935.52,2632.34,1776.64,1643.61,3309.05
2009-05-20,1956.89,2696.37,1812.92,1692.85,3341.65
2009-05-21,1949.60,2669.72,1806.00,1674.63,3327.65
2009-05-22,1954.57,2681.07,1817.48,1681.10,3355.05
2009-05-25,1986.11,2711.07,1847.60,1696.63,3401.70
2009-05-26,1938.12,2619.88,1803.29,1658.94,3309.70
2009-05-27,1964.55,2664.85,1846.64,1708.28,3442.30
2009-05-28,1961.89,2667.23,1861.30,1710.63,3487.70
2009-05-29,1998.02,2707.99,1888.50,1743.19,3579.90
2009-06-01,2045.00,2786.31,1928.00,1791.00,3654.20
2009-06-02,2038.25,2775.55,1939.42,1803.85,3641.50
2009-06-03,2059.89,2814.53,1978.08,1825.72,3656.50
2009-06-04,2086.47,2876.03,1995.94,1844.21,3708.10
2009-06-05,2107.01,2886.41,2002.02,1859.39,3710.50
2009-06-08,2043.18,2775.58,1947.03,1803.98,3562.70
2009-06-09,2067.84,2824.72,1994.31,1869.41,3661.25
2009-06-10,2105.83,2866.07,2030.81,1909.52,3732.80
2009-06-11,2100.42,2866.90,1998.94,1894.09,3711.10
2009-06-12,2073.22,2829.81,1981.08,1876.32,3664.90
2009-06-15,2065.48,2790.42,1974.21,1856.47,3594.25
2009-06-16,2095.48,2836.09,1981.85,1871.92,3639.40
2009-06-17,2043.59,2752.11,1942.55,1802.98,3504.30
2009-06-18,2003.93,2693.28,1914.68,1754.63,3412.45
2009-06-19,2024.78,2718.28,1947.75,1785.32,3458.85
2009-06-22,2015.23,2691.12,1937.74,1766.05,3408.10
2009-06-23,2012.63,2686.48,1933.90,1762.86,3420.45
2009-06-24,2042.71,2734.96,1963.61,1800.61,3467.10
2009-06-25,2020.19,2704.58,1938.70,1784.47,3433.15
2009-06-26,2046.01,2737.54,1964.72,1818.62,3521.85
2009-06-29,2053.06,2771.11,1965.90,1816.76,3555.30
2009-06-30,2031.80,2713.40,1950.87,1785.31,3469.70
2009-07-01,2057.41,2748.57,1950.77,1798.48,3503.65
2009-07-02,2073.40,2753.79,1962.85,1818.42,3526.70
2009-07-03,2096.93,2773.15,1972.75,1831.85,3568.05
2009-07-06,2025.03,2660.83,1920.66,1772.64,3374.15
2009-07-07,2050.05,2700.29,1965.92,1803.89,3382.80
2009-07-08,2038.53,2674.60,1946.76,1778.11,3295.10
2009-07-09,2058.81,2706.41,1957.02,1788.33,3306.05
2009-07-10,2041.45,2667.34,1943.14,1767.83,3244.90
2009-07-13,2025.77,2647.60,1911.92,1736.43,3198.50
2009-07-14,2076.15,2732.22,1952.98,1798.17,3313.10
2009-07-15,2118.88,2805.25,1992.72,1855.10,3435.70
2009-07-16,2119.83,2805.76,2001.35,1856.59,3442.55
2009-07-17,2164.39,2858.24,2048.57,1913.48,3542.20
2009-07-20,2198.76,2911.78,2093.17,1985.15,3630.95
2009-07-21,2184.61,2900.74,2093.91,1986.65,3602.95
2009-07-22,2158.51,2862.14,2092.50,1956.33,3565.00
2009-07-23,2211.16,2936.16,2133.13,2003.17,3646.25
2009-07-24,2222.67,2962.57,2172.17,2026.94,3689.65
2009-07-27,2232.54,2991.15,2198.84,2045.93,3708.00
2009-07-28,2239.44,2985.71,2201.09,2057.77,3726.15
2009-07-29,2223.91,2956.08,2183.72,2026.25,3685.65
2009-07-30,2255.48,2980.26,2203.66,2053.31,3721.35
2009-07-31,2260.15,2993.48,2234.64,2081.65,3764.10
2009-08-03,2273.12,3013.32,2274.59,2103.88,3823.80
2009-08-04,2274.71,3019.31,2276.01,2097.32,3806.20
2009-08-05,2275.52,3008.54,2272.41,2118.94,3827.30
2009-08-06,2233.07,2948.85,2227.41,2069.35,3742.55
2009-08-07,2207.88,2900.78,2188.55,2029.92,3663.60
2009-08-10,2159.91,2842.47,2155.25,2016.60,3625.00
2009-08-11,2173.85,2857.77,2160.40,2025.81,3647.75
2009-08-12,2168.76,2862.23,2161.08,2013.47,3641.00
2009-08-13,2224.79,2947.18,2231.37,2076.19,3758.15
2009-08-14,2215.20,2921.07,2235.87,2067.39,3749.60
2009-08-17,2143.02,2823.09,2146.92,1994.41,3606.25
2009-08-18,2175.87,2865.41,2175.46,2015.29,3665.75
2009-08-19,2146.53,2827.39,2157.44,1973.63,3607.05
2009-08-20,2176.45,2870.21,2171.35,2000.06,3650.90
2009-08-21,2199.46,2896.29,2206.76,2032.77,3701.05
2009-08-24,2225.15,2944.27,2251.82,2078.86,3779.55
2009-08-25,2227.88,2941.32,2258.91,2093.68,3794.50
2009-08-26,2236.98,2952.95,2271.23,2108.26,3820.75
2009-08-27,2235.10,2957.93,2281.64,2109.15,3831.90
2009-08-28,2246.60,2976.26,2292.14,2122.88,3864.40
2009-08-31,2252.11,2986.12,2288.29,2111.41,3840.25
2009-09-01,2258.62,2977.27,2287.18,2091.39,3803.20
2009-09-02,2275.24,2974.70,2280.78,2090.34,3788.95
2009-09-03,2278.10,2969.34,2285.21,2089.85,3784.45
2009-09-04,2302.54,3004.94,2316.64,2120.48,3837.80
2009-09-07,2341.94,3041.87,2338.99,2152.76,3924.10
2009-09-08,2324.64,3023.72,2327.14,2151.12,3929.65
2009-09-09,2303.69,3010.80,2321.43,2141.88,3925.40
2009-09-10,2306.59,2999.51,2307.04,2144.29,3922.35
2009-09-11,2282.12,2978.76,2305.38,2140.16,3914.05
2009-09-14,2285.30,2977.09,2297.05,2133.14,3908.95
2009-09-15,2323.08,3035.39,2322.13,2163.60,3973.00
2009-09-16,2351.35,3065.65,2343.77,2196.98,4019.30
2009-09-17,2343.88,3066.89,2362.78,2215.07,4023.10
2009-09-18,2359.01,3082.36,2386.94,2230.85,4045.25
2009-09-22,2387.37,3112.44,2401.39,2245.28,4069.25
2009-09-23,2372.75,3091.62,2385.34,2220.52,4028.30
2009-09-24,2377.55,3098.66,2382.32,2225.25,4040.90
2009-09-25,2401.41,3125.33,2404.13,2213.29,4041.35
2009-09-29,2413.59,3139.29,2427.16,2236.85,4072.05
2009-09-30,2425.85,3159.13,2433.85,2250.95,4118.65
2009-10-01,2404.82,3145.35,2425.13,2254.70,4119.05
2009-10-05,2392.58,3120.48,2406.91,2239.28,4046.70
2009-10-06,2398.13,3127.15,2413.21,2245.80,4047.95
2009-10-07,2400.04,3125.91,2417.77,2245.53,4042.95
2009-10-08,2413.51,3138.59,2425.31,2248.70,4059.50
2009-10-09,2392.73,3121.57,2422.99,2231.50,4029.55
2009-10-12,2428.38,3161.92,2444.24,2269.35,4100.05
2009-10-14,2446.69,3197.66,2464.88,2311.74,4159.60
2009-10-15,2440.32,3209.59,2474.42,2304.38,4165.45
2009-10-16,2437.56,3218.64,2469.52,2302.59,4194.95
2009-10-17,2441.61,3227.84,2480.75,2315.91,4207.05
2009-10-20,2439.91,3212.09,2476.55,2310.80,4193.20
2009-10-21,2406.17,3167.22,2461.95,2285.72,4153.10
2009-10-22,2377.08,3126.43,2437.18,2265.18,4089.80
2009-10-23,2409.09,3156.25,2463.44,2290.00,4104.75
2009-10-26,2397.66,3131.98,2443.93,2279.70,4067.75
2009-10-27,2355.17,3059.71,2385.83,2233.31,3960.20
2009-10-28,2357.32,3072.91,2412.06,2236.21,3949.30
2009-10-29,2318.40,3030.93,2391.31,2232.51,3882.85
2009-10-30,2313.86,3014.93,2384.86,2217.94,3853.15
2009-11-03,2267.81,2917.58,2316.76,2153.79,3727.45
2009-11-04,2329.92,3001.68,2369.32,2194.91,3836.20
2009-11-05,2375.73,3072.62,2420.74,2220.38,3899.75
2009-11-06,2404.75,3116.22,2458.14,2230.48,3950.45
2009-11-09,2464.23,3192.02,2489.30,2258.05,4026.80
2009-11-10,2438.75,3173.44,2504.43,2250.99,4034.70
2009-11-11,2498.75,3263.79,2565.59,2304.45,4130.90
2009-11-12,2476.72,3233.45,2544.06,2293.49,4084.10
2009-11-13,2495.53,3255.25,2584.77,2323.20,4114.45
2009-11-16,2531.09,3289.37,2601.25,2346.57,4162.25
2009-11-17,2541.47,3292.89,2612.64,2358.27,4160.85
2009-11-18,2538.62,3303.58,2618.37,2366.29,4164.90
2009-11-19,2497.97,3246.89,2577.96,2334.85,4109.45
2009-11-20,2523.14,3271.56,2587.15,2352.28,4147.60
2009-11-23,2525.82,3288.72,2608.50,2373.58,4180.80
2009-11-24,2543.03,3299.67,2617.22,2372.66,4178.90
2009-11-25,2545.17,3303.00,2634.40,2388.47,4184.60
2009-11-26,2512.27,3246.52,2594.61,2365.85,4121.35
2009-11-27,2507.05,3229.33,2558.02,2336.87,4069.05
2009-11-30,2538.15,3271.72,2594.69,2372.44,4145.45
2009-12-01,2587.13,3338.59,2625.95,2397.83,4216.40
2009-12-02,2588.62,3342.20,2640.38,2397.19,4224.10
2009-12-03,2617.33,3367.86,2658.03,2409.32,4247.15
2009-12-04,2605.73,3347.62,2654.82,2409.92,4238.85
2009-12-07,2584.76,3327.78,2642.08,2395.98,4199.70
2009-12-08,2597.95,3361.16,2663.54,2424.37,4255.00
2009-12-09,2594.97,3363.17,2664.91,2425.63,4238.70
2009-12-10,2595.49,3351.27,2657.15,2418.92,4258.25
2009-12-11,2590.90,3346.68,2653.16,2423.89,4242.90
2009-12-14,2592.65,3350.36,2650.09,2425.89,4231.35
2009-12-15,2561.20,3301.44,2631.29,2412.03,4173.15
2009-12-16,2567.70,3322.22,2636.85,2420.88,4177.30
2009-12-17,2574.81,3346.03,2659.26,2439.73,4189.45
2009-12-18,2564.58,3338.47,2644.47,2429.47,4153.05
2009-12-21,2546.00,3310.59,2637.15,2418.60,4132.35
2009-12-22,2565.39,3336.94,2661.70,2436.30,4168.60
2009-12-23,2609.54,3396.81,2706.15,2486.52,4274.85
2009-12-24,2614.21,3420.54,2729.17,2503.87,4300.35
2009-12-29,2613.44,3431.83,2734.49,2501.47,4310.25
2009-12-30,2612.53,3445.28,2735.71,2503.75,4306.85
2009-12-31,2630.06,3465.99,2747.08,2515.14,4329.10
2010-01-04,2661.68,3513.62,2770.44,2543.31,4367.65
2010-01-05,2682.40,3534.53,2795.57,2566.41,4416.05
2010-01-06,2681.93,3527.50,2781.72,2566.10,4422.65
2010-01-07,2662.77,3515.95,2756.25,2549.58,4411.55
2010-01-08,2658.25,3506.45,2738.54,2534.43,4405.30
2010-01-11,2683.46,3527.42,2772.05,2559.58,4432.50
2010-01-12,2684.73,3536.48,2796.47,2554.64,4391.70
2010-01-13,2706.71,3559.28,2817.08,2586.67,4415.60
2010-01-14,2729.03,3577.68,2844.89,2605.89,4450.45
2010-01-15,2733.06,3586.44,2856.93,2601.35,4468.15
2010-01-18,2739.95,3601.47,2879.51,2605.90,4499.60
2010-01-19,2714.91,3579.78,2856.41,2579.06,4469.30
2010-01-20,2711.03,3584.58,2859.25,2582.18,4453.65
2010-01-21,2670.58,3510.78,2800.19,2532.67,4343.25
2010-01-22,2649.54,3493.83,2783.43,2514.81,4310.75
2010-01-25,2606.41,3411.68,2746.50,2496.26,4278.55
2010-01-27,2481.09,3231.75,2643.50,2422.62,4125.50
2010-01-28,2498.72,3260.62,2671.45,2432.44,4137.50
2010-01-29,2502.39,3260.39,2669.81,2423.39,4156.05
2010-02-01,2555.52,3313.44,2708.08,2464.85,4196.30
2010-02-02,2518.15,3282.29,2677.76,2441.27,4138.25
2010-02-03,2563.47,3347.45,2720.63,2480.09,4212.10
2010-02-04,2519.57,3272.67,2672.08,2436.87,4139.70
2010-02-05,2470.61,3209.25,2622.93,2387.05,4023.65
2010-02-06,2492.79,3250.51,2654.40,2413.69,4066.85
2010-02-08,2480.68,3243.97,2636.27,2407.70,4067.30
2010-02-09,2499.96,3276.04,2668.21,2428.35,4104.00
2010-02-10,2491.86,3273.42,2665.79,2422.40,4079.70
2010-02-11,2512.30,3328.77,2690.52,2450.00,4123.60
2010-02-15,2513.07,3338.46,2690.95,2450.59,4096.20
2010-02-16,2533.07,3369.00,2697.79,2473.26,4134.65
2010-02-17,2546.45,3398.54,2711.58,2488.00,4171.55
2010-02-18,2527.44,3370.71,2697.32,2481.24,4145.85
2010-02-19,2508.73,3343.97,2675.04,2463.11,4102.70
2010-02-22,2507.44,3344.37,2674.80,2463.40,4094.25
2010-02-23,2492.90,3319.69,2671.54,2463.79,4089.70
2010-02-24,2503.12,3304.71,2665.60,2456.93,4080.65
2010-02-25,2483.15,3265.18,2662.95,2457.36,4072.35
2010-02-26,2526.87,3323.38,2708.75,2477.48,4127.55
2010-03-02,2553.50,3418.31,2774.62,2525.85,4192.30
2010-03-03,2592.43,3469.57,2804.42,2548.39,4249.85
2010-03-04,2602.95,3479.46,2820.93,2569.14,4262.35
2010-03-05,2616.18,3489.68,2821.84,2577.42,4270.25
2010-03-08,2642.19,3525.40,2847.98,2607.81,4287.75
2010-03-09,2629.18,3508.14,2853.29,2602.17,4252.40
2010-03-10,2614.05,3501.55,2851.65,2604.20,4253.80
2010-03-11,2614.80,3491.64,2861.33,2610.44,4252.85
2010-03-12,2625.36,3499.13,2866.92,2611.33,4253.35
2010-03-15,2611.64,3485.44,2871.23,2610.07,4233.40
2010-03-16,2629.66,3521.51,2888.64,2629.69,4273.65
2010-03-17,2639.85,3530.34,2917.09,2644.72,4304.20
2010-03-18,2642.25,3521.41,2919.41,2644.67,4306.60
2010-03-19,2650.14,3523.67,2918.72,2654.85,4324.00
2010-03-22,2635.57,3487.47,2897.61,2640.26,4278.75
2010-03-23,2638.58,3479.10,2908.21,2649.40,4287.30
2010-03-25,2651.61,3503.43,2942.19,2664.22,4293.70
2010-03-26,2671.30,3537.08,2946.61,2672.45,4312.95
2010-03-29,2683.04,3535.74,2937.98,2674.50,4320.95
2010-03-30,2658.12,3506.02,2911.68,2659.22,4313.20
2010-03-31,2655.16,3514.83,2921.86,2668.01,4313.25
2010-04-01,2673.10,3547.99,2954.48,2681.04,4345.20
2010-04-05,2708.87,3603.48,2985.16,2703.19,4403.90
2010-04-06,2707.27,3587.33,2975.58,2690.73,4410.30
2010-04-07,2708.56,3594.48,2986.76,2698.30,4424.95
2010-04-08,2688.65,3579.63,2983.69,2684.09,4381.70
2010-04-09,2696.12,3584.82,2989.94,2688.22,4410.05
2010-04-12,2678.53,3578.14,2989.42,2690.86,4394.70
2010-04-13,2680.42,3590.62,2999.45,2692.93,4383.35
2010-04-15,2678.75,3592.14,3007.41,2695.19,4359.40
2010-04-16,2675.25,3577.96,3000.71,2698.97,4342.25
2010-04-19,2646.86,3544.72,2976.64,2660.96,4290.20
2010-04-20,2666.03,3560.63,2976.01,2665.14,4319.75
2010-04-21,2684.16,3607.30,3009.21,2684.66,4344.40
2010-04-22,2694.26,3625.56,3009.50,2687.56,4356.60
2010-04-23,2695.26,3631.52,3022.30,2682.58,4369.00
2010-04-26,2715.94,3655.87,3043.52,2691.40,4383.80
2010-04-27,2713.01,3645.75,3034.16,2685.95,4378.30
2010-04-28,2683.76,3595.73,3006.52,2661.55,4315.10
2010-04-29,2703.99,3626.65,3019.37,2656.41,4338.25
2010-04-30,2719.15,3645.38,3038.08,2670.98,4368.10
2010-05-03,2698.35,3598.67,3022.05,2647.56,4341.25
2010-05-04,2646.35,3548.65,2996.49,2613.37,4277.85
2010-05-05,2655.42,3561.33,3008.69,2614.50,4271.50
2010-05-06,2636.72,3543.72,2978.97,2591.28,4256.75
2010-05-07,2580.66,3442.10,2915.64,2551.60,4182.25
2010-05-10,2679.59,3556.36,2987.38,2613.50,4298.60
2010-05-11,2643.69,3519.24,2953.99,2582.61,4250.00
2010-05-12,2658.70,3544.14,2964.37,2592.75,4263.90
2010-05-13,2685.35,3579.77,2989.78,2608.90,4290.60
2010-05-14,2655.52,3541.31,2965.89,2590.00,4236.65
2010-05-17,2642.42,3516.22,2938.02,2590.77,4213.25
2010-05-18,2632.10,3519.44,2952.50,2589.26,4217.40
2010-05-19,2548.59,3415.05,2891.43,2533.87,4106.40
2010-05-20,2555.59,3422.13,2893.09,2537.01,4133.45
2010-05-21,2536.92,3379.00,2866.15,2520.41,4101.60
2010-05-24,2530.00,3376.37,2876.02,2534.04,4110.80
2010-05-25,2452.20,3262.21,2792.28,2464.63,4001.90
2010-05-26,2503.14,3329.02,2843.36,2508.99,4070.55
2010-05-27,2517.27,3365.00,2877.83,2536.72,4125.75
2010-05-28,2576.66,3425.80,2940.77,2585.45,4186.80
2010-05-31,2595.89,3471.20,2968.84,2600.36,4226.60
2010-06-01,2541.84,3404.51,2925.56,2566.56,4149.10
2010-06-02,2557.13,3435.84,2948.18,2591.69,4189.75
2010-06-03,2593.37,3491.53,2987.98,2626.72,4253.15
2010-06-04,2598.96,3494.91,2993.60,2635.67,4263.45
2010-06-07,2556.53,3421.10,2945.16,2607.70,4190.00
2010-06-08,2538.86,3393.14,2929.64,2597.69,4152.00
2010-06-09,2552.59,3399.42,2939.97,2593.02,4172.00
2010-06-10,2599.17,3454.45,2979.41,2625.57,4228.95
2010-06-11,2614.30,3480.57,2985.29,2629.75,4247.25
2010-06-14,2631.03,3508.53,3013.05,2656.70,4299.05
2010-06-15,2632.25,3514.75,3021.96,2673.95,4314.80
2010-06-16,2643.82,3525.78,3030.64,2676.65,4319.95
2010-06-17,2665.82,3551.79,3048.98,2688.21,4344.30
2010-06-18,2647.05,3535.69,3041.37,2690.14,4328.65
2010-06-21,2696.67,3591.94,3070.98,2727.70,4388.70
2010-06-22,2672.32,3569.14,3046.57,2712.70,4368.70
2010-06-23,2679.35,3588.54,3065.24,2725.85,4379.75
2010-06-24,2679.05,3580.25,3056.14,2723.24,4372.35
2010-06-25,2647.89,3546.09,3029.20,2694.44,4365.85
2010-06-28,2675.97,3582.59,3061.30,2719.73,4429.25
2010-06-29,2646.81,3540.89,3031.25,2688.02,4383.75
2010-06-30,2659.32,3550.46,3044.62,2701.69,4420.70
2010-07-01,2632.48,3533.94,3024.22,2682.22,4386.35
2010-07-02,2627.08,3534.56,3014.52,2678.73,4382.55
2010-07-05,2634.95,3551.27,3021.07,2680.57,4379.65
2010-07-06,2668.25,3586.82,3051.43,2705.54,4413.70
2010-07-07,2650.35,3568.28,3034.32,2691.92,4385.90
2010-07-08,2672.51,3601.87,3066.08,2707.44,4424.35
2010-07-09,2695.76,3622.20,3092.04,2714.35,4461.55
2010-07-12,2704.96,3644.55,3107.00,2724.84,4474.70
2010-07-13,2713.04,3646.27,3112.89,2725.93,4491.35
2010-07-14,2703.82,3642.93,3105.02,2714.75,4479.25
2010-07-15,2709.43,3641.36,3108.02,2722.75,4468.45
2010-07-16,2728.87,3685.16,3140.01,2737.31,4490.05
2010-07-19,2730.27,3687.84,3145.29,2728.10,4488.95
2010-07-20,2718.11,3671.65,3137.34,2721.35,4474.75
2010-07-21,2749.88,3699.95,3168.35,2741.02,4499.15
2010-07-22,2775.23,3717.16,3183.16,2758.62,4528.65
2010-07-23,2769.19,3707.01,3180.82,2755.68,4523.25
2010-07-26,2761.81,3689.51,3171.22,2750.22,4497.50
2010-07-27,2779.35,3710.18,3169.87,2752.75,4508.90
2010-07-28,2797.71,3699.11,3154.19,2753.84,4494.60
2010-07-29,2795.49,3708.40,3152.75,2750.67,4490.40
2010-07-30,2784.41,3703.65,3155.81,2743.48,4475.15
2010-08-02,2812.72,3737.33,3168.04,2751.61,4523.50
2010-08-03,2820.29,3749.27,3171.24,2747.46,4535.85
2010-08-04,2829.29,3782.82,3204.41,2772.23,4551.85
2010-08-05,2827.10,3783.76,3204.75,2767.84,4543.20
2010-08-06,2829.51,3786.03,3198.40,2766.63,4539.85
2010-08-09,2858.43,3828.18,3232.64,2791.00,4579.65
2010-08-10,2854.24,3817.74,3209.97,2777.50,4557.70
2010-08-11,2838.09,3795.75,3198.24,2765.27,4535.40
2010-08-12,2843.38,3809.49,3192.34,2748.82,4544.70
2010-08-13,2865.65,3832.41,3231.64,2768.40,4576.40
2010-08-16,2860.55,3811.08,3215.79,2760.54,4554.45
2010-08-17,2858.93,3826.88,3215.35,2752.44,4558.50
2010-08-18,2900.19,3895.40,3251.37,2789.43,4600.55
2010-08-19,2931.19,3948.05,3263.38,2807.45,4631.85
2010-08-20,2933.86,3941.27,3264.24,2798.58,4629.55
2010-08-23,2949.47,3954.23,3289.48,2807.16,4655.75
2010-08-24,2936.96,3940.10,3276.32,2796.22,4624.85
2010-08-25,2905.91,3886.58,3254.75,2777.74,4582.00
2010-08-26,2902.68,3901.59,3267.44,2792.30,4592.75
2010-08-27,2876.86,3858.95,3233.84,2763.37,4550.90
2010-08-30,2882.63,3857.78,3224.42,2756.84,4557.60
2010-08-31,2889.83,3832.41,3201.07,2752.63,4537.25
2010-09-01,2935.09,3887.95,3238.01,2774.38,4603.45
2010-09-02,2940.04,3907.64,3251.74,2788.63,4610.95
2010-09-03,2942.87,3937.78,3274.97,2794.98,4623.65
2010-09-06,2999.87,4024.77,3319.83,2824.43,4693.80
2010-09-07,3001.41,4030.16,3321.90,2846.44,4712.15
2010-09-08,2994.76,4035.54,3325.95,2856.05,4720.75
2010-09-09,2996.45,4017.11,3328.88,2860.94,4740.35
2010-09-13,3043.49,4060.71,3360.38,2885.16,4813.25
2010-09-14,3052.35,4059.45,3368.42,2889.80,4828.55
2010-09-15,3073.09,4092.04,3394.95,2919.00,4861.30
2010-09-16,3038.05,4057.08,3357.20,2895.20,4824.15
2010-09-17,3086.28,4108.86,3401.80,2933.40,4876.50
2010-09-20,3110.85,4138.27,3416.80,2974.97,4930.00
2010-09-21,3115.87,4141.96,3415.57,2978.24,4925.95
2010-09-22,3099.44,4112.79,3400.96,2975.50,4909.10
2010-09-23,3102.81,4092.72,3413.34,2983.45,4891.55
2010-09-24,3117.87,4132.58,3442.99,3017.56,4934.20
2010-09-27,3140.44,4145.20,3436.53,3013.01,4958.40
2010-09-28,3139.70,4140.61,3429.51,3014.96,4960.65
2010-09-29,3131.33,4133.86,3424.10,3002.32,4926.05
2010-09-30,3122.08,4129.00,3428.90,3005.10,4925.15
2010-10-01,3170.32,4197.05,3485.24,3062.86,5018.80
2010-10-04,3190.66,4229.02,3499.15,3073.79,5039.65
2010-10-05,3193.43,4266.57,3516.87,3078.47,5046.70
2010-10-06,3218.63,4310.36,3560.07,3109.70,5091.05
2010-10-07,3203.93,4271.10,3537.00,3083.17,5052.90
2010-10-08,3186.38,4235.80,3505.32,3066.48,5032.65
2010-10-11,3221.45,4287.19,3545.39,3090.09,5064.95
2010-10-12,3198.24,4264.58,3533.41,3077.70,5027.45
2010-10-13,3240.09,4298.98,3562.09,3133.05,5121.80
2010-10-14,3229.34,4290.29,3571.16,3130.97,5084.75
2010-10-15,3175.88,4224.15,3503.53,3072.11,4998.70
2010-10-18,3177.22,4198.71,3480.63,3070.71,5001.70
2010-10-19,3162.56,4189.88,3476.25,3063.06,4975.25
2010-10-20,3153.53,4180.67,3479.73,3056.59,4946.05
2010-10-21,3213.87,4226.08,3537.12,3097.16,5035.90
2010-10-22,3217.37,4254.35,3567.59,3093.40,5018.70
2010-10-25,3247.14,4316.04,3618.43,3116.19,5046.95
2010-10-26,3262.64,4341.31,3628.40,3113.04,5031.10
2010-10-27,3260.85,4351.32,3638.65,3100.12,4986.70
2010-10-28,3250.23,4329.78,3619.47,3078.51,4962.40
2010-10-29,3270.06,4327.20,3613.76,3070.05,4972.95
2010-11-01,3328.06,4395.46,3661.30,3107.17,5052.95
2010-11-02,3341.43,4392.89,3670.36,3119.34,5060.85
2010-11-03,3355.26,4420.37,3701.74,3148.61,5091.00
2010-11-04,3403.31,4463.31,3731.97,3177.92,5170.75
2010-11-05,3417.92,4484.64,3746.13,3188.11,5197.05
2010-11-08,3409.58,4476.62,3744.27,3190.74,5174.25
2010-11-09,3420.24,4503.16,3771.58,3215.49,5198.30
2010-11-10,3423.02,4525.48,3778.32,3221.39,5186.15
2010-11-11,3380.67,4499.38,3761.83,3187.25,5119.50
2010-11-12,3318.35,4397.73,3696.97,3131.14,5012.30
2010-11-15,3351.73,4416.98,3715.22,3142.08,5042.80
2010-11-16,3289.92,4332.33,3663.39,3085.85,4936.10
2010-11-18,3300.22,4322.37,3673.36,3102.54,4940.05
2010-11-19,3244.51,4252.49,3622.27,3053.09,4850.55
2010-11-22,3307.84,4327.50,3665.95,3094.50,4936.85
2010-11-23,3286.12,4298.61,3639.63,3073.13,4877.05
2010-11-24,3221.71,4218.01,3570.03,3038.38,4819.05
2010-11-25,3144.11,4142.23,3507.19,2993.61,4742.85
2010-11-26,3078.77,4059.16,3452.31,2961.58,4677.50
2010-11-29,3122.05,4072.13,3489.70,2999.22,4736.45
2010-11-30,3188.90,4124.80,3552.04,3035.98,4781.40
2010-12-01,3253.64,4238.33,3600.26,3080.38,4876.30
2010-12-02,3275.28,4288.11,3617.54,3100.80,4916.20
2010-12-03,3250.15,4220.38,3593.69,3085.31,4875.80
2010-12-06,3201.14,4193.28,3556.69,3071.18,4867.15
2010-12-07,3150.47,4120.36,3506.52,3050.21,4844.05
2010-12-08,3087.18,4018.21,3430.20,3006.54,4774.45
2010-12-09,2994.81,3860.73,3315.57,2927.17,4639.10
2010-12-10,3031.04,3923.37,3370.76,2965.51,4713.30
2010-12-13,3066.82,3986.13,3416.74,3000.57,4765.60
2010-12-14,3105.18,4054.98,3450.64,3024.54,4808.80
2010-12-15,3049.06,3985.98,3388.10,2999.46,4760.30
2010-12-16,3063.00,3996.44,3411.77,3023.71,4794.95
2010-12-20,3036.74,3999.70,3444.15,3049.88,4792.80
2010-12-21,3053.68,4010.14,3448.72,3059.33,4834.80
2010-12-22,3060.06,4022.01,3446.68,3053.54,4827.70
2010-12-23,3054.41,4016.88,3439.87,3046.14,4821.15
2010-12-24,3053.74,4025.91,3451.87,3056.37,4839.90
2010-12-27,3043.64,4023.23,3450.46,3054.82,4827.90
2010-12-28,3035.65,4025.17,3451.12,3053.72,4827.55
2010-12-29,3067.82,4053.56,3478.51,3079.48,4873.55
2010-12-30,3074.70,4075.31,3500.77,3101.95,4904.65
2010-12-31,3113.00,4136.15,3532.36,3119.71,4940.95
2011-01-03,3123.60,4147.07,3545.63,3130.60,4967.30
2011-01-04,3093.46,4093.70,3530.24,3134.75,4957.10
2011-01-05,3060.39,4027.40,3479.41,3110.32,4903.10
2011-01-06,3026.56,3977.60,3455.38,3090.32,4865.05
2011-01-07,2950.70,3867.22,3374.79,3013.63,4750.75
2011-01-10,2882.37,3782.21,3294.58,2956.94,4636.20
2011-01-11,2897.31,3773.47,3277.91,2948.36,4624.95
2011-01-12,2946.62,3849.22,3336.63,2994.35,4709.85
2011-01-13,2908.30,3814.60,3306.42,2959.19,4639.80
2011-01-14,2860.43,3747.90,3267.72,2925.05,4566.75
2011-01-17,2850.60,3727.78,3254.91,2917.97,4553.65
2011-01-18,2883.92,3769.36,3274.77,2950.53,4598.35
2011-01-19,2897.01,3788.25,3302.64,2949.12,4583.85
2011-01-20,2907.48,3808.71,3324.94,2962.16,4597.70
2011-01-21,2911.00,3808.27,3325.69,2942.32,4592.70
2011-01-24,2942.17,3834.40,3333.47,2951.30,4628.70
2011-01-25,2913.47,3798.31,3312.14,2927.71,4589.50
2011-01-27,2868.06,3743.61,3259.00,2888.86,4514.00
2011-01-28,2803.36,3648.64,3171.77,2821.47,4427.50
2011-01-31,2819.42,3665.54,3200.24,2830.44,4424.60
2011-02-01,2760.57,3585.73,3149.37,2779.09,4352.15
2011-02-02,2761.23,3575.31,3128.54,2786.04,4362.35
2011-02-03,2791.84,3617.50,3161.76,2815.43,4429.90
2011-02-04,2756.79,3568.02,3118.17,2768.06,4339.55
2011-02-07,2739.70,3539.80,3099.29,2754.09,4332.10
2011-02-08,2694.13,3479.39,3042.98,2707.03,4255.70
2011-02-09,2642.59,3387.16,2967.44,2640.70,4178.30
2011-02-10,2652.75,3395.43,2972.99,2643.77,4164.30
2011-02-11,2714.14,3487.81,3033.10,2684.33,4240.45
2011-02-14,2802.17,3612.55,3133.95,2779.44,4365.75
2011-02-15,2837.89,3656.74,3159.43,2793.84,4384.60
2011-02-16,2841.64,3673.94,3179.58,2806.17,4391.35
2011-02-17,2886.09,3728.75,3213.91,2825.69,4440.00
2011-02-18,2837.87,3686.16,3178.77,2789.36,4365.30
2011-02-21,2849.43,3682.45,3199.23,2814.33,4403.20
2011-02-22,2815.85,3656.15,3174.83,2783.49,4363.45
2011-02-23,2788.23,3649.92,3162.67,2770.06,4338.75
2011-02-24,2692.18,3519.94,3082.00,2682.66,4201.20
2011-02-25,2731.54,3523.16,3086.51,2693.20,4226.75
2011-02-28,2748.88,3534.75,3098.78,2689.48,4247.15
2011-03-01,2844.91,3674.98,3174.70,2760.76,4391.75
2011-03-03,2855.28,3699.51,3199.44,2783.18,4400.70
2011-03-04,2858.79,3702.34,3202.40,2786.11,4403.75
2011-03-07,2822.59,3653.22,3163.33,2749.42,4346.55
2011-03-08,2850.87,3691.78,3181.66,2780.77,4390.60
2011-03-09,2862.81,3727.88,3197.48,2795.20,4404.30
2011-03-10,2846.37,3714.93,3188.17,2785.42,4382.20
2011-03-11,2827.15,3686.49,3167.48,2764.72,4343.70
2011-03-14,2851.82,3708.12,3185.47,2792.05,4399.65
2011-03-15,2807.77,3664.10,3144.23,2745.24,4334.70
2011-03-16,2842.98,3707.41,3191.14,2781.54,4386.45
2011-03-17,2832.47,3706.82,3186.58,2763.76,4346.90
2011-03-18,2802.96,3680.55,3153.70,2737.48,4298.40
2011-03-21,2800.40,3675.06,3159.85,2730.78,4289.30
2011-03-22,2828.30,3721.02,3193.69,2751.28,4326.50
2011-03-23,2846.20,3749.09,3203.69,2768.37,4373.35
2011-03-24,2855.94,3775.68,3219.07,2786.52,4406.65
2011-03-25,2902.79,3816.70,3241.85,2827.51,4493.35
2011-03-28,2925.73,3853.69,3265.57,2849.37,4518.30
2011-03-29,2940.80,3868.75,3275.68,2867.31,4549.00
2011-03-30,2969.84,3921.27,3310.13,2899.15,4598.45
2011-03-31,2994.04,3932.26,3324.77,2921.05,4626.45
2011-04-01,2986.85,3956.01,3343.52,2925.35,4640.05
2011-04-04,3021.94,4012.96,3391.08,2963.72,4707.20
2011-04-05,3036.64,4052.25,3417.43,2991.40,4722.85
2011-04-06,3033.80,4062.17,3418.25,2998.10,4718.60
2011-04-07,3032.97,4072.62,3430.14,2998.92,4727.35
2011-04-08,3006.98,4022.46,3397.63,2966.34,4684.50
2011-04-11,2980.41,3981.03,3382.85,2947.30,4643.10
2011-04-13,3028.77,4048.84,3431.66,3005.74,4730.50
2011-04-15,3001.41,4052.10,3417.62,2980.76,4679.80
2011-04-18,2966.20,4001.58,3380.94,2941.52,4609.00
2011-04-19,2971.39,4012.41,3384.35,2935.13,4617.70
2011-04-20,3040.76,4085.00,3447.68,2987.68,4694.70
2011-04-21,3038.39,4049.10,3434.47,2993.57,4711.55
2011-04-25,3049.83,4060.72,3443.01,3006.56,4708.35
2011-04-26,3055.44,4052.75,3432.99,3001.91,4704.85
2011-04-27,3057.06,4048.55,3434.01,2991.78,4688.00
2011-04-28,3031.88,4014.58,3424.60,2964.36,4650.45
2011-04-29,3016.41,3958.86,3407.52,2946.23,4615.30
2011-05-02,2980.03,3899.45,3361.57,2917.66,4573.65
2011-05-03,2908.19,3813.67,3312.09,2862.62,4472.00
2011-05-04,2884.55,3783.64,3287.50,2840.45,4448.65
2011-05-05,2839.28,3724.70,3240.83,2813.65,4390.60
2011-05-06,2897.61,3827.26,3295.59,2864.48,4460.45
2011-05-09,2897.66,3832.66,3300.67,2865.92,4464.00
2011-05-10,2901.14,3831.77,3300.72,2871.53,4458.20
2011-05-11,2922.51,3862.06,3312.23,2893.21,4480.70
2011-05-12,2897.24,3814.84,3288.31,2861.76,4424.60
2011-05-13,2924.41,3848.59,3320.13,2900.11,4470.35
2011-05-16,2908.40,3811.01,3288.31,2890.29,4436.10
2011-05-17,2895.56,3788.40,3287.99,2879.96,4395.95
2011-05-18,2876.81,3767.62,3282.69,2877.39,4375.25
2011-05-19,2874.00,3762.86,3280.88,2877.52,4372.05
2011-05-20,2894.84,3811.82,3304.69,2901.41,4411.90
2011-05-23,2855.55,3757.86,3264.79,2859.39,4338.25
2011-05-24,2862.44,3793.86,3283.44,2874.13,4347.20
2011-05-25,2850.35,3775.99,3271.82,2860.52,4317.90
2011-05-26,2865.47,3804.56,3296.41,2888.17,4354.95
2011-05-27,2882.86,3836.11,3312.66,2887.50,4409.80
2011-05-30,2893.19,3855.07,3330.61,2898.71,4421.65
2011-05-31,2943.37,3907.19,3380.29,2939.17,4492.90
2011-06-01,2952.96,3925.33,3396.54,2956.93,4517.80
2011-06-02,2945.46,3903.63,3379.59,2938.22,4482.55
2011-06-03,2924.47,3895.73,3370.37,2928.57,4457.90
2011-06-06,2929.39,3909.84,3375.60,2932.69,4465.50
2011-06-07,2937.58,3922.98,3373.17,2936.91,4489.95
2011-06-08,2924.38,3926.41,3370.16,2926.65,4473.25
2011-06-09,2915.52,3924.09,3353.57,2916.29,4468.30
2011-06-10,2910.70,3917.36,3345.43,2906.55,4442.80
2011-06-13,2911.21,3918.01,3350.72,2910.23,4444.35
2011-06-14,2920.68,3922.80,3364.94,2928.14,4460.55
2011-06-15,2905.52,3894.89,3341.47,2915.03,4423.00
2011-06-16,2892.99,3850.82,3315.62,2881.18,4384.65
2011-06-17,2865.43,3829.32,3293.32,2861.60,4357.75
2011-06-20,2816.69,3744.68,3244.94,2810.84,4263.25
2011-06-21,2823.14,3737.59,3244.43,2816.83,4268.35
2011-06-22,2807.84,3717.10,3214.45,2793.28,4258.50
2011-06-23,2823.13,3725.83,3237.73,2810.74,4281.10
2011-06-24,2880.40,3800.14,3292.62,2873.51,4392.20
2011-06-27,2898.36,3832.38,3316.33,2901.54,4439.35
2011-06-28,2910.40,3864.92,3333.12,2910.76,4454.35
2011-06-29,2934.34,3895.88,3355.36,2938.20,4492.30
2011-06-30,2951.95,3915.36,3377.90,2958.40,4522.95
2011-07-01,2961.88,3934.01,3386.88,2976.90,4522.05
2011-07-04,2984.02,3984.39,3410.12,2991.66,4549.15
2011-07-05,2980.42,3996.53,3411.32,2987.00,4537.10
2011-07-06,2979.17,4012.01,3424.90,2984.13,4535.30
2011-07-07,3026.16,4053.98,3472.79,3027.80,4607.85
2011-07-08,3001.62,4023.99,3447.89,3001.61,4554.80
2011-07-11,2979.50,4011.00,3437.57,2983.87,4523.05
2011-07-12,2946.35,3971.01,3408.77,2942.52,4459.30
2011-07-13,2979.49,4029.87,3441.69,2969.66,4508.40
2011-07-14,2985.98,4042.30,3452.22,2977.72,4525.50
2011-07-15,2983.40,4038.51,3461.87,2978.44,4514.65
2011-07-18,2979.90,4039.00,3468.44,2975.24,4509.75
2011-07-19,3004.32,4074.99,3496.14,2973.64,4538.75
2011-07-20,2976.35,4041.40,3475.25,2939.54,4498.10
2011-07-21,2968.56,4018.76,3448.04,2919.67,4475.70
2011-07-22,3000.72,4067.43,3473.89,2952.34,4544.30
2011-07-25,3020.95,4083.15,3489.02,2959.59,4577.75
2011-07-26,2982.60,4035.68,3463.21,2933.03,4504.85
2011-07-27,2960.50,4027.30,3453.07,2924.58,4491.30
2011-07-28,2945.02,4008.64,3418.48,2898.62,4444.90
2011-07-29,2939.97,3983.40,3404.34,2878.12,4424.05
2011-08-01,2941.05,3998.64,3390.16,2870.63,4440.85
2011-08-02,2912.87,3945.27,3361.59,2846.79,4392.95
2011-08-03,2886.09,3902.64,3335.64,2819.35,4359.30
2011-08-04,2854.13,3870.76,3319.72,2801.88,4311.55
2011-08-05,2810.75,3811.04,3268.76,2754.44,4220.50
2011-08-08,2760.06,3758.37,3222.88,2716.82,4150.50
2011-08-09,2732.49,3713.26,3204.25,2685.57,4107.70
2011-08-10,2787.90,3823.93,3285.11,2741.03,4182.25
2011-08-11,2778.45,3800.77,3274.17,2723.19,4164.75
2011-08-12,2734.64,3762.79,3248.46,2700.01,4121.35
2011-08-16,2718.99,3751.21,3239.53,2676.81,4081.30
2011-08-17,2734.59,3740.05,3237.63,2686.88,4081.30
2011-08-18,2673.11,3639.63,3168.43,2632.37,3994.15
2011-08-19,2632.69,3581.64,3139.53,2584.66,3925.80
2011-08-22,2651.85,3620.65,3156.40,2610.13,3970.50
2011-08-23,2688.76,3672.76,3195.92,2636.20,4010.70
2011-08-24,2663.86,3632.46,3178.68,2608.16,3970.10
2011-08-25,2639.83,3602.85,3154.50,2585.26,3929.50
2011-08-26,2599.24,3532.39,3098.97,2547.57,3851.55
2011-08-29,2675.87,3644.30,3168.25,2618.24,3977.35
2011-08-30,2721.56,3698.75,3206.80,2660.63,4038.35
2011-09-02,2748.37,3740.21,3221.42,2671.03,4070.90
2011-09-05,2747.02,3766.10,3231.32,2690.16,4063.15
2011-09-06,2748.25,3779.17,3249.30,2701.35,4093.20
2011-09-07,2768.50,3812.13,3282.45,2733.93,4146.40
2011-09-08,2775.79,3826.36,3282.21,2744.89,4163.85
2011-09-09,2743.59,3811.04,3266.37,2720.64,4098.10
2011-09-12,2689.61,3710.77,3200.31,2664.92,4010.75
2011-09-13,2684.97,3711.81,3208.39,2665.27,4007.10
2011-09-14,2721.19,3734.95,3222.11,2688.31,4051.55
2011-09-15,2751.23,3773.17,3236.87,2710.39,4097.00
2011-09-16,2754.64,3809.91,3226.39,2698.74,4105.10
2011-09-19,2731.74,3793.89,3222.79,2687.00,4072.05
2011-09-20,2782.77,3856.47,3262.28,2722.11,4142.80
2011-09-21,2788.60,3882.89,3282.38,2726.55,4150.55
2011-09-22,2688.33,3745.77,3195.62,2641.97,3994.15
2011-09-23,2672.53,3724.07,3181.83,2622.38,3952.10
2011-09-26,2640.89,3670.46,3127.78,2587.49,3914.80
2011-09-27,2701.35,3746.65,3177.09,2633.53,4010.05
2011-09-28,2695.94,3724.65,3172.01,2623.77,3987.45
2011-09-29,2721.28,3727.67,3180.25,2639.49,4024.75
2011-09-30,2693.97,3699.57,3174.87,2618.10,3978.35
2011-10-03,2652.53,3649.42,3142.52,2577.29,3903.20
2011-10-04,2613.15,3595.95,3109.60,2555.22,3843.70
2011-10-05,2602.28,3554.41,3086.40,2540.29,3821.85
2011-10-07,2650.56,3624.14,3119.39,2586.56,3913.95
2011-10-10,2676.37,3683.11,3146.03,2624.75,3977.90
2011-10-11,2694.73,3724.22,3157.21,2634.37,3981.85
2011-10-12,2728.59,3769.95,3193.23,2694.21,4068.60
2011-10-13,2714.18,3748.24,3178.01,2680.81,4058.30
2011-10-14,2739.22,3772.41,3187.51,2699.76,4090.70
2011-10-17,2749.61,3795.54,3205.37,2711.29,4083.80
2011-10-18,2710.51,3741.82,3162.62,2664.21,4023.15
2011-10-19,2753.16,3798.33,3204.62,2690.05,4093.50
2011-10-20,2734.71,3765.72,3170.56,2670.38,4057.35
2011-10-21,2722.90,3754.95,3172.31,2654.91,4024.65
2011-10-24,2749.49,3773.47,3181.92,2671.87,4046.65
2011-10-25,2774.17,3781.73,3172.81,2682.55,4101.40
2011-10-26,2790.22,3811.37,3198.91,2694.81,4119.05
2011-10-28,2821.77,3823.32,3240.44,2751.74,4229.75
2011-10-31,2830.16,3826.13,3257.91,2755.36,4215.90
2011-11-01,2819.86,3815.33,3258.34,2752.42,4170.75
2011-11-02,2821.49,3806.75,3255.37,2750.41,4171.40
2011-11-03,2824.98,3820.41,3261.93,2753.13,4179.65
2011-11-04,2844.07,3855.46,3288.75,2775.57,4201.10
2011-11-08,2836.04,3846.73,3289.32,2777.74,4203.05
2011-11-09,2817.36,3813.95,3269.97,2760.86,4147.15
2011-11-11,2824.14,3794.90,3259.04,2736.14,4100.90
2011-11-14,2819.42,3773.20,3245.64,2728.71,4074.55
2011-11-15,2772.89,3701.43,3186.12,2691.80,3996.95
2011-11-16,2769.60,3684.25,3150.25,2671.65,3965.45
2011-11-17,2735.13,3632.34,3113.09,2626.87,3894.75
2011-11-18,2727.98,3624.77,3104.90,2610.73,3869.05
2011-11-21,2680.80,3555.72,3064.87,2559.04,3778.60
2011-11-22,2666.79,3527.43,3050.71,2574.12,3800.60
2011-11-23,2626.30,3478.16,3012.76,2530.93,3720.15
2011-11-24,2660.84,3521.71,3037.23,2555.63,3762.85
2011-11-25,2647.68,3535.18,3029.75,2541.58,3742.20
2011-11-28,2692.39,3584.20,3071.48,2589.61,3839.55
2011-11-29,2686.71,3562.47,3061.43,2578.81,3804.00
2011-11-30,2698.34,3549.55,3045.11,2574.23,3811.25
2011-12-01,2701.77,3560.09,3060.98,2608.82,3878.60
2011-12-02,2755.73,3617.40,3104.20,2650.18,3962.10
2011-12-05,2749.78,3611.72,3099.42,2654.41,3957.75
2011-12-07,2728.08,3567.85,3085.64,2656.42,3970.60
2011-12-08,2691.02,3503.69,3046.63,2619.23,3883.75
2011-12-09,2657.53,3460.88,3022.29,2588.70,3830.85
2011-12-12,2601.82,3383.85,2974.13,2560.34,3751.05
2011-12-13,2620.00,3384.41,2968.18,2560.95,3767.10
2011-12-14,2609.18,3361.38,2948.32,2547.36,3736.60
2011-12-15,2608.29,3352.72,2935.88,2527.98,3720.20
2011-12-16,2569.95,3294.38,2889.32,2493.69,3647.95
2011-12-19,2547.78,3254.00,2849.84,2463.25,3603.80
2011-12-20,2521.56,3197.69,2803.22,2418.00,3544.00
2011-12-21,2572.29,3254.56,2855.94,2463.77,3640.90
2011-12-22,2591.08,3277.89,2878.68,2482.27,3674.50
2011-12-23,2577.92,3251.25,2889.12,2492.50,3660.55
2011-12-26,2609.75,3290.17,2913.42,2514.66,3703.80
2011-12-27,2603.53,3280.61,2913.34,2502.04,3680.20
2011-12-28,2584.40,3253.85,2895.45,2479.66,3644.10
2011-12-29,2573.35,3244.11,2894.64,2475.44,3607.60
2011-12-30,2574.10,3243.66,2885.50,2476.55,3597.75
2012-01-02,2552.43,3218.66,2882.32,2473.68,3602.50
2012-01-03,2590.65,3277.17,2930.94,2533.41,3700.80
2012-01-04,2563.95,3261.42,2918.33,2536.14,3695.05
2012-01-05,2573.42,3274.04,2925.31,2541.97,3696.15
2012-01-06,2563.16,3253.23,2909.12,2522.21,3694.80
2012-01-07,2562.75,3267.63,2920.48,2529.71,3697.70
2012-01-09,2557.82,3262.38,2922.89,2538.04,3701.30
2012-01-10,2595.82,3311.31,2955.53,2575.09,3785.35
2012-01-11,2600.39,3328.39,2968.42,2584.33,3805.50
2012-01-12,2605.05,3330.57,2968.27,2570.85,3797.40
2012-01-13,2607.12,3334.21,2954.66,2578.51,3827.20
2012-01-16,2604.46,3339.75,2951.78,2596.76,3833.15
2012-01-17,2638.79,3390.02,2995.27,2629.98,3900.00
2012-01-18,2626.16,3369.24,2975.77,2599.74,3881.80
2012-01-19,2640.99,3396.33,2996.78,2613.45,3931.95
2012-01-20,2644.20,3404.02,3013.00,2630.46,3952.70
2012-01-23,2656.82,3416.45,3013.15,2637.43,3952.70
2012-01-24,2684.41,3462.15,3033.67,2661.27,4016.90
2012-01-25,2705.23,3500.14,3060.83,2690.21,4051.80
2012-01-27,2719.20,3521.94,3075.04,2701.73,4085.35
2012-01-30,2690.57,3478.83,3041.66,2659.81,3995.80
2012-01-31,2740.90,3547.07,3077.53,2702.84,4082.85
2012-02-01,2744.72,3552.19,3096.93,2731.22,4117.55
2012-02-02,2769.17,3590.96,3131.64,2759.12,4146.55
2012-02-03,2795.40,3620.74,3158.19,2779.29,4188.45
2012-02-06,2813.74,3652.52,3195.95,2804.27,4227.10
2012-02-07,2789.00,3623.66,3194.80,2790.44,4199.05
2012-02-08,2801.59,3655.58,3235.28,2818.33,4232.75
2012-02-09,2827.60,3685.96,3248.59,2832.86,4272.40
2012-02-10,2815.11,3687.74,3242.75,2838.59,4258.40
2012-02-13,2827.82,3710.03,3262.13,2845.61,4264.80
2012-02-14,2830.03,3726.80,3281.24,2868.22,4289.50
2012-02-15,2871.87,3776.46,3324.67,2923.12,4381.45
2012-02-16,2879.42,3790.62,3329.00,2935.24,4385.90
2012-02-17,2886.47,3790.64,3342.05,2948.10,4414.05
2012-02-21,2902.80,3815.28,3355.99,2959.94,4447.50
2012-02-22,2863.78,3724.52,3295.98,2906.36,4340.85
2012-02-23,2858.68,3716.27,3290.30,2899.56,4322.90
2012-02-24,2851.05,3705.45,3281.87,2892.37,4284.55
2012-02-27,2814.88,3643.57,3222.13,2816.36,4165.05
2012-02-28,2856.35,3735.05,3289.21,2870.32,4258.50
2012-02-29,2855.55,3752.91,3304.65,2874.51,4275.55
2012-03-01,2842.06,3737.45,3304.06,2859.26,4243.75
2012-03-02,2849.43,3731.90,3312.94,2862.87,4254.50
2012-03-03,2845.76,3733.12,3311.16,2862.28,4256.00
2012-03-05,2822.41,3706.41,3285.94,2842.37,4195.45
2012-03-06,2819.32,3686.88,3279.50,2828.17,4151.40
2012-03-07,2819.27,3686.31,3288.54,2832.61,4146.95
2012-03-09,2861.92,3751.03,3330.95,2884.78,4238.85
2012-03-12,2872.03,3787.55,3353.34,2905.94,4265.25
2012-03-13,2891.83,3817.78,3372.27,2932.51,4317.65
2012-03-14,2898.49,3828.76,3372.23,2941.06,4343.05
2012-03-15,2873.31,3784.00,3359.70,2921.11,4275.75
2012-03-16,2859.96,3782.16,3351.70,2900.81,4226.05
2012-03-19,2844.47,3762.06,3346.06,2882.31,4177.00
2012-03-20,2864.62,3789.44,3360.77,2892.37,4197.05
2012-03-21,2907.98,3852.16,3407.13,2929.18,4270.90
2012-03-22,2864.80,3788.17,3360.80,2871.70,4165.30
2012-03-23,2899.87,3828.57,3385.70,2896.33,4202.25
2012-03-26,2878.55,3793.98,3350.14,2859.41,4131.25
2012-03-27,2903.61,3810.89,3366.66,2886.03,4168.55
2012-03-28,2888.56,3775.65,3345.70,2867.59,4129.15
2012-03-29,2887.16,3787.45,3364.32,2877.98,4124.45
2012-03-30,2944.43,3869.45,3429.51,2926.51,4221.80
2012-04-02,2966.97,3917.55,3455.63,2940.41,4246.95
2012-04-03,2968.49,3945.56,3474.02,2954.09,4283.10
2012-04-04,2957.70,3944.28,3466.04,2943.96,4262.20
2012-04-09,2928.93,3896.75,3418.58,2902.81,4193.90
2012-04-10,2929.84,3879.09,3386.13,2900.15,4196.70
2012-04-11,2922.23,3869.93,3362.96,2885.46,4179.40
2012-04-12,2926.82,3892.02,3389.88,2911.08,4216.55
2012-04-13,2932.89,3898.08,3386.36,2877.27,4169.55
2012-04-16,2936.19,3930.70,3402.43,2901.58,4186.70
2012-04-17,2958.02,3949.60,3416.02,2919.45,4232.10
2012-04-18,2968.34,3963.37,3442.98,2938.40,4242.00
2012-04-19,2977.22,3968.06,3443.09,2954.91,4259.90
2012-04-20,2966.84,3944.27,3420.63,2942.21,4226.35
2012-04-23,2929.58,3892.86,3387.57,2901.78,4154.85
2012-04-24,2935.36,3885.28,3400.20,2931.65,4164.00
2012-04-25,2932.84,3879.11,3381.68,2920.47,4146.30
2012-04-26,2924.28,3855.15,3369.27,2904.93,4133.15
2012-04-27,2920.98,3861.68,3373.56,2901.63,4131.15
2012-04-28,2926.68,3864.77,3375.63,2910.76,4147.10
2012-04-30,2949.87,3898.30,3418.25,2933.71,4178.35
2012-05-02,2942.70,3887.09,3419.42,2939.99,4171.30
2012-05-03,2929.63,3858.68,3392.87,2919.73,4128.65
2012-05-04,2890.78,3775.31,3344.58,2884.11,4050.85
2012-05-07,2926.90,3821.30,3372.90,2894.97,4074.95
2012-05-08,2880.03,3774.52,3315.53,2836.33,3992.55
2012-05-09,2874.21,3750.43,3302.07,2832.97,3963.70
2012-05-10,2877.44,3768.72,3308.40,2833.77,3959.60
2012-05-11,2857.15,3747.35,3283.38,2816.40,3928.25
2012-05-14,2854.63,3715.13,3263.69,2813.05,3906.90
2012-05-15,2867.11,3725.48,3275.64,2831.30,3932.90
2012-05-16,2839.71,3695.16,3237.85,2788.14,3871.40
2012-05-17,2836.35,3697.68,3255.99,2799.23,3879.15
2012-05-18,2828.21,3673.17,3229.50,2793.73,3889.05
2012-05-21,2842.46,3686.53,3231.98,2790.57,3904.45
2012-05-22,2813.76,3666.27,3230.36,2781.18,3869.80
2012-05-23,2797.88,3660.61,3231.56,2773.24,3848.80
2012-05-24,2824.89,3697.63,3248.62,2791.32,3904.85
2012-05-25,2825.68,3704.95,3255.53,2796.33,3910.60
2012-05-28,2867.62,3767.04,3300.68,2833.62,3961.05
2012-05-29,2855.24,3747.56,3295.47,2828.80,3961.10
2012-05-30,2819.92,3708.27,3253.18,2791.60,3923.85
2012-05-31,2827.76,3695.20,3270.74,2800.80,3913.05
2012-06-01,2786.40,3642.93,3225.22,2765.54,3851.95
2012-06-04,2756.13,3611.59,3203.07,2740.82,3850.80
2012-06-05,2757.48,3603.84,3202.87,2751.65,3862.55
2012-06-06,2823.50,3686.67,3264.91,2806.17,3959.00
2012-06-07,2833.09,3691.62,3270.73,2821.37,3996.50
2012-06-08,2846.35,3711.75,3285.82,2828.49,4010.95
2012-06-11,2840.95,3703.41,3264.46,2813.05,3998.05
2012-06-12,2863.43,3748.69,3294.80,2829.10,4040.90
2012-06-13,2862.32,3755.14,3295.90,2837.09,4043.75
2012-06-14,2832.68,3713.28,3262.98,2815.13,3992.25
2012-06-15,2876.39,3767.65,3301.13,2845.99,4047.45
2012-06-18,2848.31,3738.25,3279.44,2816.37,3991.35
2012-06-19,2861.48,3757.33,3301.70,2820.82,4016.45
2012-06-20,2878.72,3795.90,3327.50,2842.17,4037.80
2012-06-21,2897.87,3807.74,3331.21,2863.01,4074.20
2012-06-22,2893.87,3796.63,3322.02,2861.92,4063.75
2012-06-25,2875.62,3791.18,3313.89,2850.91,4044.75
2012-06-26,2886.28,3800.33,3324.78,2855.91,4053.20
2012-06-27,2891.33,3806.30,3326.93,2866.30,4069.85
2012-06-28,2905.72,3823.04,3342.05,2871.30,4075.05
2012-06-29,2970.08,3881.25,3395.66,2929.60,4170.65
2012-07-02,2979.74,3907.45,3410.40,2925.14,4180.90
2012-07-03,2985.50,3919.69,3416.50,2934.39,4196.70
2012-07-04,2984.05,3916.42,3417.05,2944.37,4213.05
2012-07-05,2992.89,3938.45,3439.01,2954.20,4236.95
2012-07-06,2985.02,3912.72,3416.19,2932.06,4224.15
2012-07-09,2960.10,3877.96,3392.00,2917.98,4184.15
2012-07-10,2984.39,3906.39,3415.63,2947.62,4235.80
2012-07-11,2971.65,3894.92,3397.71,2925.24,4210.65
2012-07-12,2954.11,3866.22,3378.78,2893.29,4164.60
2012-07-13,2954.70,3860.73,3372.64,2885.27,4156.75
2012-07-16,2943.93,3850.90,3358.34,2868.06,4134.75
2012-07-17,2936.62,3844.44,3352.06,2858.66,4123.05
2012-07-18,2953.08,3866.31,3357.06,2866.01,4139.75
2012-07-19,2958.13,3875.44,3360.44,2882.99,4157.30
2012-07-20,2958.93,3872.30,3367.14,2885.46,4134.75
2012-07-23,2922.23,3831.92,3330.77,2841.97,4069.05
2012-07-24,2940.16,3861.44,3366.04,2861.05,4079.30
2012-07-25,2935.00,3860.51,3354.58,2841.98,4062.40
2012-07-26,2904.57,3832.11,3325.70,2803.60,4003.60
2012-07-27,2931.93,3845.84,3327.49,2798.93,4028.25
2012-07-30,2976.04,3885.48,3363.82,2842.70,4104.10
2012-07-31,2992.82,3895.33,3371.30,2851.03,4126.45
2012-08-01,3001.16,3924.09,3394.09,2861.83,4141.85
2012-08-02,3007.17,3946.17,3404.58,2874.38,4138.90
2012-08-03,3015.73,3945.44,3404.82,2872.71,4129.05
2012-08-06,3038.17,3968.12,3429.08,2887.45,4172.45
2012-08-07,3056.48,3982.22,3452.60,2910.24,4206.15
2012-08-08,3056.80,3997.91,3456.38,2917.93,4201.60
2012-08-09,3067.38,4006.54,3454.08,2922.03,4190.15
2012-08-10,3071.67,4022.35,3451.83,2923.11,4186.95
2012-08-13,3090.12,4050.13,3459.96,2930.50,4213.25
2012-08-14,3097.49,4072.22,3486.22,2949.30,4234.50
2012-08-16,3075.44,4067.72,3483.98,2937.29,4222.65
2012-08-17,3084.94,4083.77,3498.38,2957.32,4223.70
2012-08-21,3103.60,4114.11,3522.92,2970.63,4257.95
2012-08-22,3110.15,4111.76,3509.51,2964.15,4249.65
2012-08-23,3108.94,4120.63,3504.13,2982.58,4248.05
2012-08-24,3100.87,4109.79,3503.27,2980.99,4226.00
2012-08-27,3094.61,4097.96,3480.18,2953.55,4194.95
2012-08-28,3088.08,4062.79,3453.31,2937.67,4176.35
2012-08-29,3069.09,4035.13,3443.46,2923.21,4143.60
2012-08-30,3090.62,4059.43,3465.32,2934.13,4162.95
2012-08-31,3069.08,4039.23,3456.31,2915.37,4129.90
2012-09-03,3073.27,4050.08,3466.74,2918.92,4128.10
2012-09-04,3077.82,4060.32,3473.73,2937.42,4148.30
2012-09-05,3068.33,4063.68,3458.93,2923.51,4115.35
2012-09-06,3080.09,4095.83,3496.16,2939.16,4125.95
2012-09-07,3125.37,4160.25,3541.22,2984.37,4195.75
2012-09-08,3133.09,4179.39,3557.31,2995.42,4210.90
2012-09-10,3143.25,4192.10,3569.81,3002.31,4217.85
2012-09-11,3156.66,4206.65,3576.50,3005.58,4234.60
2012-09-12,3181.07,4234.02,3600.34,3025.81,4260.25
2012-09-13,3173.35,4230.08,3600.01,3028.41,4260.00
2012-09-14,3206.53,4275.22,3618.51,3051.70,4348.80
2012-09-17,3188.52,4258.57,3600.50,3036.84,4383.10
2012-09-18,3182.72,4259.80,3577.07,3043.87,4390.85
2012-09-20,3188.95,4248.75,3562.78,3030.93,4358.95
2012-09-21,3226.08,4286.34,3604.92,3081.31,4456.15
2012-09-24,3215.37,4271.16,3599.41,3081.47,4450.95
2012-09-25,3228.45,4289.15,3611.29,3089.52,4460.40
2012-09-26,3235.44,4322.59,3635.99,3104.16,4458.00
2012-09-27,3262.09,4361.28,3656.08,3098.41,4458.15
2012-09-28,3310.35,4404.98,3695.41,3139.72,4504.35
2012-10-01,3343.00,4459.86,3737.00,3162.71,4522.95
2012-10-03,3355.95,4485.68,3765.95,3164.16,4539.60
2012-10-04,3355.51,4452.99,3753.87,3170.61,4579.40
2012-10-05,3329.42,4403.36,3732.34,3161.38,4547.90
2012-10-08,3312.69,4390.02,3708.16,3142.79,4499.85
2012-10-09,3345.24,4435.53,3727.96,3157.04,4523.25
2012-10-10,3322.45,4409.26,3695.62,3132.64,4477.30
2012-10-11,3332.67,4422.10,3705.68,3150.65,4523.60
2012-10-12,3352.69,4462.47,3737.98,3139.14,4506.15
2012-10-15,3350.49,4484.36,3735.88,3137.94,4511.85
2012-10-16,3333.55,4460.91,3713.53,3130.72,4480.45
2012-10-17,3337.90,4478.05,3720.27,3140.57,4488.50
2012-10-18,3352.69,4502.32,3749.85,3166.47,4535.20
2012-10-19,3331.63,4483.19,3726.75,3146.21,4509.45
2012-10-22,3347.76,4510.08,3753.36,3149.17,4528.45
2012-10-23,3329.54,4510.83,3764.24,3138.38,4510.00
2012-10-25,3323.12,4518.86,3766.50,3135.22,4518.40
2012-10-26,3298.97,4461.26,3722.39,3112.97,4480.30
2012-10-29,3282.12,4441.49,3706.14,3099.94,4475.00
2012-10-30,3259.04,4429.58,3681.91,3081.04,4424.10
2012-10-31,3284.26,4477.55,3710.03,3101.67,4448.85
2012-11-01,3306.09,4499.38,3727.65,3125.38,4473.85
2012-11-02,3324.62,4515.58,3743.67,3145.95,4510.25
2012-11-05,3338.40,4512.66,3730.59,3148.46,4511.30
2012-11-06,3363.99,4560.04,3762.96,3160.40,4528.30
2012-11-07,3388.27,4610.73,3796.52,3179.64,4559.10
2012-11-08,3398.87,4611.00,3806.86,3183.92,4548.95
2012-11-09,3381.49,4589.78,3780.66,3165.13,4508.80
2012-11-12,3425.12,4689.62,3796.83,3163.08,4519.25
2012-11-13,3416.71,4694.51,3814.98,3167.42,4518.10
2012-11-15,3396.54,4693.68,3807.89,3146.30,4497.00
2012-11-16,3346.55,4641.95,3761.84,3120.39,4451.10
2012-11-19,3323.40,4596.87,3730.83,3109.22,4437.25
2012-11-20,3318.78,4577.10,3725.31,3105.74,4428.40
2012-11-21,3359.59,4605.19,3725.74,3113.53,4458.45
2012-11-22,3367.71,4651.01,3742.36,3118.39,4471.80
2012-11-23,3374.71,4662.58,3764.44,3131.41,4474.15
2012-11-26,3388.65,4718.57,3800.66,3170.71,4493.60
2012-11-27,3439.19,4789.18,3827.40,3201.96,4562.40
2012-11-29,3497.31,4818.00,3864.16,3238.38,4631.90
2012-11-30,3503.34,4835.44,3875.00,3245.51,4675.25
2012-12-03,3508.37,4861.25,3905.96,3258.35,4685.05
2012-12-04,3507.30,4861.40,3908.41,3260.93,4701.45
2012-12-05,3515.62,4855.41,3901.49,3256.72,4712.10
2012-12-06,3515.55,4835.87,3904.72,3264.01,4740.20
2012-12-07,3494.68,4815.45,3899.28,3254.34,4724.25
2012-12-10,3503.61,4827.65,3899.88,3253.38,4731.90
2012-12-11,3508.22,4816.72,3886.07,3246.67,4716.25
2012-12-12,3502.66,4817.39,3881.55,3248.59,4709.85
2012-12-13,3470.10,4758.53,3864.19,3230.22,4674.05
2012-12-14,3489.14,4786.56,3878.75,3227.54,4698.80
2012-12-17,3476.49,4785.89,3868.65,3220.26,4693.95
2012-12-18,3514.64,4838.12,3884.94,3238.27,4727.85
2012-12-19,3552.44,4868.40,3909.74,3266.52,4755.30
2012-12-20,3555.14,4882.82,3909.56,3266.89,4746.40
2012-12-21,3504.86,4812.89,3858.59,3229.74,4686.90
2012-12-24,3515.09,4840.04,3888.35,3248.50,4695.00
2012-12-26,3526.47,4859.22,3902.72,3264.97,4731.60
2012-12-27,3504.43,4823.05,3887.08,3255.04,4706.35
2012-12-28,3517.89,4833.71,3899.85,3272.28,4738.30
2012-12-31,3530.15,4856.21,3917.86,3287.43,4743.45
2013-01-01,3555.63,4886.14,3940.55,3299.89,4786.20
2013-01-02,3574.72,4903.03,3952.73,3311.91,4818.90
2013-01-03,3568.10,4900.30,3952.71,3312.70,4835.70
2013-01-04,3561.33,4902.26,3969.01,3322.40,4844.00
2013-01-07,3544.13,4883.06,3958.01,3321.20,4831.45
2013-01-08,3549.96,4900.24,3970.23,3325.43,4837.95
2013-01-09,3535.94,4882.33,3968.54,3313.84,4815.75
2013-01-10,3524.52,4861.37,3969.31,3307.00,4809.20
2013-01-11,3483.99,4792.18,3942.30,3302.93,4778.15
2013-01-14,3490.08,4799.29,3953.59,3317.85,4836.70
2013-01-15,3503.03,4831.81,3967.97,3323.73,4858.90
2013-01-16,3468.93,4815.47,3945.97,3296.87,4807.55
2013-01-17,3475.25,4808.05,3957.28,3294.76,4831.35
2013-01-18,3466.61,4806.68,3938.56,3279.18,4844.05
2013-01-21,3460.37,4819.79,3939.62,3276.53,4856.00
2013-01-22,3450.44,4780.16,3926.78,3257.89,4822.35
2013-01-23,3447.86,4754.41,3894.55,3230.38,4814.80
2013-01-24,3416.71,4715.17,3868.43,3208.91,4763.85
2013-01-25,3454.17,4767.75,3901.10,3239.07,4816.45
2013-01-28,3461.78,4773.08,3908.75,3240.61,4818.30
2013-01-29,3437.12,4762.95,3906.85,3231.73,4794.80
2013-01-30,3451.41,4778.36,3912.30,3231.31,4797.15
2013-01-31,3458.32,4806.12,3936.97,3251.48,4795.30
2013-02-01,3449.03,4813.79,3929.71,3249.80,4775.90
2013-02-04,3446.99,4797.47,3936.90,3247.73,4759.25
2013-02-05,3456.55,4788.28,3916.93,3227.97,4733.60
2013-02-06,3473.81,4801.74,3918.56,3225.82,4738.10
2013-02-07,3463.94,4756.25,3904.80,3216.74,4713.25
2013-02-08,3429.03,4715.69,3874.29,3205.13,4682.55
2013-02-11,3441.68,4726.45,3878.99,3206.78,4677.85
2013-02-12,3459.99,4753.81,3892.92,3222.39,4690.30
2013-02-13,3452.51,4729.32,3893.45,3222.62,4688.45
2013-02-14,3448.35,4706.59,3877.04,3204.67,4650.35
2013-02-15,3451.56,4702.56,3888.68,3201.60,4647.25
2013-02-18,3444.77,4714.83,3904.77,3207.52,4659.60
2013-02-19,3478.94,4783.95,3954.22,3241.88,4697.10
2013-02-20,3481.52,4795.55,3981.22,3245.47,4698.35
2013-02-21,3434.85,4752.38,3947.04,3217.75,4621.75
2013-02-22,3435.46,4757.91,3938.50,3209.89,4621.80
2013-02-25,3437.14,4736.96,3931.73,3215.96,4611.65
2013-02-26,3396.67,4682.44,3894.01,3178.89,4537.10
2013-02-27,3392.04,4697.68,3900.80,3184.68,4568.20
2013-02-28,3350.37,4635.33,3852.00,3165.68,4477.50
2013-03-01,3378.13,4669.96,3895.14,3195.69,4499.75
2013-03-04,3357.33,4602.18,3858.58,3180.66,4470.15
2013-03-05,3415.41,4671.17,3915.14,3210.44,4539.00
2013-03-06,3417.89,4685.15,3933.35,3223.19,4570.45
2013-03-07,3434.16,4716.94,3966.41,3250.58,4601.55
2013-03-08,3468.31,4772.36,3988.86,3269.56,4660.65
2013-03-11,3469.72,4782.50,3979.68,3261.86,4661.25
2013-03-12,3473.14,4780.40,3976.94,3249.55,4636.90
2013-03-13,3445.24,4728.38,3937.89,3219.14,4585.00
2013-03-14,3475.02,4730.12,3942.48,3223.48,4625.75
2013-03-15,3471.18,4716.58,3935.80,3228.17,4598.20
2013-03-18,3464.47,4716.25,3935.28,3226.85,4572.65
2013-03-19,3419.30,4673.29,3906.56,3202.75,4500.85
2013-03-20,3396.32,4646.36,3904.28,3200.48,4446.05
2013-03-21,3368.29,4615.36,3856.27,3163.48,4413.50
2013-03-22,3367.15,4597.01,3850.82,3159.88,4404.50
2013-03-25,3359.54,4584.64,3844.46,3144.72,4390.30
2013-03-26,3367.70,4595.93,3872.58,3151.22,4394.60
2013-03-28,3387.39,4634.07,3899.73,3176.95,4438.35
2013-04-01,3399.61,4644.98,3912.14,3191.34,4465.60
2013-04-02,3415.05,4662.92,3964.13,3223.15,4508.80
2013-04-03,3366.13,4647.34,3959.79,3192.45,4457.20
2013-04-04,3299.29,4547.53,3874.45,3153.94,4378.65
2013-04-05,3283.12,4533.37,3871.33,3151.32,4366.65
2013-04-08,3273.79,4549.18,3863.13,3152.93,4361.15
2013-04-09,3263.73,4490.15,3849.14,3132.13,4323.40
2013-04-10,3302.85,4525.68,3870.86,3137.49,4366.45
2013-04-11,3340.78,4573.93,3901.09,3159.01,4388.05
2013-04-12,3354.87,4557.42,3834.49,3133.00,4352.70
2013-04-15,3359.70,4547.02,3817.08,3114.31,4376.05
2013-04-16,3421.05,4575.93,3822.54,3152.33,4457.50
2013-04-17,3449.26,4604.19,3826.82,3157.72,4461.75
2013-04-18,3498.56,4615.96,3865.21,3182.69,4526.80
2013-04-22,3519.32,4658.09,3901.53,3204.33,4574.40
2013-04-23,3522.42,4662.30,3900.11,3206.91,4572.40
2013-04-25,3567.37,4690.33,3926.60,3236.04,4624.30
2013-04-26,3552.91,4664.40,3915.22,3223.67,4591.65
2013-04-29,3579.69,4710.51,3935.30,3250.76,4620.90
2013-04-30,3616.11,4770.98,3969.81,3303.41,4641.75
2013-05-02,3658.81,4840.47,4015.68,3325.44,4695.05
2013-05-03,3636.44,4823.90,4027.70,3315.36,4659.10
2013-05-06,3652.21,4871.48,4066.86,3347.62,4685.60
2013-05-07,3699.55,4917.07,4097.31,3378.07,4737.55
2013-05-08,3708.94,4949.12,4127.54,3383.02,4754.45
2013-05-09,3685.55,4950.11,4121.27,3371.76,4737.70
2013-05-10,3717.28,4994.47,4144.78,3398.49,4769.20
2013-05-11,3734.72,5006.69,4161.20,3415.89,4779.75
2013-05-13,3670.38,4953.37,4126.02,3369.81,4689.75
2013-05-14,3681.23,4967.54,4132.61,3376.67,4702.50
2013-05-15,3764.18,5047.11,4175.90,3418.40,4810.95
2013-05-16,3773.65,5082.09,4143.98,3414.85,4830.25
2013-05-17,3775.05,5092.85,4134.12,3420.41,4847.10
2013-05-20,3752.95,5056.56,4133.35,3390.55,4821.95
2013-05-21,3717.16,5041.40,4133.16,3373.46,4788.20
2013-05-22,3727.73,5042.62,4135.97,3375.69,4766.85
2013-05-23,3680.45,4978.22,4104.75,3345.90,4668.20
2013-05-24,3694.59,4987.36,4120.94,3350.95,4685.60
2013-05-27,3748.91,5054.83,4178.84,3406.91,4756.40
2013-05-28,3741.58,5081.54,4185.75,3435.02,4777.05
2013-05-29,3748.26,5093.99,4223.13,3456.78,4766.65
2013-05-30,3778.24,5102.02,4234.32,3475.79,4774.00
2013-05-31,3700.28,5096.52,4197.47,3449.73,4681.45
2013-06-03,3684.62,5074.55,4207.16,3421.75,4659.30
2013-06-04,3686.56,5142.50,4189.54,3422.27,4652.55
2013-06-05,3686.70,5124.49,4185.56,3419.06,4656.50
2013-06-06,3691.11,5096.84,4169.40,3400.66,4653.40
2013-06-07,3659.32,5075.05,4162.66,3397.81,4621.10
2013-06-10,3644.17,5071.07,4139.97,3381.52,4604.40
2013-06-11,3592.16,5033.53,4077.48,3344.58,4529.85
2013-06-12,3573.38,5004.65,4026.81,3309.77,4502.20
2013-06-13,3517.38,4939.48,3970.58,3263.84,4447.40
2013-06-14,3577.49,4990.21,4033.58,3307.16,4525.95
2013-06-17,3627.02,5048.87,4081.10,3326.35,4557.50
2013-06-18,3618.62,5071.27,4082.86,3324.87,4540.70
2013-06-19,3629.87,5091.76,4092.69,3322.56,4552.70
2013-06-20,3541.64,4982.73,4032.73,3264.58,4429.65
2013-06-21,3538.32,4916.32,4019.90,3259.55,4420.15
2013-06-24,3467.77,4814.30,3967.27,3212.42,4345.60
2013-06-25,3487.02,4766.44,3934.45,3184.79,4350.10
2013-06-26,3466.24,4758.91,3944.98,3205.80,4335.50
2013-06-27,3526.01,4803.83,4008.16,3242.11,4393.90
2013-06-28,3596.75,4879.47,4065.32,3312.57,4510.90
2013-07-01,3655.28,4957.51,4079.95,3338.76,4572.05
2013-07-02,3627.75,4953.11,4091.95,3344.74,4542.80
2013-07-03,3607.06,4915.09,4078.05,3316.84,4473.35
2013-07-04,3648.90,4971.54,4134.34,3359.53,4517.70
2013-07-05,3655.40,4974.39,4136.76,3376.28,4535.80
2013-07-08,3652.26,4970.92,4148.11,3369.52,4501.25
2013-07-09,3705.15,4987.85,4180.52,3401.39,4539.95
2013-07-10,3693.29,4974.57,4185.85,3389.49,4511.40
2013-07-11,3743.44,5009.29,4218.90,3424.88,4586.45
2013-07-12,3766.68,5042.39,4264.56,3457.39,4630.95
2013-07-15,3800.05,5107.62,4299.39,3484.60,4655.70
2013-07-16,3743.27,5089.54,4291.00,3483.59,4596.50
2013-07-17,3720.53,5062.62,4323.78,3533.16,4597.70
2013-07-18,3761.59,5092.95,4340.47,3568.26,4647.55
2013-07-19,3746.61,5096.73,4347.79,3569.48,4632.75
2013-07-22,3769.46,5079.74,4357.57,3564.05,4631.10
2013-07-23,3790.71,5080.73,4370.08,3577.31,4660.75
2013-07-24,3731.42,5036.16,4373.47,3564.43,4588.25
2013-07-25,3716.01,4975.51,4351.33,3528.00,4531.80
2013-07-26,3704.02,4951.23,4328.92,3516.02,4507.25
2013-07-29,3680.07,4860.69,4305.77,3489.05,4459.90
2013-07-30,3625.90,4757.50,4243.64,3427.12,4390.35
2013-07-31,3615.43,4721.55,4245.25,3424.59,4379.65
2013-08-01,3602.14,4707.54,4210.77,3403.97,4354.00
2013-08-02,3564.68,4673.30,4230.73,3391.07,4314.95
2013-08-05,3570.05,4668.03,4231.36,3365.50,4323.35
2013-08-06,3463.99,4573.20,4140.21,3293.60,4214.15
2013-08-07,3420.10,4570.01,4080.41,3260.49,4213.85
2013-08-08,3441.34,4610.22,4108.82,3278.76,4250.35
2013-08-12,3495.41,4711.80,4175.24,3342.92,4293.20
2013-08-13,3578.61,4803.16,4234.21,3387.13,4360.65
2013-08-14,3614.06,4843.19,4295.80,3426.86,4392.05
2013-08-16,3476.36,4738.35,4192.48,3333.22,4224.30
2013-08-19,3391.65,4652.25,4109.29,3265.18,4151.95
2013-08-20,3355.00,4579.50,4036.78,3231.68,4138.40
2013-08-21,3304.91,4528.96,3987.74,3177.04,4069.45
2013-08-22,3341.97,4550.55,4010.47,3220.65,4136.10
2013-08-23,3391.93,4626.98,4049.17,3253.67,4183.65
2013-08-26,3406.01,4658.06,4078.96,3280.07,4194.50
2013-08-27,3283.68,4557.01,4018.80,3214.84,4060.70
2013-08-28,3266.23,4504.84,4014.95,3219.64,4047.70
2013-08-29,3347.07,4596.39,4071.29,3280.90,4132.80
2013-08-30,3400.18,4622.59,4109.46,3329.78,4175.85
2013-09-02,3436.72,4665.34,4165.22,3373.03,4235.25
2013-09-03,3323.00,4601.07,4077.17,3278.42,4092.90
2013-09-04,3395.01,4663.09,4144.73,3342.43,4164.50
2013-09-05,3487.20,4738.48,4168.16,3363.99,4264.05
2013-09-06,3516.59,4775.87,4174.37,3376.22,4319.40
2013-09-10,3648.77,4911.63,4294.25,3492.47,4463.55
2013-09-11,3678.38,4944.00,4317.36,3499.48,4489.45
2013-09-12,3632.77,4932.31,4300.48,3464.83,4445.95
2013-09-13,3637.17,4896.64,4283.51,3467.66,4450.45
2013-09-16,3629.24,4875.34,4268.15,3449.47,4440.90
2013-09-17,3635.18,4875.33,4277.69,3453.36,4444.50
2013-09-18,3667.01,4914.42,4315.56,3468.60,4478.35
2013-09-19,3794.96,4973.84,4351.71,3541.36,4627.85
2013-09-20,3750.25,4944.57,4358.42,3520.54,4560.10
2013-09-23,3686.75,4941.30,4345.67,3494.87,4482.00
2013-09-24,3695.02,4947.79,4386.48,3510.96,4484.10
2013-09-25,3691.65,4959.06,4398.05,3519.22,4477.05
2013-09-26,3694.05,4967.06,4379.45,3520.83,4482.30
2013-09-27,3692.80,4988.49,4390.87,3521.96,4455.95
2013-09-30,3662.99,4979.39,4401.30,3511.73,4392.05
2013-10-01,3668.97,4983.55,4411.82,3524.12,4422.90
2013-10-03,3742.84,5038.20,4473.99,3569.32,4512.65
2013-10-04,3735.13,5040.14,4489.76,3575.15,4516.15
2013-10-07,3759.29,5076.59,4523.65,3597.07,4522.80
2013-10-08,3766.87,5082.71,4519.08,3595.64,4536.45
2013-10-09,3812.93,5148.53,4586.52,3639.56,4592.45
2013-10-10,3836.05,5175.95,4613.64,3655.42,4607.50
2013-10-11,3864.38,5191.92,4632.44,3662.80,4651.80
2013-10-14,3878.33,5221.04,4641.83,3661.38,4665.95
2013-10-15,3869.88,5197.49,4609.73,3652.55,4639.50
2013-10-17,3812.39,5125.51,4569.76,3631.19,4612.05
2013-10-18,3873.14,5188.58,4604.68,3665.88,4706.90
2013-10-21,3891.38,5199.61,4623.66,3667.06,4731.00
2013-10-22,3903.07,5220.13,4658.10,3681.88,4738.35
2013-10-23,3880.04,5203.40,4648.41,3670.68,4723.50
2013-10-24,3845.70,5158.45,4629.20,3654.97,4713.00
2013-10-25,3835.41,5141.56,4643.94,3644.93,4693.40
2013-10-28,3784.37,5085.00,4613.76,3613.60,4656.85
2013-10-29,3839.33,5163.95,4651.59,3651.70,4741.10
2013-10-30,3869.03,5193.34,4682.01,3677.67,4764.30
2013-10-31,3870.88,5197.31,4692.26,3692.77,4804.85
2013-11-01,3875.38,5199.09,4695.01,3696.56,4823.00
2013-11-03,3892.46,5238.27,4725.47,3712.64,4840.15
2013-11-05,3842.95,5157.70,4694.23,3690.91,4808.20
2013-11-06,3841.05,5183.01,4703.27,3694.62,4784.65
2013-11-07,3831.49,5158.37,4711.30,3687.73,4752.00
2013-11-08,3839.81,5175.80,4683.10,3670.71,4725.90
2013-11-11,3814.13,5144.01,4663.37,3650.00,4680.35
2013-11-12,3784.63,5125.93,4664.96,3644.70,4637.35
2013-11-13,3777.56,5118.93,4658.05,3636.56,4614.65
2013-11-14,3803.95,5152.99,4675.56,3642.78,4670.10
2013-11-18,3849.13,5209.59,4705.83,3676.47,4760.65
2013-11-19,3851.40,5205.38,4700.58,3678.54,4771.75
2013-11-20,3799.51,5153.47,4667.86,3650.99,4720.05
2013-11-21,3732.81,5088.70,4617.59,3604.78,4631.85
2013-11-22,3727.37,5097.93,4600.41,3596.26,4632.45
2013-11-25,3776.02,5144.54,4645.98,3628.01,4716.00
2013-11-26,3774.69,5168.68,4637.44,3610.99,4679.15
2013-11-27,3774.95,5163.20,4642.00,3617.52,4679.85
2013-11-28,3783.73,5188.13,4665.20,3629.80,4708.80
2013-11-29,3817.23,5208.37,4699.35,3671.60,4770.10
2013-12-02,3852.55,5265.60,4753.10,3706.10,4804.40
2013-12-03,3829.58,5247.78,4749.97,3707.16,4795.90
2013-12-04,3812.20,5213.21,4722.14,3687.69,4764.55
2013-12-05,3796.97,5194.37,4685.49,3673.77,4815.00
2013-12-06,3814.04,5206.15,4708.17,3689.95,4830.80
2013-12-09,3848.58,5232.28,4719.80,3698.47,4898.15
2013-12-10,3879.55,5260.66,4751.85,3713.80,4873.80
2013-12-11,3861.87,5243.77,4780.60,3713.38,4855.60
2013-12-12,3820.98,5212.47,4765.34,3690.17,4810.55
2013-12-13,3805.78,5193.07,4736.78,3654.84,4756.05
2013-12-16,3818.62,5210.55,4754.87,3671.11,4756.00
2013-12-17,3828.83,5219.89,4762.58,3688.46,4748.50
2013-12-18,3869.78,5283.18,4811.53,3730.30,4809.65
2013-12-19,3895.18,5322.01,4836.80,3735.90,4780.60
2013-12-20,3940.90,5400.07,4915.61,3779.76,4861.65
2013-12-23,3933.31,5400.86,4906.82,3781.60,4878.85
2013-12-24,3920.82,5393.39,4933.23,3786.66,4876.10
2013-12-26,3913.30,5384.43,4935.39,3782.37,4887.85
2013-12-27,3942.59,5423.12,4952.21,3807.28,4914.70
2013-12-30,3930.81,5413.47,4931.37,3804.46,4899.95
2013-12-31,3939.08,5427.81,4946.30,3816.32,4914.85
2014-01-01,3947.44,5447.19,4957.41,3829.19,4921.25
2014-01-02,3901.78,5382.59,4929.71,3788.09,4848.95
2014-01-03,3935.90,5434.67,4961.64,3811.50,4850.65
2014-01-06,3937.25,5438.52,4982.26,3814.86,4845.05
2014-01-07,3923.70,5414.31,4976.37,3804.34,4820.25
2014-01-08,3937.88,5433.29,5012.02,3824.19,4833.55
2014-01-09,3942.70,5424.24,5016.07,3822.96,4820.15
2014-01-10,3968.98,5445.49,5026.59,3831.45,4813.95
2014-01-13,3998.22,5459.63,5038.31,3838.78,4869.95
2014-01-14,3991.76,5454.24,4984.87,3820.55,4850.75
2014-01-15,4018.21,5475.51,4990.16,3832.39,4899.70
2014-01-16,4003.80,5445.48,5000.41,3837.17,4891.40
2014-01-17,3960.12,5373.03,4947.97,3806.94,4841.30
2014-01-20,4028.37,5467.03,5017.44,3842.04,4878.25
2014-01-21,4023.62,5455.26,5005.29,3833.85,4886.70
2014-01-22,4045.34,5467.18,5014.03,3845.35,4903.95
2014-01-23,4032.04,5441.76,5006.27,3851.25,4903.50
2014-01-24,3980.45,5394.12,4982.79,3830.41,4836.70
2014-01-27,3912.40,5316.80,4928.59,3787.60,4725.60
2014-01-28,3894.94,5301.75,4933.40,3779.04,4720.60
2014-01-29,3905.02,5332.81,4945.25,3788.78,4720.60
2014-01-30,3873.93,5281.09,4921.30,3771.22,4675.10
2014-01-31,3905.98,5357.93,4967.50,3794.00,4709.15
2014-02-03,3884.32,5339.47,4958.73,3787.50,4648.55
2014-02-04,3882.60,5323.14,4929.09,3776.95,4652.50
2014-02-05,3901.29,5347.83,4950.46,3789.97,4671.85
2014-02-06,3911.22,5377.97,4944.34,3796.94,4681.35
2014-02-07,3915.50,5378.26,4969.77,3812.65,4701.70
2014-02-10,3895.75,5355.35,4983.36,3819.09,4692.55
2014-02-11,3909.00,5375.26,5013.46,3832.04,4699.60
2014-02-12,3910.44,5385.24,5037.80,3839.31,4711.95
2014-02-13,3861.46,5343.02,5021.56,3813.35,4650.00
2014-02-14,3882.31,5360.39,5032.48,3828.19,4677.80
2014-02-17,3886.70,5367.88,5029.46,3822.05,4690.45
2014-02-18,3903.52,5385.61,5044.79,3830.55,4731.50
2014-02-19,3923.53,5421.74,5065.75,3852.41,4752.90
2014-02-20,3899.55,5401.37,5071.02,3843.00,4716.35
2014-02-21,3927.12,5431.22,5124.23,3871.99,4762.75
2014-02-24,3938.92,5444.17,5127.91,3884.11,4783.15
2014-02-25,3958.02,5469.75,5153.93,3900.13,4793.90
2014-02-26,3973.88,5487.10,5172.52,3919.95,4816.40
2014-02-28,4026.95,5550.86,5222.66,3954.07,4849.50
2014-03-03,3976.29,5504.85,5181.84,3924.51,4816.30
2014-03-04,3997.19,5514.63,5202.71,3938.03,4873.20
2014-03-05,4004.07,5525.72,5211.33,3933.79,4900.85
2014-03-06,4023.60,5545.31,5233.29,3953.64,4959.10
2014-03-07,4001.96,5480.94,5167.90,3923.50,5033.85
2014-03-10,3979.48,5440.16,5136.69,3890.06,5046.45
2014-03-11,3968.11,5432.31,5138.11,3881.56,5026.95
2014-03-12,3991.41,5466.07,5157.57,3908.06,5028.70
2014-03-13,3951.95,5432.92,5103.50,3878.97,5007.20
2014-03-14,3948.16,5425.25,5088.29,3891.29,5011.55
2014-03-18,3954.32,5444.14,5104.25,3912.76,5035.40
2014-03-19,3961.71,5455.28,5090.19,3921.15,5044.20
2014-03-20,3975.17,5473.49,5109.16,3927.30,5014.80
2014-03-21,3990.61,5492.96,5141.67,3923.51,5031.05
2014-03-22,4002.53,5513.65,5152.69,3935.61,5037.50
2014-03-24,4015.37,5497.25,5150.97,3947.52,5091.20
2014-03-25,4012.45,5500.00,5161.57,3959.88,5102.75
2014-03-26,3989.32,5451.25,5130.00,3938.51,5114.70
2014-03-27,3999.16,5479.97,5135.50,3952.02,5146.20
2014-03-28,4042.10,5502.96,5158.77,3977.70,5202.15
2014-03-31,4056.39,5523.61,5173.04,4001.38,5224.85
2014-04-01,4088.67,5545.74,5212.05,4005.16,5232.85
2014-04-02,4139.02,5618.60,5252.26,4009.46,5272.40
2014-04-03,4146.59,5614.44,5267.77,4039.55,5254.35
2014-04-04,4129.72,5625.36,5243.45,4020.32,5234.50
2014-04-07,4125.51,5594.37,5222.39,4009.47,5234.20
2014-04-09,4167.29,5613.86,5256.49,4044.91,5315.25
2014-04-10,4193.04,5569.25,5234.48,4032.44,5328.40
2014-04-11,4201.26,5577.50,5251.43,4047.38,5317.70
2014-04-15,4196.81,5575.03,5264.77,4052.35,5278.15
2014-04-16,4152.60,5517.87,5222.33,4022.34,5230.35
2014-04-17,4221.05,5603.63,5253.83,4053.83,5310.75
2014-04-21,4248.20,5678.52,5265.44,4057.42,5347.25
2014-04-22,4230.67,5671.28,5277.68,4070.14,5346.60
2014-04-23,4228.25,5706.17,5302.63,4073.72,5362.45
2014-04-25,4227.19,5693.26,5294.53,4050.21,5328.60
2014-04-28,4258.05,5699.19,5325.50,4049.36,5321.50
2014-04-29,4216.40,5676.82,5315.90,4040.26,5286.05
2014-04-30,4182.03,5646.86,5301.72,4030.08,5255.65
2014-05-02,4216.62,5705.31,5346.80,4042.47,5260.95
2014-05-05,4193.17,5669.81,5327.41,4036.32,5260.30
2014-05-06,4201.76,5695.97,5321.40,4026.97,5273.10
2014-05-07,4174.89,5680.93,5283.15,3994.15,5232.85
2014-05-08,4179.31,5706.03,5296.23,3992.70,5236.60
2014-05-09,4218.86,5723.53,5299.44,4020.10,5375.90
2014-05-12,4264.63,5763.02,5306.64,4057.84,5479.70
2014-05-13,4324.42,5797.96,5341.68,4104.23,5562.55
2014-05-14,4338.46,5801.65,5334.32,4126.32,5583.60
2014-05-15,4299.60,5782.58,5272.83,4102.30,5580.30
2014-05-16,4313.58,5746.51,5200.47,4071.35,5656.00
2014-05-19,4315.96,5703.48,5058.77,4014.55,5762.60
2014-05-20,4344.15,5789.14,5151.53,4052.26,5790.95
2014-05-21,4344.20,5862.90,5208.41,4081.95,5792.30
2014-05-22,4338.03,5932.30,5214.07,4113.54,5841.30
2014-05-23,4377.26,5957.68,5237.29,4137.23,5923.65
2014-05-26,4356.15,5885.38,5211.77,4098.88,5883.75
2014-05-27,4362.37,5937.08,5235.88,4098.64,5844.20
2014-05-28,4378.37,5998.46,5277.37,4112.64,5861.25
2014-05-29,4326.09,5994.22,5243.86,4081.76,5796.45
2014-05-30,4379.65,6071.78,5312.44,4131.94,5802.85
2014-06-02,4397.88,6110.98,5313.16,4155.11,5911.70
2014-06-03,4412.72,6126.24,5353.77,4174.66,5956.85
2014-06-04,4432.05,6148.23,5342.50,4183.94,5972.85
2014-06-05,4503.64,6193.45,5376.58,4222.99,6037.65
2014-06-06,4545.30,6252.98,5423.23,4266.48,6129.95
2014-06-09,4600.24,6308.73,5467.28,4309.27,6196.70
2014-06-10,4647.05,6373.77,5530.02,4347.79,6192.30
2014-06-11,4635.23,6416.05,5587.43,4351.21,6152.55
2014-06-12,4664.09,6456.74,5622.71,4387.05,6168.80
2014-06-13,4596.48,6395.65,5584.89,4351.34,6057.50
2014-06-16,4616.99,6432.06,5605.97,4367.10,6056.70
2014-06-17,4670.18,6494.97,5640.56,4391.72,6139.35
2014-06-18,4643.36,6480.58,5627.45,4358.78,6084.85
2014-06-19,4642.01,6493.11,5674.07,4391.90,6064.75
2014-06-20,4606.30,6521.52,5688.24,4385.28,6038.60
2014-06-23,4630.08,6566.54,5691.45,4372.26,6037.95
2014-06-24,4661.82,6626.41,5720.60,4419.87,6113.85
2014-06-25,4672.55,6664.71,5744.23,4449.97,6115.15
2014-06-26,4672.79,6694.61,5768.65,4451.34,6065.80
2014-06-27,4744.33,6791.37,5881.55,4500.33,6082.10
2014-06-30,4821.33,6861.44,5956.82,4552.36,6174.20
2014-07-01,4833.09,6880.70,5956.84,4568.45,6199.90
2014-07-02,4897.51,6932.83,6009.02,4627.81,6276.90
2014-07-03,4935.08,6975.50,6040.47,4627.49,6267.20
2014-07-04,4954.26,7010.24,6074.47,4642.38,6297.60
2014-07-07,4987.43,7043.83,6115.70,4678.30,6322.00
2014-07-08,4816.26,6868.26,6041.52,4594.07,6152.30
2014-07-09,4721.20,6745.75,5993.30,4564.82,6104.00
2014-07-10,4702.44,6734.64,5981.78,4534.00,6105.20
2014-07-11,4660.95,6684.85,6008.25,4533.50,5991.70
2014-07-14,4654.03,6688.08,5944.29,4506.28,5990.70
2014-07-15,4733.08,6829.79,5981.79,4529.13,6067.35
2014-07-16,4792.83,6923.88,6031.48,4551.99,6147.90
2014-07-17,4856.39,7035.34,6077.21,4587.16,6179.45
2014-07-18,4858.35,7006.25,6096.52,4602.07,6184.55
2014-07-21,4851.27,7044.58,6119.52,4619.35,6200.30
2014-07-22,4880.61,7081.38,6175.20,4661.29,6251.35
2014-07-23,4891.81,7064.44,6199.80,4687.63,6261.10
2014-07-24,4898.56,7021.00,6202.32,4698.77,6278.95
2014-07-25,4836.23,6981.70,6225.74,4733.55,6230.45
2014-07-28,4824.12,6993.97,6229.43,4724.25,6200.00
2014-07-30,4854.34,7042.21,6258.45,4747.37,6232.60
2014-07-31,4843.79,7062.55,6271.36,4735.88,6194.45
2014-08-01,4777.27,7005.30,6213.70,4678.37,6111.70
2014-08-04,4858.85,7095.60,6240.31,4713.65,6175.70
2014-08-05,4884.47,7122.34,6259.96,4746.58,6226.45
2014-08-06,4860.59,7127.70,6257.66,4737.77,6173.60
2014-08-07,4839.92,7102.78,6216.69,4713.69,6153.50
2014-08-08,4785.84,7025.42,6190.40,4684.06,6072.65
2014-08-11,4834.13,7111.33,6210.71,4692.57,6117.65
2014-08-12,4872.00,7172.03,6263.58,4722.83,6186.15
2014-08-13,4867.89,7157.67,6312.47,4745.98,6167.20
2014-08-14,4934.08,7214.72,6345.73,4759.13,6215.65
2014-08-18,5007.43,7343.61,6435.14,4795.53,6294.10
2014-08-19,5034.73,7389.54,6494.06,4824.88,6328.80
2014-08-20,5070.75,7447.79,6537.35,4837.18,6321.65
2014-08-21,5087.68,7478.58,6548.63,4861.43,6339.35
2014-08-22,5128.22,7504.15,6568.11,4866.06,6352.35
2014-08-25,5122.86,7517.90,6584.30,4883.94,6332.45
2014-08-26,5146.23,7564.15,6640.19,4927.40,6328.45
2014-08-27,5164.98,7623.85,6704.57,4966.86,6355.15
2014-08-28,5155.69,7599.76,6671.40,4961.65,6360.75
2014-09-01,5220.46,7706.25,6722.70,4998.46,6438.45
2014-09-02,5250.94,7803.30,6772.42,5035.24,6484.35
2014-09-03,5320.20,7960.80,6875.43,5065.13,6517.70
2014-09-04,5359.94,8009.66,6856.76,5072.66,6501.95
2014-09-05,5390.63,8054.65,6889.43,5086.19,6502.30
2014-09-08,5473.77,8170.91,6966.78,5139.23,6578.00
2014-09-09,5473.75,8234.31,6963.20,5131.35,6577.05
2014-09-10,5469.27,8243.62,6963.07,5102.73,6540.25
2014-09-11,5455.83,8341.42,7005.76,5125.67,6554.75
2014-09-12,5449.18,8403.17,7056.59,5174.33,6572.70
2014-09-15,5436.97,8431.70,7074.51,5170.91,6540.10
2014-09-16,5280.95,8129.07,6941.71,5104.80,6411.25
2014-09-17,5352.66,8190.46,6971.00,5112.96,6442.50
2014-09-18,5460.47,8313.46,7072.62,5192.20,6560.00
2014-09-19,5385.28,8329.59,7073.56,5216.02,6561.65
2014-09-22,5385.45,8337.96,7079.83,5203.23,6576.60
2014-09-23,5263.42,8162.32,6954.37,5140.32,6464.80
2014-09-24,5212.71,8004.72,6954.48,5152.58,6437.25
2014-09-25,5132.34,7878.10,6875.52,5118.23,6343.15
2014-09-26,5246.92,7970.26,6942.75,5149.20,6396.55
2014-09-29,5291.43,8196.76,6982.63,5182.55,6408.30
2014-09-30,5300.40,8252.73,6996.70,5199.75,6415.70
2014-10-01,5281.19,8206.51,6994.06,5228.16,6398.05
2014-10-07,5216.18,8149.96,6939.70,5167.70,6324.85
2014-10-08,5233.74,8101.49,6896.42,5088.69,6316.65
2014-10-09,5307.27,8270.16,6997.32,5144.77,6416.40
2014-10-10,5198.99,8105.33,6910.39,5126.58,6330.35
2014-10-13,5220.13,8174.22,6963.40,5142.23,6352.40
2014-10-14,5207.11,8176.54,6934.50,5134.15,6339.90
2014-10-16,5085.21,7892.13,6799.64,5058.96,6225.30
2014-10-17,5155.30,7921.63,6819.38,5032.23,6255.15
2014-10-20,5286.68,8049.55,6921.55,5078.73,6334.80
2014-10-21,5320.88,8159.04,6970.64,5124.55,6378.15
2014-10-22,5386.57,8252.84,7042.21,5185.96,6436.55
2014-10-23,5402.42,8317.95,7090.07,5209.22,6463.25
2014-10-27,5397.39,8287.03,7067.29,5182.80,6438.90
2014-10-28,5419.99,8301.35,7086.91,5195.21,6465.15
2014-10-29,5453.13,8368.45,7133.96,5223.15,6513.75
2014-10-30,5496.54,8480.31,7188.45,5276.81,6570.30
2014-10-31,5611.14,8615.41,7307.16,5343.46,6685.75
2014-11-03,5639.99,8728.03,7327.13,5335.10,6704.30
2014-11-05,5663.61,8764.88,7340.23,5344.08,6713.75
2014-11-07,5691.22,8797.85,7446.75,5387.70,6720.95
2014-11-10,5718.22,8862.71,7460.99,5424.47,6727.75
2014-11-11,5772.49,8933.52,7482.25,5424.77,6753.10
2014-11-12,5822.70,9011.07,7586.90,5460.58,6777.60
2014-11-13,5791.31,9028.49,7560.45,5484.98,6753.55
2014-11-14,5841.87,9065.36,7626.49,5501.04,6785.75
2014-11-17,5842.17,9149.89,7700.50,5535.61,6825.75
2014-11-18,5892.31,9224.78,7759.25,5538.51,6837.35
2014-11-19,5829.98,9158.15,7771.46,5546.91,6797.70
2014-11-20,5811.02,9139.43,7753.70,5549.81,6806.30
2014-11-21,5830.56,9056.85,7745.53,5539.69,6847.30
2014-11-24,5847.47,9040.39,7746.13,5557.81,6880.80
2014-11-25,5744.50,8945.78,7702.86,5532.74,6810.45
2014-11-26,5743.91,8967.29,7713.04,5535.07,6825.45
2014-11-27,5775.64,8997.47,7738.59,5576.15,6845.30
2014-11-28,5881.96,9022.45,7802.60,5606.51,6918.05
2014-12-01,5879.49,9004.89,7863.74,5669.90,6898.05
2014-12-02,5893.70,9066.49,7893.44,5655.71,6895.70
2014-12-03,5979.58,9182.67,8022.23,5695.89,6935.55
2014-12-04,5970.88,9218.07,8071.05,5697.51,6960.75
2014-12-05,5931.54,9223.94,8004.16,5641.69,6937.55
2014-12-08,5857.10,9126.46,7970.88,5586.89,6857.15
2014-12-09,5749.91,8993.46,7876.38,5534.21,6767.60
2014-12-10,5769.65,9085.29,7862.16,5540.50,6796.25
2014-12-11,5712.83,8989.01,7801.67,5510.65,6744.95
2014-12-12,5682.66,8880.37,7788.87,5494.47,6680.55
2014-12-15,5650.65,8856.27,7769.17,5463.80,6667.55
2014-12-16,5544.11,8560.99,7597.21,5371.61,6525.20
2014-12-17,5484.22,8455.23,7515.94,5329.98,6492.90
2014-12-18,5666.76,8749.79,7737.94,5442.51,6625.60
2014-12-19,5691.88,8854.96,7778.44,5465.29,6670.15
2014-12-22,5740.49,8868.71,7877.30,5528.35,6744.15
2014-12-23,5684.89,8821.05,7829.37,5506.42,6703.00
2014-12-24,5654.81,8801.61,7775.01,5449.02,6650.60
2014-12-26,5687.99,8818.57,7790.81,5477.89,6674.80
2014-12-29,5759.89,8933.23,7874.19,5527.75,6718.60
2014-12-30,5805.89,9002.74,7917.94,5540.15,6733.75
2014-12-31,5826.10,9165.31,8012.75,5575.54,6773.65
2015-01-01,5841.28,9191.08,8032.51,5588.37,6786.10
2015-01-02,5868.93,9320.29,8140.51,5638.93,6866.45
2015-01-05,5898.25,9369.67,8144.50,5618.42,6857.45
2015-01-06,5732.01,9080.26,7921.54,5482.57,6656.80
2015-01-07,5746.90,9109.41,7985.22,5483.66,6644.95
2015-01-08,5878.90,9339.32,8088.82,5551.94,6755.45
2015-01-09,5866.02,9327.65,8117.44,5610.39,6783.00
2015-01-12,5924.75,9449.89,8121.97,5643.14,6815.05
2015-01-13,5904.97,9465.56,8165.74,5651.95,6801.40
2015-01-14,5876.27,9434.57,8220.27,5686.76,6787.15
2015-01-15,5979.16,9549.65,8283.24,5732.14,6937.50
2015-01-16,6026.07,9617.75,8319.71,5771.53,6961.45
2015-01-19,6062.57,9634.02,8365.05,5778.99,6992.15
2015-01-20,6110.44,9675.68,8388.04,5791.54,7080.65
2015-01-21,6130.94,9685.61,8417.76,5836.14,7099.60
2015-01-22,6165.02,9719.50,8466.10,5857.05,7121.85
2015-01-23,6226.91,9667.48,8463.40,5867.78,7170.25
2015-01-27,6292.54,9747.65,8537.12,5858.17,7229.05
2015-01-28,6302.63,9869.73,8587.39,5906.19,7241.55
2015-01-29,6362.16,9846.71,8536.13,5897.43,7257.25
2015-01-30,6361.32,9842.73,8473.95,5860.33,7166.70
2015-02-02,6388.77,9917.60,8452.83,5855.72,7172.90
2015-02-03,6288.73,9903.38,8480.65,5843.15,7137.45
2015-02-04,6246.33,9861.50,8470.87,5824.83,7108.75
2015-02-05,6177.24,9718.11,8399.57,5839.07,7076.65
2015-02-06,6089.71,9546.52,8327.02,5808.55,7029.45
2015-02-09,5952.72,9332.04,8209.04,5768.45,6922.35
2015-02-10,6013.59,9450.34,8306.02,5791.43,6959.90
2015-02-11,6188.08,9690.53,8419.22,5851.45,7031.80
2015-02-12,6282.25,9836.51,8490.38,5892.25,7108.20
2015-02-13,6331.37,9910.76,8592.89,5952.21,7176.20
2015-02-16,6251.51,9894.38,8569.09,5946.44,7175.00
2015-02-18,6302.65,10000.44,8617.83,5953.77,7228.55
2015-02-19,6346.45,9976.78,8615.45,5943.46,7242.85
2015-02-20,6332.00,9978.37,8611.92,5931.32,7209.40
2015-02-23,6248.57,9888.42,8520.75,5884.70,7147.55
2015-02-24,6267.30,9825.28,8514.05,5900.70,7146.60
2015-02-25,6234.46,9888.76,8509.14,5883.10,7144.20
2015-02-26,6163.69,9769.68,8436.82,5824.97,7077.50
2015-02-27,6325.26,9955.12,8606.99,5907.05,7210.30
2015-02-28,6405.13,9959.15,8653.32,5962.15,7239.45
2015-03-02,6557.13,10220.00,8765.43,6020.05,7299.65
2015-03-03,6571.13,10391.40,8836.96,6071.20,7345.55
2015-03-04,6487.81,10272.88,8771.57,6036.90,7279.80
2015-03-05,6557.05,10390.45,8834.12,6092.95,7303.35
2015-03-09,6449.20,10243.28,8750.88,6064.92,7171.50
2015-03-10,6468.31,10281.99,8728.05,6055.76,7141.70
2015-03-11,6444.97,10226.72,8707.72,6042.22,7126.60
2015-03-12,6530.21,10442.26,8826.14,6093.27,7202.60
2015-03-13,6400.51,10275.71,8766.12,5999.94,7099.90
2015-03-16,6413.18,10305.75,8772.37,6013.59,7078.95
2015-03-17,6491.85,10411.69,8877.02,6067.62,7154.05
2015-03-18,6507.93,10409.41,8890.75,6052.52,7137.05
2015-03-19,6461.03,10337.14,8870.83,6053.40,7096.75
2015-03-20,6350.51,10147.19,8736.78,5995.10,7028.20
2015-03-23,6335.22,10102.10,8718.38,5973.37,6997.60
2015-03-24,6343.68,10076.53,8688.92,5968.52,6984.75
2015-03-25,6349.59,10004.20,8675.99,5974.20,6972.45
2015-03-26,6266.78,9874.97,8582.34,5884.09,6846.25
2015-03-27,6295.99,9886.57,8609.70,5867.92,6846.60
2015-03-30,6427.63,10159.54,8752.54,5930.58,6969.95
2015-03-31,6441.12,10217.87,8761.48,5947.02,6978.15
2015-04-01,6536.91,10423.96,8895.98,5998.65,7060.20
2015-04-06,6595.12,10542.68,8999.75,6087.75,7126.75
2015-04-07,6595.01,10541.40,9028.28,6110.20,7144.40
2015-04-08,6618.04,10704.21,9131.65,6179.21,7193.60
2015-04-09,6667.96,10695.18,9178.37,6190.33,7234.00
2015-04-10,6662.03,10699.52,9199.54,6202.12,7246.05
2015-04-13,6678.69,10649.88,9228.30,6232.95,7286.20
2015-04-15,6607.76,10545.29,9167.90,6155.94,7224.20
2015-04-16,6549.94,10453.34,9144.69,6101.99,7183.35
2015-04-17,6359.52,10211.18,8923.75,5977.03,7093.85
2015-04-20,6235.72,10001.00,8741.23,5870.57,6958.00
2015-04-21,6177.47,9996.20,8621.93,5798.60,6908.00
2015-04-22,6208.54,9929.33,8635.09,5820.29,6938.00
2015-04-23,6243.69,9888.92,8681.19,5820.08,6922.40
2015-04-24,6128.23,9557.94,8506.10,5740.49,6826.55
2015-04-27,6007.98,9215.18,8288.15,5643.29,6723.90
2015-04-28,6133.42,9403.98,8429.32,5665.20,6794.65
2015-04-29,6159.22,9546.41,8471.11,5693.78,6781.70
2015-04-30,6207.59,9576.03,8448.97,5659.73,6749.65
2015-05-04,6311.40,9814.83,8590.98,5763.02,6873.40
2015-05-05,6346.85,9838.31,8648.27,5791.08,6878.50
2015-05-06,6083.97,9456.68,8415.58,5665.40,6680.90
2015-05-07,5953.51,9165.83,8268.18,5656.72,6616.85
2015-05-08,6128.98,9405.90,8414.32,5705.70,6728.90
2015-05-11,6245.72,9609.11,8577.31,5776.94,6839.00
2015-05-12,6110.69,9386.97,8433.09,5709.01,6689.40
2015-05-13,6214.64,9534.67,8542.21,5744.24,6780.40
2015-05-14,6266.91,9662.80,8618.14,5771.09,6796.75
2015-05-15,6303.78,9700.18,8698.44,5796.52,6827.05
2015-05-18,6368.94,9818.56,8761.13,5847.87,6910.85
2015-05-19,6350.11,9816.09,8790.33,5863.14,6909.70
2015-05-20,6366.75,9843.52,8792.01,5882.98,6944.40
2015-05-21,6374.75,9838.87,8767.86,5917.58,6938.75
2015-05-22,6379.46,9884.15,8824.03,5952.11,6964.45
2015-05-25,6371.13,9896.91,8801.85,5913.19,6911.15
2015-05-26,6386.53,9876.76,8772.99,5912.55,6890.60
2015-05-27,6399.25,9883.99,8752.27,5874.20,6885.10
2015-05-28,6342.15,9830.32,8746.69,5878.09,6867.75
2015-05-29,6493.35,10028.31,8979.72,5973.20,6959.85
2015-06-01,6494.33,10052.43,8972.70,5950.26,6957.45
2015-06-02,6313.29,9767.58,8730.10,5820.75,6799.45
2015-06-03,6253.69,9590.36,8622.70,5767.91,6703.45
2015-06-04,6246.83,9588.05,8600.48,5753.46,6704.75
2015-06-05,6225.54,9615.67,8634.40,5769.04,6700.70
2015-06-08,6148.17,9447.27,8514.39,5693.50,6631.30
2015-06-09,6083.03,9333.83,8473.06,5662.05,6612.90
2015-06-10,6170.80,9508.09,8550.63,5725.82,6691.25
2015-06-11,6014.10,9319.27,8354.44,5625.99,6568.50
2015-06-12,6047.30,9259.86,8328.28,5594.31,6577.40
2015-06-15,6037.47,9309.14,8356.33,5619.57,6600.65
2015-06-16,6087.79,9383.59,8408.96,5649.23,6627.00
2015-06-17,6185.25,9580.90,8545.29,5703.57,6680.80
2015-06-18,6257.93,9740.07,8652.48,5758.55,6746.85
2015-06-19,6309.36,9820.31,8691.08,5780.89,6785.10
2015-06-22,6411.46,9957.19,8781.40,5840.27,6889.70
2015-06-23,6442.12,9978.53,8830.11,5839.39,6912.45
2015-06-24,6427.42,9894.69,8837.51,5851.33,6887.80
2015-06-25,6457.73,9942.81,8830.51,5836.96,6917.55
2015-06-26,6459.39,9982.11,8850.04,5877.02,6908.85
2015-06-29,6375.78,9808.23,8723.73,5809.16,6843.95
2015-06-30,6454.93,9952.89,8887.27,5861.18,6897.20
2015-07-01,6555.15,10123.74,8989.18,5912.84,6972.30
2015-07-02,6614.59,10247.41,9028.54,5905.62,6983.35
2015-07-03,6595.14,10187.11,9017.29,5929.60,7003.95
2015-07-06,6655.38,10281.55,9060.83,5966.58,7043.40
2015-07-07,6653.87,10312.53,9105.66,5989.93,7051.05
2015-07-08,6546.74,10112.14,8979.25,5910.76,6939.70
2015-07-09,6542.17,10072.30,8937.03,5870.60,6915.35
2015-07-10,6564.51,10118.37,8932.29,5858.05,6935.55
2015-07-13,6685.88,10256.52,9042.92,5927.05,7016.55
2015-07-14,6701.86,10259.85,9100.19,5974.23,7020.25
2015-07-15,6722.39,10306.05,9156.64,6006.62,7065.65
2015-07-16,6831.70,10460.13,9247.22,6051.87,7136.80
2015-07-17,6837.42,10517.37,9238.80,6051.71,7148.05
2015-07-20,6878.02,10589.97,9285.37,6064.02,7148.50
2015-07-21,6753.40,10426.38,9168.97,6010.23,7070.30
2015-07-22,6862.67,10538.09,9226.73,6053.24,7149.45
2015-07-23,6833.91,10571.09,9206.46,6018.55,7129.35
2015-07-24,6795.11,10520.94,9160.21,5983.92,7074.95
2015-07-27,6711.99,10393.58,9079.94,5917.13,6955.35
2015-07-28,6731.77,10415.51,9069.66,5881.30,6935.65
2015-07-29,6788.15,10549.99,9175.79,5940.31,6974.15
2015-07-30,6800.50,10607.58,9226.92,5967.82,7019.60
2015-07-31,6890.03,10720.14,9342.50,6045.17,7106.20
2015-08-03,6918.22,10810.73,9390.63,6032.63,7129.00
2015-08-04,7013.26,11008.76,9555.36,6045.62,7136.30
2015-08-05,7077.45,11109.33,9638.77,6119.37,7186.25
2015-08-06,7097.12,11052.35,9637.34,6152.41,7202.00
2015-08-07,7054.21,11018.61,9578.63,6139.59,7183.85
2015-08-10,7055.91,10999.02,9557.40,6140.95,7157.55
2015-08-11,7006.15,10868.33,9450.81,6120.96,7101.10
2015-08-12,6834.12,10595.86,9264.15,6084.96,6986.45
2015-08-13,6860.88,10520.37,9254.73,6077.47,6976.60
2015-08-14,7029.55,10750.77,9419.34,6161.70,7112.50
2015-08-17,7024.51,10767.13,9458.82,6168.27,7098.70
2015-08-18,7055.86,10965.69,9533.70,6178.26,7106.40
2015-08-19,7081.03,11017.06,9578.82,6227.50,7125.85
2015-08-20,6960.93,10841.46,9468.14,6153.46,7016.95
2015-08-21,6870.48,10701.46,9407.14,6143.91,6961.00
2015-08-24,6325.98,9693.19,8679.51,5765.02,6493.85
2015-08-25,6449.99,9848.87,8836.36,5833.61,6569.85
2015-08-26,6405.48,9863.98,8832.37,5816.19,6513.35
2015-08-27,6560.51,10125.43,8983.59,5917.12,6657.25
2015-08-28,6570.74,10171.80,8987.50,5937.14,6694.45
2015-08-31,6562.20,10085.77,9007.28,5966.52,6669.35
2015-09-01,6362.36,9824.72,8822.37,5882.42,6522.25
2015-09-02,6290.53,9790.66,8799.35,5867.32,6475.65
2015-09-03,6386.86,9898.29,8859.41,5907.98,6560.05
2015-09-04,6259.68,9653.49,8704.99,5806.54,6421.05
2015-09-07,6117.90,9409.40,8508.94,5697.02,6323.40
2015-09-08,6211.33,9476.60,8556.20,5708.25,6407.00
2015-09-09,6339.27,9683.34,8692.28,5786.91,6522.30
2015-09-10,6343.02,9694.81,8668.30,5756.33,6504.50
2015-09-11,6371.21,9793.71,8699.00,5770.45,6511.55
2015-09-14,6467.92,9863.56,8794.97,5830.27,6582.70
2015-09-15,6399.10,9785.83,8765.81,5829.57,6543.25
2015-09-16,6383.87,9688.35,8718.29,5843.31,6571.60
2015-09-18,6448.38,9739.20,8810.48,5890.66,6636.95
2015-09-21,6461.47,9790.83,8837.19,5897.23,6647.15
2015-09-22,6353.65,9692.64,8708.94,5829.40,6528.55
2015-09-23,6412.21,9776.40,8710.65,5826.19,6553.90
2015-09-24,6424.33,9794.93,8749.62,5880.54,6573.90
2015-09-28,6418.75,9855.15,8732.53,5862.92,6524.25
2015-09-29,6451.93,9846.00,8740.13,5861.16,6552.35
2015-09-30,6579.23,10072.91,8936.61,5975.30,6646.10
2015-10-01,6616.89,10112.18,8975.80,5985.02,6654.50
2015-10-05,6668.97,10272.81,9116.77,6055.90,6789.10
2015-10-06,6700.69,10397.44,9134.12,6085.45,6818.65
2015-10-07,6684.06,10340.82,9082.45,6054.02,6835.80
2015-10-08,6615.27,10246.06,8992.27,6018.57,6793.80
2015-10-09,6610.90,10219.76,8990.56,6037.30,6829.40
2015-10-12,6600.48,10204.56,8992.00,6004.23,6802.30
2015-10-13,6600.33,10156.15,8938.25,6000.19,6797.55
2015-10-14,6620.39,10231.19,9001.88,5980.62,6786.05
2015-10-15,6645.80,10200.86,8986.79,6000.98,6834.05
2015-10-16,6684.67,10225.32,8994.79,6014.67,6870.85
2015-10-19,6748.74,10325.88,9090.87,6062.54,6907.70
2015-10-20,6752.09,10343.94,9113.25,6062.79,6907.10
2015-10-21,6721.88,10347.13,9113.12,6060.91,6895.75
2015-10-23,6723.07,10326.18,9088.38,6067.55,6913.05
2015-10-26,6657.53,10240.07,9009.84,6051.33,6882.60
2015-10-27,6660.05,10233.70,8994.65,6053.49,6870.35
2015-10-28,6603.27,10204.60,8975.14,6048.75,6828.15
2015-10-29,6573.40,10174.81,8924.27,6028.94,6784.85
2015-10-30,6586.36,10169.37,8907.62,6003.98,6750.95
2015-11-02,6566.91,10156.26,8871.02,5986.48,6740.90
2015-11-03,6571.70,10215.64,8891.09,6002.01,6755.15
2015-11-04,6552.15,10175.30,8862.69,5991.48,6741.20
2015-11-05,6462.46,10011.64,8773.80,5945.97,6661.70
2015-11-06,6371.53,9866.70,8701.81,5892.59,6650.10
2015-11-09,6392.64,9919.48,8727.11,5899.31,6641.40
2015-11-10,6278.11,9773.48,8607.63,5815.50,6536.45
2015-11-11,6329.17,9866.53,8692.77,5850.61,6585.15
2015-11-13,6229.29,9731.28,8558.33,5789.10,6526.60
2015-11-16,6239.15,9722.42,8545.51,5787.33,6551.45
2015-11-17,6272.54,9723.93,8600.03,5821.55,6580.80
2015-11-18,6233.66,9679.62,8615.30,5784.43,6507.55
2015-11-19,6313.10,9798.29,8704.37,5850.76,6594.55
2015-11-20,6376.71,9886.78,8752.32,5881.49,6615.65
2015-11-23,6412.92,9979.72,8795.57,5906.68,6615.50
2015-11-24,6389.45,9987.01,8792.58,5900.73,6609.10
2015-11-26,6317.28,9912.59,8773.18,5895.25,6644.90
2015-11-27,6354.67,9969.02,8784.37,5913.31,6686.90
2015-11-30,6348.90,10011.36,8777.77,5907.75,6686.10
2015-12-01,6386.63,10080.49,8822.25,5957.97,6712.50
2015-12-02,6404.15,10072.28,8838.97,5955.05,6699.80
2015-12-03,6360.46,9991.87,8768.10,5902.83,6649.50
2015-12-04,6299.69,9921.46,8720.36,5858.85,6584.90
2015-12-07,6302.74,9902.14,8752.74,5850.72,6576.85
2015-12-08,6256.04,9803.52,8685.88,5803.09,6515.15
2015-12-09,6117.00,9593.21,8507.10,5718.76,6425.35
2015-12-10,6179.52,9688.40,8581.28,5764.06,6484.25
2015-12-11,6128.21,9624.27,8556.69,5739.78,6425.45
2015-12-14,6145.43,9643.75,8604.43,5789.62,6457.60
2015-12-15,6204.67,9719.64,8687.72,5823.77,6501.75
2015-12-16,6231.42,9756.46,8678.01,5835.05,6535.45
2015-12-17,6309.25,9946.30,8839.45,5926.81,6621.75
2015-12-18,6290.82,9930.17,8832.18,5889.45,6570.80
2015-12-21,6326.72,9993.08,8883.28,5920.53,6628.05
2015-12-22,6312.60,9989.55,8845.26,5884.52,6595.85
2015-12-23,6350.89,10055.24,8906.25,5928.86,6652.75
2015-12-24,6350.28,10053.09,8917.72,5939.47,6656.75
2015-12-28,6403.09,10089.61,8937.49,5969.23,6700.70
2015-12-29,6438.43,10144.01,8971.57,5967.09,6705.25
2015-12-30,6417.74,10120.83,8961.17,5942.67,6685.45
2015-12-31,6403.94,10132.96,8994.92,5971.81,6724.75
2016-01-01,6450.99,10205.31,9042.64,5985.82,6753.65
2016-01-04,6381.03,10114.01,8953.41,5919.75,6630.80
2016-01-05,6395.10,10171.99,9002.52,5934.81,6639.50
2016-01-06,6410.04,10185.58,8960.60,5901.55,6607.65
2016-01-07,6236.01,9958.75,8769.09,5784.83,6446.85
2016-01-08,6272.68,10010.66,8812.50,5811.38,6490.85
2016-01-11,6236.34,9932.84,8715.02,5759.19,6451.85
2016-01-12,6208.25,9914.76,8708.01,5741.60,6405.45
2016-01-13,6174.82,9781.30,8633.28,5732.92,6415.95
2016-01-14,6151.04,9690.52,8608.35,5744.30,6378.20
2016-01-15,6026.83,9418.62,8397.26,5656.27,6262.40
2016-01-18,5848.46,9083.25,8148.44,5576.76,6149.15
2016-01-19,5931.21,9246.56,8238.34,5605.38,6225.20
2016-01-20,5826.37,9090.38,8117.81,5531.25,6115.75
2016-01-21,5765.90,9072.41,8109.36,5500.91,6092.05
2016-01-22,5914.25,9298.87,8255.31,5593.42,6216.70
2016-01-25,5934.56,9340.21,8282.67,5613.90,6234.45
2016-01-27,5948.43,9371.18,8261.83,5605.77,6242.40
2016-01-28,5934.36,9383.85,8247.45,5612.41,6230.00
2016-01-29,6045.81,9549.75,8385.74,5751.93,6339.45
2016-02-01,6070.94,9640.06,8486.90,5790.43,6341.60
2016-02-02,5958.51,9536.12,8416.86,5749.00,6252.20
2016-02-03,5892.19,9391.54,8318.64,5710.65,6166.20
2016-02-04,5843.45,9281.44,8279.13,5725.92,6186.25
2016-02-05,5979.72,9458.99,8439.56,5814.41,6270.50
2016-02-08,5939.61,9400.61,8412.92,5757.14,6209.80
2016-02-09,5841.54,9233.01,8319.41,5670.21,6125.60
2016-02-10,5756.78,9088.01,8199.36,5616.49,6051.95
2016-02-11,5580.06,8707.35,7964.80,5449.42,5843.20
2016-02-12,5520.06,8646.28,7856.19,5431.86,5833.40
2016-02-15,5695.62,8943.73,8053.77,5545.85,5999.05
2016-02-16,5578.55,8766.69,7885.69,5452.29,5889.10
2016-02-17,5636.21,8895.11,7960.51,5471.03,5930.15
2016-02-18,5668.58,8925.75,8005.81,5543.50,5988.80
2016-02-19,5670.38,8896.34,8008.83,5559.49,6000.40
2016-02-22,5707.77,8948.35,8092.50,5593.60,6024.15
2016-02-23,5639.30,8814.83,8020.30,5511.82,5930.90
2016-02-24,5550.69,8675.88,7921.50,5440.05,5859.75
2016-02-25,5482.96,8584.14,7844.34,5406.89,5816.50
2016-02-26,5514.09,8565.58,7813.59,5420.19,5852.90
2016-02-29,5552.91,8649.54,7834.56,5395.93,5829.95
2016-03-01,5736.95,8916.18,8011.82,5558.28,6020.05
2016-03-02,5833.73,9050.76,8118.13,5634.12,6137.15
2016-03-03,5882.58,9182.83,8221.75,5695.31,6218.40
2016-03-04,5943.68,9284.16,8259.19,5707.90,6239.35
2016-03-08,5953.02,9298.71,8289.72,5702.72,6243.65
2016-03-09,6016.15,9345.57,8332.90,5720.63,6275.10
2016-03-10,6018.49,9324.17,8329.72,5700.52,6242.95
2016-03-11,6030.40,9334.23,8383.60,5728.03,6258.45
2016-03-14,6051.76,9382.12,8453.26,5747.87,6282.70
2016-03-15,5944.74,9229.36,8282.13,5655.36,6222.65
2016-03-16,5924.85,9106.20,8240.28,5655.22,6238.45
2016-03-17,5907.07,9079.41,8197.88,5671.61,6255.75
2016-03-18,5921.47,9143.20,8207.49,5701.39,6322.65
2016-03-21,5999.73,9329.43,8265.14,5735.85,6406.70
2016-03-22,5997.43,9337.83,8292.49,5730.73,6418.30
2016-03-23,6015.81,9355.05,8267.20,5726.77,6423.70
2016-03-28,5944.65,9208.89,8135.18,5656.66,6334.70
2016-03-29,5920.75,9124.64,8063.30,5627.72,6323.00
2016-03-30,6027.22,9276.50,8183.59,5722.40,6436.70
2016-03-31,6084.35,9397.04,8236.42,5746.94,6452.15
2016-04-01,6078.14,9407.17,8256.77,5741.66,6445.50
2016-04-04,6103.95,9426.91,8297.89,5786.84,6479.60
2016-04-05,6040.17,9323.76,8229.95,5732.17,6358.35
2016-04-06,6114.15,9407.60,8288.92,5747.63,6378.00
2016-04-07,6083.72,9339.00,8279.03,5718.61,6329.80
2016-04-08,6121.07,9399.09,8324.68,5739.30,6346.65
2016-04-11,6192.72,9479.25,8372.12,5802.55,6430.60
2016-04-12,6260.75,9562.17,8459.24,5838.23,6470.10
2016-04-13,6307.80,9630.42,8559.35,5908.18,6575.35
2016-04-18,6389.95,9750.56,8659.24,5960.77,6635.05
2016-04-20,6373.79,9719.25,8664.14,5968.09,6643.30
2016-04-21,6314.05,9663.54,8626.26,5937.96,6634.30
2016-04-22,6301.62,9629.97,8608.94,5925.14,6627.95
2016-04-25,6253.00,9566.81,8548.29,5891.83,6593.45
2016-04-26,6321.78,9588.89,8571.61,5943.51,6669.50
2016-04-27,6309.13,9618.31,8567.88,5963.06,6684.30
2016-04-28,6244.95,9508.49,8505.10,5884.24,6583.15
2016-04-29,6265.79,9545.12,8517.79,5882.44,6588.55
2016-05-02,6306.46,9590.18,8546.04,5890.80,6580.15
2016-05-03,6255.13,9530.10,8505.17,5828.02,6533.55
2016-05-04,6206.25,9443.15,8458.44,5792.80,6484.35
2016-05-05,6217.02,9429.42,8446.32,5806.82,6500.05
2016-05-06,6253.30,9439.25,8441.24,5811.57,6504.55
2016-05-09,6317.21,9553.30,8543.22,5866.39,6603.25
2016-05-10,6294.12,9528.85,8544.28,5892.54,6617.25
2016-05-11,6328.90,9501.24,8532.01,5869.53,6593.00
2016-05-12,6364.44,9596.91,8590.00,5910.42,6640.90
2016-05-13,6322.28,9554.64,8550.40,5884.26,6582.30
2016-05-16,6351.25,9536.94,8531.56,5903.46,6608.25
2016-05-17,6357.12,9548.81,8561.41,5918.30,6629.70
2016-05-18,6357.40,9550.02,8553.72,5911.25,6621.55
2016-05-19,6306.60,9415.88,8496.88,5856.83,6546.50
2016-05-20,6244.53,9313.04,8429.76,5814.76,6513.10
2016-05-23,6202.56,9256.10,8356.52,5787.08,6495.25
2016-05-24,6182.81,9179.88,8308.31,5772.85,6498.60
2016-05-25,6251.49,9230.63,8417.63,5860.27,6626.85
2016-05-26,6309.50,9313.74,8475.95,5903.40,6725.20
2016-05-27,6430.43,9381.12,8563.04,5939.79,6797.00
2016-05-30,6425.35,9413.69,8613.43,5980.25,6820.30
2016-05-31,6407.14,9420.41,8640.27,5946.36,6804.00
2016-06-01,6433.22,9451.92,8696.69,5994.75,6815.45
2016-06-02,6478.18,9496.90,8720.43,6012.81,6849.20
2016-06-03,6454.13,9453.79,8681.55,6015.65,6844.75
2016-06-06,6438.69,9451.75,8685.55,5995.68,6832.30
2016-06-07,6449.15,9485.34,8731.10,6028.68,6884.15
2016-06-08,6452.62,9480.45,8719.13,6029.60,6901.80
2016-06-09,6443.71,9460.89,8626.72,5966.13,6857.75
2016-06-10,6410.62,9468.76,8629.15,5951.39,6832.05
2016-06-13,6395.89,9417.08,8622.60,5941.32,6785.15
2016-06-14,6407.83,9454.49,8627.24,5938.69,6793.85
2016-06-15,6423.11,9473.44,8648.56,5975.16,6865.05
2016-06-16,6407.33,9430.16,8616.94,5960.41,6819.85
2016-06-17,6392.32,9427.53,8623.64,5972.74,6842.35
2016-06-20,6420.76,9439.49,8636.39,6010.18,6891.30
2016-06-21,6415.14,9480.59,8637.21,6004.22,6886.15
2016-06-22,6408.19,9476.26,8655.58,6010.38,6871.00
2016-06-23,6425.45,9451.60,8664.15,6026.31,6910.55
2016-06-24,6352.68,9366.37,8629.42,5959.41,6775.55
2016-06-27,6394.54,9460.77,8676.91,5968.42,6803.70
2016-06-28,6461.43,9519.30,8742.18,6004.92,6837.75
2016-06-29,6521.92,9583.87,8822.44,6053.44,6907.10
2016-06-30,6586.25,9668.97,8882.82,6108.85,6980.80
2016-07-01,6626.92,9741.77,8896.84,6148.18,7027.85
2016-07-04,6678.53,9826.21,8955.94,6164.61,7071.85
2016-07-05,6669.17,9786.84,8947.09,6152.06,7051.00
2016-07-07,6644.49,9811.57,8961.70,6141.83,7050.10
2016-07-08,6658.41,9813.74,8998.00,6150.14,7039.40
2016-07-11,6749.33,9909.47,9089.62,6224.27,7151.35
2016-07-12,6779.53,9941.34,9108.55,6215.86,7192.25
2016-07-13,6729.88,9916.02,9085.44,6218.55,7177.00
2016-07-14,6750.48,9952.57,9107.86,6248.33,7215.35
2016-07-15,6767.85,9896.96,9071.19,6183.73,7194.40
2016-07-18,6728.63,9863.07,9034.78,6171.59,7162.25
2016-07-19,6744.43,9844.90,9030.48,6174.08,7178.20
2016-07-20,6793.53,9931.72,9119.60,6230.59,7221.30
2016-07-21,6783.89,9922.26,9105.21,6232.72,7186.70
2016-07-22,6877.49,9971.21,9119.93,6242.16,7227.45
2016-07-25,6953.59,10054.28,9174.21,6276.89,7305.60
2016-07-26,6980.12,10062.22,9111.16,6234.33,7270.00
2016-07-27,7030.91,10076.11,9127.58,6217.38,7297.90
2016-07-28,7096.15,10192.09,9225.91,6262.81,7338.65
2016-07-29,7181.84,10289.39,9287.88,6284.98,7330.00
2016-08-01,7251.68,10360.83,9287.87,6328.99,7335.05
2016-08-02,7172.22,10311.14,9297.05,6344.25,7310.90
2016-08-03,7046.64,10150.64,9208.28,6284.95,7232.80
2016-08-04,7066.45,10182.26,9219.61,6283.43,7248.55
2016-08-05,7183.31,10296.85,9382.78,6353.92,7364.05
2016-08-08,7279.65,10420.81,9480.79,6414.74,7398.25
2016-08-09,7231.38,10390.27,9403.29,6379.21,7368.45
2016-08-10,7111.60,10307.89,9248.16,6307.78,7277.00
2016-08-11,7157.91,10356.08,9340.58,6356.41,7289.50
2016-08-12,7191.11,10385.31,9356.66,6367.03,7347.45
2016-08-16,7208.64,10368.28,9368.45,6355.15,7339.25
2016-08-17,7214.54,10405.55,9404.83,6372.67,7343.70
2016-08-18,7247.10,10494.33,9454.67,6374.28,7390.20
2016-08-19,7271.49,10562.82,9490.43,6372.44,7397.80
2016-08-22,7224.86,10489.10,9453.41,6347.59,7363.80
2016-08-23,7214.37,10423.63,9415.94,6356.43,7359.75
2016-08-24,7264.63,10486.94,9470.93,6388.07,7386.05
2016-08-25,7229.38,10489.07,9446.36,6356.26,7343.50
2016-08-26,7259.17,10515.37,9438.25,6355.29,7334.80
2016-08-29,7289.19,10530.40,9411.98,6326.91,7361.00
2016-08-30,7385.79,10616.91,9527.74,6413.45,7461.95
2016-08-31,7417.20,10666.27,9548.61,6433.22,7490.65
2016-09-01,7381.74,10613.79,9524.95,6443.97,7474.30
2016-09-02,7405.62,10623.81,9552.19,6450.03,7504.60
2016-09-06,7516.16,10816.90,9687.27,6520.70,7615.00
2016-09-07,7485.99,10830.88,9686.25,6503.18,7607.20
2016-09-08,7527.86,10899.64,9783.02,6522.71,7642.70
2016-09-09,7454.61,10812.61,9703.67,6473.91,7575.55
2016-09-12,7234.54,10593.04,9530.55,6376.87,7420.50
2016-09-14,7308.43,10704.37,9617.54,6395.76,7455.30
2016-09-15,7313.20,10729.32,9626.04,6400.14,7462.70
2016-09-16,7304.36,10776.63,9670.92,6429.12,7487.20
2016-09-19,7349.73,10789.08,9671.18,6440.13,7513.80
2016-09-20,7342.73,10762.82,9654.09,6420.23,7490.30
2016-09-21,7337.29,10800.60,9675.81,6422.23,7491.70
2016-09-22,7470.55,10906.41,9748.08,6462.48,7573.00
2016-09-23,7480.34,10902.10,9732.07,6456.35,7554.90
2016-09-26,7468.16,10877.60,9675.52,6423.19,7479.75
2016-09-27,7481.06,10858.46,9710.72,6438.97,7469.95
2016-09-28,7543.69,10917.50,9792.01,6455.49,7514.95
2016-09-29,7271.99,10508.00,9515.63,6325.83,7336.85
2016-09-30,7375.19,10683.90,9624.15,6356.95,7394.85
2016-10-03,7570.60,10977.15,9863.36,6462.15,7532.25
2016-10-04,7616.43,11067.94,9924.14,6475.82,7567.70
2016-10-05,7651.49,11098.75,9919.08,6477.60,7565.50
2016-10-06,7675.25,11094.87,9909.29,6441.14,7537.25
2016-10-07,7641.87,11088.11,9866.08,6420.79,7527.20
2016-10-10,7679.32,11083.80,9881.49,6449.63,7532.70
2016-10-13,7580.83,10952.44,9813.75,6386.63,7418.35
2016-10-14,7630.23,11081.64,9859.96,6363.10,7439.85
2016-10-17,7531.74,11066.31,9796.74,6312.29,7384.50
2016-10-18,7630.97,11218.45,9935.71,6402.02,7512.30
2016-10-19,7635.30,11258.28,9913.39,6389.01,7507.70
2016-10-20,7660.85,11296.41,9889.14,6382.69,7538.80
2016-10-21,7657.80,11282.97,9913.58,6403.27,7541.70
2016-10-24,7623.92,11295.14,9899.49,6385.38,7551.55
2016-10-25,7630.33,11321.84,9928.25,6389.45,7541.50
2016-10-26,7560.62,11219.35,9889.31,6359.03,7476.75
2016-10-27,7450.32,11083.60,9754.06,6282.58,7452.15
2016-10-28,7515.21,11222.74,9841.25,6337.53,7494.10
2016-10-30,7509.77,11273.19,9867.52,6350.52,7501.45
2016-11-01,7560.72,11304.32,9827.11,6329.18,7502.20
2016-11-02,7420.08,11061.31,9667.36,6251.84,7391.40
2016-11-03,7385.87,10958.13,9603.91,6216.54,7344.10
2016-11-04,7279.52,10787.08,9481.65,6192.20,7274.10
2016-11-07,7365.29,10892.65,9536.90,6234.50,7330.95
2016-11-08,7424.66,10973.24,9549.86,6242.78,7366.05
2016-11-09,7288.17,10707.27,9354.60,6135.06,7247.45
2016-11-10,7460.60,10934.91,9408.13,6150.97,7342.30
2016-11-11,7180.63,10445.79,8968.57,5946.23,7126.50
2016-11-15,6846.86,9809.86,8515.13,5779.11,6916.45
2016-11-16,6887.59,9870.26,8644.30,5816.35,6928.10
2016-11-17,6888.24,9901.35,8605.30,5776.01,6903.45
2016-11-18,6923.72,9918.18,8608.89,5771.06,6908.50
2016-11-21,6710.57,9573.72,8371.93,5706.37,6761.55
2016-11-22,6837.25,9811.91,8510.02,5777.79,6835.30
2016-11-23,6916.82,10023.01,8595.90,5834.22,6882.65
2016-11-24,6906.28,9986.44,8544.23,5826.84,6837.50
2016-11-25,7028.52,10190.53,8680.46,5952.08,6960.75
2016-11-28,7071.33,10246.38,8719.35,5973.84,6983.40
2016-11-29,7096.71,10337.16,8856.43,5981.39,7003.60
2016-11-30,7203.34,10431.48,8971.10,6027.31,7079.40
2016-12-01,7091.32,10251.22,8900.00,5997.63,7040.25
2016-12-02,6996.02,10091.95,8773.59,5919.95,6947.30
2016-12-05,7065.80,10146.54,8850.84,5957.71,6984.25
2016-12-06,7094.01,10225.50,8862.61,5951.11,7001.60
2016-12-07,7103.25,10212.57,8845.73,5931.76,6971.20
2016-12-08,7231.44,10390.46,8986.14,6018.98,7089.25
2016-12-09,7235.09,10417.72,8969.23,6021.52,7101.15
2016-12-12,7090.83,10224.55,8790.54,5952.81,7023.20
2016-12-13,7057.40,10132.41,8764.29,5962.94,7045.35
2016-12-14,7008.33,10039.78,8742.35,5943.06,7004.65
2016-12-15,7004.93,10014.39,8739.35,5934.35,6989.25
2016-12-16,6948.50,9977.06,8733.61,5926.60,6976.50
2016-12-19,6919.38,9882.83,8673.80,5903.55,6943.35
2016-12-20,6856.04,9774.15,8548.99,5880.28,6908.10
2016-12-21,6858.48,9757.13,8519.03,5861.87,6896.00
2016-12-22,6752.79,9573.05,8438.94,5804.14,6816.35
2016-12-23,6775.61,9601.80,8390.70,5761.97,6814.90
2016-12-26,6635.56,9370.01,8199.91,5688.78,6724.45
2016-12-27,6762.97,9583.54,8330.59,5771.14,6832.00
2016-12-28,6763.49,9649.09,8403.91,5809.07,6847.40
2016-12-29,6873.26,9808.16,8489.92,5854.35,6915.45
2016-12-30,6948.67,9921.73,8563.53,5908.44,6982.80
2017-01-02,7018.35,10061.04,8623.97,5923.80,7002.50
2017-01-03,7077.89,10172.32,8679.22,5938.38,7028.75
2017-01-04,7046.81,10156.51,8669.21,5966.99,7030.75
2017-01-05,7206.92,10336.94,8793.44,5991.83,7106.90
2017-01-06,7189.61,10345.22,8802.54,5944.34,7083.10
2017-01-09,7185.70,10383.30,8821.96,5930.22,7085.15
2017-01-10,7239.71,10494.87,8857.19,5966.00,7132.20
2017-01-11,7403.71,10709.87,8953.93,6003.34,7214.15
2017-01-12,7443.88,10749.74,8950.67,6013.27,7231.85
2017-01-13,7395.05,10709.08,8926.72,6006.43,7228.30
2017-01-16,7447.89,10791.31,8978.12,5998.72,7247.95
2017-01-17,7419.79,10778.76,8991.23,6020.97,7243.65
2017-01-18,7512.40,10925.35,9047.91,6060.71,7269.00
2017-01-19,7542.45,10946.51,9078.53,6072.37,7287.75
2017-01-20,7447.62,10765.47,9002.29,6017.71,7202.75
2017-01-23,7585.16,10884.75,9047.68,6034.44,7242.55
2017-01-24,7696.99,11065.70,9141.49,6077.33,7315.25
2017-01-25,7877.25,11320.65,9304.28,6114.73,7417.70
2017-01-27,7896.47,11348.81,9364.99,6117.02,7455.15
2017-01-30,7904.51,11350.74,9375.06,6117.23,7452.15
2017-01-31,7826.06,11256.55,9327.12,6036.22,7379.30
2017-02-01,8016.44,11555.59,9504.07,6084.02,7516.05
2017-02-02,7996.06,11640.04,9539.09,6141.66,7547.10
2017-02-03,7977.87,11650.24,9627.10,6185.97,7569.90
2017-02-06,8055.09,11821.89,9747.36,6218.60,7628.10
2017-02-07,8014.10,11739.31,9749.58,6194.89,7603.20
2017-02-08,8075.37,11782.92,9733.69,6202.17,7614.75
2017-02-09,8058.61,11768.54,9760.31,6237.67,7623.60
2017-02-10,8059.60,11784.99,9792.46,6257.41,7631.25
2017-02-13,8079.97,11785.91,9763.10,6250.05,7626.95
2017-02-14,8020.79,11692.36,9731.85,6229.48,7605.05
2017-02-15,7922.49,11523.07,9645.10,6191.16,7531.60
2017-02-16,8055.88,11748.23,9779.23,6254.50,7599.45
2017-02-17,8107.05,11803.19,9787.54,6253.39,7638.00
2017-02-20,8175.72,11876.36,9819.52,6297.54,7691.85
2017-02-21,8209.05,11917.93,9859.66,6327.58,7725.25
2017-02-22,8140.86,11885.12,9822.17,6288.55,7721.60
2017-02-23,8130.31,11939.03,9816.14,6296.98,7729.65
2017-02-27,8077.32,11898.15,9841.74,6326.57,7706.50
2017-02-28,8086.43,11932.61,9878.88,6324.95,7709.10
2017-03-01,8097.23,11958.56,9880.46,6346.51,7754.70
2017-03-02,8011.56,11819.82,9800.92,6321.79,7691.65
2017-03-03,8064.26,11889.68,9814.61,6340.21,7696.20
2017-03-06,8100.58,11954.22,9869.72,6360.54,7745.40
2017-03-07,8075.89,11919.53,9854.12,6358.84,7735.30
2017-03-08,8046.82,11882.46,9868.22,6355.41,7710.95
2017-03-09,8046.30,11855.32,9888.48,6364.64,7710.00
2017-03-10,8019.40,11803.58,9869.40,6372.18,7710.90
2017-03-14,8172.11,12036.78,10035.98,6436.58,7835.65
2017-03-15,8194.23,12070.17,10085.59,6441.81,7854.75
2017-03-16,8330.92,12234.07,10179.03,6492.14,7928.55
2017-03-17,8307.82,12151.56,10178.56,6532.90,7933.10
2017-03-20,8316.96,12144.87,10207.52,6521.99,7918.60
2017-03-21,8321.32,12148.30,10128.66,6504.48,7909.20
2017-03-22,8231.93,12050.11,10014.89,6462.27,7830.10
2017-03-23,8320.93,12193.37,10114.54,6493.33,7885.70
2017-03-24,8307.26,12223.34,10117.37,6489.15,7905.30
2017-03-27,8262.91,12196.79,10124.20,6440.64,7865.30
2017-03-28,8306.32,12313.10,10199.16,6475.70,7912.10
2017-03-29,8310.57,12382.96,10246.32,6507.89,7945.30
2017-03-30,8349.71,12414.23,10267.05,6517.67,7976.90
2017-03-31,8405.11,12547.75,10317.20,6532.45,7995.05
2017-04-03,8412.55,12598.75,10363.92,6528.64,8053.15
2017-04-05,8491.23,12678.22,10433.52,6528.13,8095.10
2017-04-06,8508.81,12643.07,10424.45,6521.26,8092.10
2017-04-07,8484.61,12645.25,10421.30,6497.00,8045.35
2017-04-10,8548.66,12725.64,10510.77,6490.99,8052.10
2017-04-11,8594.61,12761.56,10655.06,6524.85,8107.10
2017-04-12,8567.78,12758.82,10653.54,6508.56,8078.85
2017-04-13,8484.95,12699.56,10632.35,6467.62,8044.90
2017-04-17,8503.44,12716.70,10617.68,6428.66,8042.60
2017-04-18,8454.67,12690.79,10555.92,6398.29,8003.15
2017-04-19,8502.06,12736.29,10626.68,6412.92,8021.00
2017-04-20,8549.94,12873.13,10708.35,6449.95,8063.10
2017-04-21,8547.53,12853.47,10707.29,6454.27,8057.70
2017-04-24,8619.39,12944.20,10762.09,6485.36,8137.35
2017-04-25,8708.29,13122.67,10883.93,6540.21,8216.70
2017-04-26,8725.07,13049.93,10828.30,6535.95,8230.85
2017-04-27,8740.37,13041.98,10795.14,6519.37,8222.20
2017-04-28,8819.64,13122.04,10824.26,6510.04,8214.30
2017-05-02,8908.07,13228.30,10935.36,6515.19,8231.35
2017-05-03,8843.37,13157.38,10840.37,6529.99,8227.70
2017-05-04,8814.70,13174.54,10896.87,6553.35,8265.80
2017-05-05,8691.46,12978.55,10768.92,6514.49,8193.25
2017-05-08,8736.26,13038.57,10784.16,6549.96,8226.10
2017-05-09,8774.11,13110.74,10821.42,6559.34,8242.70
2017-05-10,8796.79,13176.70,10884.15,6626.11,8320.20
2017-05-11,8794.67,13233.96,10926.12,6670.36,8331.00
2017-05-12,8750.90,13118.12,10795.55,6665.33,8299.20
2017-05-15,8888.89,13330.07,10932.46,6674.23,8351.30
2017-05-16,8892.61,13362.65,10949.41,6706.12,8398.95
2017-05-17,8936.85,13326.27,10890.25,6687.69,8396.00
2017-05-18,8726.05,13051.78,10686.81,6634.18,8279.15
2017-05-19,8695.24,12886.66,10581.12,6591.17,8258.20
2017-05-22,8594.61,12624.04,10458.11,6558.42,8235.05
2017-05-23,8533.78,12465.78,10340.23,6492.07,8159.15
2017-05-24,8468.96,12305.41,10210.52,6433.78,8106.60
2017-05-25,8633.91,12569.67,10336.90,6494.08,8233.90
2017-05-26,8810.02,12830.93,10516.84,6542.06,8331.85
2017-05-29,8723.13,12675.39,10447.90,6522.64,8299.50
2017-05-30,8792.22,12801.74,10531.86,6573.30,8328.95
2017-05-31,8785.94,12924.05,10571.41,6583.21,8350.95
2017-06-01,8749.81,12950.58,10623.67,6630.36,8367.15
2017-06-02,8763.01,13005.43,10718.80,6683.64,8406.55
2017-06-05,8781.40,13084.11,10772.87,6745.82,8435.75
2017-06-06,8761.41,13035.62,10727.26,6752.91,8397.20
2017-06-07,8800.63,13124.55,10812.09,6776.57,8431.50
2017-06-08,8811.63,13153.74,10866.88,6755.50,8429.15
2017-06-09,8894.53,13236.82,10922.95,6745.77,8452.75
2017-06-12,8863.12,13159.44,10871.74,6735.58,8408.70
2017-06-13,8844.44,13144.65,10866.94,6716.43,8408.00
2017-06-14,8821.24,13134.12,10837.00,6723.80,8420.80
2017-06-15,8782.21,13084.73,10858.77,6718.35,8400.20
2017-06-16,8800.58,13116.09,10879.04,6704.54,8411.45
2017-06-19,8876.16,13156.73,10865.39,6710.30,8453.10
2017-06-20,8892.37,13171.90,10867.84,6707.32,8454.00
2017-06-21,8829.38,13128.87,10869.99,6716.87,8443.60
2017-06-22,8725.51,12962.62,10806.08,6693.52,8423.85
2017-06-23,8606.63,12737.92,10665.91,6656.79,8355.10
2017-06-27,8539.67,12545.98,10469.31,6598.22,8285.50
2017-06-28,8603.40,12661.01,10549.89,6605.55,8279.70
2017-06-29,8657.65,12749.85,10610.93,6621.05,8301.10
2017-06-30,8674.41,12783.97,10716.54,6659.52,8331.60
2017-07-03,8781.61,12961.10,10824.59,6723.01,8416.40
2017-07-04,8775.58,12952.13,10806.65,6703.81,8410.70
2017-07-05,8839.22,13057.33,10881.08,6725.84,8451.50
2017-07-06,8856.39,13072.03,10929.37,6724.53,8481.75
2017-07-07,8853.21,13024.93,10918.68,6708.41,8479.45
2017-07-10,8921.99,13085.40,10964.93,6790.66,8556.95
2017-07-11,8909.41,13043.29,10935.22,6789.92,8544.90
2017-07-12,9017.72,13239.30,11062.19,6808.53,8585.50
2017-07-13,9065.26,13333.92,11144.98,6821.57,8646.30
2017-07-14,9101.62,13426.85,11164.26,6811.11,8640.70
2017-07-17,9131.31,13450.22,11221.66,6838.19,8659.50
2017-07-18,9085.68,13334.04,11161.67,6838.42,8589.80
2017-07-19,9184.20,13515.58,11256.94,6890.12,8662.15
2017-07-20,9139.92,13498.87,11258.13,6843.59,8641.60
2017-07-21,9120.27,13517.46,11269.46,6880.69,8669.75
2017-07-24,9105.96,13534.72,11284.90,6897.12,8702.85
2017-07-25,9155.38,13609.69,11331.62,6888.54,8710.60
2017-07-26,9234.85,13681.98,11440.93,6896.02,8748.75
2017-07-27,9232.91,13601.18,11442.44,6870.34,8737.10
2017-07-28,9264.64,13617.47,11486.24,6873.54,8747.45
2017-07-31,9346.80,13690.13,11466.22,6879.23,8793.30
2017-08-01,9390.71,13692.89,11525.15,6900.18,8812.60
2017-08-02,9379.55,13748.86,11501.92,6887.90,8786.85
2017-08-03,9318.40,13704.36,11424.36,6862.63,8729.30
2017-08-04,9463.23,13858.44,11469.64,6920.78,8776.20
2017-08-07,9575.02,14008.85,11595.21,6952.99,8806.45
2017-08-08,9523.54,13902.44,11452.27,6901.31,8726.85
2017-08-09,9430.70,13707.21,11187.30,6810.15,8637.15
2017-08-10,9220.54,13218.99,10827.83,6727.35,8497.75
2017-08-11,9143.04,13178.64,10834.71,6695.91,8427.70
2017-08-14,9385.58,13560.95,11110.22,6775.80,8541.50
2017-08-16,9479.61,13733.84,11169.88,6849.69,8635.70
2017-08-17,9465.70,13808.29,11213.41,6846.74,8643.30
2017-08-18,9440.89,13745.38,11157.70,6829.28,8594.25
2017-08-21,9309.24,13553.30,11056.81,6765.50,8509.40
2017-08-22,9310.05,13531.47,10996.46,6742.71,8499.30
2017-08-23,9450.68,13732.88,11130.90,6758.43,8585.00
2017-08-24,9491.63,13811.43,11236.92,6787.07,8605.75
2017-08-28,9576.04,13976.75,11353.84,6858.79,8669.60
2017-08-29,9484.69,13849.78,11222.73,6799.55,8571.80
2017-08-30,9674.46,14100.03,11406.23,6853.29,8663.15
2017-08-31,9696.35,14217.86,11474.55,6884.81,8694.95
2017-09-01,9815.44,14357.16,11642.41,6936.23,8755.25
2017-09-04,9745.44,14237.91,11566.83,6909.17,8700.35
2017-09-05,9828.06,14431.01,11643.50,6956.33,8747.20
2017-09-06,9847.17,14481.57,11691.71,6929.04,8732.40
2017-09-07,9899.31,14623.78,11827.66,6968.61,8757.15
2017-09-08,9882.04,14573.46,11767.67,6963.43,8749.95
2017-09-11,10029.35,14721.90,11834.66,6967.01,8810.95
2017-09-12,10129.40,14848.62,11929.70,7022.68,8890.65
2017-09-13,10013.42,14660.53,11864.85,7016.00,8866.85
2017-09-14,10010.56,14688.76,11901.28,7029.27,8884.95
2017-09-15,10032.38,14738.48,11941.70,7051.19,8887.60
2017-09-18,10092.71,14846.69,12060.41,7115.13,8946.90
2017-09-19,10136.27,14917.52,12086.76,7114.50,8951.75
2017-09-20,10101.75,14785.35,12020.65,7088.86,8938.40
2017-09-21,10058.39,14740.93,12010.52,7091.12,8911.20
2017-09-22,9761.88,14234.69,11691.85,6986.04,8738.00
2017-09-25,9643.84,14000.97,11519.45,6910.47,8638.30
2017-09-26,9706.64,14148.49,11521.60,6900.26,8654.60
2017-09-27,9540.49,13857.49,11253.72,6810.28,8520.95
2017-09-28,9572.79,13911.11,11326.28,6809.37,8557.10
2017-09-29,9709.30,14134.68,11433.18,6832.65,8600.00
2017-10-03,9799.72,14317.46,11546.13,6879.13,8662.40
2017-10-04,9822.37,14414.98,11632.19,6901.92,8706.85
2017-10-05,9824.39,14466.68,11645.89,6900.19,8706.45
2017-10-06,10033.64,14730.80,11788.97,6943.06,8787.40
2017-10-09,10011.60,14732.66,11797.20,6959.43,8798.30
2017-10-10,10063.31,14865.38,11887.30,6988.87,8836.40
2017-10-11,10008.39,14756.90,11810.08,6977.15,8792.40
2017-10-12,10122.62,14992.28,11966.68,7056.66,8890.05
2017-10-13,10161.93,15043.86,12007.29,7074.21,8937.20
2017-10-16,10236.65,15146.23,12007.75,7106.64,8985.25
2017-10-17,10280.71,15221.33,12127.39,7141.51,9002.35
2017-10-18,10274.62,15229.19,12144.07,7121.52,8984.65
2017-10-19,10176.43,15187.41,12075.69,7092.47,8937.65
2017-10-23,10212.80,15294.88,12113.40,7118.44,8972.90
2017-10-24,10243.87,15368.92,12096.45,7118.82,8993.80
2017-10-25,10176.68,15259.10,11979.70,7134.24,9065.15
2017-10-26,10318.93,15417.76,12069.99,7119.06,9106.75
2017-10-27,10271.90,15379.69,12087.17,7129.95,9104.45
2017-10-30,10350.31,15545.50,12166.16,7167.55,9165.10
2017-10-31,10288.22,15531.85,12266.69,7182.36,9153.60
2017-11-01,10353.89,15617.50,12299.61,7189.97,9234.85
2017-11-02,10349.12,15678.78,12357.48,7229.34,9237.75
2017-11-03,10379.34,15734.17,12345.80,7210.32,9260.65
2017-11-06,10371.50,15758.79,12340.25,7275.80,9273.10
2017-11-07,10249.65,15557.32,12224.17,7253.08,9169.55
2017-11-08,10160.12,15343.72,12142.77,7260.33,9117.55
2017-11-09,10175.66,15391.49,12240.69,7344.32,9147.30
2017-11-10,10179.45,15390.50,12184.70,7354.77,9154.95
2017-11-13,10106.68,15264.19,12122.18,7326.58,9082.45
2017-11-14,10029.17,15244.43,12136.83,7319.97,9051.50
2017-11-15,9880.41,15042.69,12013.06,7283.48,8973.75
2017-11-16,9962.10,15186.46,12151.19,7343.52,9065.00
2017-11-17,10079.16,15347.09,12260.46,7342.51,9137.10
2017-11-20,10164.15,15439.68,12406.66,7363.85,9161.90
2017-11-21,10185.82,15411.28,12469.34,7396.24,9185.40
2017-11-22,10181.06,15384.73,12445.70,7377.88,9195.70
2017-11-23,10191.05,15425.09,12483.96,7391.17,9207.40
2017-11-24,10202.91,15471.03,12554.43,7438.65,9246.05
2017-11-27,10197.57,15498.53,12588.43,7462.71,9267.50
2017-11-28,10209.04,15511.24,12630.58,7471.79,9254.30
2017-11-29,10178.59,15439.93,12622.12,7462.79,9244.70
2017-11-30,10081.61,15445.57,12566.85,7419.77,9154.50
2017-12-01,9957.35,15210.87,12484.17,7335.59,9060.40
2017-12-04,10017.72,15302.81,12530.23,7358.21,9059.35
2017-12-05,10016.37,15318.32,12538.00,7320.57,9056.60
2017-12-06,9905.32,15176.01,12438.71,7293.96,8988.55
2017-12-07,10103.99,15464.03,12599.50,7392.19,9103.05
2017-12-08,10209.34,15628.16,12759.52,7451.61,9190.55
2017-12-11,10232.77,15690.21,12808.68,7502.87,9231.90
2017-12-12,10142.64,15543.31,12668.16,7458.32,9156.50
2017-12-13,10074.55,15439.39,12597.83,7421.02,9101.80
2017-12-14,10107.68,15494.76,12618.00,7415.86,9133.65
2017-12-15,10266.81,15789.48,12803.14,7466.36,9216.75
2017-12-18,10374.37,15928.80,12966.47,7535.36,9270.85
2017-12-19,10509.96,16147.23,13172.45,7615.75,9360.45
2017-12-20,10501.34,16247.31,13174.94,7626.61,9363.45
2017-12-21,10553.80,16398.22,13290.86,7659.85,9387.75
2017-12-22,10603.30,16457.62,13363.31,7702.22,9431.50
2017-12-26,10674.50,16533.41,13476.67,7733.13,9470.35
2017-12-27,10622.41,16436.92,13377.50,7718.18,9438.25
2017-12-28,10659.38,16477.10,13359.22,7697.46,9435.85
2017-12-29,10733.76,16585.63,13488.31,7775.83,9490.65
2018-01-01,10670.48,16625.05,13450.12,7746.98,9434.50
2018-01-02,10617.11,16474.39,13344.31,7698.68,9417.85
2018-01-03,10647.78,16650.42,13393.32,7712.76,9439.35
2018-01-04,10761.60,16765.74,13465.74,7737.62,9505.75
2018-01-05,10898.16,16875.46,13596.34,7798.53,9573.45
2018-01-08,10981.77,17168.51,13703.88,7863.50,9639.25
2018-01-09,10962.25,17187.97,13660.06,7868.65,9640.75
2018-01-10,10915.71,17157.29,13604.71,7875.06,9630.60
2018-01-11,10898.54,17220.02,13640.05,7923.49,9650.30
2018-01-12,10928.85,17227.23,13655.84,7913.93,9665.20
2018-01-15,10917.67,17247.64,13637.29,7892.16,9699.85
2018-01-16,10754.02,16866.33,13464.43,7868.70,9612.60
2018-01-17,10793.73,17069.07,13527.75,7909.46,9686.60
2018-01-18,10661.41,16755.01,13349.64,7891.46,9646.80
2018-01-19,10775.86,17021.06,13485.30,7960.48,9723.10
2018-01-22,10871.26,17335.65,13609.57,8009.43,9787.30
2018-01-23,10973.87,17463.32,13696.59,8062.74,9877.20
2018-01-24,10850.18,17205.54,13649.33,8073.90,9853.90
2018-01-25,10778.79,17078.00,13550.38,8023.92,9810.00
2018-01-29,10830.14,16901.13,13534.50,8037.20,9819.45
2018-01-30,10749.14,16590.28,13351.51,7976.76,9743.05
2018-01-31,10639.64,16134.58,13056.55,7868.98,9697.90
2018-02-01,10613.51,16008.25,12916.62,7847.72,9687.05
2018-02-02,10203.06,15085.69,12405.84,7686.20,9409.80
2018-02-05,10137.31,14994.34,12261.54,7618.20,9344.40
2018-02-06,10027.27,14625.04,12078.08,7471.56,9190.55
2018-02-07,10037.20,14817.58,12143.97,7506.22,9206.35
2018-02-08,10223.01,15215.60,12314.63,7599.84,9322.60
2018-02-09,10219.68,15263.83,12302.92,7577.94,9251.10
2018-02-12,10395.36,15675.12,12534.06,7650.92,9348.45
2018-02-14,10423.66,15804.38,12602.24,7670.53,9326.70
2018-02-15,10355.64,15728.53,12540.46,7650.48,9323.60
2018-02-16,10221.28,15529.98,12435.08,7606.11,9235.60
2018-02-19,10107.20,15377.53,12276.10,7518.80,9159.95
2018-02-20,10100.34,15375.40,12265.52,7513.24,9151.05
2018-02-21,10043.01,15434.39,12252.60,7573.42,9167.60
2018-02-22,9996.27,15320.96,12142.27,7531.41,9138.50
2018-02-23,10217.96,15597.36,12324.14,7616.18,9251.35
2018-02-26,10351.30,15660.46,12412.12,7626.70,9332.65
2018-02-27,10334.26,15574.46,12385.69,7636.56,9302.25
2018-02-28,10279.74,15458.03,12340.82,7618.61,9261.90
2018-03-01,10244.73,15386.35,12316.03,7614.39,9225.35
2018-03-05,10096.88,15259.19,12241.18,7579.42,9136.10
2018-03-06,10011.19,15106.46,12155.44,7527.80,9039.80
2018-03-07,9947.45,14864.45,12058.60,7485.41,8936.85
2018-03-08,9989.83,15002.13,12118.25,7508.55,9000.70
2018-03-09,9967.15,15047.21,12141.14,7533.69,8986.40
2018-03-12,10131.87,15242.06,12291.16,7609.29,9121.75
2018-03-13,10184.47,15447.22,12402.69,7612.34,9157.90
2018-03-14,10190.12,15344.39,12430.97,7608.64,9151.55
2018-03-15,10172.68,15414.26,12485.11,7624.30,9133.90
2018-03-16,10046.41,15273.09,12353.29,7524.96,9004.45
2018-03-19,9896.28,15000.66,12190.21,7419.77,8894.20
2018-03-20,9951.14,15064.31,12240.65,7469.34,8920.45
2018-03-21,10008.57,15183.26,12320.48,7480.62,8949.10
2018-03-22,9991.67,15051.31,12215.28,7427.14,8904.00
2018-03-23,9884.43,14810.18,12071.44,7385.41,8800.80
2018-03-26,10090.76,14924.59,12247.44,7435.49,8914.35
2018-03-27,10210.65,15095.40,12353.14,7488.99,8978.10
2018-03-28,10115.02,14947.90,12302.13,7477.85,8912.10
2018-04-02,10330.54,15299.75,12531.68,7579.66,9023.60
2018-04-03,10394.54,15418.28,12560.88,7596.21,9074.85
2018-04-04,10262.71,15220.12,12439.52,7558.78,8975.60
2018-04-05,10506.71,15590.65,12661.77,7681.25,9146.15
2018-04-06,10592.91,15695.59,12736.00,7689.65,9172.05
2018-04-09,10688.04,15780.62,12825.05,7707.54,9205.20
2018-04-10,10667.59,15750.24,12764.53,7703.78,9219.15
2018-04-11,10714.05,15755.49,12787.45,7739.27,9230.85
2018-04-12,10688.05,15632.85,12774.98,7781.04,9247.25
2018-04-13,10745.19,15789.57,12801.78,7808.53,9267.65
2018-04-16,10840.49,16104.58,12871.40,7856.59,9311.30
2018-04-17,10861.10,16132.36,12897.84,7872.11,9330.30
2018-04-18,10823.90,16164.53,12927.56,7882.46,9311.60
2018-04-19,10882.86,16302.62,12969.84,7932.21,9356.40
2018-04-20,10809.79,16270.59,12948.37,8025.62,9347.65
2018-04-23,10838.86,16292.69,12988.27,8038.24,9373.40
2018-04-24,10876.02,16431.76,12984.54,8007.10,9390.40
2018-04-25,10821.54,16418.49,12909.44,8005.71,9349.95
2018-04-26,10872.14,16393.21,12931.96,8039.77,9381.35
2018-04-27,10912.29,16423.65,12964.41,8026.11,9443.65
2018-04-30,10954.05,16601.04,13064.10,8092.71,9496.50
2018-05-02,10776.43,16422.03,12923.20,8018.34,9444.50
2018-05-03,10682.44,16250.18,12765.63,7885.74,9388.65
2018-05-04,10667.52,16290.29,12729.53,7834.53,9339.75
2018-05-07,10833.90,16484.89,12872.07,7864.22,9418.80
2018-05-08,10763.12,16528.13,12865.25,7875.77,9419.85
2018-05-09,10752.28,16586.82,12823.61,7857.69,9418.90
2018-05-10,10656.32,16308.48,12663.60,7813.15,9360.95
2018-05-11,10752.01,16101.53,12716.12,7860.88,9416.35
2018-05-14,10649.25,15788.51,12595.64,7847.02,9389.95
2018-05-15,10629.86,15592.70,12510.97,7834.10,9365.90
2018-05-16,10663.37,15591.99,12579.78,7852.37,9328.70
2018-05-17,10671.80,15721.24,12659.13,7829.35,9304.45
2018-05-18,10587.37,15528.74,12590.76,7807.52,9209.20
2018-05-21,10428.53,15133.10,12406.03,7726.81,9108.70
2018-05-22,10517.02,15219.36,12518.65,7761.27,9145.65
2018-05-23,10386.05,15227.38,12479.37,7724.47,9069.80
2018-05-24,10349.32,15216.13,12480.05,7774.52,9115.55
2018-05-25,10567.74,15472.86,12690.73,7858.03,9215.55
2018-05-28,10676.43,15698.76,12756.70,7883.78,9307.55
2018-05-29,10637.06,15711.50,12719.63,7863.83,9270.60
2018-05-30,10660.45,15602.35,12701.21,7853.75,9255.00
2018-05-31,10694.31,15555.54,12714.44,7892.07,9315.35
2018-06-01,10593.35,15230.38,12590.50,7823.21,9255.25
2018-06-04,10515.11,14950.72,12485.22,7769.35,9175.90
2018-06-05,10473.06,14595.16,12297.79,7668.15,9110.50
2018-06-06,10612.22,14881.29,12504.41,7753.49,9205.90
2018-06-07,10712.34,15279.39,12662.32,7847.73,9300.10
2018-06-08,10740.01,15365.41,12686.16,7863.10,9316.25
2018-06-11,10746.82,15413.86,12716.85,7856.10,9332.40
2018-06-12,10816.70,15545.64,12832.81,7902.03,9386.45
2018-06-13,10794.90,15630.58,12836.85,7916.69,9386.40
2018-06-14,10836.44,15726.57,12879.13,7896.52,9356.65
2018-06-15,10816.68,15646.93,12904.48,7931.49,9343.70
2018-06-18,10765.55,15573.23,12850.58,7898.91,9318.55
2018-06-19,10663.77,15336.58,12688.01,7809.71,9234.50
2018-06-20,10736.63,15367.98,12683.02,7810.96,9276.40
2018-06-21,10672.45,15246.56,12578.02,7769.29,9240.25
2018-06-22,10761.75,15372.08,12664.58,7786.75,9296.65
2018-06-25,10743.68,15286.89,12643.71,7769.68,9234.40
2018-06-26,10738.50,15230.49,12689.54,7800.67,9231.80
2018-06-27,10635.68,14980.56,12592.41,7770.55,9129.25
2018-06-28,10503.62,14711.13,12389.41,7674.54,9036.95
2018-06-29,10627.71,15039.81,12640.13,7748.44,9162.45
2018-07-02,10599.61,15093.17,12708.25,7742.54,9109.00
2018-07-03,10664.27,15247.99,12813.67,7772.03,9149.40
2018-07-04,10712.40,15326.38,12868.23,7792.24,9194.55
2018-07-05,10607.06,15161.82,12712.54,7777.61,9166.60
2018-07-06,10621.26,15177.97,12715.90,7806.62,9194.50
2018-07-09,10719.27,15409.72,12905.12,7885.95,9277.95
2018-07-10,10768.91,15499.90,12998.58,7932.88,9359.40
2018-07-11,10781.29,15575.00,13034.12,7934.81,9344.25
2018-07-12,10818.18,15553.85,13036.23,7937.66,9380.90
2018-07-13,10835.20,15477.07,12986.93,7928.72,9349.05
2018-07-16,10749.24,15353.58,12879.25,7859.14,9231.25
2018-07-17,10780.22,15450.00,12973.14,7889.78,9315.25
2018-07-18,10638.54,15374.19,12941.23,7885.25,9269.55
2018-07-19,10597.58,15238.35,12877.01,7847.18,9236.30
2018-07-20,10719.81,15376.45,13055.51,7896.02,9286.10
2018-07-23,10759.39,15399.19,13082.27,7946.55,9363.85
2018-07-24,10789.54,15508.56,13131.72,8001.99,9450.65
2018-07-25,10748.75,15509.36,13134.80,7989.32,9449.90
2018-07-26,10735.58,15535.17,13088.54,7974.51,9487.90
2018-07-27,10834.45,15619.31,13161.96,8031.52,9579.05
2018-07-30,10855.74,15652.10,13160.02,8034.28,9618.70
2018-07-31,11000.70,15927.58,13361.62,8081.75,9650.60
2018-08-01,11035.55,15992.93,13469.05,8104.33,9651.70
2018-08-02,10980.49,15898.00,13392.96,8070.97,9588.80
2018-08-03,11041.25,16027.64,13510.96,8154.01,9685.70
2018-08-06,11001.03,15967.58,13459.05,8136.99,9709.35
2018-08-07,11031.65,15931.12,13462.51,8154.85,9704.80
2018-08-08,11133.51,16070.86,13594.81,8182.89,9744.75
2018-08-09,11143.64,16122.11,13646.19,8193.14,9769.10
2018-08-10,11120.63,16118.77,13630.22,8177.71,9724.45
2018-08-13,11137.08,16140.42,13615.33,8121.26,9656.50
2018-08-14,11257.71,16295.86,13763.47,8174.88,9726.15
2018-08-16,11221.96,16310.90,13800.26,8170.47,9685.65
2018-08-17,11340.31,16520.62,13901.67,8228.08,9770.20
2018-08-20,11382.63,16516.78,13903.01,8257.16,9839.75
2018-08-21,11398.98,16570.51,14006.95,8289.15,9862.50
2018-08-23,11477.65,16594.17,14110.47,8331.32,9872.55
2018-08-24,11419.98,16506.74,14012.84,8273.37,9850.80
2018-08-27,11550.94,16747.99,14182.77,8359.92,9958.80
2018-08-28,11596.50,16787.87,14213.15,8358.12,9985.90
2018-08-29,11606.48,16696.77,14165.21,8324.72,9973.65
2018-08-30,11552.11,16708.46,14165.63,8294.12,9975.20
2018-08-31,11594.66,16913.56,14306.84,8323.94,9992.00
2018-09-03,11457.92,16762.57,14161.86,8251.42,9921.65
2018-09-04,11297.18,16525.81,13981.78,8139.29,9806.05
2018-09-05,11255.26,16426.82,13880.45,8109.67,9764.55
2018-09-06,11315.48,16511.07,13894.03,8113.75,9815.45
2018-09-07,11430.93,16627.54,13972.38,8181.28,9875.20
2018-09-10,11223.58,16390.88,13755.36,8053.59,9740.10
2018-09-11,11071.00,16186.81,13560.87,7945.94,9607.10
2018-09-12,11136.18,16243.17,13609.13,7991.59,9660.60
2018-09-14,11301.74,16436.95,13775.34,8104.02,9792.75
2018-09-17,11203.18,16342.60,13681.39,8061.20,9696.45
2018-09-18,11186.71,16287.65,13631.42,8003.11,9594.25
2018-09-19,11122.20,16168.36,13523.25,7958.56,9545.70
2018-09-21,10915.93,15943.59,13353.68,7773.34,9425.55
2018-09-24,10718.04,15630.26,13075.97,7613.47,9243.15
2018-09-25,10825.08,15604.07,13057.09,7636.91,9303.35
2018-09-26,10815.44,15491.82,13001.49,7603.44,9302.25
2018-09-27,10735.93,15282.04,12843.64,7523.07,9202.35
2018-09-28,10631.94,15025.18,12727.15,7394.10,9116.00
2018-10-01,10705.69,15070.42,12859.34,7501.46,9165.50
2018-10-03,10501.23,14844.54,12697.74,7405.09,9056.70
2018-10-04,10188.23,14428.64,12336.45,7213.93,8854.85
2018-10-05,10010.67,14220.52,12169.53,7091.96,8624.95
2018-10-08,10008.69,14053.85,11996.49,7055.85,8602.60
2018-10-09,9922.72,13914.27,11891.32,7028.25,8562.95
2018-10-10,10149.18,14341.48,12327.09,7218.71,8748.50
2018-10-11,9915.95,14123.27,12112.44,7069.68,8565.60
2018-10-12,10183.11,14440.36,12353.70,7217.54,8767.10
2018-10-15,10191.65,14561.14,12456.60,7236.17,8812.00
2018-10-16,10270.02,14864.55,12682.52,7292.75,8893.80
2018-10-17,10104.59,14668.96,12480.07,7141.84,8758.60
2018-10-19,9993.66,14406.10,12291.52,7013.75,8640.65
2018-10-22,9858.04,14179.94,12142.01,6989.76,8576.95
2018-10-23,9716.98,13894.60,11914.49,6886.87,8489.90
2018-10-24,9835.44,13895.66,11992.79,6959.44,8555.65
2018-10-25,9744.82,13771.04,11900.49,6913.17,8473.50
2018-10-26,9661.72,13791.46,11913.55,6865.19,8417.25
2018-10-29,9808.03,14149.06,12222.11,6997.92,8610.10
2018-10-30,9795.45,14238.50,12237.21,7012.98,8600.30
2018-10-31,10009.27,14599.85,12493.96,7190.42,8753.45
2018-11-01,9992.30,14581.45,12503.26,7196.09,8772.50
2018-11-02,10065.52,14578.02,12445.75,7254.63,8899.40
2018-11-05,10070.81,14543.02,12422.98,7239.20,8877.90
2018-11-06,10022.87,14515.64,12375.47,7229.86,8870.30
2018-11-07,10091.48,14663.64,12481.33,7283.25,8933.50
2018-11-09,10107.18,14720.72,12583.52,7340.72,8946.35
2018-11-12,10097.43,14732.67,12561.47,7262.48,8859.25
2018-11-13,10157.80,14801.86,12616.48,7275.37,8923.55
2018-11-14,10077.91,14696.97,12552.39,7274.31,8921.45
2018-11-15,10149.37,14738.55,12593.30,7268.30,8954.65
2018-11-16,10183.05,14762.51,12667.60,7281.45,8993.25
2018-11-19,10281.58,14847.84,12710.03,7318.04,9052.75
2018-11-20,10190.85,14721.79,12630.12,7238.54,8960.15
2018-11-21,10180.48,14642.93,12606.44,7217.07,8940.30
2018-11-22,10096.45,14545.46,12545.70,7167.05,8879.00
2018-11-26,10185.84,14577.18,12615.93,7243.56,8943.00
2018-11-27,10255.28,14617.28,12706.63,7281.05,8983.90
2018-11-28,10294.93,14638.61,12732.31,7284.44,8993.25
2018-11-29,10420.34,14667.11,12738.07,7327.78,9081.85
2018-11-30,10512.66,14856.41,12859.85,7374.36,9109.15
2018-12-03,10526.38,14877.92,12923.41,7432.42,9126.90
2018-12-04,10495.15,14879.25,12915.47,7449.83,9116.45
2018-12-05,10411.97,14790.03,12804.89,7392.36,9029.45
2018-12-06,10202.21,14513.63,12563.53,7231.48,8883.25
2018-12-07,10303.39,14622.35,12651.25,7269.06,8940.65
2018-12-10,10098.60,14358.75,12421.66,7140.16,8769.60
2018-12-11,10216.87,14512.40,12566.70,7226.49,8845.15
2018-12-12,10402.42,14808.66,12796.49,7408.80,9021.60
2018-12-13,10472.37,14952.77,12878.99,7452.53,9077.30
2018-12-14,10473.80,14950.81,12892.63,7475.44,9091.30
2018-12-17,10519.97,14940.03,12921.05,7494.65,9153.95
2018-12-18,10525.41,14954.92,12919.33,7500.25,9177.35
2018-12-19,10595.20,14984.22,13037.09,7578.30,9246.80
2018-12-20,10561.79,14941.20,12981.05,7576.36,9234.45
2018-12-21,10373.15,14661.54,12746.68,7448.05,9082.55
2018-12-24,10256.02,14441.84,12565.51,7372.28,9002.45
2018-12-26,10270.55,14418.51,12517.77,7350.71,9041.70
2018-12-27,10333.12,14521.26,12626.03,7413.49,9078.80
2018-12-28,10431.01,14639.88,12720.90,7445.30,9152.55
2018-12-31,10471.19,14671.71,12763.55,7461.32,9170.00
2019-01-01,10464.23,14664.40,12721.27,7458.44,9197.90
2019-01-02,10397.30,14577.46,12636.76,7390.89,9103.40
2019-01-03,10312.76,14468.16,12573.47,7333.04,9014.80
2019-01-04,10317.01,14449.57,12513.81,7319.59,9054.90
2019-01-07,10350.78,14530.81,12576.40,7318.89,9081.15
2019-01-08,10345.39,14566.12,12558.16,7339.13,9098.65
2019-01-09,10410.35,14655.81,12595.45,7338.47,9127.45
2019-01-10,10428.76,14682.98,12642.41,7355.01,9119.40
2019-01-11,10413.53,14653.12,12624.00,7353.12,9098.20
2019-01-14,10388.92,14581.90,12662.16,7358.42,9051.45
2019-01-15,10555.28,14799.08,12822.46,7469.22,9157.15
2019-01-16,10546.63,14821.74,12775.84,7460.30,9158.75
2019-01-17,10548.16,14824.04,12767.72,7453.97,9161.60
2019-01-18,10577.66,14817.96,12733.40,7422.98,9140.10
2019-01-21,10622.45,14847.66,12754.72,7405.18,9155.30
2019-01-22,10679.65,14899.14,12779.06,7387.42,9131.15
2019-01-23,10644.20,14906.09,12804.86,7366.29,9068.85
2019-01-24,10676.71,14933.38,12818.78,7380.12,9072.20
2019-01-25,10639.19,14880.63,12728.68,7316.46,8994.35
2019-01-28,10486.74,14675.89,12580.13,7200.64,8876.60
2019-01-29,10536.11,14766.53,12648.41,7192.92,8875.65
2019-01-30,10551.44,14916.21,12734.61,7205.17,8884.90
2019-01-31,10711.95,15110.36,12853.48,7269.75,9003.85
2019-02-01,10840.34,15314.05,13042.85,7377.97,9056.30
2019-02-04,10868.74,15302.61,13056.29,7330.57,9042.00
2019-02-05,10864.22,15285.26,13012.75,7316.50,9033.60
2019-02-06,10999.13,15486.38,13152.52,7407.67,9118.70
2019-02-07,11025.11,15529.73,13238.59,7467.98,9145.80
2019-02-08,10929.27,15405.97,13163.60,7360.74,9036.90
2019-02-11,10826.65,15222.37,13034.25,7325.60,8967.15
2019-02-12,10778.07,15125.40,12938.02,7295.49,8925.30
2019-02-13,10758.89,15074.13,12905.70,7245.98,8887.90
2019-02-14,10713.11,15040.30,12867.25,7280.26,8869.30
2019-02-15,10586.79,14874.94,12701.00,7193.32,8827.05
2019-02-18,10507.94,14775.09,12604.00,7122.32,8754.35
2019-02-19,10432.60,14650.19,12519.03,7078.95,8742.30
2019-02-20,10540.45,14802.20,12596.54,7161.26,8845.60
2019-02-21,10629.19,14901.09,12666.22,7207.02,8901.70
2019-02-22,10647.89,14956.72,12706.30,7248.26,8919.75
2019-02-25,10742.03,15086.54,12833.51,7306.88,8983.85
2019-02-26,10729.50,15078.26,12852.66,7302.72,8953.15
2019-02-27,10670.61,15053.58,12875.59,7301.40,8946.20
2019-02-28,10660.86,15041.27,12892.20,7310.56,8955.95
2019-03-01,10720.92,15120.11,12964.02,7367.91,9037.50
2019-03-05,10745.33,15170.78,13005.75,7481.45,9173.60
2019-03-06,10836.35,15247.53,13096.93,7500.04,9230.45
2019-03-07,10770.09,15169.85,13032.49,7474.64,9225.35
2019-03-08,10739.36,15110.28,13033.76,7465.22,9211.05
2019-03-11,10865.61,15266.63,13203.98,7589.28,9345.60
2019-03-12,10967.63,15396.11,13248.27,7610.36,9440.85
2019-03-13,10957.17,15364.99,13213.89,7607.45,9450.25
2019-03-14,10957.04,15318.24,13218.54,7596.64,9447.20
2019-03-15,11024.28,15379.72,13189.65,7585.81,9499.40
2019-03-18,11056.11,15391.36,13183.70,7580.34,9516.70
2019-03-19,11103.55,15496.23,13231.48,7596.72,9570.15
2019-03-20,11099.94,15483.85,13212.78,7588.00,9553.00
2019-03-22,11051.05,15423.42,13184.08,7565.48,9500.05
2019-03-25,10980.60,15323.96,13134.08,7511.63,9411.65
2019-03-26,11090.63,15466.95,13251.64,7574.00,9512.60
2019-03-27,11029.98,15421.18,13228.15,7592.76,9501.80
2019-03-28,11099.02,15569.35,13286.31,7675.07,9601.95
2019-03-29,11188.09,15697.72,13387.47,7712.62,9663.70
2019-04-01,11226.59,15792.73,13427.43,7728.16,9702.00
2019-04-02,11222.94,15792.53,13433.43,7739.01,9720.80
2019-04-03,11168.07,15720.74,13395.93,7717.01,9658.40
2019-04-04,11147.02,15659.59,13366.32,7705.50,9626.65
2019-04-05,11187.48,15702.85,13404.41,7738.64,9684.95
2019-04-08,11152.16,15663.04,13376.22,7702.82,9634.40
2019-04-09,11217.69,15788.95,13408.30,7717.51,9677.75
2019-04-10,11184.58,15780.36,13380.11,7673.44,9622.95
2019-04-11,11177.52,15738.36,13355.23,7696.26,9634.55
2019-04-12,11197.35,15776.55,13364.81,7727.92,9674.60
2019-04-15,11257.32,15844.22,13462.62,7777.23,9716.50
2019-04-16,11311.10,15892.11,13488.81,7807.11,9781.40
2019-04-18,11302.72,15875.40,13406.72,7753.13,9738.70
2019-04-22,11208.95,15767.27,13328.02,7640.69,9599.80
2019-04-23,11228.88,15809.49,13325.09,7629.04,9587.30
2019-04-24,11362.70,15986.23,13447.91,7687.16,9687.55
2019-04-25,11315.48,15930.13,13364.26,7644.33,9628.80
2019-04-26,11407.72,16044.25,13386.17,7664.90,9689.70
2019-04-30,11474.94,16135.83,13426.85,7587.10,9664.30
2019-05-02,11362.07,15961.91,13324.33,7530.90,9637.50
2019-05-03,11271.05,15814.30,13171.81,7469.15,9624.55
2019-05-06,11141.23,15688.93,13052.15,7396.84,9532.45
2019-05-07,11080.73,15627.02,13044.86,7364.89,9450.80
2019-05-08,10956.72,15458.61,12904.76,7292.36,9340.25
2019-05-09,10938.93,15453.83,12913.42,7313.88,9299.75
2019-05-10,10941.43,15383.35,12918.04,7261.70,9290.20
2019-05-13,10856.92,15251.44,12852.08,7159.54,9159.95
2019-05-14,10820.57,15178.46,12799.27,7154.90,9212.35
2019-05-15,10815.93,15178.40,12856.71,7131.80,9160.10
2019-05-16,10924.79,15310.16,12929.59,7166.20,9221.65
2019-05-17,11021.48,15378.54,13070.69,7261.94,9329.70
2019-05-20,11242.09,15616.54,13281.92,7434.83,9671.90
2019-05-21,11218.42,15571.02,13268.41,7372.82,9578.85
2019-05-22,11190.72,15561.40,13277.93,7361.81,9598.20
2019-05-23,11117.69,15482.78,13194.04,7307.57,9552.75
2019-05-24,11237.08,15646.78,13324.26,7402.19,9722.05
2019-05-27,11215.91,15564.22,13232.39,7428.71,9804.90
2019-05-28,11235.54,15665.40,13319.58,7449.26,9815.50
2019-05-29,11215.72,15657.67,13341.25,7437.40,9757.15
2019-05-30,11286.41,15747.34,13408.01,7464.77,9815.30
2019-05-31,11320.99,15829.14,13502.37,7503.44,9805.05
2019-06-03,11493.53,16038.59,13703.76,7608.45,9922.60
2019-06-04,11406.25,15918.74,13569.16,7544.75,9876.20
2019-06-06,11299.49,15760.46,13505.07,7462.31,9722.50
2019-06-07,11319.06,15771.42,13517.58,7439.77,9735.85
2019-06-10,11416.40,15922.18,13655.47,7491.62,9765.85
2019-06-11,11457.60,15957.39,13661.54,7503.30,9805.10
2019-06-12,11401.42,15886.07,13615.17,7443.50,9749.95
2019-06-13,11410.84,15869.05,13583.11,7428.16,9747.05
2019-06-14,11311.72,15748.64,13467.10,7352.12,9669.95
2019-06-17,11221.51,15601.90,13388.23,7280.34,9543.60
2019-06-18,11235.62,15641.23,13348.22,7288.41,9551.35
2019-06-19,11242.24,15579.42,13302.25,7229.86,9526.20
2019-06-20,11337.89,15671.60,13392.18,7300.00,9646.00
2019-06-21,11228.35,15578.31,13363.98,7249.77,9581.60
2019-06-24,11169.59,15538.30,13376.39,7222.67,9564.10
2019-06-25,11251.56,15629.59,13438.93,7248.52,9632.85
2019-06-26,11275.16,15669.43,13392.94,7244.47,9682.80
2019-06-27,11259.50,15647.28,13422.75,7242.75,9692.35
2019-06-28,11231.11,15628.07,13418.63,7217.57,9657.95
2019-07-01,11286.12,15674.82,13377.15,7225.69,9713.00
2019-07-02,11344.71,15740.70,13468.39,7275.60,9744.85
2019-07-03,11335.22,15728.81,13448.48,7272.77,9757.30
2019-07-04,11397.54,15808.96,13423.35,7283.40,9776.80
2019-07-05,11231.39,15547.51,13233.01,7203.92,9657.65
2019-07-08,10956.02,15151.70,12950.15,7043.78,9447.80
2019-07-09,10926.02,15101.95,12909.59,7040.32,9455.65
2019-07-10,10815.50,14928.53,12793.57,6977.55,9400.10
2019-07-11,10851.18,14977.20,12837.76,7004.16,9466.40
2019-07-12,10820.29,14957.94,12810.24,7011.51,9457.75
2019-07-15,10866.16,15004.04,12858.44,7020.00,9469.15
2019-07-16,10946.70,15133.42,12983.21,7068.33,9529.85
2019-07-17,10989.20,15147.15,12973.58,7099.67,9543.35
2019-07-18,10920.26,15011.59,12815.09,7029.87,9456.15
2019-07-19,10706.74,14720.69,12643.75,6912.69,9304.65
2019-07-22,10606.89,14638.00,12605.81,6876.67,9247.75
2019-07-23,10589.81,14631.61,12626.10,6881.51,9233.55
2019-07-24,10491.05,14438.82,12458.35,6798.26,9160.45
2019-07-25,10469.95,14441.23,12506.82,6805.67,9159.15
2019-07-26,10560.90,14572.51,12546.78,6851.96,9192.60
2019-07-29,10485.87,14507.95,12465.08,6789.36,9108.90
2019-07-30,10351.60,14280.75,12419.49,6724.79,9004.05
2019-07-31,10361.86,14320.69,12485.88,6782.15,9044.95
2019-08-01,10233.62,14153.71,12362.09,6713.32,8935.75
2019-08-02,10239.43,14129.18,12367.64,6732.34,8943.95
2019-08-05,10085.90,13905.72,12265.23,6703.26,8831.95
2019-08-06,10220.90,14085.68,12443.22,6796.63,8918.60
2019-08-07,10128.02,13969.69,12442.78,6788.34,8854.65
2019-08-08,10278.08,14169.18,12648.05,6889.75,8979.65
2019-08-09,10380.58,14265.90,12761.80,6940.12,9046.55
2019-08-13,10128.58,13964.49,12442.14,6797.55,8890.10
2019-08-14,10267.37,14161.30,12525.32,6828.31,8971.10
2019-08-16,10295.37,14230.07,12544.77,6847.26,8988.80
2019-08-19,10320.43,14266.46,12613.08,6840.57,8997.95
2019-08-20,10282.97,14190.46,12624.77,6834.17,8957.40
2019-08-21,10189.57,14029.90,12517.05,6773.09,8864.50
2019-08-22,10021.28,13804.32,12417.48,6710.70,8719.25
2019-08-23,10115.39,13937.01,12458.53,6764.51,8790.55
2019-08-26,10349.03,14204.67,12620.11,6849.64,8964.70
2019-08-27,10360.26,14250.62,12708.20,6879.59,9022.25
2019-08-28,10295.28,14161.55,12702.42,6872.32,8970.90
2019-08-29,10192.19,14052.00,12681.10,6871.90,8906.10
2019-08-30,10283.03,14218.79,12784.06,6933.27,8977.55
2019-09-03,10073.31,13920.79,12654.35,6854.43,8802.35
2019-09-04,10127.83,13982.22,12703.20,6844.59,8833.10
2019-09-05,10115.58,14029.61,12759.92,6874.29,8846.30
2019-09-06,10221.51,14173.19,12766.61,6905.05,8920.40
2019-09-09,10340.51,14317.99,12858.34,6931.54,8972.40
2019-09-11,10362.43,14326.32,12814.92,6938.75,9015.15
2019-09-12,10313.42,14242.04,12740.17,6921.73,8981.60
2019-09-13,10420.05,14394.51,12836.33,6960.41,9050.85
2019-09-16,10364.14,14345.39,12862.82,6977.24,9009.15
2019-09-17,10198.55,14131.41,12704.48,6898.12,8853.90
2019-09-18,10228.93,14198.41,12742.05,6911.84,8877.70
2019-09-19,10092.14,13987.20,12576.41,6840.58,8766.45
2019-09-20,10650.24,14708.45,13146.15,7181.34,9230.50
2019-09-23,10984.64,15065.75,13377.88,7342.77,9486.60
2019-09-24,10974.57,15081.04,13472.62,7357.01,9474.75
2019-09-25,10828.81,14883.58,13330.69,7269.18,9344.15
2019-09-26,10932.70,15027.36,13365.57,7321.71,9443.80
2019-09-27,10921.68,14995.71,13360.42,7308.89,9395.60
2019-09-30,10866.71,14938.35,13364.86,7282.15,9340.90
2019-10-01,10727.43,14703.61,13196.68,7196.16,9236.40
2019-10-03,10666.11,14688.27,13172.06,7164.73,9198.40
2019-10-04,10528.37,14550.21,13102.04,7090.07,9091.65
2019-10-07,10505.75,14519.86,13099.97,7081.12,9040.65
2019-10-09,10675.83,14716.00,13186.26,7126.19,9177.95
2019-10-10,10586.47,14592.27,13135.26,7097.84,9112.75
2019-10-11,10615.71,14627.66,13213.77,7176.38,9161.40
2019-10-14,10606.59,14637.94,13220.15,7187.19,9192.65
2019-10-15,10643.86,14667.89,13237.84,7229.04,9253.85
2019-10-16,10705.69,14717.86,13299.95,7235.38,9281.85
2019-10-17,10821.33,14894.27,13427.41,7346.97,9391.00
2019-10-18,10914.46,15027.46,13563.85,7407.85,9479.20
2019-10-22,10858.36,14985.25,13518.16,7347.55,9448.25
2019-10-23,10877.21,15017.13,13552.47,7387.03,9458.65
2019-10-24,10884.44,15034.46,13611.37,7417.20,9437.65
2019-10-25,10850.67,14995.73,13567.25,7405.35,9431.10
2019-10-27,10864.71,15053.71,13631.04,7426.78,9478.35
2019-10-29,10978.93,15236.30,13736.42,7517.87,9598.35
2019-10-30,11016.39,15294.21,13784.57,7559.16,9647.55
2019-10-31,11114.52,15463.55,13970.80,7599.83,9689.65
2019-11-01,11111.76,15460.78,13939.36,7588.41,9704.00
2019-11-04,11183.69,15523.15,13916.92,7585.12,9732.40
2019-11-05,11173.09,15496.37,13818.65,7579.97,9694.05
2019-11-06,11170.55,15454.63,13718.17,7585.59,9721.35
2019-11-07,11214.02,15513.10,13792.91,7626.76,9764.30
2019-11-08,11143.44,15408.14,13687.33,7545.12,9683.30
2019-11-11,11157.56,15440.25,13683.75,7522.29,9695.85
2019-11-13,11061.42,15337.01,13556.67,7457.40,9633.95
2019-11-14,11119.30,15406.97,13648.86,7478.02,9650.40
2019-11-15,11135.46,15428.36,13668.86,7462.52,9667.30
2019-11-18,11149.86,15467.65,13672.31,7426.33,9668.60
2019-11-19,11192.29,15523.72,13661.87,7414.78,9702.15
2019-11-20,11228.06,15585.55,13652.82,7434.79,9744.90
2019-11-21,11171.13,15489.64,13539.22,7392.32,9712.35
2019-11-22,11090.18,15398.02,13420.39,7328.22,9679.30
2019-11-25,11243.79,15587.30,13538.20,7415.49,9802.05
2019-11-26,11217.13,15519.49,13441.05,7356.23,9762.85
2019-11-27,11306.70,15619.11,13524.49,7431.64,9815.95
2019-11-28,11368.26,15734.60,13545.72,7458.49,9869.75
2019-11-29,11261.47,15637.93,13504.77,7393.87,9813.65
2019-12-02,11234.50,15578.14,13421.17,7347.71,9798.00
2019-12-03,11219.38,15549.70,13425.70,7333.47,9743.15
2019-12-04,11293.06,15638.91,13483.28,7362.32,9782.10
2019-12-05,11272.24,15612.16,13531.54,7366.82,9757.60
2019-12-06,11165.96,15458.47,13428.29,7311.61,9669.40
2019-12-09,11188.05,15488.32,13429.21,7293.41,9671.45
2019-12-10,11131.52,15393.03,13342.96,7235.17,9595.40
2019-12-11,11215.76,15502.09,13440.38,7265.75,9636.25
2019-12-12,11282.68,15563.80,13438.16,7286.01,9691.15
2019-12-13,11361.96,15712.27,13564.02,7341.30,9783.60
2019-12-16,11351.37,15691.48,13546.85,7315.26,9753.00
2019-12-17,11430.83,15767.40,13606.73,7371.41,9831.35
2019-12-18,11454.68,15770.09,13642.16,7393.48,9864.55
2019-12-19,11470.42,15808.24,13659.83,7420.62,9892.30
2019-12-20,11524.66,15930.11,13712.14,7431.08,9905.35
2019-12-23,11524.68,15910.45,13724.99,7431.47,9897.65
2019-12-24,11480.31,15858.28,13692.94,7416.17,9868.40
2019-12-26,11437.90,15808.52,13696.52,7414.72,9817.20
2019-12-27,11526.89,15924.76,13775.52,7464.62,9908.70
2019-12-30,11556.31,15915.58,13825.53,7494.71,9924.70
2019-12-31,11490.82,15811.46,13768.21,7464.89,9872.55
2020-01-01,11483.49,15824.64,13797.31,7480.48,9888.55
2020-01-02,11546.18,15856.03,13784.16,7483.99,9980.00
2020-01-03,11477.31,15828.87,13739.44,7478.71,9941.65
2020-01-06,11258.12,15489.54,13499.14,7359.84,9747.40
2020-01-07,11325.67,15574.55,13581.22,7381.83,9805.40
2020-01-08,11373.32,15629.50,13645.38,7371.94,9792.20
2020-01-09,11552.28,15848.27,13762.62,7435.86,9943.90
2020-01-10,11600.70,15841.09,13780.75,7491.73,9978.00
2020-01-13,11689.57,15914.48,13868.26,7567.20,10042.50
2020-01-14,11760.27,16037.69,13975.48,7640.87,10075.85
2020-01-15,11798.42,16106.22,14090.60,7695.19,10087.05
2020-01-16,11871.61,16205.28,14216.80,7743.96,10110.05
2020-01-17,11942.17,16297.43,14285.29,7753.22,10118.70
2020-01-20,11887.53,16204.37,14230.85,7697.15,10025.70
2020-01-21,11854.00,16129.81,14185.67,7653.37,9987.55
2020-01-22,11808.50,16096.98,14146.38,7642.48,9947.00
2020-01-23,11919.28,16269.91,14299.36,7693.58,10021.40
2020-01-24,12015.11,16412.38,14451.94,7757.53,10083.70
2020-01-27,11967.34,16379.84,14467.99,7731.23,9999.60
2020-01-28,11956.93,16369.63,14491.79,7701.78,9956.95
2020-01-29,12028.67,16492.30,14619.16,7758.66,10009.30
2020-01-30,11928.94,16371.41,14534.19,7671.72,9919.20
2020-01-31,11817.43,16286.26,14506.49,7628.67,9861.45
2020-02-01,11558.20,15734.19,14290.31,7523.53,9606.05
2020-02-03,11796.19,16017.76,14590.01,7601.99,9650.55
2020-02-04,12043.18,16331.60,14715.44,7704.48,9853.05
2020-02-05,12142.04,16510.77,14717.36,7708.85,9951.35
2020-02-06,12197.42,16678.95,14784.79,7746.88,10004.20
2020-02-07,12176.63,16703.81,14872.85,7787.63,10000.75
2020-02-10,12154.74,16724.48,14851.62,7732.46,9945.65
2020-02-11,12166.76,16702.52,14844.23,7728.48,9987.05
2020-02-12,12249.83,16751.44,14887.43,7778.08,10037.10
2020-02-13,12228.25,16695.78,14848.41,7773.44,10017.75
2020-02-14,12228.36,16684.22,14827.81,7712.76,9961.05
2020-02-17,12173.99,16528.62,14798.17,7661.98,9891.00
2020-02-18,12126.88,16532.70,14803.06,7652.64,9845.55
2020-02-19,12317.64,16807.86,14942.68,7740.64,9970.50
2020-02-20,12243.34,16779.60,14873.52,7727.49,9958.65
2020-02-24,12035.17,16463.29,14670.15,7611.82,9758.20
2020-02-25,12003.80,16409.61,14645.13,7608.99,9724.70
2020-02-26,11915.86,16277.67,14596.16,7550.60,9622.70
2020-02-27,11898.33,16228.41,14549.65,7509.73,9579.35
2020-02-28,11475.15,15757.09,14135.09,7225.33,9236.05
2020-03-02,11393.86,15605.05,14061.27,7221.41,9178.80
2020-03-03,11587.62,15829.86,14237.27,7356.28,9324.30
2020-03-04,11506.41,15655.03,14152.39,7344.79,9258.25
2020-03-05,11563.33,15739.61,14312.38,7399.68,9280.15
2020-03-06,11362.55,15459.71,14201.79,7285.24,9059.95
2020-03-09,10944.24,14848.73,13704.21,6991.24,8631.35
2020-03-11,10936.92,14802.74,13681.32,6998.94,8618.05
2020-03-12,10151.76,13667.27,12715.17,6478.42,7901.35
2020-03-13,10469.45,14146.35,12833.06,6511.80,8163.00
2020-03-16,9838.83,13369.79,12164.30,6142.95,7591.90
2020-03-17,9613.58,13020.96,12018.00,6106.22,7417.65
2020-03-18,8982.77,12135.43,11336.84,5836.99,7010.55
2020-03-19,8709.34,11746.08,10950.79,5637.85,6807.20
2020-03-20,9316.67,12353.25,11630.73,6000.16,7160.10
2020-03-23,8103.24,10588.15,10246.92,5319.30,6243.00
2020-03-24,8333.67,10825.37,10516.61,5483.13,6365.45
2020-03-25,8871.46,11534.12,10941.92,5656.03,6724.00
2020-03-26,9206.66,12095.00,11325.86,5853.57,6993.85
2020-03-27,9100.32,11901.02,11265.67,5810.70,7003.30
2020-03-30,8896.85,11727.55,11221.95,5729.40,6749.20
2020-03-31,9252.38,12182.03,11584.69,5961.85,6996.75
2020-04-01,8928.01,11925.90,11346.90,5792.07,6761.95
2020-04-03,8797.16,11808.18,11174.68,5696.77,6638.45
2020-04-07,9549.69,12745.98,12068.67,6123.11,7149.00
2020-04-08,9541.03,12808.31,12192.93,6178.17,7161.45
2020-04-09,9859.89,13233.33,12543.51,6333.64,7441.65
2020-04-13,9824.00,13137.54,12388.96,6241.64,7360.35
2020-04-15,9870.65,13167.00,12613.38,6366.73,7344.35
2020-04-16,9976.61,13278.49,12756.11,6382.46,7412.30
2020-04-17,10110.88,13562.88,12781.49,6412.61,7614.40
2020-04-20,10074.24,13577.84,12761.74,6395.06,7614.60
2020-04-21,9943.22,13263.66,12610.66,6286.75,7395.85
2020-04-22,10162.60,13527.04,12855.92,6420.14,7533.80
2020-04-23,10220.24,13618.42,12952.25,6493.27,7625.30
2020-04-24,10046.88,13271.52,12791.55,6415.72,7493.45
2020-04-27,10260.12,13662.51,13011.46,6534.60,7603.95
2020-04-28,10324.63,13741.43,13076.28,6524.16,7672.45
2020-04-29,10382.07,13885.25,13142.42,6572.94,7797.20
2020-04-30,10540.04,14112.68,13346.68,6713.32,8012.90
2020-05-04,10060.67,13595.70,12842.46,6399.74,7596.90
2020-05-05,9892.18,13465.98,12705.48,6322.14,7523.05
2020-05-06,10007.52,13635.36,12842.29,6327.39,7575.50
2020-05-07,9883.05,13551.73,12640.32,6259.01,7520.85
2020-05-08,10012.36,13679.54,12734.94,6310.24,7552.00
2020-05-11,9964.99,13664.52,12776.57,6357.42,7556.40
2020-05-12,9905.82,13622.67,12720.44,6350.11,7520.90
2020-05-13,9985.71,13755.81,12808.14,6406.45,7667.00
2020-05-14,9838.60,13563.65,12793.56,6355.58,7514.55
2020-05-15,9876.00,13553.14,12688.11,6334.53,7504.05
2020-05-18,9524.08,13059.69,12328.72,6185.37,7245.25
2020-05-19,9606.09,13212.96,12333.78,6214.50,7284.50
2020-05-20,9814.62,13389.69,12472.97,6295.81,7426.85
2020-05-21,9799.54,13474.65,12610.51,6363.69,7470.60
2020-05-22,9716.32,13341.59,12506.60,6359.68,7416.00
2020-05-26,9706.34,13296.39,12590.87,6375.44,7424.50
2020-05-27,9868.20,13380.85,12598.52,6435.06,7595.55
2020-05-28,10001.27,13583.71,12784.78,6541.09,7732.25
2020-05-29,10210.70,13832.53,13095.05,6661.14,7822.40
2020-06-01,10410.49,14096.04,13309.57,6788.07,8020.10
2020-06-02,10531.54,14201.07,13371.46,6827.95,8137.45
2020-06-03,10653.01,14279.79,13466.66,6856.18,8203.00
2020-06-04,10612.32,14331.98,13430.87,6858.11,8185.90
2020-06-05,10710.57,14506.39,13509.38,6875.51,8299.35
2020-06-08,10690.89,14563.20,13474.13,6894.92,8323.95
2020-06-09,10601.94,14391.56,13389.27,6862.88,8238.10
2020-06-10,10642.61,14390.16,13412.37,6864.64,8293.35
2020-06-11,10491.21,14206.05,13265.94,6760.39,8137.00
2020-06-12,10610.33,14372.00,13398.69,6775.41,8196.40
2020-06-15,10433.29,14200.41,13253.76,6686.25,8086.45
2020-06-16,10485.38,14257.59,13284.96,6708.09,8152.30
2020-06-17,10459.09,14214.74,13232.18,6699.19,8140.45
2020-06-18,10625.30,14323.79,13275.60,6764.93,8283.65
2020-06-19,10791.71,14563.73,13307.33,6809.96,8403.40
2020-06-22,10913.79,14737.71,13489.55,6906.30,8486.45
2020-06-23,11093.47,14982.58,13733.91,7012.37,8621.10
2020-06-24,10923.61,14736.44,13592.59,6989.86,8496.25
2020-06-25,10917.80,14748.34,13596.73,7008.81,8499.90
2020-06-26,10904.99,14712.09,13577.70,7051.46,8559.00
2020-06-29,10914.42,14684.50,13527.67,7011.35,8488.05
2020-06-30,10878.78,14669.55,13540.12,7019.06,8474.80
2020-07-01,10813.12,14623.99,13540.79,7037.91,8554.75
2020-07-02,10867.41,14714.69,13578.60,7098.23,8647.85
2020-07-03,10949.59,14810.95,13636.83,7144.62,8696.25
2020-07-06,10973.53,14868.56,13683.90,7207.68,8815.70
2020-07-07,10988.13,14890.79,13674.13,7244.77,8850.30
2020-07-08,10950.57,14874.85,13585.96,7160.27,8785.00
2020-07-09,11003.81,14973.64,13673.09,7189.52,8851.50
2020-07-10,11036.17,15028.12,13705.04,7191.80,8813.95
2020-07-13,11113.00,15047.47,13763.41,7251.65,8834.20
2020-07-14,11092.67,15056.03,13708.03,7172.46,8693.35
2020-07-15,11059.50,15047.09,13707.69,7213.85,8689.85
2020-07-16,11177.65,15175.27,13813.99,7313.26,8766.60
2020-07-17,11329.20,15359.07,13988.02,7364.24,8895.30
2020-07-20,11404.83,15477.12,14183.48,7476.59,8985.10
2020-07-21,11280.60,15376.87,14126.75,7444.52,9070.60
2020-07-22,11257.50,15400.54,14162.43,7406.08,9046.60
2020-07-23,11346.29,15548.92,14257.72,7455.00,9114.05
2020-07-24,11264.61,15441.46,14280.62,7452.46,9085.95
2020-07-27,11203.87,15387.47,14324.41,7480.72,9024.90
2020-07-28,11251.01,15430.41,14319.15,7538.08,9141.75
2020-07-29,11358.83,15555.70,14393.78,7536.76,9096.10
2020-07-30,11426.71,15574.82,14334.93,7498.60,9031.70
2020-07-31,11586.35,15760.74,14371.49,7518.18,9035.75
2020-08-03,11543.03,15804.64,14457.84,7493.06,8932.05
2020-08-04,11687.91,15987.59,14582.19,7521.58,9074.95
2020-08-05,11698.98,16020.15,14598.83,7537.40,9088.75
2020-08-06,11810.52,16176.26,14684.50,7600.01,9169.10
2020-08-07,11929.72,16384.11,14861.04,7654.07,9198.65
2020-08-10,12184.38,16765.16,15042.44,7678.28,9268.55
2020-08-11,12074.27,16621.36,14962.27,7667.03,9291.00
2020-08-12,11961.26,16467.22,14864.46,7665.29,9284.80
2020-08-13,11943.14,16447.96,14897.76,7683.57,9307.85
2020-08-14,11948.09,16384.58,14812.99,7607.34,9214.40
2020-08-17,11974.77,16407.20,14853.09,7696.62,9267.90
2020-08-18,12068.39,16534.04,14997.72,7755.71,9382.05
2020-08-19,12078.62,16574.42,15094.54,7743.12,9412.55
2020-08-20,12061.68,16520.89,15085.68,7753.67,9368.75
2020-08-21,12117.02,16648.36,15292.48,7822.67,9423.55
2020-08-24,12148.44,16755.99,15442.38,7865.04,9498.35
2020-08-25,12114.53,16748.24,15449.31,7864.95,9509.25
2020-08-26,12085.56,16693.28,15418.18,7906.29,9567.15
2020-08-27,12092.02,16705.98,15414.41,7900.41,9580.70
2020-08-28,12065.67,16676.07,15355.92,7861.21,9641.05
2020-08-31,11659.47,16032.06,14740.84,7638.61,9372.05
2020-09-01,11933.25,16312.97,14869.00,7698.58,9442.25
2020-09-02,12040.66,16514.08,15031.87,7746.43,9518.40
2020-09-03,12124.93,16663.95,15142.58,7787.27,9534.65
2020-09-04,11916.62,16425.83,14989.08,7687.60,9377.95
2020-09-07,11865.42,16368.01,14994.08,7686.84,9379.10
2020-09-08,11744.71,16185.47,14866.93,7670.52,9329.85
2020-09-09,11877.69,16281.47,14858.07,7638.45,9290.20
2020-09-10,11999.55,16422.69,15019.74,7710.23,9420.25
2020-09-11,12070.75,16462.25,15120.94,7767.28,9446.40
2020-09-14,12041.80,16629.53,15450.89,7908.41,9493.30
2020-09-15,12170.41,16820.05,15652.38,7948.60,9573.35
2020-09-16,12277.94,16943.82,15790.15,7981.94,9632.50
2020-09-17,12255.11,16923.60,15774.33,7952.61,9566.75
2020-09-18,12437.02,17170.97,15883.20,7961.87,9559.50
2020-09-21,11975.54,16567.72,15388.72,7772.62,9313.00
2020-09-22,11917.06,16445.66,15217.68,7725.58,9213.90
2020-09-23,11835.00,16314.15,15186.57,7706.55,9194.35
2020-09-24,11592.13,16029.85,15002.82,7525.73,8944.75
2020-09-25,11892.57,16393.62,15284.82,7713.80,9156.10
2020-09-28,12081.67,16680.20,15532.10,7825.03,9330.25
2020-09-29,12022.85,16588.38,15467.79,7813.65,9319.70
2020-09-30,12090.36,16599.42,15513.60,7851.75,9341.75
2020-10-01,12194.04,16691.74,15605.61,7920.92,9461.70
2020-10-05,12207.11,16715.64,15636.19,7965.73,9516.30
2020-10-06,12231.60,16780.94,15743.77,8007.25,9622.35
2020-10-07,12249.08,16732.82,15744.36,8012.82,9654.50
2020-10-08,12346.36,16815.14,15711.99,8072.00,9711.80
2020-10-09,12206.00,16643.02,15591.18,8053.89,9750.15
2020-10-12,12246.70,16691.84,15652.81,8090.78,9745.35
2020-10-13,12166.10,16581.49,15603.01,8106.64,9736.45
2020-10-14,12207.70,16637.96,15621.03,8102.71,9763.40
2020-10-15,12016.05,16401.99,15482.15,8006.20,9550.05
2020-10-16,12121.95,16557.15,15617.57,8027.93,9626.25
2020-10-19,12082.20,16542.20,15697.42,8052.05,9709.30
2020-10-20,12095.30,16599.12,15724.04,8088.20,9733.00
2020-10-21,12010.65,16556.58,15680.39,8029.49,9756.60
2020-10-22,11951.60,16521.83,15718.20,8035.83,9745.05
2020-10-23,12003.50,16574.29,15742.50,8069.48,9780.35
2020-10-26,11871.15,16468.15,15615.96,7986.16,9647.65
2020-10-27,12172.95,16850.15,15944.19,8089.97,9748.30
2020-10-28,12048.85,16722.71,15810.65,8026.94,9632.35
2020-10-29,12071.25,16724.44,15862.24,8024.71,9593.40
2020-10-30,12018.25,16711.23,15839.32,7987.33,9581.65
2020-11-02,11917.40,16645.04,15720.51,7935.38,9595.95
2020-11-03,11946.45,16724.88,15768.90,7968.53,9696.30
2020-11-04,12068.60,16858.56,15858.86,8036.85,9764.60
2020-11-05,12265.25,17107.66,16120.18,8188.37,9935.35
2020-11-06,12270.60,17109.22,16189.50,8225.06,10033.50
2020-11-09,12414.20,17235.42,16300.29,8308.80,10176.35
2020-11-10,12098.30,16793.41,15876.30,8192.54,10269.00
2020-11-11,12280.90,17056.88,16015.22,8279.05,10356.50
2020-11-12,12376.05,17147.28,16059.39,8311.37,10342.70
2020-11-13,12487.20,17299.16,16157.35,8353.93,10387.20
2020-11-14,12517.00,17381.67,16235.34,8387.13,10440.35
2020-11-17,12497.90,17416.20,16219.81,8380.55,10524.00
2020-11-18,12480.95,17390.40,16267.09,8387.29,10588.35
2020-11-19,12388.70,17256.44,16129.79,8346.25,10477.50
2020-11-20,12453.30,17401.81,16229.98,8433.24,10560.55
2020-11-23,12596.75,17603.59,16432.04,8542.49,10635.95
2020-11-24,12649.60,17730.41,16523.32,8593.47,10733.60
2020-11-25,12416.40,17420.95,16233.51,8454.22,10574.95
2020-11-26,12540.25,17552.32,16332.04,8507.56,10674.05
2020-11-27,12700.75,17821.29,16596.85,8602.22,10719.05
2020-12-01,12739.20,17821.48,16577.45,8661.12,10835.15
2020-12-02,12813.15,17866.16,16605.45,8714.71,10858.15
2020-12-03,12925.00,18036.61,16734.68,8760.90,10893.60
2020-12-04,13026.70,18153.23,16769.16,8800.81,10978.85
2020-12-07,13138.10,18286.71,16871.51,8859.28,11070.25
2020-12-08,13088.40,18197.93,16831.49,8854.93,11088.65
2020-12-09,13161.40,18309.37,16953.05,8930.95,11181.20
2020-12-10,13272.80,18427.44,17011.63,8957.72,11141.35
2020-12-11,13226.60,18357.80,16957.68,8964.34,11171.40
2020-12-14,13306.05,18484.42,17058.09,9009.07,11215.25
2020-12-15,13240.40,18400.44,17025.06,9022.72,11223.90
2020-12-16,13364.35,18547.44,17152.67,9112.88,11320.10
2020-12-17,13394.50,18596.87,17213.64,9141.20,11346.35
2020-12-18,13481.80,18674.95,17322.67,9210.77,11355.00
2020-12-21,13055.05,18080.63,16803.77,8935.37,10964.25
2020-12-22,13285.45,18361.45,17045.43,9084.01,11075.75
2020-12-23,13505.35,18684.37,17310.26,9212.15,11225.55
2020-12-24,13553.70,18826.36,17465.55,9253.14,11325.25
2020-12-28,13589.95,18935.27,17623.53,9325.64,11434.70
2020-12-29,13577.40,18911.33,17621.98,9337.41,11467.00
2020-12-30,13636.05,18940.06,17643.99,9378.78,11509.65
2020-12-31,13654.70,18961.29,17650.21,9383.12,11518.30
2021-01-01,13751.80,19175.05,17781.67,9437.65,11574.85
2021-01-04,13994.85,19449.31,17985.34,9541.45,11691.80
2021-01-05,14120.90,19765.29,18227.66,9611.12,11767.00
2021-01-06,14065.90,19627.75,18140.00,9576.91,11737.90
2021-01-07,14148.95,19804.48,18131.73,9540.51,11766.10
2021-01-08,14396.40,20107.94,18460.97,9698.70,11925.60
2021-01-11,14554.80,20342.36,18607.68,9795.33,12006.50
2021-01-12,14490.35,20367.08,18564.10,9766.49,12058.35
2021-01-13,14468.60,20317.66,18527.85,9743.92,12041.10
2021-01-14,14395.10,20275.15,18544.70,9769.58,12069.50
2021-01-15,14142.00,19951.14,18175.09,9607.34,11931.20
2021-01-18,13851.15,19445.36,17825.95,9472.49,11776.20
2021-01-19,14080.75,19794.57,18109.87,9612.45,11981.85
2021-01-20,14324.70,20103.88,18323.60,9674.94,12078.35
2021-01-21,14255.75,19900.22,18232.68,9637.82,12015.95
2021-01-22,14036.95,19769.82,18023.98,9589.56,11854.50
2021-01-25,13932.30,19602.02,17846.98,9507.54,11743.70
2021-01-27,13679.20,19510.03,17835.08,9459.25,11546.35
2021-01-28,13597.50,19287.68,17591.13,9376.61,11442.55
2021-01-29,13206.20,19042.96,17353.28,9239.30,11302.40
2021-02-01,13609.30,19547.81,17549.55,9418.37,11770.15
2021-02-02,13899.55,19934.97,17778.98,9521.67,12053.25
2021-02-03,14083.60,20287.19,18129.76,9601.15,12174.05
2021-02-04,14249.25,20487.77,18237.16,9706.66,12285.85
2021-02-05,14284.05,20447.29,18149.13,9663.26,12279.85
2021-02-08,14590.20,20687.14,18350.07,9730.23,12441.30
2021-02-09,14512.50,20649.18,18305.90,9723.45,12434.20
2021-02-10,14626.10,20827.94,18411.33,9755.92,12452.45
2021-02-11,14715.40,21014.89,18512.42,9818.43,12514.10
2021-02-12,14693.20,21099.62,18541.73,9753.08,12508.55
2021-02-15,14895.00,21585.33,18547.46,9734.37,12632.05
2021-02-16,14922.65,21610.95,18533.65,9719.53,12647.20
2021-02-17,14801.95,21504.86,18387.80,9668.05,12597.45
2021-02-18,14805.95,21517.17,18414.50,9698.16,12565.70
2021-02-19,14542.00,21207.54,18258.18,9612.82,12438.80
2021-02-22,14364.90,20984.12,17952.85,9440.77,12212.55
2021-02-23,14456.05,21006.09,17936.62,9448.33,12263.70
2021-02-24,14491.60,21129.40,17992.24,9515.10,12455.20
2021-02-25,14671.35,21272.97,18060.01,9595.62,12567.85
2021-02-26,14255.15,21013.37,17752.44,9386.79,12181.40
2021-03-01,14476.10,21267.65,18047.92,9539.30,12368.30
2021-03-02,14749.20,21658.71,18391.69,9730.51,12519.40
2021-03-03,15009.35,22075.44,18612.68,9815.87,12764.80
2021-03-04,14925.05,22096.78,18647.83,9819.60,12688.85
2021-03-05,14633.85,21748.10,18394.88,9749.92,12539.00
2021-03-08,14639.45,21767.65,18371.12,9746.76,12558.95
2021-03-09,14597.20,21711.45,18422.01,9768.16,12617.20
2021-03-10,14802.60,22018.33,18768.37,9854.19,12691.35
2021-03-12,14724.70,21967.29,18649.70,9777.73,12593.90
2021-03-15,14696.35,21870.66,18537.89,9707.98,12510.15
2021-03-16,14750.60,22168.66,18843.54,9790.99,12512.70
2021-03-17,14502.00,21735.83,18510.11,9657.88,12319.90
2021-03-18,14245.60,21327.16,18141.84,9526.95,12174.45
2021-03-19,14476.55,21597.73,18426.26,9656.67,12314.50
2021-03-22,14720.55,21967.04,18527.46,9729.93,12338.60
2021-03-23,14834.60,22296.90,18590.81,9749.88,12417.30
2021-03-24,14626.70,21979.29,18399.65,9649.09,12197.20
2021-03-25,14371.50,21400.63,18143.04,9466.62,11993.30
2021-03-26,14608.60,21703.70,18348.03,9597.83,12148.90
2021-03-30,14914.40,22086.01,18858.84,9812.90,12387.90
2021-03-31,14935.10,22161.41,18865.79,9811.34,12313.70
2021-04-01,15265.70,22633.70,19068.93,9886.64,12479.00
2021-04-05,15225.10,22820.71,19085.10,9806.55,12298.60
2021-04-06,15512.20,23251.92,19283.02,9871.30,12358.10
2021-04-07,15718.20,23410.16,19557.53,9993.44,12481.30
2021-04-08,15930.80,23444.52,19762.81,10064.14,12541.65
2021-04-09,16033.10,23829.96,19902.98,10090.80,12527.40
2021-04-12,15449.50,22785.55,19278.44,9783.33,12024.10
2021-04-13,15552.70,22754.63,18979.45,9754.26,12186.70
2021-04-15,15627.65,22936.03,19090.34,9776.28,12237.60
2021-04-16,15869.90,23305.29,19387.07,9843.11,12298.05
2021-04-19,15773.40,23214.46,19213.65,9694.14,12076.45
2021-04-20,15887.20,23362.25,19146.56,9657.34,12055.40
2021-04-22,15978.05,23526.11,19226.59,9647.07,12132.05
2021-04-23,15907.95,23497.54,19248.56,9646.99,12105.60
2021-04-26,15977.70,23607.44,19370.58,9698.97,12216.85
2021-04-27,16184.80,23877.05,19604.52,9779.42,12362.55
2021-04-28,16259.55,24089.85,19782.20,9870.66,12517.95
2021-04-29,16466.65,24154.50,19785.01,9839.70,12532.80
2021-04-30,16351.85,24097.03,19804.26,9818.61,12364.35
2021-05-03,16528.25,24476.08,19983.33,9870.12,12395.25
2021-05-04,16345.10,24308.77,19882.19,9842.36,12300.45
2021-05-05,16524.00,24625.61,20103.99,9886.76,12413.00
2021-05-06,16707.90,24880.37,20291.43,9966.24,12501.90
2021-05-07,16785.60,24689.40,20170.03,9954.20,12563.10
2021-05-10,16947.75,24794.16,20251.13,9965.18,12669.90
2021-05-11,16863.75,24672.47,20165.03,9976.17,12642.25
2021-05-12,16598.30,24342.57,19976.49,9923.62,12537.95
2021-05-14,16418.70,23873.33,19906.72,9949.59,12472.15
2021-05-17,16636.20,24340.89,20119.72,10027.53,12672.10
2021-05-18,16921.35,24751.92,20377.95,10131.48,12839.10
2021-05-19,16880.20,24779.25,20404.70,10163.14,12809.00
2021-05-20,16804.35,24800.02,20362.32,10101.80,12736.45
2021-05-21,16877.35,24917.01,20455.38,10150.80,12917.85
2021-05-24,16808.90,24960.31,20587.37,10194.53,12962.45
2021-05-25,16887.25,24894.40,20740.78,10261.95,12963.00
2021-05-26,16956.95,25123.60,20923.14,10358.50,13022.20
2021-05-27,17008.15,25245.06,21010.88,10389.40,13066.25
2021-05-28,17014.10,25166.03,20978.50,10386.17,13117.05
2021-05-31,17124.40,25303.62,21174.30,10456.55,13226.35
2021-06-01,17178.25,25529.90,21115.21,10442.07,13210.40
2021-06-02,17418.00,26015.58,21186.38,10458.76,13274.25
2021-06-03,17612.20,26266.27,21297.99,10522.37,13380.50
2021-06-04,17731.60,26514.98,21358.51,10548.95,13393.90
2021-06-07,17674.40,26530.84,21516.64,10610.81,13479.65
2021-06-08,17715.00,26816.77,21790.64,10672.97,13496.55
2021-06-09,17589.80,26483.13,21653.95,10621.64,13396.40
2021-06-10,17822.95,26879.80,22001.59,10722.13,13517.20
2021-06-11,17974.20,27059.38,22174.95,10777.60,13563.85
2021-06-14,17930.60,26828.09,22198.80,10777.28,13554.15
2021-06-15,17998.60,26784.83,22303.48,10865.97,13607.80
2021-06-16,17774.35,26486.61,22272.96,10854.09,13510.60
2021-06-17,17617.15,26171.48,22209.83,10843.38,13425.15
2021-06-18,17595.65,26007.25,22054.67,10797.46,13386.55
2021-06-21,17649.45,26232.10,22107.44,10823.40,13456.10
2021-06-22,17674.85,26439.73,22172.23,10818.89,13491.10
2021-06-23,17522.20,26152.09,22033.06,10765.80,13423.35
2021-06-24,17626.60,26105.71,22209.81,10846.54,13468.25
2021-06-25,17829.65,26299.56,22352.38,10840.55,13539.40
2021-06-28,17926.20,26346.84,22447.88,10851.34,13533.05
2021-06-29,17887.10,26379.13,22533.56,10877.48,13481.95
2021-06-30,17842.65,26420.98,22767.27,10934.15,13473.55
2021-07-01,17834.25,26307.40,22815.48,10960.14,13454.10
2021-07-02,17789.20,26207.88,22996.31,11008.12,13494.45
2021-07-05,17933.85,26234.98,23103.77,11081.89,13585.75
2021-07-06,17800.50,26048.26,22977.28,11052.35,13574.15
2021-07-07,17992.05,26148.08,23089.34,11136.06,13631.00
2021-07-08,17743.25,26022.14,22975.21,11091.71,13532.70
2021-07-09,17905.75,26176.51,23115.94,11142.84,13527.95
2021-07-12,17921.60,26254.30,23203.69,11179.53,13549.00
2021-07-13,17982.00,26405.33,23246.18,11212.12,13628.85
2021-07-14,18063.60,26503.00,23545.31,11278.16,13661.10
2021-07-15,18173.15,26883.35,23836.99,11370.72,13720.35
2021-07-16,18246.15,27048.96,23929.29,11385.11,13742.35
2021-07-19,18087.85,26827.17,23852.79,11381.07,13619.85
2021-07-20,17883.40,26411.40,23773.37,11347.13,13495.60
2021-07-22,18256.45,26898.58,24081.36,11413.42,13670.20
2021-07-23,18215.20,27079.24,24112.15,11429.88,13687.00
2021-07-26,18246.95,27173.46,24221.47,11496.15,13675.10
2021-07-27,18229.15,27069.28,24056.73,11426.56,13610.30
2021-07-28,18269.55,26936.49,23979.77,11396.02,13579.15
2021-07-29,18741.05,27242.45,24237.27,11411.55,13643.75
2021-07-30,18737.05,27338.76,24381.13,11468.24,13664.25
2021-08-02,18936.45,27650.62,24599.47,11579.72,13783.70
2021-08-03,19063.65,27680.31,24706.93,11652.14,13939.20
2021-08-04,18963.95,27527.95,24507.82,11571.01,13969.35
2021-08-05,19025.60,27667.84,24549.90,11605.45,13981.55
2021-08-06,19054.30,27737.54,24540.83,11562.98,13954.65
2021-08-09,18857.85,27435.73,24503.28,11541.63,13935.05
2021-08-10,18589.35,26929.86,24325.56,11481.19,13892.75
2021-08-11,18811.40,26971.15,24288.08,11418.15,13876.55
2021-08-12,18948.90,27413.80,24556.43,11511.49,13971.95
2021-08-13,19014.05,27500.18,24562.89,11542.98,14065.30
2021-08-16,19110.80,27481.72,24473.26,11507.22,14070.80
2021-08-17,19037.45,27679.82,24716.54,11604.74,14113.10
2021-08-18,19000.45,27746.04,24815.95,11614.03,14095.55
2021-08-20,18431.75,27169.45,24568.43,11581.05,13943.95
2021-08-23,18349.95,26933.21,24427.02,11522.73,13930.55
2021-08-24,18704.50,27581.17,24723.30,11592.26,14063.25
2021-08-25,18732.40,27868.82,24770.74,11625.57,14093.60
2021-08-26,18608.55,27974.87,24745.50,11645.38,14106.95
2021-08-27,18830.55,28353.54,25001.34,11681.06,14192.50
2021-08-30,19124.55,28839.16,25295.54,11835.83,14397.90
2021-08-31,19420.55,29211.94,25585.81,11891.39,14555.90
2021-09-01,19423.60,29365.45,25667.12,11950.87,14551.35
2021-09-02,19604.15,29548.01,25893.26,12043.36,14684.35
2021-09-03,19735.95,29762.75,26046.37,12081.03,14759.30
2021-09-06,19854.30,29832.24,26188.85,12093.09,14805.85
2021-09-07,19751.65,29652.02,26108.46,12084.62,14784.25
2021-09-08,19763.55,29790.29,26025.35,12073.36,14803.60
2021-09-09,19816.95,30069.26,26164.25,12168.33,14836.45
2021-09-13,19960.10,30475.05,26455.08,12270.51,14852.20
2021-09-14,19976.95,30641.83,26545.92,12314.48,14904.35
2021-09-15,20174.80,30953.17,26826.34,12405.97,15020.55
2021-09-16,20182.40,30960.79,26802.44,12425.34,15104.90
2021-09-17,19935.80,30572.03,26658.58,12337.52,15027.25
2021-09-20,19233.55,29783.66,26298.28,12265.06,14826.75
2021-09-21,19603.30,29906.22,26580.78,12338.46,14946.30
2021-09-22,19779.65,30073.61,26819.54,12416.54,14990.55
2021-09-23,20093.00,30450.15,27087.46,12513.07,15205.45
2021-09-24,19900.35,30274.01,27080.08,12500.58,15191.95
2021-09-27,19832.95,30235.77,26592.84,12346.18,15189.05
2021-09-28,19624.95,29970.44,26196.34,12249.86,15095.60
2021-09-29,19857.75,30303.96,26263.21,12276.87,15086.95
2021-09-30,19793.40,30464.90,26313.27,12229.98,15052.65
2021-10-01,19753.45,30548.53,26344.94,12290.92,15013.95
2021-10-04,20153.90,31097.59,26784.06,12439.93,15181.15
2021-10-05,20247.50,31352.27,26927.01,12526.92,15280.10
2021-10-06,19914.40,31172.69,26851.98,12450.83,15134.55
2021-10-07,20203.90,31690.19,27281.46,12594.81,15290.15
2021-10-08,20353.05,31834.19,27539.70,12609.36,15365.20
2021-10-11,20575.40,32138.64,27501.82,12616.56,15428.00
2021-10-12,20746.85,32194.17,27485.22,12629.50,15481.90
2021-10-13,21412.65,33146.81,27757.24,12706.66,15631.40
2021-10-14,21793.25,33712.62,28340.91,12741.13,15769.25
2021-10-18,22290.75,34266.58,28373.23,12717.21,15886.15
2021-10-19,21829.60,33590.09,28407.76,12628.02,15757.85
2021-10-20,21507.60,33150.98,27924.70,12422.29,15568.65
2021-10-21,21213.75,32936.50,27267.65,12227.22,15487.65
2021-10-22,20775.70,32453.81,26925.29,12093.83,15399.70
2021-10-25,20594.70,32240.74,26577.65,11904.79,15334.35
2021-10-26,21080.45,32927.98,27037.38,12082.69,15499.65
2021-10-27,20979.00,33140.52,27246.16,12157.62,15484.35
2021-10-28,20366.50,32181.68,26818.88,11934.98,15190.85
2021-10-29,20399.30,32040.47,26692.76,11908.66,15086.90
2021-11-01,20815.40,32615.25,27210.89,12091.80,15302.70
2021-11-02,20739.00,32734.74,27177.62,12062.43,15314.65
2021-11-03,20875.25,32831.60,27144.47,12052.26,15282.75
2021-11-04,20938.95,33064.56,27418.02,12153.70,15376.90
2021-11-08,21257.40,33493.54,27528.89,12189.87,15520.15
2021-11-09,21361.90,33830.62,27584.37,12192.46,15541.95
2021-11-10,21255.30,33785.45,27458.56,12183.07,15521.10
2021-11-11,21132.65,33762.52,27446.54,12143.60,15411.10
2021-11-12,21404.50,34090.43,27675.43,12213.59,15579.00
2021-11-15,21401.55,34053.41,27861.92,12279.42,15592.60
2021-11-16,21349.25,34045.48,27987.93,12240.61,15525.40
2021-11-17,21449.05,34052.10,28046.84,12215.10,15454.95
2021-11-18,21011.05,33546.66,27638.98,12039.97,15302.55
2021-11-22,20646.65,32778.82,26975.40,11790.47,14976.70
2021-11-23,21021.90,33481.78,27369.10,11864.58,15107.80
2021-11-24,20915.10,33376.74,27211.25,11791.05,15046.50
2021-11-25,21078.35,33665.26,27397.89,11818.03,15150.60
2021-11-26,20162.55,32396.96,26627.47,11645.26,14707.20
2021-11-29,20084.65,31775.36,26425.39,11553.92,14656.45
2021-11-30,19942.70,31877.84,26598.76,11619.27,14648.35
2021-12-01,20261.60,32231.15,26686.42,11626.36,14784.70
2021-12-02,20575.90,32841.15,27159.98,11777.97,14973.95
2021-12-03,20478.25,32696.83,27018.60,11716.18,14856.30
2021-12-06,20118.40,32201.67,26577.25,11496.66,14618.35
2021-12-07,20544.85,32816.77,26875.99,11606.73,14834.50
2021-12-08,20949.00,33459.76,27381.04,11763.96,15073.25
2021-12-09,21033.00,33715.42,27588.12,11820.44,15126.60
2021-12-10,21120.15,33891.25,27610.01,11861.12,15155.00
2021-12-13,21040.90,33799.41,27641.11,11817.06,15064.25
2021-12-14,21036.65,34020.91,27727.05,11839.37,15043.25
2021-12-15,20811.35,33896.57,27548.36,11757.19,14953.10
2021-12-16,20861.75,33800.22,27633.79,11748.28,14936.45
2021-12-17,20393.40,33053.03,27369.98,11581.29,14673.15
2021-12-20,19737.70,31708.45,26480.53,11297.85,14300.70
2021-12-21,20165.95,32193.03,26865.23,11427.79,14461.40
2021-12-22,20485.75,32866.19,27284.37,11534.91,14639.75
2021-12-23,20630.85,33185.01,27482.66,11638.52,14751.45
2021-12-24,20514.80,32897.90,27444.15,11632.03,14664.80
2021-12-27,20557.50,33027.29,27458.94,11655.59,14727.60
2021-12-28,20791.05,33389.05,27812.95,11793.83,14867.85
2021-12-29,20674.30,33312.64,27859.83,11821.57,14863.40
2021-12-30,20557.65,33342.27,28060.08,11858.30,14842.05
2021-12-31,20774.70,33704.65,28303.97,11985.63,14996.20
2022-01-03,21031.10,34050.39,28566.68,12103.06,15204.60
2022-01-04,21107.40,34115.15,28760.60,12127.37,15318.75
2022-01-05,21018.15,33840.24,28539.76,12128.90,15396.40
2022-01-06,20948.10,33670.25,28267.43,12091.85,15290.10
2022-01-07,21008.10,33801.80,28349.92,12151.91,15348.55
2022-01-10,21163.80,33889.18,28269.23,12214.77,15495.55
2022-01-11,21241.50,33902.23,28333.73,12245.70,15530.55
2022-01-12,21394.10,33962.78,28447.07,12302.78,15667.90
2022-01-13,21502.20,34137.87,28484.68,12372.39,15721.05
2022-01-14,21456.10,34027.78,28346.06,12306.62,15730.40
2022-01-17,21536.50,34199.84,28331.84,12290.10,15781.25
2022-01-18,21009.70,33381.39,27771.48,12069.91,15573.10
2022-01-19,20891.85,33382.66,27614.72,12061.11,15472.50
2022-01-20,20854.50,33385.71,27610.97,12009.90,15361.10
2022-01-21,20313.95,32566.38,27027.19,11810.91,15180.80
2022-01-24,19421.45,31006.75,25898.35,11428.01,14712.05
2022-01-25,19628.45,31303.17,25972.46,11494.57,14832.20
2022-01-27,19228.20,30590.19,25200.63,11264.10,14679.70
2022-01-28,19455.85,31073.29,25512.90,11394.82,14723.25
2022-01-31,19897.25,31822.68,26150.78,11554.62,14921.45
2022-02-01,20069.80,31922.83,26321.08,11702.53,15116.20
2022-02-02,20325.20,32336.33,26683.79,11913.84,15293.35
2022-02-03,20084.25,31830.01,26285.98,11828.62,15135.90
2022-02-04,20097.65,31690.41,26243.19,11791.90,15085.45
2022-02-07,19788.85,31240.38,25913.97,11655.15,14870.60
2022-02-08,19705.90,30912.90,25741.71,11620.95,14857.05
2022-02-09,20087.15,31391.82,26078.20,11760.11,15016.35
2022-02-10,20228.45,31688.10,26173.10,11769.21,15112.20
2022-02-11,19726.05,30881.47,25495.47,11569.19,14891.30
2022-02-14,19038.50,29735.22,24752.34,11207.42,14400.40
2022-02-15,19810.75,30868.47,25494.15,11446.97,14805.55
2022-02-16,19717.95,30764.78,25363.53,11431.70,14789.90
2022-02-17,19639.10,30605.76,25240.15,11372.15,14772.05
2022-02-18,19500.90,30375.80,25072.34,11332.38,14710.70
2022-02-21,19396.00,30118.37,24820.55,11157.12,14597.10
2022-02-22,19317.50,30045.17,24643.79,11064.09,14489.05
2022-02-23,19384.75,30155.80,24720.56,11107.16,14506.95
2022-02-24,18266.60,28296.25,23429.26,10540.60,13775.70
2022-02-25,19071.15,29648.82,24350.33,10920.09,14187.40
2022-02-28,19335.20,30024.71,24746.69,11040.91,14307.95
2022-03-02,19285.65,30065.29,24622.42,11022.24,14199.80
2022-03-03,19285.40,30257.87,24742.40,11025.69,14135.95
2022-03-04,18866.85,29731.23,24481.89,10864.35,13893.15
2022-03-07,18531.05,29115.10,24193.53,10661.93,13564.25
2022-03-08,18803.25,29730.07,24634.75,10842.41,13706.75
2022-03-09,19112.40,30298.75,25046.66,11050.01,13979.60
2022-03-10,19404.50,30582.78,25215.18,11139.05,14189.00
2022-03-11,19436.75,30702.63,25328.61,11200.44,14237.15
2022-03-14,19642.55,30800.26,25522.38,11199.35,14374.60
2022-03-15,19356.15,30343.93,25099.20,11118.53,14215.85
2022-03-16,19732.30,30799.55,25478.12,11308.72,14481.80
2022-03-17,19978.60,31147.50,25828.03,11432.48,14721.70
2022-03-21,19863.90,31028.97,25620.56,11372.00,14602.35
2022-03-22,20083.90,31316.97,25864.83,11369.14,14724.05
2022-03-23,20027.95,31381.80,25946.10,11387.79,14695.15
2022-03-24,20157.90,31687.19,26155.95,11425.39,14699.35
2022-03-25,20077.85,31769.51,26090.00,11365.91,14651.70
2022-03-28,20086.75,31834.39,26054.49,11346.99,14675.85
2022-03-29,20158.05,31863.71,26157.79,11335.77,14761.90
2022-03-30,20392.95,32383.08,26517.85,11442.58,14896.90
2022-03-31,20314.70,32220.42,26444.26,11469.09,14894.50
2022-04-01,20451.10,32515.42,26640.97,11592.66,15087.30
2022-04-04,20692.20,32934.45,26992.85,11782.52,15384.20
2022-04-05,20947.30,33311.50,27286.41,11918.71,15390.50
2022-04-06,20955.35,33212.63,27118.86,11910.53,15327.90
2022-04-07,20660.15,32732.99,26805.03,11848.20,15201.25
2022-04-08,20867.45,32952.47,26936.77,11951.27,15342.40
2022-04-11,20829.50,32840.88,26738.37,11930.43,15325.50
2022-04-12,20410.45,32132.37,26246.15,11742.95,15164.70
2022-04-13,20448.65,32088.83,26236.25,11773.67,15138.55
2022-04-18,20066.95,31317.07,25697.61,11666.61,14926.05
2022-04-19,19695.55,30738.35,25165.99,11477.77,14726.65
2022-04-20,19778.40,30782.50,25235.75,11531.34,14850.30
2022-04-21,20092.65,31263.96,25526.17,11684.33,15053.95
2022-04-22,19856.45,31108.58,25605.94,11672.51,14894.85
2022-04-25,19483.95,30423.35,25066.40,11446.55,14673.00
2022-04-26,19789.05,30719.32,25310.61,11578.26,14898.35
2022-04-27,19505.95,30435.58,25173.60,11501.50,14756.00
2022-04-28,19672.30,30686.70,25451.67,11594.98,14913.90
2022-04-29,19443.35,30405.65,25202.26,11459.18,14783.35
2022-05-02,19239.50,30042.51,24880.75,11442.19,14736.30
2022-05-04,18760.85,29423.61,24527.38,11234.29,14393.35
2022-05-05,18844.05,29542.97,24571.42,11197.15,14395.50
2022-05-06,18454.45,28851.73,24018.97,11023.29,14145.75
2022-05-09,18139.80,28296.42,23718.89,10867.28,13991.75
2022-05-10,17784.60,27601.94,23438.90,10695.44,13855.95
2022-05-11,17726.15,27272.28,23163.12,10668.29,13771.80
2022-05-12,17254.90,26661.19,22844.09,10540.63,13465.25
2022-05-13,17258.00,27022.30,23048.48,10680.51,13471.50
2022-05-16,17356.05,27434.20,23062.67,10697.68,13571.20
2022-05-17,17989.70,28302.44,23592.28,10955.00,13926.05
2022-05-18,17852.60,28232.00,23668.51,11008.95,13918.20
2022-05-19,17196.05,27326.66,22897.01,10768.61,13550.90
2022-05-20,17567.35,27833.09,23246.00,10971.13,13895.05
2022-05-23,17535.10,27796.32,23234.23,10905.25,13835.80
2022-05-24,17332.90,27472.65,22886.08,10783.47,13747.25
2022-05-25,16913.35,26580.49,22032.86,10537.66,13587.75
2022-05-26,17067.95,26755.42,22162.00,10601.52,13722.55
2022-05-27,17379.35,27328.10,22602.31,10721.27,13873.15
2022-05-30,17941.55,28196.00,23153.36,10904.82,14154.80
2022-05-31,17969.65,28477.40,23307.94,10961.56,14119.60
2022-06-01,17798.05,28261.64,23166.85,10927.10,14082.90
2022-06-02,17913.25,28424.44,23290.73,10980.40,14167.95
2022-06-03,17669.55,28155.75,23079.30,10836.24,14077.90
2022-06-06,17650.70,28086.86,22932.47,10781.27,14054.10
2022-06-07,17502.25,27949.00,22683.73,10683.36,13935.60
2022-06-08,17401.20,27818.76,22564.54,10631.80,13886.90
2022-06-09,17490.45,28068.29,22731.95,10669.82,13977.10
2022-06-10,17357.80,27741.04,22483.04,10624.60,13781.75
2022-06-13,16711.35,26615.74,21816.76,10407.92,13416.90
2022-06-14,16834.25,26648.06,21787.13,10404.73,13388.30
2022-06-15,16894.20,26739.09,21805.85,10420.50,13380.85
2022-06-16,16311.15,25956.75,21282.60,10221.39,13089.20
2022-06-17,16159.85,25688.53,20913.00,10114.55,12994.75
2022-06-20,15962.95,25232.01,20784.57,10025.90,12950.75
2022-06-21,16456.20,25992.42,21296.83,10231.70,13241.90
2022-06-22,16141.45,25547.74,21060.24,10097.06,13047.75
2022-06-23,16352.60,26035.91,21441.96,10208.15,13178.80
2022-06-24,16454.05,26108.55,21454.91,10284.63,13322.50
2022-06-27,16700.05,26545.88,21820.79,10408.61,13444.55
2022-06-28,16739.95,26719.57,21768.26,10396.68,13464.25
2022-06-29,16538.50,26493.66,21610.08,10338.35,13417.85
2022-06-30,16361.50,26262.49,21464.36,10286.95,13387.55
2022-07-01,16182.50,26196.22,21280.39,10411.91,13394.45
2022-07-04,16310.45,26342.81,21369.07,10460.79,13472.65
2022-07-05,16278.30,26272.72,21257.13,10411.40,13461.85
2022-07-06,16397.40,26404.76,21457.48,10552.75,13631.30
2022-07-07,16619.30,26733.14,21718.36,10660.57,13765.60
2022-07-08,16783.55,26958.86,21794.89,10669.11,13828.25
2022-07-11,16886.30,27393.06,21836.98,10664.00,13886.85
2022-07-12,16775.05,27306.47,21629.46,10567.58,13779.00
2022-07-13,16750.55,27184.97,21611.69,10589.91,13726.95
2022-07-14,16759.90,27118.26,21564.84,10531.69,13702.65
2022-07-15,16961.35,27379.41,21795.78,10548.87,13790.20
2022-07-18,17184.70,27675.41,22078.66,10678.25,13984.40
2022-07-19,17270.75,27862.67,22258.98,10716.05,14051.65
2022-07-20,17302.80,27864.58,22452.85,10823.63,14164.40
2022-07-21,17539.40,28214.71,22782.53,10990.98,14271.80
2022-07-22,17520.50,28208.17,22790.21,10983.15,14336.60
2022-07-25,17521.90,28317.16,22852.51,10987.04,14279.50
2022-07-26,17449.55,28121.78,22580.40,10821.99,14141.45
2022-07-27,17552.10,28299.80,22837.36,10958.94,14262.55
2022-07-28,17655.55,28569.68,23099.63,11104.91,14469.10
2022-07-29,17906.90,28921.57,23379.53,11288.15,14665.65
2022-08-01,18313.15,29574.90,23688.86,11410.89,14846.85
2022-08-02,18400.00,29742.25,23699.41,11433.87,14876.60
2022-08-03,18322.70,29652.57,23676.62,11429.95,14878.05
2022-08-04,18321.55,29623.77,23799.59,11460.04,14892.45
2022-08-05,18331.05,29634.81,23870.28,11520.63,14900.40
2022-08-08,18543.50,30051.07,24070.21,11549.49,14993.35
2022-08-10,18595.60,30109.27,24037.25,11535.26,14985.80
2022-08-11,18677.55,30170.09,24168.12,11598.52,15095.15
2022-08-12,18832.60,30447.79,24384.08,11623.82,15140.55
2022-08-16,19050.40,30856.22,24610.69,11693.20,15280.50
2022-08-17,19110.85,30867.95,24634.34,11765.27,15379.05
2022-08-18,19164.85,31133.82,24619.34,11770.94,15404.60
2022-08-19,18876.70,30716.98,24274.84,11666.76,15236.65
2022-08-22,18607.55,30407.63,23978.56,11490.78,15001.75
2022-08-23,18903.10,30665.11,24162.95,11537.28,15090.50
2022-08-24,18961.50,30931.16,24206.16,11568.83,15140.40
2022-08-25,18894.20,30832.89,24081.35,11510.86,15100.65
2022-08-26,19148.90,31194.21,24263.51,11540.20,15147.55
2022-08-29,19047.15,30945.07,24106.61,11418.56,14972.75
2022-08-30,19405.55,31515.97,24525.79,11638.29,15325.05
2022-09-01,19450.15,31624.82,24547.07,11581.38,15211.20
2022-09-02,19434.30,31682.96,24454.25,11535.04,15201.60
2022-09-05,19568.40,31884.62,24634.07,11569.40,15294.40
2022-09-06,19696.35,32156.19,24619.99,11551.15,15313.05
2022-09-07,19702.55,32222.67,24768.17,11621.88,15319.40
2022-09-08,19751.00,32319.36,24827.80,11650.80,15440.70
2022-09-09,19692.95,32207.03,24867.01,11697.24,15467.40
2022-09-12,19874.70,32547.37,25193.53,11783.57,15577.40
2022-09-13,20061.65,32683.95,25296.42,11813.92,15669.85
2022-09-14,20076.00,32698.89,25198.11,11729.24,15630.70
2022-09-15,20188.40,32939.39,25132.24,11690.28,15580.35
2022-09-16,19772.80,32339.79,24599.65,11413.33,15243.95
2022-09-19,19792.75,32317.87,24535.91,11361.78,15293.55
2022-09-20,20012.20,32646.08,24844.69,11510.97,15470.35
2022-09-21,19819.75,32344.48,24776.32,11497.00,15361.25
2022-09-22,19929.30,32634.71,24990.07,11556.58,15335.30
2022-09-23,19498.35,31971.29,24537.22,11446.79,15057.65
2022-09-26,18869.75,30774.31,23887.11,11190.95,14725.70
2022-09-27,18873.30,30639.34,23798.55,11230.19,14727.30
2022-09-28,18769.05,30408.17,23740.35,11188.84,14620.60
2022-09-29,18901.30,30594.60,23842.69,11195.43,14602.50
2022-09-30,19130.55,31064.06,24075.71,11272.95,14829.35
2022-10-03,18842.80,30538.58,23785.76,11137.38,14638.50
2022-10-04,19243.30,31222.58,24295.20,11360.83,14965.80
2022-10-06,19405.60,31656.82,24575.93,11464.95,15053.05
2022-10-07,19485.95,31673.93,24657.95,11444.14,15036.70
2022-10-10,19279.70,31360.48,24481.30,11384.05,14951.65
2022-10-11,19037.70,30940.61,24149.01,11172.58,14721.90
2022-10-12,19187.75,31121.32,24304.82,11252.90,14829.95
2022-10-13,19079.20,30975.88,24185.77,11238.99,14730.30
2022-10-14,19030.50,30863.58,24222.39,11277.58,14815.10
2022-10-17,19179.50,30955.16,24228.93,11263.76,14906.15
2022-10-18,19489.60,31296.53,24481.24,11359.97,15056.55
2022-10-19,19477.55,31305.34,24533.50,11330.23,15068.60
2022-10-20,19553.70,31453.11,24627.59,11429.46,15112.10
2022-10-21,19426.30,31239.46,24447.69,11340.21,15081.10
2022-10-24,19541.85,31457.88,24585.71,11415.53,15198.75
2022-10-25,19561.75,31441.18,24566.44,11396.44,15158.10
2022-10-27,19748.90,31664.01,24591.12,11423.50,15244.25
2022-10-28,19771.40,31501.20,24479.77,11359.79,15241.60
2022-10-31,20019.85,31752.52,24684.87,11441.81,15424.00
2022-11-01,20343.30,32268.55,24854.12,11560.73,15537.40
2022-11-02,20292.75,32222.80,24822.71,11568.46,15497.55
2022-11-03,20287.60,32237.50,24872.55,11552.25,15484.70
2022-11-04,20337.70,32301.04,24828.65,11568.45,15530.85
2022-11-07,20466.10,32535.18,24905.15,11614.69,15615.15
2022-11-09,20381.45,32395.89,24767.32,11586.30,15567.25
2022-11-10,20121.40,32083.38,24414.55,11500.32,15440.00
2022-11-11,20118.45,31965.07,24524.25,11614.33,15649.10
2022-11-14,20041.15,31763.76,24415.87,11657.88,15650.20
2022-11-15,20128.95,31842.87,24512.71,11667.78,15693.90
2022-11-16,20066.65,31717.61,24552.34,11586.29,15663.30
2022-11-17,20003.30,31705.60,24477.91,11501.67,15597.25
2022-11-18,19825.20,31426.44,24326.01,11467.33,15550.85
2022-11-21,19781.00,31301.33,24314.81,11438.62,15453.80
2022-11-22,19918.00,31464.40,24414.98,11480.18,15509.20
2022-11-23,19890.60,31509.26,24482.19,11524.07,15538.15
2022-11-24,20008.20,31594.04,24591.16,11577.01,15680.80
2022-11-25,20080.00,31674.86,24691.64,11643.36,15727.25
2022-11-28,20125.25,31784.40,24804.48,11659.85,15784.45
2022-11-29,20079.05,31597.05,24790.30,11703.31,15812.45
2022-11-30,20264.30,31998.19,24944.01,11765.26,15946.15
2022-12-01,20264.60,32038.08,25105.28,11838.76,16003.95
2022-12-02,20245.25,32107.70,25193.59,11879.53,15963.50
2022-12-05,20291.05,32174.50,25248.62,11887.13,15967.20
2022-12-06,20302.00,32157.59,25121.03,11810.81,15922.85
2022-12-07,20200.45,31990.23,25009.35,11762.34,15862.00
2022-12-08,20224.85,32098.24,25065.19,11786.71,15911.10
2022-12-09,20197.15,31958.50,24989.16,11676.86,15812.75
2022-12-12,20182.30,31894.40,24962.29,11685.79,15828.00
2022-12-13,20265.00,31977.66,24995.40,11739.30,15904.50
2022-12-14,20360.55,32152.03,25133.80,11770.40,15963.80
2022-12-15,20131.40,31825.61,24803.07,11649.14,15783.80
2022-12-16,19810.80,31372.53,24439.31,11551.73,15636.35
2022-12-19,20035.30,31677.92,24611.13,11624.37,15755.20
2022-12-20,20019.80,31642.91,24601.33,11597.02,15726.20
2022-12-21,19631.95,30880.48,24244.09,11516.93,15527.55
2022-12-22,19450.20,30546.95,24062.51,11438.76,15431.50
2022-12-23,18925.10,29405.62,23441.91,11148.34,15046.00
2022-12-26,19271.40,30305.10,23874.24,11310.57,15298.55
2022-12-27,19394.95,30543.68,24049.43,11419.88,15418.35
2022-12-28,19489.85,30686.86,24183.56,11421.43,15432.80
2022-12-29,19450.65,30635.82,24051.54,11419.04,15485.20
2022-12-30,19444.95,30899.57,24026.76,11437.63,15448.85
2023-01-02,19515.15,31024.87,24076.27,11512.58,15523.65
2023-01-03,19548.10,31073.07,24066.07,11528.93,15557.80
2023-01-04,19296.95,30670.61,23878.84,11443.36,15393.00
2023-01-05,19411.30,30833.05,23963.26,11476.51,15386.20
2023-01-06,19287.60,30637.20,23767.02,11369.53,15272.00
2023-01-09,19489.00,30859.55,23859.18,11456.37,15450.10
2023-01-10,19200.90,30462.33,23700.61,11443.44,15325.25
2023-01-11,19162.70,30393.80,23569.64,11410.40,15301.35
2023-01-12,19129.60,30402.38,23586.73,11399.10,15279.60
2023-01-13,19282.15,30526.04,23556.50,11411.19,15346.10
2023-01-16,19188.15,30617.07,23554.43,11391.33,15305.45
2023-01-17,19175.65,30546.22,23662.78,11415.89,15396.15
2023-01-18,19239.30,30423.62,23756.05,11472.09,15466.35
2023-01-19,19178.60,30344.02,23709.10,11440.71,15419.70
2023-01-20,19123.15,30319.87,23611.36,11386.05,15347.90
2023-01-23,19192.25,30334.56,23638.98,11455.04,15403.20
2023-01-24,19101.85,30244.62,23587.11,11413.40,15388.55
2023-01-25,18780.90,29751.89,23359.45,11288.11,15171.95
2023-01-27,18167.25,28877.93,23134.73,11201.70,14874.75
2023-01-30,18229.05,28874.84,22990.41,11181.64,14854.20
2023-01-31,18610.65,29724.37,23317.65,11238.51,14935.50
2023-02-01,18049.15,28722.85,23165.82,11196.75,14847.65
2023-02-02,17965.75,28677.93,23221.22,11225.57,14839.40
2023-02-03,18294.90,28771.89,23322.58,11139.11,14962.35
2023-02-06,18318.75,28989.47,23415.17,11169.38,14934.15
2023-02-07,18333.60,29090.83,23399.02,11086.86,14902.20
2023-02-08,18486.50,29352.28,23522.83,11186.92,15028.30
2023-02-09,18426.05,29199.10,23506.16,11163.09,15030.10
2023-02-10,18404.70,29221.49,23511.82,11116.65,15015.85
2023-02-13,18241.55,28803.34,23413.87,10981.68,14900.50
2023-02-14,18316.80,28776.20,23337.08,10985.85,14968.90
2023-02-15,18458.45,28909.41,23472.30,11053.99,15039.65
2023-02-16,18587.25,29288.06,23825.84,11163.72,15083.75
2023-02-17,18410.45,28992.61,23777.27,11106.18,15003.95
2023-02-20,18309.85,28852.80,23715.31,11129.62,14938.65
2023-02-21,18254.85,28707.54,23716.00,11147.81,14913.95
2023-02-22,17958.90,28150.29,23459.68,11040.18,14701.90
2023-02-23,17996.50,28295.45,23386.59,11028.42,14666.75
2023-02-24,17916.00,28134.73,23333.44,11033.51,14630.45
2023-02-27,17869.60,28069.45,23250.47,10952.72,14548.70
2023-02-28,17890.95,28432.66,23332.04,10950.78,14518.75
2023-03-01,18238.65,29114.68,23668.36,11046.36,14664.85
2023-03-02,18206.90,29180.72,23635.63,11031.31,14587.25
2023-03-03,18570.40,29532.58,23623.32,11045.66,14774.75
2023-03-06,18704.70,29728.72,23776.09,11115.72,14881.00
2023-03-08,18904.00,30050.80,23865.09,11109.48,14921.95
2023-03-09,18730.20,29786.51,23733.49,11070.51,14803.95
2023-03-10,18560.20,29451.46,23624.35,11011.65,14679.85
2023-03-13,18214.90,28832.12,23237.15,10858.09,14454.45
2023-03-14,18106.30,28591.00,23169.55,10808.10,14358.55
2023-03-15,18066.30,28622.64,23318.72,10831.33,14320.30
2023-03-16,18138.85,28495.46,23232.81,10793.78,14330.35
2023-03-17,18210.95,28727.70,23392.53,10846.87,14420.85
2023-03-20,18026.10,28341.22,23178.34,10771.52,14317.10
2023-03-21,18130.00,28551.45,23170.14,10787.98,14411.30
2023-03-22,18135.40,28596.98,23190.88,10798.72,14460.00
2023-03-23,18037.75,28330.75,23120.74,10779.88,14403.60
2023-03-24,17860.65,28085.15,22990.35,10635.06,14279.00
2023-03-27,17836.55,27914.11,22909.56,10588.12,14262.70
2023-03-28,17738.55,27841.00,22897.24,10543.86,14211.80
2023-03-29,18044.45,28550.94,23220.88,10652.56,14345.60
2023-03-31,18257.05,28905.78,23488.87,10770.18,14557.85
2023-04-03,18319.90,28947.02,23487.53,10846.74,14601.95
2023-04-05,18285.50,28953.58,23637.89,10975.72,14709.40
2023-04-06,18371.05,29002.23,23587.74,10979.65,14759.20
2023-04-10,18433.70,29072.93,23683.34,11024.54,14790.55
2023-04-11,18570.00,29251.19,23828.33,11094.52,14867.25
2023-04-12,18610.25,29361.89,23982.28,11198.82,14941.55
2023-04-13,18658.05,29392.39,23951.77,11150.11,14954.25
2023-04-17,18767.50,29767.55,24044.09,11118.05,14904.30
2023-04-18,18788.80,29823.44,24091.62,11162.87,14897.00
2023-04-19,18754.65,29811.32,24055.98,11086.54,14856.90
2023-04-20,18800.05,29772.59,23965.75,11051.11,14861.75
2023-04-21,18712.15,29655.65,23983.18,11055.54,14847.10
2023-04-24,18847.65,30015.17,24123.06,11093.75,14930.15
2023-04-25,18956.55,30158.38,24155.92,11108.84,14955.70
2023-04-26,19036.60,30345.95,24306.06,11164.89,14994.40
2023-04-27,19105.95,30506.72,24406.62,11252.31,15075.05
2023-04-28,19315.75,30906.18,24594.38,11365.88,15219.55
2023-05-02,19462.05,31192.72,24688.69,11437.89,15300.75
2023-05-03,19445.30,31375.61,24798.34,11427.97,15276.40
2023-05-04,19572.20,31563.42,24928.69,11466.29,15405.50
2023-05-05,19502.60,31362.71,24930.97,11397.19,15278.60
2023-05-08,19646.75,31415.50,25001.82,11452.77,15427.10
2023-05-09,19567.45,31312.41,25088.90,11529.24,15420.60
2023-05-10,19623.20,31394.00,25234.79,11549.82,15466.05
2023-05-11,19696.05,31525.02,25381.67,11590.23,15484.05
2023-05-12,19737.50,31384.15,25342.62,11541.17,15477.35
2023-05-15,19838.95,31517.44,25398.44,11580.08,15549.70
2023-05-16,19855.65,31781.90,25521.12,11579.26,15492.40
2023-05-17,19867.65,31895.92,25527.25,11560.49,15426.35
2023-05-18,19688.25,31634.38,25312.05,11438.80,15361.60
2023-05-19,19733.30,31655.27,25257.21,11431.90,15407.55
2023-05-22,19879.45,31994.78,25422.07,11534.53,15504.00
2023-05-23,19995.00,32036.19,25370.36,11560.97,15544.75
2023-05-24,19932.60,32028.81,25446.00,11558.73,15515.95
2023-05-25,20059.50,32183.85,25571.35,11598.21,15555.25
2023-05-26,20262.65,32552.36,25795.35,11727.13,15696.75
2023-05-29,20397.45,32773.87,25942.85,11776.90,15772.35
2023-05-30,20460.85,32770.80,25934.19,11779.16,15799.45
2023-05-31,20459.90,32934.99,26115.00,11819.67,15766.40
2023-06-01,20401.75,32948.29,26200.99,11853.20,15760.35
2023-06-02,20568.35,33142.21,26346.32,11902.56,15811.20
2023-06-05,20671.45,33461.66,26475.82,11930.70,15859.50
2023-06-06,20822.25,33685.47,26638.16,11909.79,15878.40
2023-06-07,20961.75,33946.11,26926.92,12060.70,16006.70
2023-06-08,20797.15,33622.83,26738.79,11967.18,15921.05
2023-06-09,20827.80,33780.39,26830.93,11897.26,15877.40
2023-06-12,20896.60,33882.02,26844.80,12011.27,15929.10
2023-06-13,21057.65,34031.99,27081.85,12179.55,16048.20
2023-06-14,21096.70,34095.29,27200.81,12247.35,16084.05
2023-06-15,21006.35,34217.85,27294.19,12278.98,16058.25
2023-06-16,21281.40,34843.12,27525.34,12323.74,16181.45
2023-06-19,21220.95,34775.45,27491.32,12326.97,16142.15
2023-06-20,21282.35,34901.50,27605.53,12447.80,16199.95
2023-06-21,21214.65,34885.06,27596.13,12459.93,16240.95
2023-06-22,21021.20,34475.23,27431.62,12378.65,16140.80
2023-06-23,20831.15,33934.17,27104.95,12248.93,16011.80
2023-06-26,20913.65,34209.56,27311.24,12354.92,16066.15
2023-06-27,20994.95,34203.05,27259.52,12409.85,16163.50
2023-06-28,21199.40,34507.58,27405.21,12450.11,16277.20
2023-06-30,21312.90,34728.44,27689.47,12559.83,16430.00
2023-07-03,21335.40,34876.33,27610.06,12541.78,16527.95
2023-07-04,21208.60,34710.46,27449.28,12520.25,16556.05
2023-07-05,21429.95,34944.12,27626.11,12587.75,16597.20
2023-07-06,21525.10,35089.72,27757.09,12656.43,16695.05
2023-07-07,21372.05,35021.48,27595.02,12539.73,16564.90
2023-07-10,21287.05,34794.13,27427.06,12456.85,16553.75
2023-07-11,21561.00,35334.37,27838.82,12520.12,16648.00
2023-07-12,21619.10,35578.14,27922.70,12543.67,16641.05
2023-07-13,21393.20,35281.81,27815.66,12514.52,16623.90
2023-07-14,21479.15,35576.94,28104.70,12721.27,16765.45
2023-07-17,21500.80,35655.03,28100.42,12787.30,16872.05
2023-07-18,21476.10,35635.34,28111.42,12739.71,16872.00
2023-07-19,21677.65,35991.45,28275.74,12779.59,16953.50
2023-07-20,21714.70,35877.49,28245.83,12762.15,17042.55
2023-07-21,21589.20,35625.43,28079.18,12709.04,16904.30
2023-07-24,21689.60,36038.24,28328.66,12758.94,16865.15
2023-07-25,21661.15,35926.36,28169.74,12736.95,16896.90
2023-07-26,21797.15,36075.26,28193.76,12723.94,16975.00
2023-07-27,21865.10,36088.28,28271.29,12734.70,16919.20
2023-07-28,22084.30,36408.11,28473.66,12820.04,16948.35
2023-07-31,22275.85,36747.48,28632.37,12884.16,17059.00
2023-08-01,22124.10,36487.09,28554.95,12979.20,17051.15
2023-08-02,21812.85,36063.68,28255.29,12857.69,16858.95
2023-08-03,21737.20,35984.24,28219.71,12828.62,16772.30
2023-08-04,21791.00,36134.31,28304.62,12921.32,16890.60
2023-08-07,21873.20,36318.04,28432.39,12939.95,16956.35
2023-08-08,21856.50,36289.17,28439.58,12943.14,16949.25
2023-08-09,21973.55,36295.90,28548.27,13003.56,17003.85
2023-08-10,21865.85,36101.60,28407.14,12974.53,16939.85
2023-08-11,21802.65,36129.17,28443.52,12981.92,16860.15
2023-08-14,21761.25,36014.75,28442.19,12936.20,16825.55
2023-08-16,21742.30,36065.76,28525.78,12940.86,16853.05
2023-08-17,21770.95,36262.01,28662.90,12942.74,16802.25
2023-08-18,21704.05,36210.70,28620.68,12882.06,16757.70
2023-08-21,21880.80,36539.86,28805.88,12950.11,16852.05
2023-08-22,22098.80,36841.51,28953.26,12959.28,16905.25
2023-08-23,22267.75,37099.01,29052.80,12970.73,16950.25
2023-08-24,22274.95,37060.66,29054.55,13064.20,16930.15
2023-08-25,22017.25,36771.98,28984.71,13036.86,16820.85
2023-08-28,22147.25,36853.87,29019.04,13071.28,16875.30
2023-08-29,22172.65,36952.17,29106.68,13128.61,16927.30
2023-08-30,22363.05,37288.21,29239.70,13185.19,16968.95
2023-08-31,22211.65,37550.96,29240.94,13238.89,16924.30
2023-09-01,22322.20,37788.21,29545.76,13350.22,17074.55
2023-09-04,22475.55,38165.11,29856.64,13512.23,17180.95
2023-09-05,22582.10,38497.06,30108.93,13666.67,17252.10
2023-09-06,22617.65,38371.65,30042.05,13717.56,17284.60
2023-09-07,22736.25,38614.92,30399.96,13852.51,17385.50
2023-09-08,23085.30,39141.70,30836.73,13950.82,17487.45
2023-09-11,23277.90,39591.41,31132.56,14091.21,17653.35
2023-09-12,22693.20,38272.94,30188.61,13731.11,17460.55
2023-09-13,22761.05,38233.51,30250.73,13760.38,17526.75
2023-09-14,22917.45,38692.09,30455.95,13870.75,17603.50
2023-09-15,23008.55,38787.45,30546.27,13909.67,17665.80
2023-09-18,23050.80,38685.73,30625.75,13874.09,17613.60
2023-09-20,23039.00,38654.07,30510.22,13800.19,17449.35
2023-09-21,22797.95,38238.85,30311.72,13680.43,17303.50
2023-09-22,22800.35,38332.01,30340.34,13666.22,17260.80
2023-09-25,22948.50,38479.02,30396.55,13722.51,17272.55
2023-09-26,22947.95,38669.52,30525.81,13732.44,17276.75
2023-09-27,23233.10,39065.20,30810.95,13812.84,17341.60
2023-09-28,22915.65,38636.23,30471.28,13624.33,17170.45
2023-09-29,23231.25,38911.37,30680.98,13721.87,17292.60
2023-10-03,23263.00,38994.07,30633.28,13741.88,17254.40
2023-10-04,22805.80,38286.88,30314.52,13648.20,17123.10
2023-10-05,22828.80,38325.54,30405.80,13703.94,17195.80
2023-10-06,23041.60,38541.59,30523.99,13732.88,17293.60
2023-10-09,22824.00,38046.99,30181.70,13589.96,17127.70
2023-10-10,23132.00,38598.01,30594.49,13746.51,17303.35
2023-10-11,23226.75,38685.26,30641.02,13785.39,17407.35
2023-10-12,23271.55,38803.62,30670.65,13818.06,17419.70
2023-10-13,23251.15,38757.47,30651.36,13831.08,17390.35
2023-10-16,23323.95,38839.28,30721.42,13872.89,17393.00
2023-10-17,23396.40,39011.92,30824.78,13906.67,17467.70
2023-10-18,23086.30,38532.66,30634.99,13841.47,17344.00
2023-10-19,23095.85,38617.28,30855.68,13839.00,17310.50
2023-10-20,22792.55,38268.64,30635.08,13791.31,17208.75
2023-10-23,22401.00,37308.65,29967.54,13445.51,16888.70
2023-10-25,22243.30,36895.69,29624.51,13380.31,16760.80
2023-10-26,21988.90,36560.68,29282.70,13263.95,16555.45
2023-10-27,22409.35,37348.12,29906.49,13486.70,16765.45
2023-10-30,22352.95,37281.34,29892.95,13455.31,16826.10
2023-10-31,22381.70,37348.69,30019.54,13510.74,16801.10
2023-11-01,22276.75,37217.46,29866.73,13384.88,16732.95
2023-11-02,22665.45,37906.18,30334.13,13498.59,16890.80
2023-11-03,22831.95,38192.84,30690.81,13597.61,17000.95
2023-11-06,22998.60,38300.95,30876.60,13751.68,17159.40
2023-11-07,23160.20,38503.44,31131.55,13823.49,17187.80
2023-11-08,23423.15,38950.36,31438.44,13906.33,17259.70
2023-11-09,23514.95,39086.05,31471.56,13895.53,17218.90
2023-11-10,23623.45,39325.00,31657.01,13942.85,17256.60
2023-11-12,23785.50,39663.25,31962.40,14061.63,17361.10
2023-11-13,23881.85,39704.49,32114.98,14095.15,17318.60
2023-11-15,24084.40,40099.98,32474.09,14238.48,17508.05
2023-11-16,24135.95,40429.53,32739.54,14349.97,17593.10
2023-11-17,24278.40,40516.73,32994.67,14478.62,17600.50
2023-11-20,24366.55,40922.98,33235.13,14511.46,17573.65
2023-11-21,24337.50,40656.97,33110.56,14481.80,17627.60
2023-11-22,24299.90,40820.11,33373.63,14577.26,17627.70
2023-11-23,24417.75,40850.07,33361.17,14593.19,17639.40
2023-11-24,24406.60,40792.30,33322.92,14518.03,17643.50
2023-11-28,24579.40,40909.16,33424.01,14544.08,17741.80
2023-11-29,24781.75,41219.63,33709.55,14664.84,17904.10
2023-11-30,25061.65,41716.05,34102.75,14756.85,17987.95
2023-12-01,25611.95,42413.58,34538.48,14822.23,18115.35
2023-12-04,26102.50,43127.22,35154.98,14932.57,18448.50
2023-12-05,26220.45,43268.62,35150.54,14918.13,18588.55
2023-12-06,26345.85,43405.76,35299.41,14994.21,18680.00
2023-12-07,26323.80,43304.76,35392.76,15036.43,18703.85
2023-12-08,26365.30,43468.29,35506.11,14986.91,18703.50
2023-12-11,26632.90,44083.23,35951.17,15123.34,18770.20
2023-12-12,26567.95,43913.93,35717.45,15117.17,18686.80
2023-12-13,27134.70,44619.55,36192.17,15178.41,18751.45
2023-12-14,27307.35,45182.42,36544.97,15344.01,18973.85
2023-12-15,27210.95,45244.83,36646.81,15508.55,19145.05
2023-12-18,27395.25,45465.67,36851.28,15590.16,19155.55
2023-12-19,27352.80,45357.98,36945.42,15636.14,19169.25
2023-12-20,26509.90,44141.73,36185.11,15228.61,18779.45
2023-12-21,26791.10,44838.12,36677.44,15434.95,18941.80
2023-12-22,26881.30,45050.20,37004.33,15684.17,19054.70
2023-12-26,27186.35,45313.79,37406.16,15811.81,19148.85
2023-12-27,27287.35,45306.49,37406.26,15828.60,19296.95
2023-12-28,27284.30,45143.12,37527.47,15965.28,19399.25
2023-12-29,27352.70,45317.41,37553.72,16051.58,19429.15
2024-01-01,27435.95,45566.47,37625.58,16089.90,19469.50
2024-01-02,27402.50,45519.21,37572.81,16083.83,19418.40
2024-01-03,27514.70,45663.90,37626.75,15993.68,19367.15
2024-01-04,27831.10,46249.04,38007.06,16164.21,19541.25
2024-01-05,27870.10,46514.35,38131.17,16196.40,19590.60
2024-01-08,27765.90,46455.76,37869.08,15999.34,19417.70
2024-01-09,27850.40,46456.22,37808.25,16049.91,19459.55
2024-01-10,27821.45,46651.29,37637.35,16092.69,19517.85
2024-01-11,27816.95,46649.14,37653.38,16190.18,19584.35
2024-01-12,27881.35,46991.12,37886.66,16269.73,19745.60
2024-01-15,28136.00,47757.08,38283.55,16378.59,19885.55
2024-01-16,27975.40,47605.21,38118.96,16309.56,19827.55
2024-01-17,27716.70,47467.13,37783.30,16145.90,19487.60
2024-01-18,27739.10,47602.77,37528.71,16083.10,19414.80
2024-01-19,28256.30,48712.11,38306.47,16287.05,19606.40
2024-01-20,28244.40,49055.81,38435.08,16377.39,19601.90
2024-01-23,27495.15,47270.65,37581.04,15970.23,19206.45
2024-01-24,28153.00,48526.49,38417.44,16178.46,19451.00
2024-01-25,28298.10,48698.09,38440.09,16141.78,19393.00
2024-01-29,28944.70,49519.98,39131.87,16331.62,19711.65
2024-01-30,28745.85,49579.36,38832.03,16213.71,19574.20
2024-01-31,29048.50,50435.33,39314.45,16501.88,19802.10
2024-02-01,28845.15,50312.60,39038.30,16376.30,19777.35
2024-02-02,29173.95,50844.82,39512.95,16510.11,19910.80
2024-02-05,29305.90,50836.65,39609.71,16533.48,19853.50
2024-02-06,29551.25,51006.61,40063.14,16817.03,20033.75
2024-02-07,29913.15,51779.81,40246.43,16788.90,20109.55
2024-02-08,30103.05,52374.88,40278.55,16731.98,19987.55
2024-02-09,29718.90,51070.96,39795.36,16624.78,19961.50
2024-02-12,29121.00,48909.25,39108.43,16268.36,19675.20
2024-02-13,29398.55,49260.53,39354.33,16359.83,19782.90
2024-02-14,29832.50,49984.07,39917.59,16499.83,19922.30
2024-02-15,30171.15,50754.63,40272.83,16666.64,20037.00
2024-02-16,30515.20,50941.79,40475.51,16703.53,20164.90
2024-02-19,30396.55,51073.27,40471.98,16700.27,20241.10
2024-02-20,30238.65,50755.59,40189.31,16644.00,20271.90
2024-02-21,29829.25,49998.81,39684.73,16478.45,20128.30
2024-02-22,30231.30,50403.27,40177.45,16624.90,20283.95
2024-02-23,30328.65,50617.79,40518.05,16728.34,20313.50
2024-02-26,30274.75,50308.31,40365.59,16662.32,20255.80
2024-02-27,30256.95,50478.33,40251.81,16641.53,20292.85
2024-02-28,29850.65,49654.18,39608.26,16412.26,20020.40
2024-02-29,29990.80,49893.01,39739.61,16555.92,20090.05
2024-03-01,30489.20,50338.01,40169.06,16669.41,20349.80
2024-03-02,30678.50,50754.53,40346.34,16766.17,20421.35
2024-03-04,31125.65,50919.67,40547.10,16777.60,20432.05
2024-03-05,31258.90,50590.23,40383.11,16713.82,20382.00
2024-03-06,31231.60,49976.22,40553.75,16567.92,20379.55
2024-03-07,31479.15,50424.78,40729.77,16600.71,20434.80
2024-03-11,31422.60,50074.10,40685.16,16485.47,20288.75
2024-03-12,30947.75,49056.80,40224.52,16276.00,20171.40
2024-03-13,29639.70,46359.07,38653.57,15676.70,19646.30
2024-03-14,30106.35,48068.54,39542.89,16067.96,19916.35
2024-03-15,29585.45,47800.25,39342.37,16084.52,19825.20
2024-03-18,29708.50,47370.78,39218.08,16073.30,19843.10
2024-03-19,29213.30,46624.61,38624.13,15823.43,19610.55
2024-03-20,29215.70,46611.44,38686.08,15841.66,19632.05
2024-03-21,30005.30,48140.79,39707.05,16222.59,19897.40
2024-03-22,30231.25,48628.32,39972.08,16235.20,19994.60
2024-03-26,30505.70,49262.55,40396.61,16358.03,20005.25
2024-03-27,30397.00,49637.05,40210.14,16302.27,20087.80
2024-03-28,30781.15,50009.36,40448.03,16296.83,20255.15
2024-04-01,31204.75,51296.30,40810.04,16569.80,20492.55
2024-04-02,31430.40,51825.72,41321.54,16760.10,20569.75
2024-04-03,31518.60,52575.09,41559.11,16857.05,20605.70
2024-04-04,31479.65,52559.42,41590.50,16824.94,20664.65
2024-04-05,31534.60,52781.85,41675.24,16901.45,20715.10
2024-04-08,31590.70,52441.35,41380.79,16868.27,20819.10
2024-04-09,31378.20,52041.05,41102.49,16887.42,20790.70
2024-04-10,31631.90,52432.85,41367.73,17025.61,20915.20
2024-04-12,31527.00,52258.67,41207.71,16971.62,20745.50
2024-04-15,31145.35,51274.24,40883.57,16774.92,20478.75
2024-04-16,31146.50,51515.43,40973.78,16745.95,20423.00
2024-04-18,30882.85,51507.40,40728.17,16608.87,20324.70
2024-04-19,30745.65,51251.33,40651.16,16585.26,20385.20
2024-04-22,31119.65,52021.96,40868.29,16575.34,20574.85
2024-04-23,31208.55,52891.22,41024.42,16670.24,20652.65
2024-04-24,31487.65,53367.43,41435.48,16812.60,20730.65
2024-04-25,32026.50,54112.77,41778.94,16872.84,20867.90
2024-04-26,32219.20,54628.93,42114.53,17028.95,20839.35
2024-04-29,32257.65,54732.72,42386.52,17064.82,20992.20
2024-04-30,32577.95,55087.85,42719.97,17063.72,20997.20
2024-05-02,33182.80,55860.90,43217.40,17101.44,21083.60
2024-05-03,33192.05,55851.31,43395.71,17085.72,20959.55
2024-05-06,32717.20,54962.87,42843.51,17060.73,20864.95
2024-05-07,31986.65,53700.66,42242.32,16951.66,20636.05
2024-05-08,32580.70,54372.32,42710.26,17039.34,20704.90
2024-05-09,31962.80,53018.54,41786.62,16668.12,20344.80
2024-05-10,32310.95,53322.61,42051.66,16751.44,20469.10
2024-05-13,32400.30,53323.11,42138.27,16768.32,20511.00
2024-05-14,32749.15,54503.36,42669.61,17000.09,20683.80
2024-05-15,32895.55,55329.06,43062.81,17088.84,20741.85
2024-05-16,33426.35,56136.92,43763.30,17229.83,20929.05
2024-05-17,33684.25,57002.46,44113.61,17484.94,21064.55
2024-05-18,34044.35,57655.79,44444.89,17595.68,21144.45
2024-05-21,34319.15,58131.00,44810.47,17659.07,21187.65
2024-05-22,34315.25,57913.13,44985.37,17750.66,21237.75
2024-05-23,34536.55,58580.29,45230.71,17792.44,21489.55
2024-05-24,34913.65,58767.19,45620.62,17805.60,21483.75
2024-05-27,34916.15,58990.31,45885.25,17765.51,21493.00
2024-05-28,34737.55,58242.77,45521.53,17637.20,21387.35
2024-05-29,34710.95,58198.36,45298.33,17561.59,21256.30
2024-05-30,34202.65,57368.02,44739.08,17409.80,21038.55
2024-05-31,34162.80,57604.94,44706.46,17422.15,21103.30
2024-06-03,35736.75,59909.73,46502.97,17830.39,21797.40
2024-06-04,32237.75,53425.67,42256.19,16685.05,20323.85
2024-06-05,33498.45,55367.55,43509.81,17233.90,21054.40
2024-06-06,34252.80,57305.67,44803.91,17628.85,21365.00
2024-06-07,34826.15,58346.89,45657.55,17975.46,21764.15
2024-06-10,35014.10,58728.54,45867.81,18024.44,21808.25
2024-06-11,35211.30,59302.53,46156.06,18153.76,21852.00
2024-06-12,35494.00,59688.27,46592.95,18314.62,21960.95
2024-06-13,35848.30,60288.43,47209.39,18494.37,22074.30
2024-06-14,36250.15,61016.84,47683.91,18606.99,22214.30
2024-06-18,36360.25,61841.22,48021.74,18723.93,22329.60
2024-06-19,35721.85,60975.79,47260.95,18589.12,22224.90
2024-06-20,35677.45,61065.64,47167.13,18724.98,22305.10
2024-06-21,35453.90,61100.68,47015.39,18652.49,22236.20
2024-06-24,35641.35,61414.68,47288.77,18679.90,22289.10
2024-06-25,35489.65,61147.59,47270.16,18625.79,22370.65
2024-06-26,35264.05,60916.89,46931.46,18562.42,22436.80
2024-06-27,35223.20,60783.89,47084.10,18595.41,22537.40
2024-06-28,35298.95,60871.18,47350.52,18767.05,22559.70
2024-07-01,35667.80,61305.37,47995.05,19045.99,22727.60
2024-07-02,35452.30,61102.99,47869.16,19074.45,22677.80
2024-07-03,35913.95,62188.19,48721.84,19276.09,22851.20
2024-07-04,36277.95,63002.93,49286.97,19416.30,22914.20
2024-07-05,36453.80,63738.92,49668.61,19537.55,22987.65
2024-07-08,36423.00,63998.95,49748.50,19552.36,22971.15
2024-07-09,36572.85,64103.86,49779.85,19592.72,23067.35
2024-07-10,36450.60,63991.74,49631.88,19505.59,22977.65
2024-07-11,36538.65,64437.29,50050.86,19627.55,23005.25
2024-07-12,36270.15,64074.75,49872.75,19856.41,23095.45
2024-07-15,36561.40,64329.21,50285.90,19973.00,23209.85
2024-07-16,36409.45,63894.93,49846.56,20003.76,23204.25
2024-07-18,35828.15,62287.75,48754.76,19860.27,23210.05
2024-07-19,34722.40,60624.28,47376.49,19396.95,22853.60
2024-07-22,35271.70,61426.93,47931.66,19512.99,22942.65
2024-07-23,34992.95,60601.63,47202.94,19446.03,22865.20
2024-07-24,35044.00,60855.37,47449.22,19717.96,22921.45
2024-07-25,35253.25,60838.40,47644.62,19748.52,22917.25
2024-07-26,36180.35,61969.39,48542.52,20013.72,23292.05
2024-07-29,36637.15,63342.32,49256.51,20196.61,23394.20
2024-07-30,36735.90,63446.31,49177.73,20227.80,23440.90
2024-07-31,37012.75,63883.19,49225.38,20265.43,23530.80
2024-08-01,36792.70,63280.61,48852.01,20179.54,23506.60
2024-08-02,35950.70,62221.94,48040.69,19966.54,23259.45
2024-08-05,34620.15,59481.50,46237.14,19295.09,22542.45
2024-08-06,34295.00,58700.47,45688.17,19210.85,22443.30
2024-08-07,35364.20,60667.13,47377.20,19647.03,22848.90
2024-08-08,35183.95,60426.76,47032.67,19482.83,22705.70
2024-08-09,35834.00,61551.50,47674.69,19666.38,22923.50
2024-08-12,35678.45,61612.35,47597.50,19682.44,22915.85
2024-08-13,35270.15,60999.08,47172.72,19598.64,22705.80
2024-08-14,35178.70,60724.63,46785.94,19509.26,22672.65
2024-08-16,35879.40,61986.81,47755.69,19893.72,23056.50
2024-08-19,35989.45,62158.43,48229.08,20044.71,23139.75
2024-08-20,36219.15,62312.01,48632.59,20110.54,23280.35
2024-08-21,36362.85,62426.87,48912.42,20258.34,23368.65
2024-08-22,36432.80,62514.18,49057.73,20375.80,23440.70
2024-08-23,36554.70,62679.73,49307.79,20342.49,23418.65
2024-08-26,36719.60,62695.55,49369.64,20522.86,23561.75
2024-08-27,36717.65,62820.86,49534.73,20645.31,23604.85
2024-08-28,36847.95,63088.08,49443.86,20596.85,23615.95
2024-08-29,36895.00,62868.04,49321.71,20567.31,23631.40
2024-08-30,37102.65,63156.93,49431.45,20672.93,23734.55
2024-09-02,36855.05,62915.24,49241.85,20669.19,23760.70
2024-09-03,36941.75,63057.20,49573.94,20725.36,23788.45
2024-09-04,36765.45,62797.25,49312.58,20629.81,23748.90
2024-09-05,36612.70,62389.19,49011.43,20632.80,23762.80
2024-09-06,35954.30,61362.34,48289.09,20418.85,23477.70
2024-09-09,35757.80,60894.34,47925.91,20373.67,23502.15
2024-09-10,36012.30,61407.04,47998.56,20525.72,23643.65
2024-09-11,35699.30,61192.28,48056.03,20536.89,23531.25
2024-09-12,36431.15,62112.60,48790.98,20805.18,23907.35
2024-09-13,36445.85,62240.42,48858.05,20865.37,23928.20
2024-09-16,36552.45,62814.02,48928.56,20834.66,23968.20
2024-09-17,36574.40,62555.69,48900.79,20776.14,23969.90
2024-09-18,36400.00,62497.19,48619.07,20571.51,23898.65
2024-09-19,36037.30,61516.22,47901.70,20400.04,23853.95
2024-09-20,36583.15,62942.56,48525.38,20594.99,24193.80
2024-09-23,37295.30,63756.88,49247.54,20772.06,24379.20
2024-09-24,37543.05,64161.12,49438.15,20773.38,24389.70
2024-09-25,37479.65,63798.18,49078.89,20672.24,24371.25
2024-09-26,37820.35,64018.27,49049.00,20721.42,24496.90
2024-09-27,38115.25,64566.73,49292.44,20743.65,24489.55
2024-09-30,37588.90,63905.80,48866.13,20749.25,24245.20
2024-10-01,37735.85,64162.98,49029.79,20863.94,24271.30
2024-10-03,36838.05,62545.18,47687.26,20464.30,23755.45
2024-10-04,36407.40,62103.37,47254.41,20280.16,23534.95
2024-10-07,35707.55,60366.65,46227.20,19908.85,23181.95
2024-10-08,36826.00,62885.00,47709.58,20290.18,23512.55
2024-10-09,37206.25,63614.58,48422.55,20491.03,23599.60
2024-10-10,37281.70,63930.88,48697.00,20485.33,23598.15
2024-10-11,37347.00,64041.61,48803.71,20660.17,23611.25
2024-10-14,37526.15,64304.12,49101.42,20724.79,23727.05
2024-10-15,37529.35,64418.43,49275.47,20790.84,23735.70
2024-10-16,37349.05,63975.76,49317.80,20745.69,23673.15
2024-10-17,36372.15,62299.71,48161.74,20465.43,23377.00
2024-10-18,36643.40,62596.43,48282.06,20424.74,23440.70
2024-10-21,36212.65,61668.88,47547.00,20048.59,23263.25
2024-10-22,35236.40,59580.47,46120.88,19590.60,22814.45
2024-10-23,34969.10,59313.79,46219.09,19786.32,22841.10
2024-10-24,35021.90,59422.74,45865.45,19599.40,22787.85
2024-10-25,34278.00,57948.78,44956.61,19390.68,22499.05
2024-10-28,34513.90,58521.67,45024.03,19379.38,22649.95
2024-10-29,34871.00,59354.59,45595.22,19465.53,22795.05
2024-10-30,34691.85,59308.01,45621.58,19542.62,22749.80
2024-10-31,34516.10,59197.40,45591.79,19447.04,22689.35
2024-11-01,34784.60,59766.64,45925.31,19588.07,22823.55
2024-11-04,34324.55,58894.84,45178.00,19272.02,22518.30
2024-11-05,34535.10,59222.17,45483.40,19363.48,22679.85
2024-11-06,35216.50,60814.67,46800.34,19913.53,23031.20
2024-11-07,34681.50,60111.97,46498.85,19818.05,22806.25
2024-11-08,34388.65,59232.17,46046.91,19655.92,22645.65
2024-11-11,34445.15,59181.25,46153.43,19539.26,22591.40
2024-11-12,33645.75,57900.50,45190.42,19273.78,22331.05
2024-11-13,32983.45,56157.00,43919.89,18891.18,21914.95
2024-11-14,32921.10,56235.50,44010.68,18930.04,21963.10
2024-11-18,32888.90,56207.60,44001.84,18780.81,21899.40
2024-11-19,33127.55,56962.40,44506.70,18939.23,22004.35
2024-11-21,32603.70,55972.25,43982.09,18780.68,21820.85
2024-11-22,33317.30,56909.20,44719.33,18990.69,22225.55
2024-11-25,33998.65,58184.85,45543.84,19329.31,22553.50
2024-11-26,33748.45,57812.10,45580.24,19455.74,22562.45
2024-11-27,34208.20,58942.30,46241.26,19761.08,22691.70
2024-11-28,33940.45,59029.25,46206.79,19744.33,22514.35
2024-11-29,34248.85,59207.35,46312.79,19743.58,22687.00
2024-12-02,34500.15,59633.30,46792.25,19892.25,22835.85
2024-12-03,34912.40,60352.95,47075.55,20061.40,23020.85
2024-12-04,34904.70,60594.50,47246.10,20052.06,23099.50
2024-12-05,35072.25,61039.40,47473.28,20269.29,23277.95
2024-12-06,35303.70,61527.05,47806.96,20367.11,23312.10
2024-12-09,35250.50,61756.20,48071.23,20426.66,23292.00
2024-12-10,35234.50,61586.45,48146.21,20512.93,23314.90
2024-12-11,35372.05,61969.75,48321.43,20590.81,23358.15
2024-12-12,35147.55,61764.20,48035.10,20520.14,23256.40
2024-12-13,35267.50,61662.55,47908.82,20481.15,23358.95
2024-12-16,35393.60,62095.90,48343.15,20499.71,23352.45
2024-12-17,34860.85,61554.80,47812.20,20343.46,23095.75
2024-12-18,34468.65,60846.20,47249.45,20139.43,22934.40
2024-12-19,34165.70,60238.80,46852.60,20070.71,22752.15
2024-12-20,33126.55,58200.05,45603.80,19524.05,22319.40
2024-12-23,33245.30,58334.75,45585.60,19475.45,22412.30
2024-12-24,33185.50,58160.60,45507.45,19520.56,22402.70
2024-12-26,33489.15,58596.90,45828.65,19577.31,22430.35
2024-12-27,33342.00,58247.90,45678.20,19555.61,22445.20
2024-12-30,32847.05,57283.45,45087.40,19575.81,22357.15
2024-12-31,32825.00,57213.25,45089.85,19589.67,22375.40
2025-01-01,32911.40,57480.15,45301.60,19761.50,22481.80
2025-01-02,33507.15,58382.05,45894.70,19925.14,22819.75
2025-01-03,33222.15,58041.35,45568.15,19871.92,22708.15
2025-01-06,32509.80,56481.05,44577.20,19340.41,22225.40
2025-01-07,32432.65,56557.75,44757.65,19501.81,22341.65
2025-01-08,31908.95,55475.40,44029.05,19283.04,22231.80
2025-01-09,31517.50,54598.45,43631.70,19116.45,22046.55
2025-01-10,31277.35,53819.65,43259.95,18823.64,21799.00
2025-01-13,30125.50,51357.20,41615.30,18113.68,21243.45
2025-01-14,30377.05,52114.05,41663.75,18403.25,21481.05
2025-01-15,30648.65,52619.25,41913.05,18498.17,21551.20
2025-01-16,30761.10,52816.60,42146.50,18663.48,21714.55
2025-01-17,30645.55,52653.50,42246.40,18714.70,21680.25
2025-01-20,30693.50,52827.80,42468.00,18820.01,21809.00
2025-01-21,29609.70,50571.95,41198.50,18508.95,21433.20
2025-01-22,29532.20,50009.40,40620.75,18255.55,21396.55
2025-01-23,30231.35,51412.45,41444.05,18509.46,21538.05
2025-01-24,29919.40,50721.40,40923.20,18261.86,21318.90
2025-01-27,29039.35,48916.65,39539.40,17640.76,20910.95
2025-01-28,28670.10,47960.80,38849.35,17396.93,20924.75
2025-01-29,29403.50,49684.95,39926.80,17910.49,21245.50
2025-01-30,29210.65,49162.45,39716.15,17776.58,21297.50
2025-01-31,29528.55,49736.60,40371.15,18089.08,21580.90
2025-02-01,29621.00,50250.05,40231.50,18077.81,21581.75
2025-02-03,29657.70,50118.25,39574.90,17740.64,21402.55
2025-02-04,30050.80,50740.00,40123.05,17902.23,21727.45
2025-02-05,30229.70,51430.90,40647.45,18185.51,21784.25
2025-02-06,29844.85,50784.00,40102.55,18044.92,21672.45
2025-02-07,30161.30,51224.35,40125.50,17964.18,21646.15
2025-02-10,29608.65,50036.00,39403.40,17656.26,21371.30
2025-02-11,28908.70,48545.05,38453.25,17152.15,20950.45
2025-02-12,28825.90,48387.00,38361.35,17172.54,20907.85
2025-02-13,28867.55,48376.90,38034.45,17034.82,20904.35
2025-02-14,28280.85,47014.45,37200.85,16698.99,20633.10
2025-02-17,28202.55,46953.10,37086.20,16683.45,20652.35
2025-02-18,28238.85,46879.25,36921.90,16682.16,20611.40
2025-02-19,28451.20,47669.55,37290.90,16915.26,20731.45
2025-02-20,28695.35,48290.05,37649.15,17119.44,20831.10
2025-02-21,28216.40,47480.20,37247.15,16929.29,20690.25
2025-02-24,27842.90,46926.55,37083.00,16822.97,20468.45
2025-02-25,27767.20,46808.65,36814.05,16715.24,20418.75
2025-02-27,27524.00,46113.20,35962.10,16439.00,20315.55
2025-02-28,26676.70,44884.85,35152.95,16002.41,19880.90
2025-03-03,26870.35,44902.10,35462.75,16047.30,19896.95
2025-03-04,26760.20,44966.15,35544.10,16075.93,19917.85
2025-03-05,27409.15,46086.85,36468.20,16499.17,20256.50
2025-03-06,27405.70,46059.50,36663.20,16724.76,20447.10
2025-03-07,27181.95,45798.00,36620.45,16777.24,20443.40
2025-03-10,26775.00,44875.45,35832.30,16465.84,20266.50
2025-03-11,26944.30,44980.30,36042.85,16529.24,20302.50
2025-03-12,26767.80,44796.15,35731.60,16451.50,20264.35
2025-03-13,26613.15,44516.60,35755.90,16374.97,20176.05
2025-03-17,26829.25,44899.70,35971.50,16482.40,20288.30
2025-03-18,27495.85,46197.00,36930.25,16876.63,20657.20
2025-03-19,27761.70,46871.25,37478.15,17180.75,20864.50
2025-03-20,28016.50,47261.00,37647.30,17281.30,21070.05
2025-03-21,28205.75,47770.45,37921.40,17528.65,21273.90
2025-03-24,28540.55,48283.50,38488.10,17762.60,21538.10
2025-03-25,28282.25,47630.80,38132.90,17514.05,21437.75
2025-03-26,28149.25,47197.40,38181.45,17429.85,21275.45
2025-03-27,28317.35,47760.15,38464.15,17509.70,21407.95
2025-03-28,28166.90,47724.30,38217.30,17428.50,21339.55
2025-04-01,27655.55,46893.90,37663.15,17224.50,21070.75
2025-04-02,28129.70,47877.90,38010.20,17384.10,21265.65
2025-04-03,27804.60,47449.30,37624.45,17310.00,21243.40
2025-04-04,26935.10,45729.80,36295.20,16753.20,20805.35
2025-04-07,25997.45,44049.25,34919.25,16145.95,20105.70
2025-04-08,26582.65,45216.95,35575.20,16474.35,20480.80
2025-04-09,26210.45,44505.25,35285.90,16362.20,20356.75
2025-04-11,26824.60,45838.70,36241.15,16765.05,20752.85
2025-04-15,27576.30,47352.20,37357.10,17245.30,21279.40
2025-04-16,27689.15,47529.90,37524.35,17324.20,21404.35
2025-04-17,27976.45,47905.55,37844.10,17394.80,21681.55
2025-04-21,28628.60,49138.05,38704.75,17748.85,22005.75
2025-04-22,28779.15,49678.55,39041.95,17934.35,22085.15
2025-04-23,29320.50,50351.15,39814.20,18221.10,22237.60
2025-04-24,29332.35,50364.05,39680.30,18198.75,22180.65
2025-04-25,28822.10,49285.95,38952.65,17758.40,21848.15
2025-04-28,29141.90,49860.35,39405.65,17975.30,22101.85
2025-04-29,29367.70,50185.00,39860.05,18047.85,22112.40
2025-04-30,29270.60,49767.60,39327.35,17847.60,22030.05
2025-05-02,29190.80,49682.70,39162.20,17758.40,22006.00
2025-05-05,29618.65,50479.80,39816.00,18086.05,22195.15
2025-05-06,29183.80,49496.10,39081.10,17645.05,21956.60
2025-05-07,29476.55,50101.40,39207.20,17865.25,22072.45
2025-05-08,29072.25,49332.35,38774.10,17632.25,21843.05
2025-05-09,28878.00,48948.70,38765.45,17640.60,21675.55
2025-05-12,30093.10,51154.75,40393.95,18390.70,22511.40
2025-05-13,29985.75,51187.70,40524.35,18413.15,22349.40
2025-05-14,30278.15,51807.00,40952.95,18641.40,22499.50
2025-05-15,30602.50,52152.40,41610.00,18920.50,22788.80
2025-05-16,30642.10,52466.20,42240.25,19246.90,22870.90
2025-05-19,30570.30,52403.45,42204.25,19243.40,22865.80
2025-05-20,30159.65,51615.40,41672.05,18979.65,22585.60
2025-05-21,30446.25,51975.00,42086.55,19200.75,22730.65
2025-05-22,30156.90,51691.25,41886.70,19107.50,22595.00
2025-05-23,30371.85,52057.10,42029.80,19243.00,22781.05
2025-05-26,30562.60,52300.50,42382.80,19404.70,22908.30
2025-05-27,30426.65,52120.45,42383.00,19393.35,22816.50
2025-05-28,30286.25,51981.20,42408.80,19458.85,22779.40
2025-05-29,30547.05,52462.50,42583.60,19530.55,22861.35
2025-05-30,30506.10,52456.95,42184.80,19365.50,22801.95
2025-06-02,30512.05,52503.75,42266.75,19447.85,22834.50
2025-06-03,30434.90,52566.75,42208.25,19386.10,22711.30
2025-06-04,30738.45,53097.10,42420.30,19515.70,22807.85
2025-06-05,31085.00,53824.25,42816.10,19655.95,22934.50
2025-06-06,31299.85,54254.50,42930.75,19746.45,23165.10
2025-06-09,31519.55,54740.40,43399.35,19982.05,23330.55
2025-06-10,31656.65,54918.60,43536.25,20103.35,23339.95
2025-06-11,31605.80,54555.30,43417.55,20048.75,23337.85
2025-06-12,31133.95,53711.40,42777.60,19681.95,23046.45
2025-06-13,31023.75,53542.55,42731.20,19575.20,22906.20
2025-06-16,31385.45,54139.00,43098.50,19697.10,23095.05
2025-06-17,31240.65,53947.10,43208.40,19678.15,22981.50
2025-06-18,31230.55,53896.30,43013.10,19590.35,22925.20
2025-06-19,30975.45,53332.80,42452.55,19261.55,22763.50
2025-06-20,31506.45,54190.15,42998.35,19490.75,23041.10
2025-06-23,31529.60,54410.55,43267.30,19585.15,23001.50
2025-06-24,31542.60,54609.05,43374.05,19724.00,23113.20
2025-06-25,31732.15,55140.40,43461.40,19790.75,23296.85
2025-06-26,31899.35,55253.20,43517.55,19902.60,23517.55
2025-06-27,31852.15,55110.30,43731.80,20028.15,23620.15
2025-06-30,31901.15,55332.85,43992.25,20140.25,23617.20
2025-07-01,31912.00,55102.05,43749.30,20047.70,23615.45
2025-07-02,31722.70,54702.30,43465.35,19922.85,23547.25
2025-07-03,31512.30,54438.75,43570.15,20012.15,23521.85
2025-07-04,31443.05,54313.15,43573.20,20041.40,23562.45
2025-07-07,31384.05,54137.20,43579.75,20045.10,23551.20
2025-07-08,31430.15,53992.50,43400.90,20014.65,23572.55
2025-07-09,31476.10,54172.90,43504.75,20048.20,23557.45
2025-07-10,31249.10,53795.65,43202.05,19983.50,23471.40
2025-07-11,30919.50,53241.30,42720.35,19794.85,23282.70
2025-07-14,30980.50,53436.55,42716.00,19845.70,23309.05
2025-07-15,31148.30,53715.95,43036.45,20039.85,23449.15
2025-07-16,31130.15,53696.90,43030.35,20006.85,23472.50
2025-07-17,30897.75,53372.70,42902.15,20027.45,23419.70
2025-07-18,30690.50,53031.50,42577.05,19926.50,23275.15
2025-07-21,31012.95,53384.80,42800.60,20025.05,23378.45
2025-07-22,31066.30,53505.85,42671.60,19957.85,23320.90
2025-07-23,31198.40,53678.60,42702.00,19940.40,23428.40
2025-07-24,30911.55,53186.15,41970.90,19592.70,23301.10
2025-07-25,30599.35,52518.55,41263.35,19233.75,23014.80
2025-07-28,30317.15,51847.10,40822.05,19034.45,22846.95
2025-07-29,30350.00,52102.70,41096.75,19191.60,23007.35
2025-07-30,30306.85,52123.25,41281.05,19249.75,23033.55
2025-07-31,30226.65,51947.80,41098.55,19118.70,22914.95
2025-08-01,29863.45,51185.35,40725.50,18937.35,22673.65
2025-08-04,30233.20,51773.55,41246.55,19112.25,22860.40
2025-08-05,30179.85,51799.70,41194.65,19078.25,22798.50
2025-08-06,30048.45,51323.00,40704.75,18899.95,22666.85
2025-08-07,30144.95,51393.80,40789.95,18922.55,22694.10
2025-08-08,29703.30,50603.10,40116.75,18678.90,22443.15
2025-08-11,29975.50,51080.75,40304.80,18739.60,22633.45
2025-08-12,29783.60,50837.20,40004.30,18667.55,22568.60
2025-08-13,30158.90,51355.50,40357.25,18764.80,22698.10
2025-08-14,30218.85,51393.75,40351.25,18671.05,22680.25
2025-08-18,30663.50,52098.85,40757.00,18841.85,22931.50
2025-08-19,30685.25,52135.65,40877.60,18983.45,23066.60
2025-08-20,30695.40,52325.90,41142.80,19103.85,23143.15
2025-08-21,30696.40,52256.95,40930.30,19035.75,23137.15
2025-08-22,30620.75,52127.30,40848.90,18949.20,22991.30
2025-08-25,30611.25,52123.05,40954.60,18999.35,23052.00
2025-08-26,30121.15,51166.10,40491.65,18741.80,22768.65
2025-08-28,29752.70,50448.95,39979.25,18502.75,22541.65
2025-08-29,29637.30,50200.35,39958.70,18516.20,22462.95
2025-09-01,30053.85,50978.15,40721.80,18865.05,22713.55
2025-09-02,30016.40,50953.40,40883.60,18988.65,22724.40
2025-09-03,30176.25,51286.95,41004.60,19022.70,22864.65
2025-09-04,30076.15,50979.65,40981.90,19020.50,22819.65
2025-09-05,30150.75,50986.90,40913.95,18962.00,22829.15
2025-09-08,30207.90,50930.00,41064.35,19011.50,22878.65
2025-09-09,30290.85,51216.80,41241.15,19070.15,22949.10
2025-09-10,30564.65,51817.00,41810.70,19401.00,23074.15
2025-09-11,30483.70,51598.25,41711.75,19349.35,23102.65
2025-09-12,30758.20,52032.85,42067.10,19419.30,23190.25
2025-09-15,30798.40,52178.80,42086.00,19455.40,23215.85
2025-09-16,30933.05,52465.10,42372.75,19544.10,23369.30
2025-09-17,30947.45,52566.85,42576.65,19670.80,23445.20
2025-09-18,31077.75,52659.20,42587.05,19698.10,23518.90
2025-09-19,30945.95,52482.70,42525.35,19724.30,23486.65
2025-09-22,30915.55,52449.65,42099.35,19687.55,23381.45
2025-09-23,30759.55,52223.95,41818.30,19518.35,23325.25
2025-09-24,30531.45,51879.90,41507.45,19232.40,23178.25
2025-09-25,30313.05,51480.25,41298.55,19152.20,23022.40
2025-09-26,29826.85,50543.15,40497.60,18773.75,22713.15
2025-09-29,29884.95,50705.10,40517.20,18778.95,22739.10
2025-09-30,29844.65,50575.35,40444.75,18697.65,22734.10
2025-10-01,30133.80,51117.45,40724.00,18876.95,22928.30
2025-10-03,30238.50,51400.05,41061.30,19015.10,23027.70
2025-10-06,30709.20,52242.85,41441.55,19143.15,23169.65
2025-10-07,30837.75,52294.05,41530.45,19166.35,23209.50
2025-10-08,30712.70,52164.10,41342.25,19049.05,23109.35
2025-10-09,31010.40,52717.45,41702.50,19173.55,23241.75
2025-10-10,31106.75,52886.60,41986.50,19215.65,23337.55
2025-10-13,31213.70,53152.30,41948.70,19196.65,23294.80
2025-10-14,31086.20,52942.60,41568.15,19103.35,23184.05
2025-10-15,31580.25,53736.20,42230.35,19306.85,23377.35
2025-10-16,31720.40,53831.35,42592.15,19424.35,23563.80
2025-10-17,31805.55,53874.40,42521.70,19430.70,23598.05
2025-10-20,31895.70,54170.70,42604.90,19508.65,23716.10
2025-10-21,31882.90,54236.15,42667.85,19560.50,23759.20
2025-10-23,31754.95,53973.05,42490.55,19487.55,23755.90
2025-10-24,31683.50,53739.80,42422.60,19487.80,23686.60
2025-10-27,31796.90,53994.80,42547.50,19573.40,23840.90
2025-10-28,31669.40,53810.00,42399.95,19535.55,23812.55
2025-10-29,31756.35,54039.15,42409.30,19494.70,23952.40
2025-10-30,31630.25,53822.70,42424.05,19523.85,23841.30
2025-10-31,31443.35,53479.65,42435.40,19422.90,23710.40
2025-11-03,31606.70,53871.05,42660.90,19478.55,23810.70
2025-11-04,31476.10,53738.55,42401.90,19369.00,23675.45
2025-11-06,31213.95,53429.30,42057.20,19176.05,23513.15
2025-11-07,31417.05,53834.45,42220.30,19148.95,23521.50
2025-11-10,31538.10,53976.20,42443.65,19227.50,23596.90
2025-11-11,31529.55,53863.30,42459.05,19316.60,23682.65
2025-11-12,31783.85,54321.45,42818.50,19511.40,23836.90
2025-11-13,31788.20,54212.30,42613.05,19393.90,23816.00
2025-11-14,31884.15,54405.90,42615.25,19386.30,23836.35
2025-11-17,32033.25,54648.90,42881.50,19519.60,23954.55
2025-11-18,31824.45,54166.05,42619.90,19339.50,23824.65
2025-11-19,31968.45,54463.00,42898.80,19430.05,23906.30
2025-11-20,32170.00,54875.35,43030.45,19444.10,23975.45
2025-11-21,31866.55,54226.70,42509.85,19219.45,23790.25
2025-11-24,31641.90,53863.30,42157.70,19058.40,23674.55
2025-11-25,31692.70,53972.25,42085.60,19013.25,23655.05
2025-11-26,32153.05,54871.70,42645.20,19231.20,23955.20
2025-11-27,32218.60,54928.85,42606.10,19217.35,23947.75
2025-11-28,32145.85,54778.55,42504.10,19168.45,23933.20
2025-12-01,32128.50,54616.70,42425.55,19176.45,23922.45
2025-12-02,31960.65,54368.10,42268.65,19148.55,23822.25
2025-12-03,31615.80,53747.10,41843.60,19016.50,23716.30
2025-12-04,31695.45,53707.75,41967.40,19089.65,23741.10
2025-12-05,31955.15,54014.30,42165.50,19114.90,23835.25
2025-12-08,31397.85,52977.40,41393.35,18739.80,23526.20
2025-12-09,31297.70,53066.70,41301.65,18775.85,23516.25
2025-12-10,30982.80,52529.70,40803.05,18627.55,23408.80
2025-12-11,31216.85,52877.90,41230.70,18790.80,23550.85
2025-12-12,31449.20,53325.20,41585.25,18943.25,23726.20
2025-12-15,31375.85,53212.00,41541.30,18967.55,23725.20
2025-12-16,31155.35,52794.15,41236.00,18860.35,23570.15
2025-12-17,30910.15,52330.70,41034.00,18709.80,23496.05
2025-12-18,31023.70,52562.85,41187.45,18726.90,23491.50
2025-12-19,31291.95,53155.30,41539.60,18883.15,23677.55
2025-12-22,31503.40,53542.85,42065.05,19097.15,23867.65
2025-12-23,31508.40,53592.60,41960.70,19116.25,23895.15
2025-12-24,31381.70,53429.40,41772.15,19031.35,23850.25
2025-12-26,31189.60,53128.70,41504.15,18923.45,23780.25
2025-12-29,30998.60,52870.40,41271.90,18823.75,23682.10
2025-12-30,30847.95,52250.85,40757.05,18677.50,23668.80
2025-12-31,31147.55,52707.65,41157.25,18856.45,23871.55
2026-01-01,31318.45,52947.15,41119.50,18848.85,23909.55
2026-01-02,31619.90,53337.05,41371.75,19032.85,24099.00
2026-01-05,31719.10,53421.60,41600.15,19050.90,24058.45
2026-01-06,31760.55,53484.90,41660.80,19079.70,24010.50
2026-01-07,31596.80,53324.95,41821.85,19290.15,24016.60
2026-01-08,31181.40,52494.45,41180.90,18921.15,23680.10
2026-01-09,30928.50,51872.70,40803.85,18686.00,23467.35
2026-01-12,31025.35,51870.90,40829.55,18685.70,23510.45
2026-01-13,30960.05,51901.85,40942.10,18700.65,23480.65
2026-01-14,30971.55,52031.80,41082.55,18688.95,23475.85
2026-01-16,31065.40,52078.80,41034.70,18671.30,23485.30
2026-01-19,31229.00,52250.65,41057.10,18636.75,23373.75
2026-01-20,30531.85,51005.30,40144.35,18149.75,22946.65
2026-01-21,30350.95,50664.35,39759.00,18030.15,22835.15
2026-01-22,30643.55,51122.45,40154.25,18296.65,23008.75
2026-01-23,30190.10,50406.20,39548.15,18045.30,22706.20
2026-01-27,30332.60,50535.95,39835.30,18102.80,22819.25
2026-01-28,30606.60,51094.65,40566.95,18549.35,23082.10
2026-01-29,30535.00,51117.35,40745.10,18580.20,23134.80
2026-01-30,30327.15,50783.85,40474.20,18572.40,23079.50
2026-02-01,29415.15,49219.65,38981.20,18178.80,22611.30
2026-02-02,29742.25,49817.80,39700.25,18399.40,22837.00
2026-02-03,30630.95,51357.25,40814.50,18902.65,23446.30
2026-02-04,30926.05,51874.90,41096.55,18891.80,23534.95
2026-02-05,30769.70,51547.25,40816.65,18797.15,23411.70
2026-02-06,30876.95,51813.20,40688.20,18692.90,23434.00
2026-02-09,31415.80,52614.85,41172.95,18924.05,23683.40
2026-02-10,31439.75,52643.95,41476.15,19073.15,23753.75
2026-02-11,31655.25,52952.65,41569.20,19066.35,23783.05
2026-02-12,31892.30,53249.90,41691.85,18807.60,23651.55
2026-02-13,31397.65,52347.45,40851.00,18458.60,23313.15
2026-02-16,31454.90,52412.00,40839.75,18560.50,23472.45
2026-02-17,31568.65,52581.05,40985.20,18631.90,23540.05
2026-02-18,31755.85,52972.65,41260.20,18701.35,23645.80
2026-02-19,31291.40,52174.65,40504.00,18366.15,23297.45
2026-02-20,31588.80,52568.65,40741.00,18436.10,23395.00
2026-02-23,31646.10,52681.45,40898.50,18434.20,23484.95
2026-02-24,31548.30,52537.30,40673.65,18292.90,23304.60
2026-02-25,31778.75,53111.90,41057.75,18448.10,23403.80
2026-02-26,31922.85,53352.30,41136.45,18466.90,23448.50
2026-02-27,31360.95,52358.40,40472.90,18236.60,23166.85
2026-03-02,30845.60,51496.00,40017.70,17976.75,22835.95
2026-03-04,30112.95,50312.45,39202.70,17734.40,22409.80
2026-03-05,30625.30,51314.70,39859.90,18043.05,22697.80
2026-03-06,30175.85,50725.30,39691.80,18069.85,22481.30
2026-03-09,29476.95,49580.30,39052.10,17795.05,22056.55
2026-03-10,30189.40,50776.95,39851.90,18183.95,22342.95
2026-03-11,29511.35,49695.60,39083.70,17936.30,22042.30
2026-03-12,29163.15,49060.30,38800.50,17916.00,21897.50
2026-03-13,28396.20,47768.25,37970.40,17524.95,21391.20
2026-03-16,28613.55,48073.60,38043.40,17435.90,21498.80
2026-03-17,28967.20,48767.95,38549.90,17570.80,21669.30
2026-03-18,29401.95,49496.25,39001.40,17841.95,21917.40
2026-03-19,28310.70,47666.05,37772.60,17359.80,21225.80
2026-03-20,28410.95,47759.05,37723.20,17402.95,21327.90
2026-03-23,27324.95,45951.45,36363.25,16795.45,20664.25
2026-03-24,28003.80,47227.25,37336.45,17115.50,21067.00
2026-03-25,28747.60,48558.70,38214.25,17424.30,21478.20
2026-03-27,27944.50,47299.75,37287.10,17076.20,21020.15
2026-03-30,27071.65,45987.05,36407.10,16709.15,20528.05
2026-04-01,27768.75,47238.10,37625.10,17350.05,20935.15
2026-04-02,27620.65,46966.40,37568.30,17439.10,20938.35
2026-04-06,28231.85,47873.55,38147.45,17668.55,21194.05
2026-04-07,28295.90,47880.90,38124.20,17756.20,21296.45
2026-04-08,29917.65,50480.70,39656.05,18273.00,22137.10
2026-04-09,29840.55,50489.90,39962.15,18431.40,22037.50
2026-04-10,30515.10,51588.95,40719.20,18627.90,22346.75
2026-04-13,30007.60,50841.60,40269.20,18531.50,22179.05
2026-04-15,30536.15,51731.90,41105.70,18965.95,22595.55
2026-04-16,30533.05,51739.40,41245.15,19108.50,22656.30
2026-04-17,30788.05,52159.60,41828.55,19528.25,22869.40
2026-04-20,30868.40,52280.40,41714.35,19450.25,22865.80
2026-04-21,30995.15,52545.15,42020.50,19532.45,23042.35
2026-04-22,30926.70,52376.35,41927.30,19536.15,22991.50
2026-04-23,30525.55,51886.50,41642.65,19532.25,22810.85
2026-04-24,30378.45,51698.50,41335.10,19345.15,22570.05
2026-04-27,30532.30,52022.40,41633.55,19521.05,22821.40
2026-04-28,30380.10,51881.75,41696.25,19545.55,22765.60
2026-04-29,30410.80,52149.10,41919.55,19573.90,22871.00
2026-04-30,30157.90,51758.85,41572.00,19406.70,22683.55
2026-05-04,30382.20,52178.35,41883.35,19469.50,22830.75
2026-05-05,30412.10,52338.55,42071.05,19633.70,22808.25
2026-05-06,31090.90,53382.40,42756.10,19802.90,23133.40
2026-05-07,31351.75,53993.10,43135.35,19996.35,23214.00
2026-05-08,31152.20,53840.90,43019.05,19944.65,23115.65
2026-05-11,30522.95,52971.45,42484.80,19633.00,22795.75
2026-05-12,29863.70,51805.35,41462.45,19094.70,22299.90
2026-05-13,29952.00,51967.75,41857.90,19236.90,22377.35
2026-05-14,30383.05,52778.15,42295.80,19355.35,22613.10
2026-05-15,30175.95,52588.00,42107.10,19363.40,22531.15
2026-05-18,29958.75,52241.85,42016.90,19328.65,22461.05
2026-05-19,29981.15,52347.70,42291.90,19511.15,22521.75
2026-05-20,30155.35,52735.10,42407.50,19606.90,22578.15
2026-05-21,30106.55,52634.20,42362.85,19700.00,22602.85
2026-05-22,30286.80,52820.40,42380.20,19701.65,22651.30
2026-05-25,30801.00,53637.20,42892.05,19791.60,22929.45
2026-05-26,30773.90,53663.35,43023.35,19861.20,22897.20
2026-05-27,30963.95,53950.80,43230.20,20052.65,22967.40
2026-05-29,30460.80,53062.80,42472.00,19788.05,22657.00
2026-06-01,29995.30,52223.60,41789.00,19549.25,22437.95
2026-06-02,30001.35,52254.00,41843.95,19674.85,22521.10
2026-06-03,29993.05,52285.45,41593.10,19471.75,22451.85
2026-06-04,30043.20,52510.20,41804.55,19623.50,22497.70
2026-06-05,30013.05,52409.60,41542.50,19471.90,22465.35
2026-06-08,29576.50,51521.05,40966.00,19160.45,22173.70
2026-06-09,30103.65,52392.45,41547.25,19361.60,22370.15
2026-06-10,29736.55,51677.90,41148.45,19120.60,22233.85
2026-06-11,29470.15,51363.45,40734.50,18860.25,22114.45
2026-06-12,30404.75,52946.60,41631.70,19240.75,22599.80
2026-06-15,31070.80,53957.90,42367.20,19460.60,22891.30
2026-06-16,31042.75,53928.60,42505.15,19620.95,22997.25
2026-06-17,31143.70,54070.70,42727.15,19806.55,23109.70
2026-06-18,31265.35,54228.85,42881.05,19917.75,23206.45
2026-06-19,31253.85,54381.55,42858.15,19955.70,23144.20
2026-06-22,31347.00,54566.20,42966.30,20016.85,23261.85
2026-06-23,30996.65,54074.45,42411.00,19747.35,23010.95
2026-06-24,31167.70,54239.90,42098.75,19579.50,23126.30
2026-06-25,31184.40,54320.55,42021.30,19522.55,23113.70
2026-06-29,30937.95,53977.35,41637.50,19437.65,23000.00
2026-06-30,30912.90,53937.65,41474.55,19393.75,22995.65
2026-07-01,30893.75,53835.75,41539.05,19425.40,23111.65
2026-07-02,30849.30,53701.85,41605.30,19631.95,23264.80
2026-07-03,30507.85,52952.40,41277.30,19616.40,23301.15
2026-07-06,30725.95,53405.95,41503.55,19694.35,23433.95
2026-07-07,30285.10,52683.75,40969.95,19642.00,23368.85
2026-07-08,30099.25,52400.65,40539.15,19335.45,22908.05
2026-07-09,30289.75,53068.90,40865.20,19481.90,23081.15
2026-07-10,30606.65,53591.40,41241.80,19696.70,23348.40
2026-07-13,30570.25,53456.80,41088.85,19793.80,23347.05
2026-07-14,30677.65,53500.50,41079.65,19641.05,23199.45
2026-07-15,30655.75,53859.75,41366.95,19724.55,23263.90
2026-07-16,30564.15,53703.30,41130.65,19695.05,23232.65
2026-07-17,30201.75,52930.25,40740.20,19718.50,23336.30
2026-07-20,30526.70,53390.30,41030.20,19812.85,23338.05
2026-07-21,30717.40,53823.60,41278.20,19738.60,23352.15
2026-07-22,30565.95,53534.60,41040.10,19611.80,23145.05
2026-07-23,30230.25,52837.35,40646.10,19464.00,22982.40
2026-07-24,30058.40,52432.80,40417.70,19456.35,22913.30
2026-07-27,30375.15,52971.65,40809.20,19638.20,23153.10
2026-07-28,29992.70,52347.10,40320.05,19607.45,23114.90
2026-07-29,30201.35,52785.40,40500.10,19792.50,23352.60
2026-07-30,30114.80,52461.90,40344.90,19730.35,23353.55
2026-07-31,30600.95,53337.25,40728.75,19758.85,23460.70
2026-08-03,30836.80,53755.55,40955.05,20020.35,23802.85
2026-08-04,30978.05,54291.15,41295.10,19974.55,23690.15
2026-08-05,31074.10,54514.10,41305.00,20022.60,23735.55
2026-08-06,30917.00,54429.55,41337.30,19982.60,23729.45
2026-08-07,31040.20,54545.15,41377.20,20025.95,23712.10
2026-08-10,31304.35,54941.35,41802.70,20107.40,23743.20
2026-08-11,31212.45,54968.80,41797.65,20133.85,23681.15
2026-08-12,31425.70,55579.10,42135.90,20063.40,23672.45
2026-08-13,31272.85,55209.40,42165.95,20083.50,23658.10
2026-08-14,31055.05,54835.90,41866.40,19985.90,23594.90
2026-08-17,31181.30,54988.55,42024.65,19943.10,23564.45
2026-08-18,31119.25,55091.50,41992.85,19769.95,23472.40
2026-08-19,30781.15,54442.10,41565.20,19690.15,23386.20
2026-08-20,30902.80,54671.55,41753.25,19803.75,23512.95
2026-08-21,30968.20,54804.75,41877.25,19772.35,23530.30
2026-08-24,31147.00,55160.65,42076.15,19747.60,23511.75
2026-08-25,31332.30,55430.90,42131.95,19818.30,23611.60
2026-08-26,31394.85,55609.85,42187.10,19769.90,23559.20
2026-08-27,31512.30,56007.00,42257.45,19718.45,23482.00
2026-08-28,31528.85,56142.85,42284.75,19881.90,23528.55
2026-08-31,31351.75,55985.80,42341.05,19867.70,23450.35
2026-09-01,30756.10,55071.60,41801.60,19740.85,23339.90
2026-09-02,30711.40,54770.10,41484.85,19624.80,23222.80
2026-09-03,30734.95,54963.70,41850.15,19674.05,23254.05
2026-09-04,30718.25,54778.70,41586.05,19624.60,23254.15
2026-09-07,30698.25,54872.00,41612.30,19511.65,23156.20
2026-09-08,30971.80,55459.40,41823.50,19587.00,23106.10
2026-09-09,31140.75,55604.50,41802.40,19381.70,22958.75
2026-09-10,30907.60,55361.15,41821.50,19299.40,22952.35
2026-09-11,30694.00,55021.85,41549.05,19228.20,22866.50
2026-09-15,29731.75,53079.70,40080.90,18898.70,22477.45
2026-09-16,29703.50,53075.20,40147.70,18829.05,22532.00
2026-09-17,30130.50,53779.00,40621.05,18954.40,22654.65
2026-09-18,30425.85,54655.15,41091.80,18965.50,22840.55
2026-09-21,30328.15,54502.15,41075.80,18957.95,22860.05
2026-09-22,30293.15,54263.70,41007.30,18904.80,22794.20
2026-09-23,30664.20,54777.45,41287.75,18932.50,22935.10
2026-09-24,30253.05,54051.40,40858.40,18731.30,22552.60
2026-09-25,30229.00,54033.05,40940.50,18757.40,22603.50
2026-09-28,29614.15,52976.35,40108.85,18508.60,22232.15
